udise_code,school_name,cluster_code,block_name,urc,school_management,school_category,total_enrolment,total_boys,total_girls,total_trans,gender_parity_index,female_enrolment_ratio,trans_enrolment_ratio,enrolment_primary,enrolment_upper_primary,enrolment_secondary,enrolment_higher_secondary,total_students_promo,promoted_students,pending_students,promotion_rate,is_operational,operational_status
27191004605,A R E S English School,CLU3605034,URC1,URC-1,27,2,1,1,0,0,0.0,0.0,0.0,0,1,0,0,9,0,9,0.0,True,ACTIVE
27191007999,AASAWA BROTHERS BUSINESS SCHOOL,CLU3605027,URC1,URC-1,27,11,135,70,65,0,0.93,48.15,0.0,0,0,0,135,151,151,0,100.0,True,ACTIVE
27191001506,ABHIJYOT VIDYALAYA ROJABAG,CLU3605034,URC1,URC-1,4,6,114,62,52,0,0.84,45.61,0.0,2,41,71,0,118,118,0,100.0,True,ACTIVE
27191007814,ABHINAV INTERNATIONAL SCHOOL CHIKHALTHANA,CLU3605027,URC1,URC-1,27,2,195,115,80,0,0.7,41.03,0.0,128,62,0,0,187,187,0,100.0,True,ACTIVE
27191002310,"ACE ACADEMY, CHIKALTHANA MIDC",CLU3605028,URC1,URC-1,27,6,960,515,445,0,0.86,46.35,0.0,501,291,168,0,845,845,0,100.0,True,ACTIVE
27194100585,ADARSH MADHYAMIK VIDYALAYA N2 CIDCO CHHATRAPATI SAMBHJINAGAR,CLU3605027,URC1,URC-1,27,8,61,32,29,0,0.91,47.54,0.0,0,0,61,0,44,44,0,100.0,True,ACTIVE
27191008501,ADARSH MARATHI PRIMARY SCHOOL GARKHEDA,CLU3605027,URC1,URC-1,54,2,475,266,209,0,0.79,44.0,0.0,269,206,0,0,548,403,145,73.54,True,ACTIVE
27191007312,ADARSH PRATHMIK VIDYALYA N-2,CLU3605027,URC1,URC-1,55,2,357,199,158,0,0.79,44.26,0.0,234,123,0,0,349,349,0,100.0,True,ACTIVE
27191007017,ADARSHA PS,CLU3605027,URC1,URC-1,19,2,169,102,67,0,0.66,39.64,0.0,130,39,0,0,196,196,0,100.0,True,ACTIVE
27191000126,AGASTI PS HARSUL,CLU3605031,URC1,URC-1,55,2,472,269,203,0,0.75,43.01,0.0,320,152,0,0,479,479,0,100.0,True,ACTIVE
27191005503,AL ASGARI URDU HIGH SCHOOL,CLU3605032,URC1,URC-1,4,7,82,33,49,0,1.48,59.76,0.0,0,0,82,0,129,129,0,100.0,True,ACTIVE
27191004118,AL FAROOQUE URUDE PRIMARY SCHOOL,CLU3605032,URC1,URC-1,4,2,563,283,280,0,0.99,49.73,0.0,472,91,0,0,527,527,0,100.0,True,ACTIVE
27191004722,AL HUDA ENGLISH PRIMARY SCHOOL CENTRAL NAKA,CLU3605034,URC1,URC-1,27,3,173,120,53,0,0.44,30.64,0.0,123,37,13,0,120,120,0,100.0,True,ACTIVE
27191002235,AL HUDA ENGLISH SCHOOL NAREGAON,CLU3605028,URC1,URC-1,27,3,35,26,9,0,0.35,25.71,0.0,32,3,0,0,34,34,0,100.0,True,ACTIVE
27191004417,AL TEHERIM ENGLISH PRIMARY HIGHSCHOOL AND JR COLLEGE,CLU3605032,URC1,URC-1,27,2,43,38,5,0,0.13,11.63,0.0,35,8,0,0,29,29,0,100.0,True,ACTIVE
27191004414,AL-HIDAYAH PUBLIC SCHOOL,CLU3605031,URC1,URC-1,27,6,665,437,228,0,0.52,34.29,0.0,413,175,77,0,628,628,0,100.0,True,ACTIVE
27191002218,AL-HUDA URDU PRIMARY SCHOOL,CLU3605028,URC1,URC-1,53,2,510,181,329,0,1.82,64.51,0.0,389,121,0,0,516,516,0,100.0,True,ACTIVE
27191000135,AL-MADNI URDU HIGH SCHOOL,CLU3605031,URC1,URC-1,27,8,29,11,18,0,1.64,62.07,0.0,0,0,29,0,45,0,45,0.0,True,ACTIVE
27191001403,ALFALAH INTERNATIONAL SCHOOL,CLU3605027,URC1,URC-1,27,2,509,316,193,0,0.61,37.92,0.0,350,159,0,0,437,437,0,100.0,True,ACTIVE
27191004503,ALIMIYA NADVI PS,CLU3605032,URC1,URC-1,4,2,473,182,291,0,1.6,61.52,0.0,363,110,0,0,461,461,0,100.0,True,ACTIVE
27191004004,ALLAMA SHIBALI URDU PS,CLU3605032,URC1,URC-1,4,2,676,274,402,0,1.47,59.47,0.0,465,211,0,0,768,768,0,100.0,True,ACTIVE
27191004007,ALLAMA SHIBLI URDU HS NAWABPURA,CLU3605032,URC1,URC-1,4,6,460,187,273,0,1.46,59.35,0.0,10,176,274,0,522,522,0,100.0,True,ACTIVE
27191000114,ALMADANI PS,CLU3605031,URC1,URC-1,55,2,136,63,73,0,1.16,53.68,0.0,90,46,0,0,97,97,0,100.0,True,ACTIVE
27191004119,ALMIR PS SHAHABAZAR,CLU3605032,URC1,URC-1,4,2,1368,651,717,0,1.1,52.41,0.0,977,339,0,0,1415,1415,0,100.0,True,ACTIVE
27191004205,ALMIR SECONDARY SCHOOL ROSHANGATE,CLU3605032,URC1,URC-1,4,6,931,457,474,0,1.04,50.91,0.0,25,390,516,0,926,926,0,100.0,True,ACTIVE
27191005507,ALMOBIN URDU PS KAISAR COLONY,CLU3605032,URC1,URC-1,4,2,249,117,132,0,1.13,53.01,0.0,156,54,0,0,263,263,0,100.0,True,ACTIVE
27191002830,AMANULLAH MOTIWALA HS,CLU3605032,URC1,URC-1,4,7,172,54,118,0,2.19,68.6,0.0,0,58,114,0,181,181,0,100.0,True,ACTIVE
27191002834,AMANULLAH MOTIWALA PS,CLU3605032,URC1,URC-1,4,2,451,166,285,0,1.72,63.19,0.0,302,126,0,0,505,505,0,100.0,True,ACTIVE
27191005322,AN NABA ENG PS BARI COLONY,CLU3605032,URC1,URC-1,27,3,191,128,63,0,0.49,32.98,0.0,120,46,25,0,185,185,0,100.0,True,ACTIVE
27191000144,AN-NOOR ENGLISH SCHOOL,CLU3605031,URC1,URC-1,27,1,2,0,2,0,1.0,100.0,0.0,2,0,0,0,1,1,0,100.0,True,ACTIVE
27191007235,ANAND VIDYA MANDIR,CLU3605027,URC1,URC-1,4,2,152,81,71,0,0.88,46.71,0.0,108,44,0,0,183,183,0,100.0,True,ACTIVE
27191004212,ANISA HIGH SCHOOL,CLU3605032,URC1,URC-1,55,7,245,97,148,0,1.53,60.41,0.0,0,69,176,0,238,238,0,100.0,True,ACTIVE
27191004206,ANISA URDU PS RAVINDRANAGAR,CLU3605032,URC1,URC-1,4,2,723,293,430,0,1.47,59.47,0.0,516,207,0,0,671,671,0,100.0,True,ACTIVE
27191002211,ANJUMAN URDU PS NAREGAON,CLU3605028,URC1,URC-1,55,2,283,123,160,0,1.3,56.54,0.0,209,74,0,0,275,275,0,100.0,True,ACTIVE
27190219493,"ARISE INTERNATIONAL  SCHOOL._x000D_
CIDCO.CHH.SAMBHAJINAGR",CLU3605034,URC1,URC-1,27,2,224,128,96,0,0.75,42.86,0.0,153,32,0,0,132,132,0,100.0,True,ACTIVE
27191002710,AURANGABAD POLICE PUBLIC HIGH SCHOOL,CLU3605034,URC1,URC-1,27,8,126,68,58,0,0.85,46.03,0.0,0,0,126,0,257,257,0,100.0,True,ACTIVE
27191002709,AURANGABAD POLICE PUBLIC SCHOOL N-9,CLU3605034,URC1,URC-1,27,2,1340,730,610,0,0.84,45.52,0.0,931,409,0,0,1321,1321,0,100.0,True,ACTIVE
27191002835,AURANGABAD PUBLIC HS,CLU3605032,URC1,URC-1,4,6,316,249,67,0,0.27,21.2,0.0,5,140,171,0,360,360,0,100.0,True,ACTIVE
27191002708,AURANGABAD URDU PS,CLU3605034,URC1,URC-1,4,2,227,130,97,0,0.75,42.73,0.0,172,55,0,0,336,336,0,100.0,True,ACTIVE
27191004415,AUXIN ENGLISH SCHOOL,CLU3605032,URC1,URC-1,27,2,120,92,28,0,0.3,23.33,0.0,98,22,0,0,125,125,0,100.0,True,ACTIVE
27191001508,AZEEM URDU PS N-12,CLU3605034,URC1,URC-1,4,2,220,99,121,0,1.22,55.0,0.0,152,68,0,0,238,0,238,0.0,True,ACTIVE
27191002508,BAL VIDYA MANDIR CIDCO 7,CLU3605028,URC1,URC-1,4,2,68,28,40,0,1.43,58.82,0.0,64,4,0,0,72,72,0,100.0,True,ACTIVE
27191007802,BALAJI PS CHIKALTHANA,CLU3605027,URC1,URC-1,4,1,437,255,182,0,0.71,41.65,0.0,393,0,0,0,449,449,0,100.0,True,ACTIVE
27191001910,BALIRAM PATIL PS N-9,CLU3605034,URC1,URC-1,4,1,295,186,109,0,0.59,36.95,0.0,295,0,0,0,372,180,192,48.0,True,ACTIVE
27191001909,BALIRAM PATIL SEC. AND HIGH SEC. SCHOOL,CLU3605034,URC1,URC-1,4,3,872,516,356,0,0.69,40.83,0.0,127,397,348,0,954,773,181,81.03,True,ACTIVE
27191001702,BALVIKAS VIDYA MANDIR HUDCO,CLU3605034,URC1,URC-1,4,2,449,203,246,0,1.21,54.79,0.0,274,175,0,0,520,355,165,68.27,True,ACTIVE
27191007615,BHAGWAN MAHAVIR PRIMARY SCHOOL MARATHI,CLU3605027,URC1,URC-1,53,2,451,281,170,0,0.6,37.69,0.0,281,170,0,0,521,521,0,100.0,True,ACTIVE
27191007618,BHAGWAN MAHAVIR SCHOOL (MARATHI),CLU3605027,URC1,URC-1,27,8,21,14,7,0,0.5,33.33,0.0,0,0,21,0,16,16,0,100.0,True,ACTIVE
27191007614,BHAGWAN MAHAVIR SCHOOL RAMNAGAR,CLU3605027,URC1,URC-1,19,2,22,11,11,0,1.0,50.0,0.0,8,14,0,0,26,26,0,100.0,True,ACTIVE
27191007617,BHAGWAN MAHAVIR SCHOOL(ENGLISH MEDIUM),CLU3605027,URC1,URC-1,27,2,48,28,20,0,0.71,41.67,0.0,36,12,0,0,49,49,0,100.0,True,ACTIVE
27191008092,BHAGWATI PRATHMIK VIDYAMANDIR N-2,CLU3605027,URC1,URC-1,55,2,354,195,159,0,0.82,44.92,0.0,225,129,0,0,308,308,0,100.0,True,ACTIVE
27191007264,BHAGYALAXMI SARLA GURU SAHANI MEMORIAL JR. COLLEGE,CLU3605027,URC1,URC-1,27,11,15,11,4,0,0.36,26.67,0.0,0,0,0,15,11,11,0,100.0,True,ACTIVE
27191007236,BHAGYALAXMI SARLA GURU SAHANI MEMORIAL SCHOOL,CLU3605027,URC1,URC-1,27,2,689,355,334,0,0.94,48.48,0.0,478,211,0,0,702,702,0,100.0,True,ACTIVE
27191007253,BHAGYALAXMI SARLA GURU SAHANI MOMORIAL SCHOOL,CLU3605027,URC1,URC-1,27,7,374,212,162,0,0.76,43.32,0.0,0,126,248,0,372,372,0,100.0,True,ACTIVE
27191000312,BHARATIYA VIDYALAYA PS N-11 HUDCO,CLU3605031,URC1,URC-1,4,2,146,93,53,0,0.57,36.3,0.0,117,29,0,0,124,124,0,100.0,True,ACTIVE
27191004309,BHARTIYA  P.S. SHARIF COLONY,CLU3605032,URC1,URC-1,4,2,427,331,96,0,0.29,22.48,0.0,304,123,0,0,440,440,0,100.0,True,ACTIVE
27191000310,BHARTIYA VIDYALAYA AND JR. COLLEGE HUDCO N-11,CLU3605031,URC1,URC-1,4,3,201,150,51,0,0.34,25.37,0.0,10,50,81,60,189,189,0,100.0,True,ACTIVE
27191007027,BHASKARACHARYA ENG SCHOOL GARKHEDA PARISAR,CLU3605027,URC1,URC-1,27,2,199,109,90,0,0.83,45.23,0.0,129,70,0,0,213,187,26,87.79,True,ACTIVE
27191007316,BHASKARACHARYA HIGHER SECONDARY SCHOOL,CLU3605027,URC1,URC-1,27,11,63,35,28,0,0.8,44.44,0.0,0,0,0,63,72,72,0,100.0,True,ACTIVE
27191007313,BHASKARACHARYA VIDYANIKETAN N-2,CLU3605027,URC1,URC-1,27,7,43,29,14,0,0.48,32.56,0.0,0,18,25,0,32,32,0,100.0,True,ACTIVE
27191002102,BODHI PS MISARWADI,CLU3605028,URC1,URC-1,4,2,235,127,108,0,0.85,45.96,0.0,157,78,0,0,222,222,0,100.0,True,ACTIVE
27191000130,BOON ENGLISH  H S,CLU3605031,URC1,URC-1,27,7,180,100,80,0,0.8,44.44,0.0,0,69,111,0,178,178,0,100.0,True,ACTIVE
27191000101,BOON ENGLISH PS,CLU3605031,URC1,URC-1,27,2,334,166,168,0,1.01,50.3,0.0,240,94,0,0,346,346,0,100.0,True,ACTIVE
27191007816,BRIGHT STAR ENGLISH SCHOOL AND JUNIOR COLLEGE,CLU3605027,URC1,URC-1,27,3,571,338,233,0,0.69,40.81,0.0,269,127,42,18,369,369,0,100.0,True,ACTIVE
27191001911,CAMPION ENGLISH SCHOOL,CLU3605034,URC1,URC-1,27,2,29,18,11,0,0.61,37.93,0.0,29,0,0,0,25,0,25,0.0,True,ACTIVE
27191002203,CHAITANYA KANIFNATH APANG VIDYALAYA,CLU3605028,URC1,URC-1,11,2,42,25,17,0,0.68,40.48,0.0,32,10,0,0,50,50,0,100.0,True,ACTIVE
27191002236,CHAITANYA KANIFNATH NIWASI MATIMAND VIDYALAY,CLU3605028,URC1,URC-1,12,2,44,41,3,0,0.07,6.82,0.0,23,21,0,0,46,0,46,0.0,True,ACTIVE
27191007012,CHATRAPATI HIGH SCHOOL GARKHEDA,CLU3605027,URC1,URC-1,4,6,81,45,36,0,0.8,44.44,0.0,1,40,40,0,97,97,0,100.0,True,ACTIVE
27191002005,CHETANA ANIVASI PS,CLU3605028,URC1,URC-1,11,2,104,59,45,0,0.76,43.27,0.0,85,19,0,0,107,107,0,100.0,True,ACTIVE
27191007247,CHHATRAPATI MARATHI PRIMARY VIDYALAY,CLU3605027,URC1,URC-1,4,2,162,97,65,0,0.67,40.12,0.0,123,39,0,0,171,171,0,100.0,True,ACTIVE
27191004708,CLOVER DALE SCHOOL,CLU3605034,URC1,URC-1,27,6,533,316,217,0,0.69,40.71,0.0,249,149,135,0,589,60,529,0.0,True,ACTIVE
27191002604,CPS CIDCO N-7,CLU3605028,URC1,URC-1,17,2,339,189,150,0,0.79,44.25,0.0,215,124,0,0,338,338,0,100.0,True,ACTIVE
27191000103,CPS HARSUL,CLU3605031,URC1,URC-1,17,2,315,172,143,0,0.83,45.4,0.0,187,128,0,0,370,370,0,100.0,True,ACTIVE
27191005315,CPS KIRADPURA NO.1,CLU3605032,URC1,URC-1,17,2,1001,485,516,0,1.06,51.55,0.0,589,243,0,0,888,888,0,100.0,True,ACTIVE
27191007988,CPS MUKUNDWADI,CLU3605027,URC1,URC-1,17,2,352,184,168,0,0.91,47.73,0.0,190,162,0,0,398,398,0,100.0,True,ACTIVE
27191005327,CRESCENT INTERNATIONAL SCHOOL,CLU3605032,URC1,URC-1,27,6,442,226,216,0,0.96,48.87,0.0,224,151,67,0,537,537,0,100.0,True,ACTIVE
27191000105,DADOJI KONDDEV HS,CLU3605031,URC1,URC-1,4,6,197,114,83,0,0.73,42.13,0.0,18,74,105,0,198,198,0,100.0,True,ACTIVE
27191000157,DAR AL ARQAM PUBLIC SCHOOL,CLU3605031,URC1,URC-1,27,3,403,204,199,0,0.98,49.38,0.0,261,137,5,0,444,444,0,100.0,True,ACTIVE
27191002832,DAULAT URDU PS NEHRU NAGAR,CLU3605032,URC1,URC-1,4,2,327,133,194,0,1.46,59.33,0.0,217,110,0,0,328,328,0,100.0,True,ACTIVE
27191004809,DHARMAVEER SAMBHAJI SEC. AND HIGH SEC. SCHOOL N-5,CLU3605028,URC1,URC-1,4,3,578,347,231,0,0.67,39.97,0.0,61,245,181,91,602,408,194,67.77,True,ACTIVE
27191004808,DHARMVEER SAMBHAJI PS N-5,CLU3605028,URC1,URC-1,4,1,303,167,136,0,0.81,44.88,0.0,218,0,0,0,317,317,0,100.0,True,ACTIVE
27191008201,DNYAN GANGA PS,CLU3605027,URC1,URC-1,4,2,73,35,38,0,1.09,52.05,0.0,43,30,0,0,89,89,0,100.0,True,ACTIVE
27191000125,DNYANAI PUBLIC SCHOOL,CLU3605031,URC1,URC-1,53,2,235,128,107,0,0.84,45.53,0.0,144,91,0,0,232,147,85,63.36,True,ACTIVE
27191002513,DNYANDA ENGLISH SCHOOL,CLU3605028,URC1,URC-1,27,2,354,179,175,0,0.98,49.44,0.0,237,117,0,0,377,377,0,100.0,True,ACTIVE
27191007602,DNYANDEEP MADHYAMIK VIDYALAYA N2,CLU3605027,URC1,URC-1,4,7,116,62,54,0,0.87,46.55,0.0,0,27,89,0,136,136,0,100.0,True,ACTIVE
27191007605,DNYANDIP PS CIDCO PRAKASHNAGAR,CLU3605027,URC1,URC-1,4,2,325,168,157,0,0.93,48.31,0.0,236,89,0,0,289,289,0,100.0,True,ACTIVE
27191007307,DNYANESH VIDYAMANDIR N-2 CIDCO,CLU3605027,URC1,URC-1,4,6,698,392,306,0,0.78,43.84,0.0,81,309,308,0,742,742,0,100.0,True,ACTIVE
27191007809,DNYANGANGA ENG PS CHIKALTHANA,CLU3605027,URC1,URC-1,27,2,9,3,6,0,2.0,66.67,0.0,9,0,0,0,10,10,0,100.0,True,ACTIVE
27191008090,DNYANJYOT ENG SCHOOL MUKUNDWADI,CLU3605027,URC1,URC-1,27,2,97,52,45,0,0.87,46.39,0.0,76,21,0,0,126,126,0,100.0,True,ACTIVE
27191008089,DNYANJYOT SCHOOL MUKUNDWADI (MARATHI),CLU3605027,URC1,URC-1,55,2,517,269,248,0,0.92,47.97,0.0,326,191,0,0,504,504,0,100.0,True,ACTIVE
27191007991,DNYANJYOT SECONDARY SCHOOL,CLU3605027,URC1,URC-1,27,8,74,39,35,0,0.9,47.3,0.0,0,0,74,0,66,66,0,100.0,True,ACTIVE
27191007304,DNYANKIRAN PS THAKRENAGAR,CLU3605027,URC1,URC-1,4,2,297,150,147,0,0.98,49.49,0.0,195,102,0,0,351,351,0,100.0,True,ACTIVE
27191002311,DNYANPRABODHINI  JR. COLLEGE,CLU3605028,URC1,URC-1,19,11,0,0,0,0,0.0,0.0,0.0,0,0,0,0,1,0,1,0.0,False,PROMOTION_ONLY_LEGACY
27191002301,DNYANPRABODHINI HS,CLU3605028,URC1,URC-1,4,6,288,164,124,0,0.76,43.06,0.0,18,142,128,0,301,301,0,100.0,True,ACTIVE
27191007009,DNYANPRAKASH VIDYA MANDIR,CLU3605027,URC1,URC-1,4,6,262,168,94,0,0.56,35.88,0.0,0,76,186,0,406,255,151,62.81,True,ACTIVE
27191008106,DNYANSAGAR PS,CLU3605027,URC1,URC-1,4,2,53,25,28,0,1.12,52.83,0.0,42,11,0,0,62,62,0,100.0,True,ACTIVE
27191002115,DNYANSANDIP MADHYAMIC VIDYALAYA,CLU3605028,URC1,URC-1,27,8,17,11,6,0,0.55,35.29,0.0,0,0,17,0,32,21,11,65.63,True,ACTIVE
27191002109,DNYANSANDIP PS MISARWADI,CLU3605028,URC1,URC-1,4,2,218,140,78,0,0.56,35.78,0.0,134,84,0,0,193,193,0,100.0,True,ACTIVE
27191000155,DR APJ ABDUL KALAM PRIMARY HIGH SCHOOL AND JR COLLEGE HARSUL,CLU3605031,URC1,URC-1,27,3,182,113,69,0,0.61,37.91,0.0,134,42,6,0,171,171,0,100.0,True,ACTIVE
27191000116,DR PATANGRAO KADAM URDU PS HARSUL,CLU3605031,URC1,URC-1,55,2,267,105,162,0,1.54,60.67,0.0,185,82,0,0,270,270,0,100.0,True,ACTIVE
27191004715,DR Y S KHEDKAR SRI CHAITANYA TECHNO SCHOOL,CLU3605034,URC1,URC-1,27,6,934,560,374,0,0.67,40.04,0.0,417,304,213,0,1083,1083,0,100.0,True,ACTIVE
27191007265,DR. SARVAPALLI RADHAKRISHNAN WORLD SCHOOL,CLU3605027,URC1,URC-1,27,2,218,127,91,0,0.72,41.74,0.0,143,75,0,0,179,179,0,100.0,True,ACTIVE
27191004005,DR. ZAKIR HUSAIN HS AND JR.COLLEGE,CLU3605032,URC1,URC-1,4,3,853,585,268,0,0.46,31.42,0.0,29,210,383,231,1033,1033,0,100.0,True,ACTIVE
27191004207,DR. ZAKIR HUSAIN PS MUJEEB COLONY,CLU3605032,URC1,URC-1,4,2,350,164,186,0,1.13,53.14,0.0,257,93,0,0,352,352,0,100.0,True,ACTIVE
27191002416,DREAMLAND ENGLISH SCHOOL,CLU3605031,URC1,URC-1,27,2,607,346,261,0,0.75,43.0,0.0,397,210,0,0,590,590,0,100.0,True,ACTIVE
27191001811,"Diamond English School CIDCO, N9",CLU3605034,URC1,URC-1,27,2,212,127,85,0,0.67,40.09,0.0,187,25,0,0,202,202,0,100.0,True,ACTIVE
27191008404,"Dr. R.P. NATH HIGH SCHOOL, GARKHEDA PARISAR",CLU3605027,URC1,URC-1,4,3,542,356,186,0,0.52,34.32,0.0,5,74,122,341,476,440,36,92.44,True,ACTIVE
27191000113,EKNATH VIDYA MANDIR HARSOOL,CLU3605031,URC1,URC-1,4,2,133,90,43,0,0.48,32.33,0.0,76,57,0,0,168,103,65,61.31,True,ACTIVE
27191002117,EKTA MADHYAMIC VIDYALAY,CLU3605028,URC1,URC-1,27,8,33,19,14,0,0.74,42.42,0.0,0,0,33,0,22,22,0,100.0,True,ACTIVE
27191002110,EKTA PS MIDC MISARWADI,CLU3605028,URC1,URC-1,4,2,297,183,114,0,0.62,38.38,0.0,194,103,0,0,306,306,0,100.0,True,ACTIVE
27191007317,ERA INTERNATIONAL SCHOOL CIDCO AURANGABAD,CLU3605027,URC1,URC-1,27,2,15,10,5,0,0.5,33.33,0.0,11,4,0,0,17,0,17,0.0,True,ACTIVE
27191004006,FAIZAL ULULOOM PS,CLU3605032,URC1,URC-1,4,2,288,128,160,0,1.25,55.56,0.0,209,79,0,0,287,287,0,100.0,True,ACTIVE
27191002404,FATEMA GIRLS PS PAWARLOOM,CLU3605028,URC1,URC-1,4,2,392,203,189,0,0.93,48.21,0.0,297,95,0,0,383,383,0,100.0,True,ACTIVE
27191004115,FATEMA GIRLS PS SHAHABAZAR,CLU3605032,URC1,URC-1,4,1,684,0,684,0,1.0,100.0,0.0,684,0,0,0,769,769,0,100.0,True,ACTIVE
27191005506,FATEMA GIRLS SEC. AND HIGH SEC. SCHOOL,CLU3605032,URC1,URC-1,4,3,2454,0,2454,0,1.0,100.0,0.0,262,956,917,319,2427,2427,0,100.0,True,ACTIVE
27191005320,FATIMA GIRLS PS BARI COLONY,CLU3605032,URC1,URC-1,4,2,508,205,303,0,1.48,59.65,0.0,381,127,0,0,578,578,0,100.0,True,ACTIVE
27191004906,FOSTER DEVELOPMENT VOCA & TECH. COLLEGE,CLU3605028,URC1,URC-1,4,11,10,4,6,0,1.5,60.0,0.0,0,0,0,10,10,0,10,0.0,True,ACTIVE
27191004409,FOSTER ENGLISH HS,CLU3605032,URC1,URC-1,27,7,76,55,21,0,0.38,27.63,0.0,0,23,53,0,86,86,0,100.0,True,ACTIVE
27191007810,G D PS CHIKALTHANA,CLU3605027,URC1,URC-1,54,2,471,274,197,0,0.72,41.83,0.0,258,159,0,0,465,465,0,100.0,True,ACTIVE
27191007405,G Y P PRI SCHOOL MUKUNDWADI,CLU3605027,URC1,URC-1,19,1,30,16,14,0,0.88,46.67,0.0,30,0,0,0,48,48,0,100.0,True,ACTIVE
27191007002,GAJANAN BAHU UDDESIYA PS GARKHEDA,CLU3605027,URC1,URC-1,4,2,112,59,53,0,0.9,47.32,0.0,76,36,0,0,139,139,0,100.0,True,ACTIVE
27191007003,GAJANAN BAHU. MADHYAMIK SCHOOL,CLU3605027,URC1,URC-1,55,6,95,56,39,0,0.7,41.05,0.0,0,34,61,0,106,72,34,67.92,True,ACTIVE
27191007020,GANGAGIRI MAHARAJ MADHYAMIK VID,CLU3605027,URC1,URC-1,19,6,137,79,58,0,0.73,42.34,0.0,0,79,58,0,172,22,150,0.0,True,ACTIVE
27191002418,GDPS PUBLIC SCHOOL,CLU3605028,URC1,URC-1,27,6,19,8,11,0,1.38,57.89,0.0,10,6,0,0,28,28,0,100.0,True,ACTIVE
27191002204,GEETA BAL VIDYA MANDIR,CLU3605028,URC1,URC-1,54,2,560,317,243,0,0.77,43.39,0.0,344,216,0,0,504,504,0,100.0,True,ACTIVE
27191000134,GIRISH DNYANSANSKAR VIDYALAYA HARSUL,CLU3605031,URC1,URC-1,19,1,122,75,47,0,0.63,38.52,0.0,122,0,0,0,122,122,0,100.0,True,ACTIVE
27191002319,GLOBAL STAR SCHOOL,CLU3605028,URC1,URC-1,27,2,3,2,1,0,0.5,33.33,0.0,0,3,0,0,5,5,0,100.0,True,ACTIVE
27191001503,GODAVARI PUBLIC SCHOOL (HIGHER SECONDARY),CLU3605034,URC1,URC-1,4,3,1343,756,587,0,0.78,43.71,0.0,123,412,414,394,1600,1600,0,100.0,True,ACTIVE
27191001507,GODAVARI PUBLIC SCHOOL (PRIMARY SECTION),CLU3605034,URC1,URC-1,4,1,472,238,234,0,0.98,49.58,0.0,472,0,0,0,501,489,12,97.6,True,ACTIVE
27191007819,GOPINATH MADHYAMIK VIDYALAYA HINANAGAR CHIKHALTHANA,CLU3605027,URC1,URC-1,27,8,26,14,12,0,0.86,46.15,0.0,0,0,26,0,24,13,11,54.1,True,ACTIVE
27191001407,GROOVY (AS-SIRAAT)ENGLISH SCHOOL N 12,CLU3605034,URC1,URC-1,27,2,45,19,26,0,1.37,57.78,0.0,38,7,0,0,47,45,2,95.74,True,ACTIVE
27191005511,GULISTA URDU PRIMARY SCHOOL JAHANGIR COLONY,CLU3605031,URC1,URC-1,4,2,688,267,421,0,1.58,61.19,0.0,561,127,0,0,635,635,0,100.0,True,ACTIVE
27191002906,GULSHAN E USMAN URDU PS GANESH,CLU3605034,URC1,URC-1,55,2,223,101,122,0,1.21,54.71,0.0,172,51,0,0,291,291,0,100.0,True,ACTIVE
27191001604,"GURUKUL GLOBLE ENGLISH SCHOOL , CIDCO",CLU3605031,URC1,URC-1,27,2,31,9,22,0,2.44,70.97,0.0,25,6,0,0,23,23,0,100.0,True,ACTIVE
27191000226,GURUKUL JUNIOR COLLEGE JADHAVWADI,CLU3605031,URC1,URC-1,53,11,412,212,200,0,0.94,48.54,0.0,0,0,0,412,383,383,0,100.0,True,ACTIVE
27191000156,GURUKUL MARATHI PRATHAMIK SHALA,CLU3605031,URC1,URC-1,19,2,83,37,46,0,1.24,55.42,0.0,31,52,0,0,100,100,0,100.0,True,ACTIVE
27191007824,GURUKUL OLYMPIAD SCHOOL,CLU3605027,URC1,URC-1,27,3,842,475,367,0,0.77,43.59,0.0,485,283,74,0,579,579,0,100.0,True,ACTIVE
27191004604,HABIBA JUNIOR COLLEGE OF ARTS JASWANTPURA,CLU3605032,URC1,URC-1,19,11,75,10,65,0,6.5,86.67,0.0,0,0,0,75,59,59,0,100.0,True,ACTIVE
27191007805,HAKAM URDU PS CHIKALTHANA,CLU3605027,URC1,URC-1,53,2,295,70,225,0,3.21,76.27,0.0,213,82,0,0,276,276,0,100.0,True,ACTIVE
27191000318,"HALLMARK ENGLISH SCHOOL, HUDCO",CLU3605034,URC1,URC-1,27,2,301,177,124,0,0.7,41.2,0.0,219,82,0,0,306,0,306,0.0,True,ACTIVE
27191004407,"HAMIDIYA URDU SEC. AND HIGH SEC. SCHOOL,KIRADPURA",CLU3605032,URC1,URC-1,4,5,313,51,262,0,5.14,83.71,0.0,0,65,138,110,303,303,0,100.0,True,ACTIVE
27191004908,HAP INTERNATIONAL SCHOOL,CLU3605028,URC1,URC-1,27,2,89,49,40,0,0.82,44.94,0.0,54,3,0,0,83,83,0,100.0,True,ACTIVE
27191007823,HAP INTERNATIONAL SCHOOL CHIKALTHANA,CLU3605027,URC1,URC-1,27,3,385,246,139,0,0.57,36.1,0.0,154,150,71,10,374,345,29,92.25,True,ACTIVE
27191000117,HARSUL URDU HS AMAR JOYTHI,CLU3605031,URC1,URC-1,55,7,253,92,161,0,1.75,63.64,0.0,0,68,185,0,237,237,0,100.0,True,ACTIVE
27191000118,HARSUL URDU PS  AMAR JYOTHI,CLU3605031,URC1,URC-1,4,2,504,199,305,0,1.53,60.52,0.0,334,170,0,0,522,522,0,100.0,True,ACTIVE
27191002101,HAZRAT AAYESHA URDU PS MISARWADI,CLU3605028,URC1,URC-1,4,2,461,171,290,0,1.7,62.91,0.0,327,134,0,0,451,451,0,100.0,True,ACTIVE
27191004011,HAZRAT NIZAMUDDIN ENGLISH SCHOOL SHAHAGUNJ,CLU3605032,URC1,URC-1,27,1,159,104,55,0,0.53,34.59,0.0,159,0,0,0,153,153,0,100.0,True,ACTIVE
27191007303,HERAMB PRATHMIK VIDYA MANDIR,CLU3605027,URC1,URC-1,53,1,216,118,98,0,0.83,45.37,0.0,216,0,0,0,250,250,0,100.0,True,ACTIVE
27191002711,HIS HOLINES HAZRAT MANSOOR SHAH WALI URDU SCHOOL,CLU3605034,URC1,URC-1,19,2,141,77,64,0,0.83,45.39,0.0,92,49,0,0,166,166,0,100.0,True,ACTIVE
27191002845,HIS HOLINES HAZRAT MANSOOR SHAHWALI URDU PRIMARY SCHOOL KATKAT GATE,CLU3605032,URC1,URC-1,19,2,120,71,49,0,0.69,40.83,0.0,65,55,0,0,141,141,0,100.0,True,ACTIVE
27191002214,INDIRA NIVASI MUKHBADHIR VIDYALYA NAREGAON,CLU3605028,URC1,URC-1,12,2,66,36,30,0,0.83,45.45,0.0,33,33,0,0,75,75,0,100.0,True,ACTIVE
27191005316,IQRA URDU BOYS HS KIRADPURA,CLU3605032,URC1,URC-1,4,5,496,495,1,0,0.0,0.2,0.0,0,111,211,174,594,594,0,100.0,True,ACTIVE
27191005317,IQRA URDU GIRLS HS KIRADPURA,CLU3605032,URC1,URC-1,4,7,592,0,592,0,1.0,100.0,0.0,0,209,383,0,555,555,0,100.0,True,ACTIVE
27191002839,IQRA URDU PS KATKATGATE,CLU3605032,URC1,URC-1,4,2,2324,850,1474,0,1.73,63.43,0.0,1626,698,0,0,2413,2413,0,100.0,True,ACTIVE
27191007010,JAGDAMBA PS GARKHEDA,CLU3605027,URC1,URC-1,4,2,332,170,162,0,0.95,48.8,0.0,230,102,0,0,371,371,0,100.0,True,ACTIVE
27191008402,JAI AMBIKA VIDYA MANDIR,CLU3605027,URC1,URC-1,4,2,205,103,102,0,0.99,49.76,0.0,141,57,0,0,223,203,20,91.03,True,ACTIVE
27191002510,JIGISHA INTERNATIONAL SCHOOL (H.S) N-7,CLU3605028,URC1,URC-1,27,7,123,74,49,0,0.66,39.84,0.0,0,0,123,0,197,197,0,100.0,True,ACTIVE
27191002511,JIGISHA INTERNATIONAL SCHOOL (P.S) N-7,CLU3605028,URC1,URC-1,27,2,461,249,212,0,0.85,45.99,0.0,315,146,0,0,513,513,0,100.0,True,ACTIVE
27191004902,JIJAMATA KANYA VIDYALAYA AND JR. COLLEGE,CLU3605028,URC1,URC-1,4,3,550,285,265,0,0.93,48.18,0.0,42,236,216,56,553,553,0,100.0,True,ACTIVE
27191004907,JIJAMATA PS CIDCO,CLU3605028,URC1,URC-1,4,1,142,69,73,0,1.06,51.41,0.0,142,0,0,0,143,143,0,100.0,True,ACTIVE
27191000136,JYOTI VIDYA MANDIR HIGH SCHOOL,CLU3605031,URC1,URC-1,27,8,50,28,22,0,0.79,44.0,0.0,0,0,50,0,49,49,0,100.0,True,ACTIVE
27191000112,JYOTI VIDYA MANDIR PS SARAFA,CLU3605031,URC1,URC-1,4,2,168,112,56,0,0.5,33.33,0.0,120,48,0,0,183,183,0,100.0,True,ACTIVE
27191008308,K. VILAS BHAMRE VIDYAMANDIR,CLU3605027,URC1,URC-1,19,2,197,118,79,0,0.67,40.1,0.0,114,83,0,0,262,201,61,76.72,True,ACTIVE
27191008113,KAI JANABAI WAGHMARE HS MUKUNDWADI,CLU3605027,URC1,URC-1,27,3,20,11,9,0,0.82,45.0,0.0,0,0,20,0,15,15,0,100.0,True,ACTIVE
27191007502,KARUNA PS SANJAYNAGAR,CLU3605027,URC1,URC-1,4,2,29,16,13,0,0.81,44.83,0.0,22,7,0,0,28,28,0,100.0,True,ACTIVE
27191004408,KHAIRUL MOMINEEN PS KIRADPURA,CLU3605032,URC1,URC-1,4,2,477,207,270,0,1.3,56.6,0.0,322,136,0,0,528,528,0,100.0,True,ACTIVE
27191004413,KHAIRUL MOMINEEN URDU HS KIRADPURA,CLU3605032,URC1,URC-1,55,7,192,71,121,0,1.7,63.02,0.0,0,59,133,0,198,198,0,100.0,True,ACTIVE
27191007808,KHATUN ZUBEDA YASEEN URDU HS CHIKALTHANA,CLU3605027,URC1,URC-1,55,7,139,31,108,0,3.48,77.7,0.0,0,40,99,0,151,151,0,100.0,True,ACTIVE
27191007803,KHWAJA URDU PS,CLU3605027,URC1,URC-1,25,2,95,50,45,0,0.9,47.37,0.0,67,28,0,0,206,206,0,100.0,True,ACTIVE
27191007249,KIDS CAPITAL ENG SCHOOL JAIBHAVANI NGR,CLU3605027,URC1,URC-1,27,2,196,106,90,0,0.85,45.92,0.0,155,41,0,0,191,191,0,100.0,True,ACTIVE
27191007322,KIDS GALAXY GLOBAL  SCHOOL CIDCO AREA,CLU3605027,URC1,URC-1,27,3,225,121,104,0,0.86,46.22,0.0,160,65,0,0,241,241,0,100.0,True,ACTIVE
27191008306,KIDS KINGDOM ENGLISH PS,CLU3605027,URC1,URC-1,27,2,375,194,181,0,0.93,48.27,0.0,257,118,0,0,416,416,0,100.0,True,ACTIVE
27191008110,KIDS PRIDE ENG SCHOOL SHASTRI NAGAR,CLU3605027,URC1,URC-1,27,6,1528,892,636,0,0.71,41.62,0.0,641,501,386,0,1750,1750,0,100.0,True,ACTIVE
27191007314,KIDS VALLY English School,CLU3605031,URC1,URC-1,27,6,84,36,48,0,1.33,57.14,0.0,47,27,10,0,108,108,0,100.0,True,ACTIVE
27191008309,KIDS ZONE ENGLISH AND JUNIOR COLLEGE,CLU3605027,URC1,URC-1,27,3,556,318,238,0,0.75,42.81,0.0,364,158,34,0,505,505,0,100.0,True,ACTIVE
27191007246,KILBIL PS,CLU3605027,URC1,URC-1,4,1,110,63,47,0,0.75,42.73,0.0,110,0,0,0,115,115,0,100.0,True,ACTIVE
27191007029,KULBHUSHAN JUNIOR COLLEGE,CLU3605027,URC1,URC-1,19,11,274,155,119,0,0.77,43.43,0.0,0,0,0,274,343,0,343,0.0,True,ACTIVE
27191004603,LAL BAHADUR SHASTRI MARATHI PS,CLU3605032,URC1,URC-1,19,2,18,10,8,0,0.8,44.44,0.0,13,5,0,0,22,22,0,100.0,True,ACTIVE
27191005324,LAL BHADUR SHASTRI URDU PS RAHIM NAGAR,CLU3605032,URC1,URC-1,4,2,73,32,41,0,1.28,56.16,0.0,43,30,0,0,87,87,0,100.0,True,ACTIVE
27191002403,LAL BHAHADUR SHASTRI URDU HS,CLU3605028,URC1,URC-1,4,7,154,48,106,0,2.21,68.83,0.0,0,40,114,0,162,162,0,100.0,True,ACTIVE
27191002114,LALBAHADUR SHASTRI P VIDYALAYA,CLU3605028,URC1,URC-1,4,2,313,156,157,0,1.01,50.16,0.0,228,85,0,0,299,254,45,84.95,True,ACTIVE
27191008086,LATE LAXMANRAO DANGE ENG. SCHOOL,CLU3605027,URC1,URC-1,27,2,95,51,44,0,0.86,46.32,0.0,62,33,0,0,102,102,0,100.0,True,ACTIVE
27191008107,LATE MATOSHRI JIVABEN PATEL MADHHYAMIK VIDYALAYA,CLU3605027,URC1,URC-1,55,7,191,92,99,0,1.08,51.83,0.0,0,70,121,0,167,117,50,70.06,True,ACTIVE
27191007022,LATE SHANKARRAOJI KAMBLE MADYAMIK VIDYALYA N-13,CLU3605034,URC1,URC-1,55,6,198,124,74,0,0.6,37.37,0.0,7,53,138,0,256,256,0,100.0,True,ACTIVE
27191007403,LATE. GANPATRAO JAGTAP PRIMARY SCHOOL,CLU3605027,URC1,URC-1,4,2,756,373,383,0,1.03,50.66,0.0,529,227,0,0,812,812,0,100.0,True,ACTIVE
27191000110,LAXMIKANT VIDYALAYA N-11 HUDCO,CLU3605031,URC1,URC-1,4,2,213,114,99,0,0.87,46.48,0.0,131,82,0,0,171,141,30,82.46,True,ACTIVE
27191007997,LITTLE ANGEL GURUKUL ,CLU3605027,URC1,URC-1,27,1,28,16,12,0,0.75,42.86,0.0,13,0,0,0,24,21,3,87.5,True,ACTIVE
27191007321,LITTLE GANESHA SCHOOL N2 MUKUNDWADI AREA,CLU3605027,URC1,URC-1,27,2,19,14,5,0,0.36,26.32,0.0,17,2,0,0,20,20,0,100.0,True,ACTIVE
27191000123,LITTLE MASTER ENG HS HARSUL,CLU3605031,URC1,URC-1,27,3,60,42,18,0,0.43,30.0,0.0,34,20,6,0,111,111,0,100.0,True,ACTIVE
27191004713,LITTLE STAR ENG PS N-6,CLU3605034,URC1,URC-1,27,2,40,24,16,0,0.67,40.0,0.0,30,10,0,0,43,23,20,53.0,True,ACTIVE
27191002913,"LITTLE STAR HIGH SCHOOL, FAZILPURA",CLU3605034,URC1,URC-1,27,7,387,257,130,0,0.51,33.59,0.0,0,137,250,0,377,252,125,66.84,True,ACTIVE
27191007008,LOKSEVA P.S. GARKHEDA,CLU3605027,URC1,URC-1,4,2,232,92,140,0,1.52,60.34,0.0,165,67,0,0,229,229,0,100.0,True,ACTIVE
27191004416,M R DREAM ENGLISH SCHOOL RAHIM NAGAR JASWANTPURA,CLU3605032,URC1,URC-1,27,6,60,37,23,0,0.62,38.33,0.0,52,8,0,0,46,46,0,100.0,True,ACTIVE
27191007252,M S PUBLIC SCHOOL ENG N-4,CLU3605027,URC1,URC-1,27,1,65,40,25,0,0.62,38.46,0.0,65,0,0,0,96,96,0,100.0,True,ACTIVE
27191008405,M TAJBI PATEL URDU PS,CLU3605027,URC1,URC-1,4,2,212,79,133,0,1.68,62.74,0.0,148,64,0,0,242,242,0,100.0,True,ACTIVE
27191007232,M.I.T.HIGHSCHOOL N4,CLU3605027,URC1,URC-1,4,6,224,139,85,0,0.61,37.95,0.0,11,82,131,0,251,251,0,100.0,True,ACTIVE
27191000147,M.R.S. INERNATIONAL ENGLISH PS HUDCO PARISAR,CLU3605031,URC1,URC-1,27,2,21,7,14,0,2.0,66.67,0.0,12,9,0,0,23,23,0,100.0,True,ACTIVE
27191007233,M.S. PUBLIC SCHOOL,CLU3605027,URC1,URC-1,55,2,470,245,225,0,0.92,47.87,0.0,245,225,0,0,532,532,0,100.0,True,ACTIVE
27191007266,M.S.P. SECONDARY SCHOOL CIDCO N-4,CLU3605027,URC1,URC-1,27,8,135,71,64,0,0.9,47.41,0.0,0,0,135,0,124,124,0,100.0,True,ACTIVE
27191008304,MA SHARADA PS,CLU3605027,URC1,URC-1,53,2,258,128,130,0,1.02,50.39,0.0,164,94,0,0,240,240,0,100.0,True,ACTIVE
27191004705,MADHUR MATIMAND VIDYALAY,CLU3605034,URC1,URC-1,12,1,0,0,0,0,0.0,0.0,0.0,0,0,0,0,26,0,26,0.0,False,PROMOTION_ONLY_LEGACY
27191008401,MADHYAMIK VIDYALAYA NATH PRANGAN GARKHEDA,CLU3605027,URC1,URC-1,4,6,166,89,77,0,0.87,46.39,0.0,3,85,78,0,209,209,0,100.0,True,ACTIVE
27191007248,MADYAMIK VIDYALYA GANESH NAGAR N-4,CLU3605027,URC1,URC-1,54,7,114,63,51,0,0.81,44.74,0.0,0,43,71,0,106,106,0,100.0,True,ACTIVE
27191008088,MADYAMIK VIDYALYA MUKUNDWADI,CLU3605027,URC1,URC-1,55,7,387,197,190,0,0.96,49.1,0.0,0,101,286,0,438,438,0,100.0,True,ACTIVE
27191002509,MAEER'S VISHWASHANTI GURUKUL SCHOOL,CLU3605028,URC1,URC-1,27,6,469,290,179,0,0.62,38.17,0.0,220,116,133,0,512,512,0,100.0,True,ACTIVE
27191004010,MAHARASHTRA HINDI VID. SHAHAGU,CLU3605032,URC1,URC-1,4,6,503,391,112,0,0.29,22.27,0.0,63,232,208,0,541,541,0,100.0,True,ACTIVE
27191004008,MAHARASHTRA HINDI VIDYALAYA,CLU3605032,URC1,URC-1,4,1,222,163,59,0,0.36,26.58,0.0,222,0,0,0,238,238,0,100.0,True,ACTIVE
27191002219,MAHARASHTRA URDU HIGH SCHOOL,CLU3605028,URC1,URC-1,27,10,101,35,66,0,1.89,65.35,0.0,0,0,101,0,120,120,0,100.0,True,ACTIVE
27191002216,MAHARASHTRA URDU PS,CLU3605028,URC1,URC-1,4,2,866,380,486,0,1.28,56.12,0.0,533,333,0,0,848,848,0,100.0,True,ACTIVE
27191007243,MAHARSHI VIDYALAY N-4,CLU3605027,URC1,URC-1,4,6,297,171,126,0,0.74,42.42,0.0,30,156,111,0,317,317,0,100.0,True,ACTIVE
27191004704,MAHATMA GANDHI MISSION SANSKAR VID.,CLU3605034,URC1,URC-1,27,1,123,72,51,0,0.71,41.46,0.0,123,0,0,0,163,118,45,72.39,True,ACTIVE
27191007244,MAHATMA PHULE PS,CLU3605027,URC1,URC-1,54,2,150,93,57,0,0.61,38.0,0.0,97,53,0,0,270,235,35,87.04,True,ACTIVE
27191004116,MALIK AMBAR URDU MADHYAMIK SCHOOL,CLU3605032,URC1,URC-1,4,7,131,63,68,0,1.08,51.91,0.0,0,50,81,0,122,122,0,100.0,True,ACTIVE
27191004117,MALIKAMBER URDU PS DAMDI MAHAL,CLU3605032,URC1,URC-1,4,2,263,117,146,0,1.25,55.51,0.0,177,86,0,0,252,252,0,100.0,True,ACTIVE
27191002313,MARHUM SANDU PATEL URDU PRIMARY SCHOOL,CLU3605028,URC1,URC-1,19,2,90,51,39,0,0.76,43.33,0.0,39,51,0,0,158,158,0,100.0,True,ACTIVE
27191002838,MARIUM UL ULUM PS ABAD,CLU3605032,URC1,URC-1,4,2,554,288,266,0,0.92,48.01,0.0,386,168,0,0,555,555,0,100.0,True,ACTIVE
27191007903,MASIHA URDU HIGH SCHOOL KIREDPRA,CLU3605032,URC1,URC-1,27,8,31,13,18,0,1.38,58.06,0.0,0,0,31,0,36,36,0,100.0,True,ACTIVE
27191007508,"MASIHA URDU PRIMARY SCHOOL KIRADPURA, CHHATRAPATI SAMBHAJINAGAR",CLU3605032,URC1,URC-1,53,2,270,97,173,0,1.78,64.07,0.0,166,94,0,0,275,275,0,100.0,True,ACTIVE
27191002908,MATOSHRI JIJAMATA PULBIC SHCOOL GANESH COLONY,CLU3605034,URC1,URC-1,54,2,213,102,111,0,1.09,52.11,0.0,162,51,0,0,205,205,0,100.0,True,ACTIVE
27191007103,MATOSHRI NARSAI MADHYAMIK VID.,CLU3605027,URC1,URC-1,4,7,76,47,29,0,0.62,38.16,0.0,0,14,62,0,65,65,0,100.0,True,ACTIVE
27191002605,MATOSHRI RAMABAI AMBEDKAR,CLU3605028,URC1,URC-1,4,7,52,36,16,0,0.44,30.77,0.0,0,8,44,0,74,74,0,100.0,True,ACTIVE
27191000122,MAULANA AZAD MAHAVIDYALYA,CLU3605031,URC1,URC-1,4,11,2522,1393,1129,0,0.81,44.77,0.0,0,0,0,2522,2731,2099,632,76.86,True,ACTIVE
27191004406,MD. MUSTHQ AHMAD URDU HS,CLU3605032,URC1,URC-1,4,6,211,108,103,0,0.95,48.82,0.0,24,101,86,0,225,225,0,100.0,True,ACTIVE
27191008403,MEHARSING NAIK VIDYALAYA,CLU3605027,URC1,URC-1,4,3,290,168,122,0,0.73,42.07,0.0,20,64,60,146,318,242,76,76.1,True,ACTIVE
27191002226,MEHER ENGLISH PRIMARY SCHOOL,CLU3605028,URC1,URC-1,27,1,123,74,49,0,0.66,39.84,0.0,121,0,0,0,6,6,0,100.0,True,ACTIVE
27191002116,MEHER ENGLISH PRIMARY SCHOOL MISARWADI,CLU3605028,URC1,URC-1,27,1,3,2,1,0,0.5,33.33,0.0,0,0,0,0,3,3,0,100.0,True,ACTIVE
27191004716,MGM SANSKAR VIDYALAY CIDCO N-6,CLU3605034,URC1,URC-1,19,3,415,249,166,0,0.67,40.0,0.0,42,147,104,122,462,412,50,89.18,True,ACTIVE
27191002112,MILLENNIUM ENGLISH PS,CLU3605028,URC1,URC-1,27,2,370,249,121,0,0.49,32.7,0.0,275,95,0,0,304,304,0,100.0,True,ACTIVE
27191002118,MILLENNIUM ENGLISH SCHOOL,CLU3605028,URC1,URC-1,27,8,64,53,11,0,0.21,17.19,0.0,0,0,64,0,42,42,0,100.0,True,ACTIVE
27191000128,MNC HS  HARSUL GAON,CLU3605031,URC1,URC-1,17,8,62,38,24,0,0.63,38.71,0.0,0,0,62,0,108,108,0,100.0,True,ACTIVE
27191002317,MNC HS ASHOKNAGAR,CLU3605028,URC1,URC-1,17,8,119,54,65,0,1.2,54.62,0.0,0,0,119,0,126,126,0,100.0,True,ACTIVE
27191007815,MNC HS CHIKHALTHANA,CLU3605027,URC1,URC-1,17,8,77,48,29,0,0.6,37.66,0.0,0,0,77,0,73,73,0,100.0,True,ACTIVE
27191002617,MNC HS CIDCO N-7,CLU3605028,URC1,URC-1,17,8,107,78,29,0,0.37,27.1,0.0,0,0,107,0,98,98,0,100.0,True,ACTIVE
27191005326,MNC HS KIRADPURA NO 1,CLU3605032,URC1,URC-1,17,8,177,84,93,0,1.11,52.54,0.0,0,0,177,0,160,160,0,100.0,True,ACTIVE
27191007989,MNC HS MUKUNDWADI,CLU3605027,URC1,URC-1,17,8,110,47,63,0,1.34,57.27,0.0,0,0,110,0,114,114,0,100.0,True,ACTIVE
27191002213,MNC HS NAREGAON,CLU3605028,URC1,URC-1,17,8,228,171,57,0,0.33,25.0,0.0,0,0,228,0,220,116,104,52.0,True,ACTIVE
27191002223,MNC HS NAREGAON URDU,CLU3605028,URC1,URC-1,17,8,361,131,230,0,1.76,63.71,0.0,0,0,361,0,353,353,0,100.0,True,ACTIVE
27191004120,MNC HS SHAHBAZAR,CLU3605032,URC1,URC-1,17,8,99,42,57,0,1.36,57.58,0.0,0,0,99,0,98,40,58,40.0,True,ACTIVE
27191004511,MNC HS YASHODHARA COLONY,CLU3605032,URC1,URC-1,17,8,58,25,33,0,1.32,56.9,0.0,0,0,58,0,57,57,0,100.0,True,ACTIVE
27191007406,MODERN ENG SCHOOL CIDCO,CLU3605027,URC1,URC-1,27,2,423,228,195,0,0.86,46.1,0.0,286,137,0,0,396,396,0,100.0,True,ACTIVE
27191007005,MODERN KANYA HS AND JR. COLLEGE,CLU3605027,URC1,URC-1,4,3,174,0,174,0,1.0,100.0,0.0,0,39,49,86,185,76,109,41.0,True,ACTIVE
27191005313,MODERN SHISHAN GIRLS HS ROSHANGATE,CLU3605032,URC1,URC-1,4,6,147,18,129,0,7.17,87.76,0.0,9,51,87,0,123,123,0,100.0,True,ACTIVE
27191004410,MODERN URDU PS KIRADPURA,CLU3605032,URC1,URC-1,4,2,160,73,87,0,1.19,54.37,0.0,111,47,0,0,172,172,0,100.0,True,ACTIVE
27191007015,MOHAMMADIYA URDU H.S.,CLU3605027,URC1,URC-1,55,7,182,48,134,0,2.79,73.63,0.0,0,72,110,0,161,161,0,100.0,True,ACTIVE
27191007014,MOHAMMADIYA URDU P.S.,CLU3605027,URC1,URC-1,54,2,261,77,184,0,2.39,70.5,0.0,179,82,0,0,247,247,0,100.0,True,ACTIVE
27191002222,MOHD ABDUL HAFIZ PATNI URDU PS NAREGAON,CLU3605028,URC1,URC-1,54,2,636,324,312,0,0.96,49.06,0.0,375,260,0,0,612,612,0,100.0,True,ACTIVE
27191005504,MOHSIN AHMED URDU PS KAISAR COLONY,CLU3605032,URC1,URC-1,4,2,239,119,120,0,1.01,50.21,0.0,183,56,0,0,234,234,0,100.0,True,ACTIVE
27191000164,MOONSTAR GLOBAL SCHOOL ,CLU3605031,URC1,URC-1,27,2,1,0,1,0,1.0,100.0,0.0,1,0,0,0,1,1,0,100.0,True,ACTIVE
27191004226,MOUNT FORT ELEMENTARY SCHOOL ROSHANGATE,CLU3605032,URC1,URC-1,27,2,151,107,44,0,0.41,29.14,0.0,106,45,0,0,124,124,0,100.0,True,ACTIVE
27190219474,MOUNT VALLEY TECHNO SCHOOL,CLU3605027,URC1,URC-1,27,2,41,18,23,0,1.28,56.1,0.0,21,0,0,0,44,44,0,100.0,True,ACTIVE
27191004216,MUJIB ALAM SHAH URDU HIGH SCHOOL,CLU3605032,URC1,URC-1,27,8,88,24,64,0,2.67,72.73,0.0,0,0,88,0,84,84,0,100.0,True,ACTIVE
27191004202,MUJIB-ALAM-SHAH URDU PS,CLU3605032,URC1,URC-1,19,2,727,234,493,0,2.11,67.81,0.0,488,239,0,0,713,472,241,66.2,True,ACTIVE
27191007505,MUKTESHWAR PS,CLU3605027,URC1,URC-1,4,1,80,42,38,0,0.9,47.5,0.0,80,0,0,0,119,119,0,100.0,True,ACTIVE
27191002503,MUKUL MANDIR CIDCO,CLU3605028,URC1,URC-1,4,7,532,271,261,0,0.96,49.06,0.0,0,174,358,0,529,529,0,100.0,True,ACTIVE
27191002506,MUKUL MANDIR N-7 CIDCO,CLU3605028,URC1,URC-1,4,2,806,401,405,0,1.01,50.25,0.0,534,272,0,0,929,929,0,100.0,True,ACTIVE
27191007308,MURDESHWAR P VIDYALAYA N-2,CLU3605027,URC1,URC-1,4,2,147,81,66,0,0.81,44.9,0.0,98,49,0,0,148,148,0,100.0,True,ACTIVE
27191004405,MUSTAFA URDU NIGHT HS,CLU3605032,URC1,URC-1,4,7,118,79,39,0,0.49,33.05,0.0,0,32,86,0,128,128,0,100.0,True,ACTIVE
27191000159,Matoshree jijau prathmik vidyalay,CLU3605031,URC1,URC-1,54,2,227,122,105,0,0.86,46.26,0.0,172,55,0,0,241,241,0,100.0,True,ACTIVE
27191007018,NARENDRA ENGLISH SCHOOL,CLU3605027,URC1,URC-1,27,6,153,96,57,0,0.59,37.25,0.0,69,47,36,0,172,74,98,43.0,True,ACTIVE
27191007019,NARENDRA VIDYA MANDIR,CLU3605027,URC1,URC-1,19,2,100,51,49,0,0.96,49.0,0.0,59,41,0,0,130,130,0,100.0,True,ACTIVE
27191007033,NARENDRA VIDYA MANDIR HIGH SCHOOL,CLU3605027,URC1,URC-1,27,8,46,20,26,0,1.3,56.52,0.0,0,0,46,0,61,61,0,100.0,True,ACTIVE
27191007310,NARMADA CONVENT SCHOOL N-2 (ENG),CLU3605027,URC1,URC-1,27,2,92,42,50,0,1.19,54.35,0.0,72,20,0,0,40,35,5,87.5,True,ACTIVE
27191007311,NARMADA CONVENT SCHOOL N-2 (MARATHI),CLU3605027,URC1,URC-1,4,2,506,248,258,0,1.04,50.99,0.0,337,169,0,0,677,568,109,83.9,True,ACTIVE
27191007104,NARSAI PS N-4,CLU3605027,URC1,URC-1,4,2,130,78,52,0,0.67,40.0,0.0,92,38,0,0,115,115,0,100.0,True,ACTIVE
27191002907,NATIONAL INTEGRATION ENG PS GANESH COLONY,CLU3605034,URC1,URC-1,27,2,109,71,38,0,0.54,34.86,0.0,84,25,0,0,117,117,0,100.0,True,ACTIVE
27191002914,NATIONAL INTERGRATION ENG HIGH SCHOOL,CLU3605034,URC1,URC-1,27,7,18,8,10,0,1.25,55.56,0.0,0,0,18,0,28,0,28,0.0,True,ACTIVE
27191000127,NAVBHARAT MADHYAMIK VIDYALAY,CLU3605031,URC1,URC-1,54,7,250,154,96,0,0.62,38.4,0.0,0,83,167,0,235,235,0,100.0,True,ACTIVE
27191002205,NAVJEEVAN MATIMAND SCHOOL,CLU3605028,URC1,URC-1,11,2,42,23,19,0,0.83,45.24,0.0,38,4,0,0,49,49,0,100.0,True,ACTIVE
27191004224,NEHRU MEMORIAL ENGLISH PRIMARY SCHOOL,CLU3605032,URC1,URC-1,27,2,251,160,91,0,0.57,36.25,0.0,171,80,0,0,237,237,0,100.0,True,ACTIVE
27191005323,NEHRU MEMORIAL URDU PS BARI COLONY,CLU3605032,URC1,URC-1,19,2,76,41,35,0,0.85,46.05,0.0,71,5,0,0,69,69,0,100.0,True,ACTIVE
27191008202,NETAJI SUBHASH HS,CLU3605027,URC1,URC-1,4,6,33,20,13,0,0.65,39.39,0.0,0,5,28,0,41,41,0,100.0,True,ACTIVE
27191004012,NEW ENGLISH PRIMARY SCHOOL,CLU3605032,URC1,URC-1,27,1,7,4,3,0,0.75,42.86,0.0,7,0,0,0,9,9,0,100.0,True,ACTIVE
27191001404,NEW HORIZON ENGLISH HS,CLU3605034,URC1,URC-1,27,7,14,10,4,0,0.4,28.57,0.0,0,0,14,0,43,4,39,0.0,True,ACTIVE
27191001406,NEW HORIZON ENGLISH PRIMARY SCHOOL,CLU3605034,URC1,URC-1,27,1,12,6,6,0,1.0,50.0,0.0,12,0,0,0,28,25,3,89.29,True,ACTIVE
27191000111,NEW HS AND JR.COLLEGE,CLU3605031,URC1,URC-1,4,3,1168,716,452,0,0.63,38.7,0.0,78,412,518,160,1092,814,278,74.54,True,ACTIVE
27191002406,NEW HS CHIKHALTHANA,CLU3605028,URC1,URC-1,4,3,614,358,256,0,0.72,41.69,0.0,29,214,264,107,636,636,0,100.0,True,ACTIVE
27191004717,NEW KIDS PARADISE ENGLISH SCHOOL,CLU3605034,URC1,URC-1,27,6,40,20,20,0,1.0,50.0,0.0,40,0,0,0,352,352,0,100.0,True,ACTIVE
27191004721,NEW KIDS PARADISE ENGLISH SCHOOL N-6 CIDCO,CLU3605034,URC1,URC-1,27,3,394,293,101,0,0.34,25.63,0.0,203,122,69,0,70,32,38,45.0,True,ACTIVE
27191007611,NEW LITTLE STAR ENG PS MAHADA COLONY,CLU3605027,URC1,URC-1,27,2,140,81,59,0,0.73,42.14,0.0,139,1,0,0,100,0,100,0.0,True,ACTIVE
27191000133,NEW SYMBIOSIS ENGLISH SCHOOL,CLU3605031,URC1,URC-1,27,2,124,72,52,0,0.72,41.94,0.0,94,30,0,0,90,90,0,100.0,True,ACTIVE
27191004310,NOOR-A-AZIZ URDU HS,CLU3605032,URC1,URC-1,55,7,106,30,76,0,2.53,71.7,0.0,0,32,74,0,119,119,0,100.0,True,ACTIVE
27191007011,NURSINHA PUBLIC SCHOOL GARKHEDA,CLU3605027,URC1,URC-1,4,2,174,83,91,0,1.1,52.3,0.0,124,50,0,0,183,183,0,100.0,True,ACTIVE
27191000306,"NUTAN BAHUDDESHIYA H.SEC. COLLEGE, N-11 CIDCO",CLU3605031,URC1,URC-1,19,11,5,0,5,0,1.0,100.0,0.0,0,0,0,5,5,5,0,100.0,True,ACTIVE
27191000308,NUTAN BAHUDDESHIYA VIDYALAYA,CLU3605031,URC1,URC-1,4,6,93,61,32,0,0.52,34.41,0.0,8,30,55,0,97,97,0,100.0,True,ACTIVE
27191000311,NUTAN BAHUUDDESHIYA PRIMARY SCHOOL N 11,CLU3605031,URC1,URC-1,4,1,5,5,0,0,0.0,0.0,0.0,5,0,0,0,12,12,0,100.0,True,ACTIVE
27191002229,New Icon English Primary School Naregaon,CLU3605028,URC1,URC-1,27,3,23,18,5,0,0.28,21.74,0.0,19,4,0,0,23,23,0,100.0,True,ACTIVE
27191000315,OM INTERNATIONAL TECHNO SCHOOL,CLU3605031,URC1,URC-1,55,2,441,244,197,0,0.81,44.67,0.0,288,153,0,0,418,418,0,100.0,True,ACTIVE
27191004710,OM PS N-6,CLU3605034,URC1,URC-1,4,2,131,62,69,0,1.11,52.67,0.0,91,40,0,0,170,170,0,100.0,True,ACTIVE
27191000214,ORIENT ENG SCHOOL MAYUR PARK,CLU3605031,URC1,URC-1,27,3,327,189,138,0,0.73,42.2,0.0,159,94,62,12,353,353,0,100.0,True,ACTIVE
27191002217,OXFORD PUBLIC SCHOOL,CLU3605028,URC1,URC-1,54,2,543,328,215,0,0.66,39.59,0.0,338,205,0,0,542,542,0,100.0,True,ACTIVE
27191007023,P K ANNA PATIL PS BHARAT NAGAR,CLU3605027,URC1,URC-1,55,2,583,304,279,0,0.92,47.86,0.0,346,237,0,0,748,748,0,100.0,True,ACTIVE
27191000119,PA PU BHARATRATNA BABASAHEB AMBEDKAR INTERNATINAL SCHOOL,CLU3605031,URC1,URC-1,27,2,4,2,2,0,1.0,50.0,0.0,4,0,0,0,8,0,8,0.0,True,ACTIVE
27191007025,PANDIT JAWAHARLAL NEHRU MHAVIDYALAYA,CLU3605027,URC1,URC-1,4,11,280,183,97,0,0.53,34.64,0.0,0,0,0,280,211,131,80,62.09,True,ACTIVE
27191008091,PARTH VIDYAMANDIR NEW S.T. COLONY N2,CLU3605027,URC1,URC-1,54,2,242,137,105,0,0.77,43.39,0.0,154,88,0,0,249,249,0,100.0,True,ACTIVE
27191001809,PARVATI KANYA HS AND JR. COLLEGE,CLU3605034,URC1,URC-1,4,3,304,15,289,0,19.27,95.07,0.0,42,121,93,48,320,320,0,100.0,True,ACTIVE
27191001808,PARVATI PRATHMIK VIDYALAYA CIDCO N-9,CLU3605034,URC1,URC-1,4,1,124,27,97,0,3.59,78.23,0.0,124,0,0,0,135,135,0,100.0,True,ACTIVE
27191000403,PATEL INTERNATIONAL MADHYAMIK SCHOOL,CLU3605031,URC1,URC-1,27,8,23,6,17,0,2.83,73.91,0.0,0,0,23,0,28,28,0,100.0,True,ACTIVE
27191007318,PINAKESHWAR ENGLISH HIGHSCHOOL,CLU3605027,URC1,URC-1,27,8,26,16,10,0,0.62,38.46,0.0,0,0,26,0,30,30,0,100.0,True,ACTIVE
27191007503,PINAKESHWAR ENGLISH SCHOOL,CLU3605027,URC1,URC-1,27,2,116,62,54,0,0.87,46.55,0.0,77,39,0,0,94,94,0,100.0,True,ACTIVE
27191007510,PINAKESHWAR HIGH SCHOOL,CLU3605027,URC1,URC-1,27,8,23,13,10,0,0.77,43.48,0.0,0,0,23,0,34,34,0,100.0,True,ACTIVE
27191007504,PINAKESHWAR MARATHI SCHOOL,CLU3605027,URC1,URC-1,19,2,46,25,21,0,0.84,45.65,0.0,26,20,0,0,49,49,0,100.0,True,ACTIVE
27191001804,PIONEERS SECONDARY SCHOOL,CLU3605034,URC1,URC-1,55,7,256,126,130,0,1.03,50.78,0.0,0,86,170,0,257,171,86,66.54,True,ACTIVE
27191007028,PODAR INTERNATIONAL SCHOOL GARKHEDA,CLU3605027,URC1,URC-1,27,6,708,403,305,0,0.76,43.08,0.0,333,208,167,0,810,537,273,66.3,True,ACTIVE
27194100507,PRADNYA JUNIOR COLLEGE OF ARTS COMMERCE & SCIENCE,CLU3605028,URC1,URC-1,27,11,39,23,16,0,0.7,41.03,0.0,0,0,0,39,52,52,0,100.0,True,ACTIVE
27191002507,PRAGATI PS N-7 CIDCO,CLU3605028,URC1,URC-1,4,2,200,97,103,0,1.06,51.5,0.0,95,105,0,0,247,210,37,85.02,True,ACTIVE
27191000313,PRATIBHATAI PATIL P.S.,CLU3605031,URC1,URC-1,4,2,662,424,238,0,0.56,35.95,0.0,443,208,0,0,720,720,0,100.0,True,ACTIVE
27191004215,PRIME JUNIOR COLLEGE,CLU3605032,URC1,URC-1,27,11,9,6,3,0,0.5,33.33,0.0,0,0,0,9,9,9,0,100.0,True,ACTIVE
27191004210,PRIME STAR ENG HS,CLU3605032,URC1,URC-1,27,7,462,303,159,0,0.52,34.42,0.0,0,127,335,0,456,456,0,100.0,True,ACTIVE
27191000142,PRIME STAR ENGLISH HIGH SCHOOL & JR COLLEGE,CLU3605031,URC1,URC-1,27,10,87,54,33,0,0.61,37.93,0.0,0,0,87,0,83,83,0,100.0,True,ACTIVE
27191004203,PRIME STAR ENGLISH PS KATKAT G,CLU3605032,URC1,URC-1,27,2,1246,810,436,0,0.54,34.99,0.0,936,310,0,0,1218,1218,0,100.0,True,ACTIVE
27191000141,PRIME STAR ENGLISH SCHOOL,CLU3605031,URC1,URC-1,27,2,476,300,176,0,0.59,36.97,0.0,352,124,0,0,446,446,0,100.0,True,ACTIVE
27191002106,PRIYA PS CIDCO,CLU3605028,URC1,URC-1,4,1,21,14,7,0,0.5,33.33,0.0,21,0,0,0,27,27,0,100.0,True,ACTIVE
27191002305,PS ASHOKNAGAR,CLU3605028,URC1,URC-1,17,2,467,215,252,0,1.17,53.96,0.0,275,192,0,0,505,505,0,100.0,True,ACTIVE
27191002202,PS BRIJWADI,CLU3605028,URC1,URC-1,17,2,148,64,84,0,1.31,56.76,0.0,89,23,0,0,163,78,85,47.0,True,ACTIVE
27191004003,PS CHELIPURA URDU,CLU3605032,URC1,URC-1,17,2,300,187,113,0,0.6,37.67,0.0,296,3,0,0,335,335,0,100.0,True,ACTIVE
27191007801,PS CHIKHALTHANA,CLU3605027,URC1,URC-1,17,2,266,137,129,0,0.94,48.5,0.0,136,108,0,0,282,282,0,100.0,True,ACTIVE
27191001602,PS CIDCO-11,CLU3605034,URC1,URC-1,17,2,235,110,125,0,1.14,53.19,0.0,234,1,0,0,188,188,0,100.0,True,ACTIVE
27191002909,PS GANESH COLONY URDU,CLU3605034,URC1,URC-1,17,2,52,24,28,0,1.17,53.85,0.0,35,12,0,0,53,53,0,100.0,True,ACTIVE
27191000106,PS HARSUL URDU,CLU3605031,URC1,URC-1,17,2,57,31,26,0,0.84,45.61,0.0,33,24,0,0,47,47,0,100.0,True,ACTIVE
27191002833,PS KIRADPURA NO.3,CLU3605032,URC1,URC-1,17,2,124,72,52,0,0.72,41.94,0.0,86,26,0,0,135,135,0,100.0,True,ACTIVE
27191005312,PS KIRADPURA URDU NO 2,CLU3605032,URC1,URC-1,17,2,129,59,70,0,1.19,54.26,0.0,77,52,0,0,154,154,0,100.0,True,ACTIVE
27191002105,PS MISARWADI,CLU3605028,URC1,URC-1,17,1,83,50,33,0,0.66,39.76,0.0,83,0,0,0,97,97,0,100.0,True,ACTIVE
27191002201,PS NAREGAON,CLU3605028,URC1,URC-1,17,2,1698,1093,605,0,0.55,35.63,0.0,945,520,0,0,1655,1655,0,100.0,True,ACTIVE
27191002209,PS NAREGAON URDU,CLU3605028,URC1,URC-1,17,2,1699,584,1115,0,1.91,65.63,0.0,1077,622,0,0,1659,1659,0,100.0,True,ACTIVE
27191000104,PS NAVIN VASAHAT HARSUL,CLU3605031,URC1,URC-1,17,2,152,71,81,0,1.14,53.29,0.0,109,43,0,0,154,136,18,88.31,True,ACTIVE
27191001402,PS ROZEBAG URDU,CLU3605034,URC1,URC-1,17,2,5,1,4,0,4.0,80.0,0.0,5,0,0,0,5,5,0,100.0,True,ACTIVE
27191007501,PS SANJAYNAGAR,CLU3605027,URC1,URC-1,17,2,3,3,0,0,0.0,0.0,0.0,3,0,0,0,3,3,0,100.0,True,ACTIVE
27191004114,PS SHAHABAZAR,CLU3605032,URC1,URC-1,17,2,263,123,140,0,1.14,53.23,0.0,160,103,0,0,279,279,0,100.0,True,ACTIVE
27191007804,PS VISHRANTINAGAR,CLU3605027,URC1,URC-1,17,2,82,48,34,0,0.71,41.46,0.0,69,13,0,0,75,75,0,100.0,True,ACTIVE
27191004505,PS YASHODHRA COLONY,CLU3605032,URC1,URC-1,17,2,279,124,155,0,1.25,55.56,0.0,153,88,0,0,293,293,0,100.0,True,ACTIVE
27191004507,PS YASHODHRA COLONY MARATHI,CLU3605032,URC1,URC-1,17,2,92,67,25,0,0.37,27.17,0.0,59,24,0,0,84,84,0,100.0,True,ACTIVE
27191007320,Parth Secondary School & Jr College,CLU3605027,URC1,URC-1,27,10,67,32,35,0,1.09,52.24,0.0,0,0,67,0,41,41,0,100.0,True,ACTIVE
27191002230,Phoenix Educare English School Naregaon,CLU3605028,URC1,URC-1,27,3,85,46,39,0,0.85,45.88,0.0,66,1,0,0,112,78,34,69.64,True,ACTIVE
27191008108,RADHAKRISHNA MADHY. VID. JAIBHAVANINAGA,CLU3605027,URC1,URC-1,55,7,320,157,163,0,1.04,50.94,0.0,0,7,313,0,446,446,0,100.0,True,ACTIVE
27191007239,RADHAKRUSHNA PS,CLU3605027,URC1,URC-1,4,2,533,274,259,0,0.95,48.59,0.0,354,179,0,0,595,595,0,100.0,True,ACTIVE
27191002842,"RAHI ENGLISH PS, NEHRU NAGAR, KATKAT GATE",CLU3605032,URC1,URC-1,27,2,19,9,10,0,1.11,52.63,0.0,19,0,0,0,3,0,3,0.0,True,ACTIVE
27191004711,RAJARAM PS,CLU3605034,URC1,URC-1,4,2,242,180,62,0,0.34,25.62,0.0,173,69,0,0,302,302,0,100.0,True,ACTIVE
27191004602,RAJDHANI URDU HS JASWANTPURA,CLU3605032,URC1,URC-1,4,6,169,62,107,0,1.73,63.31,0.0,8,90,71,0,206,206,0,100.0,True,ACTIVE
27191000121,RAJE CHHATRAPATI SHIVAJI PRA. VIDYALAYA SHIVESHWAR COL,CLU3605031,URC1,URC-1,19,1,43,24,19,0,0.79,44.19,0.0,43,0,0,0,61,22,39,36.0,True,ACTIVE
27191007021,RAJESHRI PS GARKHEDA PARISAR,CLU3605027,URC1,URC-1,19,2,11,9,2,0,0.22,18.18,0.0,7,4,0,0,12,12,0,100.0,True,ACTIVE
27191007007,RAJESHRI SHAHU PS,CLU3605027,URC1,URC-1,4,1,72,40,32,0,0.8,44.44,0.0,72,0,0,0,96,96,0,100.0,True,ACTIVE
27191007260,RAJHANS MADHYAMIK VIDYALAYA CIDCO N-2,CLU3605027,URC1,URC-1,27,8,188,96,92,0,0.96,48.94,0.0,0,0,188,0,258,121,137,46.0,True,ACTIVE
27191005318,RAJIV GANDHI ENGLISH PS,CLU3605032,URC1,URC-1,27,2,114,81,33,0,0.41,28.95,0.0,79,34,0,0,121,121,0,100.0,True,ACTIVE
27191005314,RAJIV GANDHI URDU HIGH SCHOOL,CLU3605032,URC1,URC-1,53,7,135,57,78,0,1.37,57.78,0.0,0,48,87,0,135,135,0,100.0,True,ACTIVE
27191001401,RAJIV GANDHI URDU PS,CLU3605031,URC1,URC-1,55,2,313,124,189,0,1.52,60.38,0.0,214,99,0,0,348,348,0,100.0,True,ACTIVE
27191005319,RAJIV GANDHI URDU PS,CLU3605032,URC1,URC-1,4,2,332,155,177,0,1.14,53.31,0.0,268,63,0,0,361,361,0,100.0,True,ACTIVE
27191000124,RAJMATA JIJAU PUBLIC SCHOOL HARSUL,CLU3605031,URC1,URC-1,55,2,366,207,159,0,0.77,43.44,0.0,228,138,0,0,475,368,107,77.47,True,ACTIVE
27191002221,"RAMANAND ENGLISH SCHOOL, GARKHEDA AREA, SAMBHAJINAGAR",CLU3605028,URC1,URC-1,27,2,70,30,40,0,1.33,57.14,0.0,70,0,0,0,47,47,0,100.0,True,ACTIVE
27191008311,RAMCHANDRA NAIK HIGH SCHOOL,CLU3605027,URC1,URC-1,27,8,131,68,63,0,0.93,48.09,0.0,0,0,131,0,110,110,0,100.0,True,ACTIVE
27191007240,RAMCHANDRA NAIK PS CIDCO N 4,CLU3605027,URC1,URC-1,4,2,877,460,417,0,0.91,47.55,0.0,423,242,0,0,815,815,0,100.0,True,ACTIVE
27191002111,RASHIDA BEGUM DESHMUKH URDU H.S.,CLU3605028,URC1,URC-1,55,7,190,65,125,0,1.92,65.79,0.0,0,60,130,0,189,189,0,100.0,True,ACTIVE
27191004308,RASHIDA URDU PS,CLU3605032,URC1,URC-1,4,2,186,55,131,0,2.38,70.43,0.0,123,63,0,0,248,248,0,100.0,True,ACTIVE
27191000206,RASHTRAKUT PRATHAMIK VIDYALAYA,CLU3605031,URC1,URC-1,4,2,686,320,366,0,1.14,53.35,0.0,468,218,0,0,671,671,0,100.0,True,ACTIVE
27191007006,RASHTRIYA VIDYALAYA AND JR.COLLEGE,CLU3605027,URC1,URC-1,4,3,207,118,89,0,0.75,43.0,0.0,31,76,59,41,207,207,0,100.0,True,ACTIVE
27191007309,RASHTRYA PRATHMIK VIDYALYA N-2,CLU3605027,URC1,URC-1,4,1,78,28,50,0,1.79,64.1,0.0,77,0,0,0,91,91,0,100.0,True,ACTIVE
27191004208,"RAYYAN INTERNATIONAL ENGLISH SCHOOL, ROSHAN GATE, CHHATRAPATI SAMBHAJINAGAR",CLU3605032,URC1,URC-1,27,2,70,44,26,0,0.59,37.14,0.0,35,14,0,0,41,41,0,100.0,True,ACTIVE
27191002836,RAZIYA FATEMA URDU HS,CLU3605032,URC1,URC-1,4,7,164,59,105,0,1.78,64.02,0.0,0,52,112,0,165,165,0,100.0,True,ACTIVE
27191001505,RAZIYA SULTANA URDU HS,CLU3605034,URC1,URC-1,4,7,196,66,130,0,1.97,66.33,0.0,0,75,121,0,189,189,0,100.0,True,ACTIVE
27191004509,RESIDENCIAL ORTHOPAEDIC SCHOOL,CLU3605032,URC1,URC-1,12,2,2,1,1,0,1.0,50.0,0.0,0,2,0,0,2,2,0,100.0,True,ACTIVE
27191001805,REVIVAL ENGLISH SCHOOL,CLU3605034,URC1,URC-1,27,2,62,25,37,0,1.48,59.68,0.0,54,8,0,0,66,28,38,42.0,True,ACTIVE
27191001807,REVIVAL MARATHI PS,CLU3605034,URC1,URC-1,53,2,327,183,144,0,0.79,44.04,0.0,213,114,0,0,344,344,0,100.0,True,ACTIVE
27191000215,RISING STAR BALAK MANDIR PS JADHAV WADI,CLU3605031,URC1,URC-1,55,2,675,336,339,0,1.01,50.22,0.0,388,284,0,0,781,781,0,100.0,True,ACTIVE
27191000216,RISING STAR ENG SCHOOL JADHAV  WADI,CLU3605031,URC1,URC-1,27,6,184,87,96,1,1.1,52.17,0.543,112,19,43,0,208,5,203,2.4,True,ACTIVE
27191000219,RISING STAR MADHYAMIK VIDYALAYA,CLU3605031,URC1,URC-1,27,8,114,55,59,0,1.07,51.75,0.0,0,0,114,0,39,0,39,0.0,True,ACTIVE
27191004506,ROYAL ENG PS RAHEMANIYA COL,CLU3605032,URC1,URC-1,27,2,173,127,46,0,0.36,26.59,0.0,54,87,0,0,207,207,0,100.0,True,ACTIVE
27191004510,ROYAL STAR ENGLISH HIGH SCHOOL,CLU3605032,URC1,URC-1,27,10,126,73,53,0,0.73,42.06,0.0,0,0,91,35,233,233,0,100.0,True,ACTIVE
27194100008,RUDRA INTERNATIONAL ENGLISH SCHOOL,CLU3605027,URC1,URC-1,27,2,48,28,20,0,0.71,41.67,0.0,46,2,0,0,37,37,0,100.0,True,ACTIVE
27191002843,RYP JUNIOR COLLEGE ARTS & SCIENCE,CLU3605032,URC1,URC-1,19,11,228,71,157,0,2.21,68.86,0.0,0,0,0,228,189,189,0,100.0,True,ACTIVE
27191007822,Reliable English School,CLU3605027,URC1,URC-1,27,6,291,191,100,0,0.52,34.36,0.0,149,71,71,0,268,268,0,100.0,True,ACTIVE
27191006502,SAI PRATHAMIK SHALA CHIKALTHANA,CLU3605027,URC1,URC-1,19,2,113,74,39,0,0.53,34.51,0.0,84,29,0,0,157,157,0,100.0,True,ACTIVE
27191007820,"SAI PRIMARY SCHOOL, CHIKALTHANA",CLU3605028,URC1,URC-1,19,2,370,194,176,0,0.91,47.57,0.0,253,116,0,0,196,127,69,64.8,True,ACTIVE
27191002607,SAI PRIMARY SCHOOLS HARSUL PARISAR,CLU3605031,URC1,URC-1,27,2,33,20,13,0,0.65,39.39,0.0,28,5,0,0,43,43,0,100.0,True,ACTIVE
27191007257,SAINT MEERA ENGLISH HIGH SCHOOL,CLU3605027,URC1,URC-1,27,7,83,57,26,0,0.46,31.33,0.0,0,13,70,0,109,109,0,100.0,True,ACTIVE
27191007237,SAINT MEERA ENGLISH SCHOOL,CLU3605027,URC1,URC-1,27,2,17,9,8,0,0.89,47.06,0.0,0,17,0,0,25,25,0,100.0,True,ACTIVE
27191000211,SAIRAM ENG PS (GOODWORD ENG SCHOOL),CLU3605031,URC1,URC-1,27,2,88,39,49,0,1.26,55.68,0.0,80,8,0,0,93,93,0,100.0,True,ACTIVE
27191000222,SAMBHAJINAGAR PUBLIC SCHOOL AND JUNIOR COLLEGE,CLU3605034,URC1,URC-1,27,3,188,93,95,0,1.02,50.53,0.0,145,28,0,15,178,178,0,100.0,True,ACTIVE
27191002207,SAMRAT ASHOK PS BRIJWADI,CLU3605028,URC1,URC-1,4,2,113,60,53,0,0.88,46.9,0.0,73,40,0,0,124,113,11,91.13,True,ACTIVE
27191002208,SAMRAT ASHOK VIDHYALAYA,CLU3605028,URC1,URC-1,4,7,218,138,80,0,0.58,36.7,0.0,0,0,218,0,292,42,250,0.0,True,ACTIVE
27191001603,SAMYAK NIVASI MUKBADHIR VIDYALAYA,CLU3605034,URC1,URC-1,12,2,32,18,14,0,0.78,43.75,0.0,24,8,0,0,19,19,0,100.0,True,ACTIVE
27191004214,SANA URDU HS AZAM COLONY  ROSHAN GATE,CLU3605032,URC1,URC-1,53,7,85,39,46,0,1.18,54.12,0.0,0,0,85,0,134,0,134,0.0,True,ACTIVE
27191008203,SANE GURJI MADYAMIK VIDYALYA BHARAT NGR,CLU3605027,URC1,URC-1,53,7,154,92,62,0,0.67,40.26,0.0,0,47,107,0,139,0,139,0.0,True,ACTIVE
27191002410,SANIT XAVIERS HS N-1,CLU3605028,URC1,URC-1,27,7,232,147,85,0,0.58,36.64,0.0,0,51,181,0,314,314,0,100.0,True,ACTIVE
27191004703,SANIYA ENGLISH PRIMARY SCHOOL,CLU3605034,URC1,URC-1,27,6,96,62,34,0,0.55,35.42,0.0,53,35,8,0,107,100,7,93.46,True,ACTIVE
27191007106,SANIYA URDU HIGH SCHOOL,CLU3605027,URC1,URC-1,27,8,2,0,2,0,1.0,100.0,0.0,0,0,2,0,15,15,0,100.0,True,ACTIVE
27191008307,SANIYA URDU PS,CLU3605027,URC1,URC-1,55,2,437,172,265,0,1.54,60.64,0.0,269,168,0,0,493,225,268,45.0,True,ACTIVE
27191007238,SANJIVANI MADHYAMIK VIDYALAYA,CLU3605027,URC1,URC-1,4,6,146,91,55,0,0.6,37.67,0.0,0,74,72,0,70,70,0,100.0,True,ACTIVE
27191000209,SANSKAR BALAK MANDIR,CLU3605031,URC1,URC-1,4,2,1063,552,511,0,0.93,48.07,0.0,592,471,0,0,1021,1021,0,100.0,True,ACTIVE
27191000223,SANSKAR ENGLISH HIGH SCHOOL,CLU3605031,URC1,URC-1,27,8,253,146,107,0,0.73,42.29,0.0,0,0,253,0,216,216,0,100.0,True,ACTIVE
27191008206,SANSKAR HS AND ARTS SCIENCE JR COLLEGE MUKUNDWADI PARISAR,CLU3605027,URC1,URC-1,27,3,1,0,1,0,1.0,100.0,0.0,1,0,0,0,1,1,0,100.0,True,ACTIVE
27191000218,SANSKAR MADHYAMIC VIDYALAYA,CLU3605031,URC1,URC-1,27,8,513,268,245,0,0.91,47.76,0.0,0,0,513,0,484,484,0,100.0,True,ACTIVE
27191000210,SANSKAR PS,CLU3605031,URC1,URC-1,4,2,822,440,382,0,0.87,46.47,0.0,452,370,0,0,926,848,78,91.58,True,ACTIVE
27191000163,SANSKARS SHANTINIKETAN ACADEMY,CLU3605031,URC1,URC-1,27,2,60,35,25,0,0.71,41.67,0.0,52,8,0,0,48,0,48,0.0,True,ACTIVE
27191007609,SANT DNYANESHWAR ACADEMY CHIKALTHANA,CLU3605027,URC1,URC-1,27,2,173,95,78,0,0.82,45.09,0.0,100,73,0,0,166,166,0,100.0,True,ACTIVE
27191000107,SANT DNYANESHWAR P.S. HARSUL,CLU3605031,URC1,URC-1,4,1,264,136,128,0,0.94,48.48,0.0,264,0,0,0,275,235,40,85.45,True,ACTIVE
27191007306,SANT MAULI VIDYA MANDIR N-2,CLU3605027,URC1,URC-1,4,2,0,0,0,0,0.0,0.0,0.0,0,0,0,0,25,25,0,100.0,False,PROMOTION_ONLY_LEGACY
27191007234,SANT MEERA PS N-3,CLU3605027,URC1,URC-1,4,1,185,101,84,0,0.83,45.41,0.0,185,0,0,0,254,254,0,100.0,True,ACTIVE
27191007245,SANT MIRA HS AND JR.COLLEGE,CLU3605027,URC1,URC-1,4,3,866,469,397,0,0.85,45.84,0.0,65,274,258,269,969,613,356,63.26,True,ACTIVE
27191002006,SANT TUKARAM PRIMARY VID.AMBEDKAR NAGAR,CLU3605028,URC1,URC-1,4,2,229,127,102,0,0.8,44.54,0.0,142,87,0,0,200,200,0,100.0,True,ACTIVE
27191000402,SARASWATI  MADHYAMIK SCHOOL JATWADA ROAD,CLU3605031,URC1,URC-1,27,8,51,32,19,0,0.59,37.25,0.0,0,0,51,0,26,26,0,100.0,True,ACTIVE
27191000401,SARASWATI  PRIMARY SCHOOL JATWADA ROAD,CLU3605031,URC1,URC-1,27,1,2,2,0,0,0.0,0.0,0.0,2,0,0,0,2,2,0,100.0,True,ACTIVE
27191007509,SARASWATI MADHYAMIC VIDYALAYA,CLU3605027,URC1,URC-1,27,8,32,16,16,0,1.0,50.0,0.0,0,0,32,0,42,42,0,100.0,True,ACTIVE
27191005513,SAROSH JUNIOR COLLEGE NAGSEN COLONY,CLU3605032,URC1,URC-1,53,11,373,250,123,0,0.49,32.98,0.0,0,0,0,373,402,402,0,100.0,True,ACTIVE
27191005509,SAROSH URDU HS KAISAR COLONY,CLU3605032,URC1,URC-1,55,7,420,166,254,0,1.53,60.48,0.0,0,139,281,0,442,442,0,100.0,True,ACTIVE
27191005505,SAROSH URDU PS NAGSEN COLONY,CLU3605032,URC1,URC-1,4,2,1293,511,782,0,1.53,60.48,0.0,924,369,0,0,1296,1296,0,100.0,True,ACTIVE
27191000138,SAVITRIBAI PHULE MUKBADHIR NIVASI VIDYALAY,CLU3605031,URC1,URC-1,11,1,23,14,9,0,0.64,39.13,0.0,22,0,0,0,26,26,0,100.0,True,ACTIVE
27191000305,"SBOA PUBLIC HS, N-11",CLU3605031,URC1,URC-1,27,6,1927,1038,889,0,0.86,46.13,0.0,314,971,642,0,1941,1941,0,100.0,True,ACTIVE
27191000309,SBOA PUBLIC SCHOOL,CLU3605031,URC1,URC-1,27,1,1131,635,496,0,0.78,43.85,0.0,962,0,0,0,1195,1195,0,100.0,True,ACTIVE
27191002844,SCHOLAR'S ENGLISH PRIMARY SCHOOL,CLU3605032,URC1,URC-1,27,2,342,199,143,0,0.72,41.81,0.0,235,107,0,0,437,24,413,0.0,True,ACTIVE
27191002841,SCHOLARS ENG BOYS HS KAT KAT GATE,CLU3605032,URC1,URC-1,27,7,84,84,0,0,0.0,0.0,0.0,0,0,84,0,146,105,41,71.92,True,ACTIVE
27191002840,SCHOLARS ENG GIRLS HS KAT KAT GATE,CLU3605032,URC1,URC-1,27,7,50,0,50,0,1.0,100.0,0.0,0,2,48,0,70,22,48,3.0,True,ACTIVE
27191002904,SCOTTISH ENG PS FAZILPURA,CLU3605034,URC1,URC-1,27,2,41,27,14,0,0.52,34.15,0.0,21,11,0,0,48,0,48,0.0,True,ACTIVE
27191008111,SECONDARY & HIGHER SECONDARY SCHOOL,CLU3605027,URC1,URC-1,27,11,2,2,0,0,0.0,0.0,0.0,0,0,0,2,10,0,10,0.0,True,ACTIVE
27191004504,SHAHID ASHFAQULLAH MARATHI PS,CLU3605032,URC1,URC-1,55,2,288,224,64,0,0.29,22.22,0.0,204,84,0,0,304,304,0,100.0,True,ACTIVE
27191002120,SHARDA BALAK MANDIR PISADEVI ROAD AURANGABAD,CLU3605028,URC1,URC-1,27,6,61,38,23,0,0.61,37.7,0.0,49,10,2,0,61,61,0,100.0,True,ACTIVE
27191002502,SHARDA HINDI HS,CLU3605028,URC1,URC-1,4,6,105,61,44,0,0.72,41.9,0.0,5,56,44,0,91,91,0,100.0,True,ACTIVE
27191002113,SHARDA MATA PRATH. VIDYALYA PISA DEVI,CLU3605028,URC1,URC-1,27,2,295,161,134,0,0.83,45.42,0.0,208,87,0,0,257,0,257,0.0,True,ACTIVE
27191002303,SHARDA SUMAN PS CHIKALTHANA,CLU3605028,URC1,URC-1,55,2,253,120,133,0,1.11,52.57,0.0,177,76,0,0,260,0,260,0.0,True,ACTIVE
27191002616,SHISHU VIKAS KENDRA H.S. N 7,CLU3605028,URC1,URC-1,27,8,16,10,6,0,0.6,37.5,0.0,0,0,16,0,30,0,30,0.0,True,ACTIVE
27191001703,SHISHU VIKAS KENDRA N-9,CLU3605034,URC1,URC-1,4,1,38,18,20,0,1.11,52.63,0.0,38,0,0,0,41,41,0,100.0,True,ACTIVE
27191002609,SHISHU VIKAS KENDRA PS N-7,CLU3605028,URC1,URC-1,4,2,152,85,67,0,0.79,44.08,0.0,93,59,0,0,148,148,0,100.0,True,ACTIVE
27191007255,SHIV CHATRAPATI COLLEGE N-3,CLU3605027,URC1,URC-1,54,11,2102,1149,953,0,0.83,45.34,0.0,0,0,0,2102,1734,1734,0,100.0,True,ACTIVE
27191002304,SHIVTEJ VIDYA MANDIR,CLU3605028,URC1,URC-1,54,2,477,271,206,0,0.76,43.19,0.0,260,217,0,0,461,461,0,100.0,True,ACTIVE
27191002315,SHIVTEJ VIDYA MANDIR HS,CLU3605028,URC1,URC-1,27,8,104,56,48,0,0.86,46.15,0.0,0,0,104,0,81,40,41,49.0,True,ACTIVE
27191008310,SHREE GAJANAN MAHARAJ BAL VIDYAMANDIR,CLU3605027,URC1,URC-1,55,1,51,24,27,0,1.12,52.94,0.0,51,0,0,0,63,63,0,100.0,True,ACTIVE
27191007507,SHREE PUBLIC SCHOOL MUKUNDWADI,CLU3605027,URC1,URC-1,53,2,405,236,169,0,0.72,41.73,0.0,262,143,0,0,382,338,44,88.48,True,ACTIVE
27191000208,SHREE TULJABHAWANI PRIMARY VIDYALAYA,CLU3605027,URC1,URC-1,55,2,472,244,228,0,0.93,48.31,0.0,278,194,0,0,468,297,171,63.46,True,ACTIVE
27191000213,SHREE VENKATESH PS JADHAVWADI,CLU3605034,URC1,URC-1,55,2,258,119,139,0,1.17,53.88,0.0,156,102,0,0,244,137,107,56.0,True,ACTIVE
27191002309,SHRI BABANRAO DHAKNE PRIMARY SCHOOL,CLU3605028,URC1,URC-1,53,1,101,56,45,0,0.8,44.55,0.0,101,0,0,0,96,74,22,77.08,True,ACTIVE
27191002306,SHRI BABANRAO DHAKNE VIDYALAYA AND JR.COLLEGE,CLU3605028,URC1,URC-1,4,3,428,243,185,0,0.76,43.22,0.0,23,143,115,147,433,287,146,66.28,True,ACTIVE
27191007807,SHRI BALAJI HIGH SCHOOL & JR. COLLEGE CHIKHALTHANA,CLU3605027,URC1,URC-1,4,3,1053,561,492,0,0.88,46.72,0.0,97,411,332,213,1107,963,144,86.99,True,ACTIVE
27191008087,SHRI RAJARSHI SHAHU VIDYALAYA,CLU3605027,URC1,URC-1,4,6,269,154,115,0,0.75,42.75,0.0,30,103,136,0,286,115,171,40.0,True,ACTIVE
27191007613,SHRI RAM MADHYAMIK VIDYALAY,CLU3605027,URC1,URC-1,55,7,328,158,170,0,1.08,51.83,0.0,0,104,224,0,346,346,0,100.0,True,ACTIVE
27191007608,SHRI RAM PS SHRIRAM NAGAR,CLU3605027,URC1,URC-1,4,2,735,391,344,0,0.88,46.8,0.0,475,260,0,0,770,622,148,80.78,True,ACTIVE
27191002608,SHRI SAIBABA VIDYALAY SWARAJNAGAR,CLU3605027,URC1,URC-1,4,6,81,37,44,0,1.19,54.32,0.0,0,15,66,0,73,54,19,73.97,True,ACTIVE
27191000204,SHRI SANT BHAGWAN BABA PS,CLU3605031,URC1,URC-1,25,2,340,194,146,0,0.75,42.94,0.0,203,131,0,0,340,340,0,100.0,True,ACTIVE
27191002512,SHRI SANTAJI JR COLLEGE N 7,CLU3605028,URC1,URC-1,27,11,69,30,39,0,1.3,56.52,0.0,0,0,0,69,65,65,0,100.0,True,ACTIVE
27191008109,SHRI SWAMI SAMARTH PS MUKUNDWADI,CLU3605027,URC1,URC-1,4,2,526,268,258,0,0.96,49.05,0.0,360,166,0,0,556,556,0,100.0,True,ACTIVE
27191007995,SHRI TULJA BHAVANI MADHYAMIK VIDYALAYA MUKUNDWADI,CLU3605027,URC1,URC-1,27,8,105,51,54,0,1.06,51.43,0.0,0,0,105,0,108,60,48,55.5,True,ACTIVE
27191007813,SHRI VENKATESH ENGLISH PRIMARY SCHOOL,CLU3605027,URC1,URC-1,27,1,49,32,17,0,0.53,34.69,0.0,49,0,0,0,34,34,0,100.0,True,ACTIVE
27191007305,SHRI VENKATESH HIGH SCHOOL & JR COLLEGE,CLU3605027,URC1,URC-1,4,5,377,187,190,0,1.02,50.4,0.0,0,44,202,131,427,427,0,100.0,True,ACTIVE
27191004712,SHRI VENKATESH PS N-6,CLU3605034,URC1,URC-1,19,2,91,37,54,0,1.46,59.34,0.0,44,47,0,0,122,122,0,100.0,True,ACTIVE
27191007612,SHRI VYANKATESH PRIMARY SCHOOL,CLU3605027,URC1,URC-1,55,1,223,107,116,0,1.08,52.02,0.0,223,0,0,0,231,231,0,100.0,True,ACTIVE
27191007302,SHRI VYANKATESH PUBLIC SCHOOL,CLU3605027,URC1,URC-1,55,2,247,131,116,0,0.89,46.96,0.0,144,103,0,0,247,0,247,0.0,True,ACTIVE
27191005325,SHRUTI VANI VIKAS VIDYALYA RAM MANDIR,CLU3605032,URC1,URC-1,11,1,39,26,13,0,0.5,33.33,0.0,39,0,0,0,47,47,0,100.0,True,ACTIVE
27191002613,SHUBHAMKAROTI PS,CLU3605028,URC1,URC-1,4,2,86,53,33,0,0.62,38.37,0.0,62,24,0,0,96,96,0,100.0,True,ACTIVE
27191004211,SIR SAYYED COLLEGE ROSHAN GATE,CLU3605032,URC1,URC-1,4,11,624,150,474,0,3.16,75.96,0.0,0,0,0,624,564,500,64,88.65,True,ACTIVE
27191001908,SONAMATA BALAK MANDIR (PS) CIDCO N-9,CLU3605034,URC1,URC-1,4,2,490,261,229,0,0.88,46.73,0.0,313,177,0,0,571,335,236,58.0,True,ACTIVE
27191001906,SONAMATA MADHY. VIDYALAYA,CLU3605034,URC1,URC-1,4,7,250,126,124,0,0.98,49.6,0.0,0,55,195,0,320,0,320,0.0,True,ACTIVE
27191004222,SPRING DALES ENGLISH PRIMARY SCHOOL ROSHAN GATE,CLU3605032,URC1,URC-1,27,2,61,36,25,0,0.69,40.98,0.0,31,30,0,0,39,39,0,100.0,True,ACTIVE
27191004219,SPRING DALES HIGH SCHOOL ROSHAN GATE,CLU3605032,URC1,URC-1,27,7,33,22,11,0,0.5,33.33,0.0,0,15,18,0,17,17,0,100.0,True,ACTIVE
27191002408,SPRING DALES JR COLLEGE N-1,CLU3605028,URC1,URC-1,27,11,345,184,161,0,0.88,46.67,0.0,0,0,0,345,276,276,0,100.0,True,ACTIVE
27191002409,ST.  LAWRENCE MARATHI HS,CLU3605028,URC1,URC-1,27,7,532,317,215,0,0.68,40.41,0.0,0,152,380,0,579,579,0,100.0,True,ACTIVE
27191000217,ST. JOHN ENGLISH HIGH SCHOOL,CLU3605031,URC1,URC-1,27,8,52,35,17,0,0.49,32.69,0.0,0,0,52,0,114,114,0,100.0,True,ACTIVE
27191000203,ST. JOHN PS,CLU3605031,URC1,URC-1,27,2,238,123,115,0,0.93,48.32,0.0,132,106,0,0,265,265,0,100.0,True,ACTIVE
27191002415,ST. LAWRENCE MARATHI PS,CLU3605028,URC1,URC-1,27,2,766,415,351,0,0.85,45.82,0.0,455,311,0,0,823,823,0,100.0,True,ACTIVE
27191002316,ST. MERRY ENGLISH PS HEENA NAGAR CHIKHALTHANA,CLU3605028,URC1,URC-1,27,6,110,59,51,0,0.86,46.36,0.0,55,37,18,0,104,104,0,100.0,True,ACTIVE
27191002405,ST.XAVIER'S PRIMARY SCHOOL,CLU3605028,URC1,URC-1,27,2,185,110,75,0,0.68,40.54,0.0,93,85,0,0,227,227,0,100.0,True,ACTIVE
27191007004,SUBHASHITAM PS,CLU3605027,URC1,URC-1,19,2,6,4,2,0,0.5,33.33,0.0,6,0,0,0,11,11,0,100.0,True,ACTIVE
27191002103,SUBHEDAR RAMJI AMBEDKAR HS,CLU3605028,URC1,URC-1,4,7,105,68,37,0,0.54,35.24,0.0,0,30,75,0,130,130,0,100.0,True,ACTIVE
27191002206,SUDARSHAN PRATHMIK VIDYALAYA,CLU3605028,URC1,URC-1,4,2,402,203,199,0,0.98,49.5,0.0,264,132,0,0,443,443,0,100.0,True,ACTIVE
27191002234,SUDARSHAN SECONDARY AND HIGHER SECONDARY SCHOOL NAREGAON,CLU3605028,URC1,URC-1,27,5,26,16,10,0,0.62,38.46,0.0,0,0,25,1,18,18,0,100.0,True,ACTIVE
27191007101,SUDHAKARRAO NAIK HS AND JR.COLLEGE NEW HANUMAN NAGAR,CLU3605027,URC1,URC-1,4,3,419,224,195,0,0.87,46.54,0.0,33,151,99,136,432,370,62,85.65,True,ACTIVE
27191007102,SUDHAKARRAO NAIK PS NEW HANUMA,CLU3605027,URC1,URC-1,55,1,128,63,65,0,1.03,50.78,0.0,128,0,0,0,142,142,0,100.0,True,ACTIVE
27191001806,SUNRISE ENGLISH MEDIUM SCHOOL,CLU3605034,URC1,URC-1,27,2,144,84,60,0,0.71,41.67,0.0,90,0,0,0,172,172,0,100.0,True,ACTIVE
27191000129,SUPER THIRTY ENG PS JATWADA ROAD,CLU3605031,URC1,URC-1,27,6,764,412,352,0,0.85,46.07,0.0,426,228,110,0,879,879,0,100.0,True,ACTIVE
27191004209,SUPREME GLOBAL SCHOOL ROSHAN GATE,CLU3605032,URC1,URC-1,27,2,214,131,83,0,0.63,38.79,0.0,122,92,0,0,232,232,0,100.0,True,ACTIVE
27191007607,SUSHILADEVI DESHMUKH PRIMARY SCHOOL N-2 RAMNA,CLU3605027,URC1,URC-1,4,2,345,176,169,0,0.96,48.99,0.0,250,95,0,0,401,401,0,100.0,True,ACTIVE
27191007606,SUSHILADEVI DESHMUKH VIDYALAY,CLU3605027,URC1,URC-1,4,6,526,282,244,0,0.87,46.39,0.0,17,197,312,0,570,473,97,82.98,True,ACTIVE
27191000139,SW. INDIRA GANDHI ASTHIVYANG NIVASI VIDYALAY,CLU3605031,URC1,URC-1,11,1,22,13,9,0,0.69,40.91,0.0,22,0,0,0,27,27,0,100.0,True,ACTIVE
27191007001,SW. SHIVNARAYANJI JAISWAL PS,CLU3605027,URC1,URC-1,4,2,260,143,117,0,0.82,45.0,0.0,185,75,0,0,245,245,0,100.0,True,ACTIVE
27191000205,SW. SINDHU MEMORIAL MADH. VIDYALAY,CLU3605031,URC1,URC-1,4,7,366,191,175,0,0.92,47.81,0.0,0,119,247,0,385,385,0,100.0,True,ACTIVE
27191002514,SWAMI RAMKRISHNA PARAMHANS ENGLISH SCHOOL,CLU3605028,URC1,URC-1,27,2,72,44,28,0,0.64,38.89,0.0,61,11,0,0,65,65,0,100.0,True,ACTIVE
27191007241,SWAMI VIVEKANAND P S GANESHNAGAR,CLU3605027,URC1,URC-1,4,2,241,119,122,0,1.03,50.62,0.0,151,71,0,0,283,283,0,100.0,True,ACTIVE
27191002307,SWAYAMBHU PS,CLU3605028,URC1,URC-1,4,2,235,105,130,0,1.24,55.32,0.0,149,86,0,0,247,247,0,100.0,True,ACTIVE
27190114211,SYED KALEEMUDDIN URDU HIGH SCHOOL MISARWADI AURANGABAD ,CLU3605028,URC1,URC-1,53,7,168,54,114,0,2.11,67.86,0.0,0,60,108,0,160,160,0,100.0,True,ACTIVE
27191002107,SYED KALEEMUDDIN URDU PS MISARWADI,CLU3605028,URC1,URC-1,55,2,455,177,278,0,1.57,61.1,0.0,326,129,0,0,491,491,0,100.0,True,ACTIVE
27191002903,TAJ UL ULOOM URDU HS FAZILPURA,CLU3605034,URC1,URC-1,19,7,109,58,51,0,0.88,46.79,0.0,0,2,107,0,144,62,82,43.0,True,ACTIVE
27191002515,TALENT PUBLIC HIGH SCHOOL CIDCO N-7,CLU3605028,URC1,URC-1,27,3,96,47,49,0,1.04,51.04,0.0,65,23,8,0,89,89,0,100.0,True,ACTIVE
27191007242,TANASHRI PS VIDYAMANDIR JAIBHA,CLU3605027,URC1,URC-1,4,2,16,9,7,0,0.78,43.75,0.0,8,8,0,0,16,16,0,100.0,True,ACTIVE
27191004009,TANVIR UL ATFAL URDU NABABPURA,CLU3605032,URC1,URC-1,4,2,92,35,57,0,1.63,61.96,0.0,73,19,0,0,68,68,0,100.0,True,ACTIVE
27191002402,TARAMATI BAFANA ANDH VIDYALAY,CLU3605028,URC1,URC-1,11,2,45,45,0,0,0.0,0.0,0.0,21,24,0,0,54,54,0,100.0,True,ACTIVE
27191007821,TEJASVI ENGLISH SCHOOL CHIKHALTHANA,CLU3605027,URC1,URC-1,27,3,146,67,79,0,1.18,54.11,0.0,136,10,0,0,164,164,0,100.0,True,ACTIVE
27191007037,TEJASWINI ENGLISH SCHOOL GARKHEDA,CLU3605027,URC1,URC-1,27,3,399,207,192,0,0.93,48.12,0.0,225,147,27,0,324,324,0,100.0,True,ACTIVE
27191004806,TERNA HS CIDCO,CLU3605028,URC1,URC-1,4,6,71,44,27,0,0.61,38.03,0.0,12,39,20,0,74,74,0,100.0,True,ACTIVE
27191004807,TERNA P VIDYAMANDIR CIDCO,CLU3605028,URC1,URC-1,4,1,34,13,21,0,1.62,61.76,0.0,34,0,0,0,39,39,0,100.0,True,ACTIVE
27191000160,TOPPERS ACADEMY ENGLISH SCHOOL AND JR COLLEGE HARSUL,CLU3605031,URC1,URC-1,27,3,146,78,68,0,0.87,46.58,0.0,121,0,0,25,96,96,0,100.0,True,ACTIVE
27191002007,TUKARAM SONWANE MADH. VIDYALAYA,CLU3605028,URC1,URC-1,27,8,33,13,20,0,1.54,60.61,0.0,0,0,33,0,24,24,0,100.0,True,ACTIVE
27191007506,TULJA BHAVANI VIDYALAYA MUKUND,CLU3605027,URC1,URC-1,4,6,146,66,80,0,1.21,54.79,0.0,22,64,60,0,133,133,0,100.0,True,ACTIVE
27191007610,UJWALATAI PAWAR PRI. ENG SCHOOL RAMNAGAR,CLU3605027,URC1,URC-1,27,2,366,194,172,0,0.89,46.99,0.0,289,77,0,0,363,363,0,100.0,True,ACTIVE
27191007601,UJWALATAI PAWAR PRI. VIDYA MANDIR,CLU3605027,URC1,URC-1,4,2,371,193,178,0,0.92,47.98,0.0,242,129,0,0,425,425,0,100.0,True,ACTIVE
27191002417,UNIVERSAL HIGH SCHOOL,CLU3605028,URC1,URC-1,27,6,658,377,281,0,0.75,42.71,0.0,380,163,115,0,589,589,0,100.0,True,ACTIVE
27191002831,URDU HIGH SCHOOL KAKATGATE,CLU3605032,URC1,URC-1,4,7,33,31,2,0,0.06,6.06,0.0,0,0,33,0,119,94,25,78.99,True,ACTIVE
27194100377,URDU HIGH SCHOOL MHADA COLONY,CLU3605032,URC1,URC-1,27,7,111,94,17,0,0.18,15.32,0.0,0,35,76,0,115,115,0,100.0,True,ACTIVE
27191002910,URDU MADHYAMIC VIDYALAYA RASHIDPURA,CLU3605034,URC1,URC-1,4,6,236,102,134,0,1.31,56.78,0.0,29,106,101,0,246,246,0,100.0,True,ACTIVE
27191002837,URDU PRIMARY SCHOOL,CLU3605032,URC1,URC-1,4,2,29,11,18,0,1.64,62.07,0.0,20,9,0,0,23,23,0,100.0,True,ACTIVE
27191002314,URDU PRIMARY SCHOOL HEENA NAGAR CHIKHALTHANA,CLU3605028,URC1,URC-1,53,2,253,76,177,0,2.33,69.96,0.0,148,92,0,0,268,268,0,100.0,True,ACTIVE
27191001915,V.R.SCHOLARDEN SCHOOL N9,CLU3605034,URC1,URC-1,27,3,301,175,126,0,0.72,41.86,0.0,155,98,48,0,305,305,0,100.0,True,ACTIVE
27191007036,VANDEMATARAM HIGH SCHOOL PUNDLIKNAGAR GARKHEDA AREA,CLU3605027,URC1,URC-1,27,8,58,28,30,0,1.07,51.72,0.0,0,0,58,0,49,49,0,100.0,True,ACTIVE
27191007013,VANDEMATRAM P. VIDYALAY P.NAGAR,CLU3605027,URC1,URC-1,55,2,370,202,168,0,0.83,45.41,0.0,240,130,0,0,372,372,0,100.0,True,ACTIVE
27191007254,VARAD ENG SCHOOL N-2,CLU3605027,URC1,URC-1,27,3,134,80,54,0,0.68,40.3,0.0,61,31,30,12,140,120,20,85.71,True,ACTIVE
27191008305,VARAD VIDYA MANDIR,CLU3605027,URC1,URC-1,55,2,789,447,342,0,0.77,43.35,0.0,455,301,0,0,767,767,0,100.0,True,ACTIVE
27191007604,VASANTDADA PATIL HS & JR. COLLEGE,CLU3605027,URC1,URC-1,4,3,845,474,371,0,0.78,43.91,0.0,37,188,261,359,912,912,0,100.0,True,ACTIVE
27191000307,VATSALABAI PATIL HS N11,CLU3605031,URC1,URC-1,4,7,363,215,148,0,0.69,40.77,0.0,0,109,254,0,370,370,0,100.0,True,ACTIVE
27191002610,VENUTAI CHAVAN KANYA HS AND JR. COLLEGE N-8,CLU3605028,URC1,URC-1,4,3,659,0,659,0,1.0,100.0,0.0,28,161,227,243,646,646,0,100.0,True,ACTIVE
27191002912,VIBE HERITAGE SCHOOL,CLU3605034,URC1,URC-1,27,2,758,489,269,0,0.55,35.49,0.0,549,209,0,0,874,874,0,100.0,True,ACTIVE
27191007250,VIDYA NIKETAN ENG PS N-3,CLU3605027,URC1,URC-1,27,2,12,5,7,0,1.4,58.33,0.0,3,9,0,0,15,0,15,0.0,True,ACTIVE
27191001405,VIDYALANKAR KIDS WORLD ENG PS (DURGA MATA  ENG SCHOOL),CLU3605034,URC1,URC-1,27,2,22,17,5,0,0.29,22.73,0.0,16,6,0,0,41,41,0,100.0,True,ACTIVE
27191007258,VIDYANIKETAN HIGH SCHOOL,CLU3605027,URC1,URC-1,27,8,22,13,9,0,0.69,40.91,0.0,0,0,22,0,41,17,24,41.0,True,ACTIVE
27191007251,VIDYANIKETAN P.S.,CLU3605027,URC1,URC-1,55,2,261,137,124,0,0.91,47.51,0.0,161,100,0,0,285,129,156,45.0,True,ACTIVE
27191008085,VIDYASAGAR PS GARKHEDA PARISAR,CLU3605027,URC1,URC-1,4,2,174,96,78,0,0.81,44.83,0.0,118,56,0,0,170,170,0,100.0,True,ACTIVE
27191007603,VIKRAMADITYA PS CIDCO-2,CLU3605027,URC1,URC-1,4,2,161,78,83,0,1.06,51.55,0.0,131,30,0,0,147,147,0,100.0,True,ACTIVE
27191002606,VINAYAKRAO PATIL MADHYAMIK VID.,CLU3605028,URC1,URC-1,55,7,139,139,0,0,0.0,0.0,0.0,0,43,96,0,137,137,0,100.0,True,ACTIVE
27191002611,VINAYAKRAO PATILPRIMARY SCHOOL N-8 CIDCO,CLU3605028,URC1,URC-1,4,2,354,209,145,0,0.69,40.96,0.0,233,121,0,0,373,373,0,100.0,True,ACTIVE
27191000140,VISHWABHARTI CONVENT SCHOOL,CLU3605031,URC1,URC-1,54,2,359,202,157,0,0.78,43.73,0.0,220,139,0,0,352,352,0,100.0,True,ACTIVE
27191002308,VISHWABHARTI PS HEENA NAGAR,CLU3605028,URC1,URC-1,4,2,344,183,161,0,0.88,46.8,0.0,278,66,0,0,365,365,0,100.0,True,ACTIVE
27191000152,WINCHESTER INTERNATIONAL ENGLISH SCHOOL JATWADA ROAD,CLU3605031,URC1,URC-1,27,3,408,228,180,0,0.79,44.12,0.0,200,126,82,0,575,575,0,100.0,True,ACTIVE
27191004213,WINNERS ENG HS,CLU3605032,URC1,URC-1,27,7,133,102,31,0,0.3,23.31,0.0,0,41,92,0,129,129,0,100.0,True,ACTIVE
27191004204,WINNERS ENGLISH PS RAVINDRANAG,CLU3605032,URC1,URC-1,27,2,220,154,66,0,0.43,30.0,0.0,149,71,0,0,244,244,0,100.0,True,ACTIVE
27191007024,WONDER GARDEN P S GARKHEDA PARISAR,CLU3605027,URC1,URC-1,54,2,720,393,327,0,0.83,45.42,0.0,458,262,0,0,808,808,0,100.0,True,ACTIVE
27191007031,WONDER GARTAN HIGH SCHOOL,CLU3605027,URC1,URC-1,27,7,57,30,27,0,0.9,47.37,0.0,0,0,57,0,85,33,52,38.0,True,ACTIVE
27191000143,YASHADA PUBLIC SCHOOL,CLU3605031,URC1,URC-1,54,7,226,117,109,0,0.93,48.23,0.0,0,77,149,0,227,227,0,100.0,True,ACTIVE
27191000109,YASHADA PUBLIC SCHOOL,CLU3605031,URC1,URC-1,54,2,566,306,260,0,0.85,45.94,0.0,382,184,0,0,577,577,0,100.0,True,ACTIVE
27191004709,YESHWANTRAO CHAVAN HS,CLU3605034,URC1,URC-1,4,6,342,269,73,0,0.27,21.35,0.0,16,119,207,0,342,342,0,100.0,True,ACTIVE
27191002104,YUSUF URDU PS,CLU3605028,URC1,URC-1,4,2,199,82,117,0,1.43,58.79,0.0,149,50,0,0,215,215,0,100.0,True,ACTIVE
27191004706,"ZAITUNNISA URDU PS, CHISTIYA COLONY",CLU3605034,URC1,URC-1,55,2,263,112,151,0,1.35,57.41,0.0,190,73,0,0,273,273,0,100.0,True,ACTIVE
27191004411,ZAM ZAM URDU PRIMARY SCHOOL,CLU3605031,URC1,URC-1,4,2,461,172,289,0,1.68,62.69,0.0,352,109,0,0,478,478,0,100.0,True,ACTIVE
27191002318,kai sahebrao patil sultanpurkar vidya mandir,CLU3605028,URC1,URC-1,25,2,225,123,102,0,0.83,45.33,0.0,145,80,0,0,164,164,0,100.0,True,ACTIVE
27191103713,A.K. WAGHMARE PRASHALA,CLU3605041,URC2,URC-2,4,7,545,311,234,0,0.75,42.94,0.0,0,196,349,0,531,477,54,89.83,True,ACTIVE
27191105914,"ABDUL AZEEM ENGLISH P.S., PAITHAN GATE",CLU3605045,URC2,URC-2,27,2,44,39,5,0,0.13,11.36,0.0,44,0,0,0,56,27,29,48.0,True,ACTIVE
27191109202,ABDUL RAHIM HS,CLU3605047,URC2,URC-2,4,6,330,100,230,0,2.3,69.7,0.0,74,152,104,0,305,305,0,100.0,True,ACTIVE
27191109201,ABDUL RAHIM NATIONAL PS,CLU3605047,URC2,URC-2,4,1,213,64,149,0,2.33,69.95,0.0,213,0,0,0,251,251,0,100.0,True,ACTIVE
27191109003,ADARSH PS EKNATHNAGAR,CLU3605047,URC2,URC-2,4,2,103,50,53,0,1.06,51.46,0.0,79,24,0,0,177,0,177,0.0,True,ACTIVE
27191109809,"ADARSH PUBLIC PRIMARY SCHOOL SHAH NAGAR, SATARA",CLU3605042,URC2,URC-2,4,1,192,135,57,0,0.42,29.69,0.0,192,0,0,0,215,215,0,100.0,True,ACTIVE
27191100511,AFREEN URDU PS ALHILAL COLONY,CLU3605046,URC2,URC-2,4,2,183,84,99,0,1.18,54.1,0.0,123,60,0,0,205,173,32,84.39,True,ACTIVE
27191109813,AGRESEN VIDYA MANDIR,CLU3605042,URC2,URC-2,27,6,1824,993,831,0,0.84,45.56,0.0,657,590,395,0,1884,1884,0,100.0,True,ACTIVE
27191100906,AIDED IMDADI PS CHAWANI,CLU3605046,URC2,URC-2,4,2,158,39,119,0,3.05,75.32,0.0,97,61,0,0,202,202,0,100.0,True,ACTIVE
27191105910,AKBER KHAN URDU HS KHOKADPURA,CLU3605045,URC2,URC-2,55,7,51,36,15,0,0.42,29.41,0.0,0,14,37,0,122,122,0,100.0,True,ACTIVE
27191105202,AL HUDA URDU PS BAIJIPURA,CLU3605045,URC2,URC-2,4,2,572,199,373,0,1.87,65.21,0.0,435,137,0,0,608,608,0,100.0,True,ACTIVE
27191105206,"AL-Huda Urdu High School, Baijipura",CLU3605045,URC2,URC-2,55,6,714,262,452,0,1.73,63.31,0.0,58,312,344,0,748,748,0,100.0,True,ACTIVE
27191105915,ALFALAH INTERNATIONAL SCHOOL,CLU3605041,URC2,URC-2,27,2,36,25,11,0,0.44,30.56,0.0,35,1,0,0,89,89,0,100.0,True,ACTIVE
27191103101,ALIYA URDU HS KILLE ARK,CLU3605041,URC2,URC-2,55,6,457,148,309,0,2.09,67.61,0.0,74,246,137,0,456,456,0,100.0,True,ACTIVE
27191103104,ALIYA URDU PRIMARY SCHOOL,CLU3605041,URC2,URC-2,19,1,354,128,226,0,1.77,63.84,0.0,302,0,0,0,306,306,0,100.0,True,ACTIVE
27191100910,"AMAN URDU PS, NEW NANDANWAN COLONY",CLU3605046,URC2,URC-2,25,2,233,94,139,0,1.48,59.66,0.0,156,77,0,0,234,234,0,100.0,True,ACTIVE
27191108608,AMANVISHWA HS GARKHEDA,CLU3605047,URC2,URC-2,4,6,296,170,126,0,0.74,42.57,0.0,12,134,150,0,287,287,0,100.0,True,ACTIVE
27191105403,AMAR HS,CLU3605045,URC2,URC-2,4,6,332,244,88,0,0.36,26.51,0.0,32,185,115,0,339,126,213,3.0,True,ACTIVE
27191105404,AMAR PS SANJAYNAGAR,CLU3605045,URC2,URC-2,4,1,236,160,76,0,0.48,32.2,0.0,236,0,0,0,246,246,0,100.0,True,ACTIVE
27191100824,AMBER URDU PS PADEGAON,CLU3605046,URC2,URC-2,19,2,599,293,306,0,1.04,51.09,0.0,361,238,0,0,534,394,140,73.78,True,ACTIVE
27191100507,"AMEENURDU PS, ASIFIYA COLONY",CLU3605046,URC2,URC-2,4,2,553,227,326,0,1.44,58.95,0.0,350,203,0,0,583,583,0,100.0,True,ACTIVE
27191109827,ANAND VIDYADHAM SECONDARY SCHOOL,CLU3605042,URC2,URC-2,27,8,108,61,47,0,0.77,43.52,0.0,0,0,108,0,161,0,161,0.0,True,ACTIVE
27191109814,"ANAND VIDYADHAM, NAKSHATRAWADI",CLU3605042,URC2,URC-2,54,2,499,266,233,0,0.88,46.69,0.0,364,135,0,0,547,547,0,100.0,True,ACTIVE
27191106501,ANANT BHALERAO VID. M. CHETNANAGAR,CLU3605047,URC2,URC-2,4,2,652,313,339,0,1.08,51.99,0.0,450,202,0,0,658,658,0,100.0,True,ACTIVE
27191106502,ANANT BHALERAO VIDYA MANDIR MADYAMIK,CLU3605047,URC2,URC-2,55,7,237,124,113,0,0.91,47.68,0.0,0,56,181,0,277,277,0,100.0,True,ACTIVE
27191106113,"ANGELS PARADISE MADHYAMIK VIDYALAY, SAMARTH NAGAR",CLU3605041,URC2,URC-2,27,8,57,30,27,0,0.9,47.37,0.0,0,0,57,0,53,28,25,52.8,True,ACTIVE
27191103714,ANGELS PARADISE PS SAMRATH,CLU3605041,URC2,URC-2,4,2,235,140,95,0,0.68,40.43,0.0,147,88,0,0,254,224,30,88.19,True,ACTIVE
27191109911,"ANKUR BALAK MANDIR, SHIVAJI NAGAR",CLU3605047,URC2,URC-2,19,2,68,42,26,0,0.62,38.24,0.0,39,29,0,0,116,116,0,100.0,True,ACTIVE
27191105602,ANMOL URDU P.S. JINSI,CLU3605045,URC2,URC-2,19,2,166,94,72,0,0.77,43.37,0.0,109,57,0,0,201,201,0,100.0,True,ACTIVE
27191100826,"ASSISI ASHA NIKETAN SPECIAL SCHOOL, PADEGAON",CLU3605046,URC2,URC-2,12,1,53,36,17,0,0.47,32.08,0.0,53,0,0,0,51,51,0,100.0,True,ACTIVE
27191105903,AZIM URDU PS SABJI MANDI,CLU3605045,URC2,URC-2,4,2,249,63,186,0,2.95,74.7,0.0,174,75,0,0,256,256,0,100.0,True,ACTIVE
27191106603,"BALAJI PS, MUKUNDWADI",CLU3605047,URC2,URC-2,4,1,44,22,22,0,1.0,50.0,0.0,44,0,0,0,44,44,0,100.0,True,ACTIVE
27191103403,BALDNYAN MANDIR AURANGABAD,CLU3605041,URC2,URC-2,4,2,123,81,42,0,0.52,34.15,0.0,66,52,0,0,168,168,0,100.0,True,ACTIVE
27191103404,BALDNYAN MANDIR MS,CLU3605041,URC2,URC-2,4,7,97,56,41,0,0.73,42.27,0.0,0,28,69,0,120,120,0,100.0,True,ACTIVE
27191109812,BALVIHAR VIDYA MANDIR HINDUSTAN AWAS,CLU3605042,URC2,URC-2,19,2,342,208,134,0,0.64,39.18,0.0,174,168,0,0,439,439,0,100.0,True,ACTIVE
27191101303,BFCI ENGLISH PS DELHI GATE,CLU3605041,URC2,URC-2,27,2,186,131,55,0,0.42,29.57,0.0,148,38,0,0,162,162,0,100.0,True,ACTIVE
27191101304,BFCI ENGLISH SCHOOL HIMAYAT BAGH DILHI GATE,CLU3605041,URC2,URC-2,27,7,74,54,20,0,0.37,27.03,0.0,0,20,54,0,79,54,25,68.35,True,ACTIVE
27191109004,BHAGIRATHIBAI MARATHI PS,CLU3605047,URC2,URC-2,4,2,566,300,266,0,0.89,47.0,0.0,392,174,0,0,566,566,0,100.0,True,ACTIVE
27191106002,BHAGWAN HIGH SCHOOL,CLU3605045,URC2,URC-2,4,7,102,57,45,0,0.79,44.12,0.0,0,29,73,0,85,85,0,100.0,True,ACTIVE
27191106004,BHAGWAN PS AJABNAGAR,CLU3605045,URC2,URC-2,4,2,23,18,5,0,0.28,21.74,0.0,23,0,0,0,29,29,0,100.0,True,ACTIVE
27191108905,BHASKARACHARYA ENG SCHOOL SHAHNOOR WADI,CLU3605047,URC2,URC-2,27,7,129,76,53,0,0.7,41.09,0.0,0,26,103,0,102,102,0,100.0,True,ACTIVE
27191100518,BLOOM VILLE ENGLISH PRIMARY SCHOOL,CLU3605041,URC2,URC-2,27,1,15,4,11,0,2.75,73.33,0.0,15,0,0,0,18,0,18,0.0,True,ACTIVE
27191101008,BLOOMING BUDS ENG PS JAISINGPURA,CLU3605046,URC2,URC-2,27,2,328,193,135,0,0.7,41.16,0.0,252,76,0,0,315,315,0,100.0,True,ACTIVE
27191101015,"BLOOMING BUDS ENGLISH HIGH SCHOOL, JAISINGPURA",CLU3605046,URC2,URC-2,27,7,90,57,33,0,0.58,36.67,0.0,0,33,57,0,89,89,0,100.0,True,ACTIVE
27191109006,BLU SKY INTERNATIONAL SCHOOL,CLU3605047,URC2,URC-2,27,1,191,94,97,0,1.03,50.79,0.0,100,0,0,0,151,151,0,100.0,True,ACTIVE
27191108617,BLUE BIRDS ENGLISH HIGH SCHOOL,CLU3605047,URC2,URC-2,27,7,63,41,22,0,0.54,34.92,0.0,0,14,49,0,64,44,20,68.75,True,ACTIVE
27191108605,BLUE BIRDS PS,CLU3605047,URC2,URC-2,27,2,125,87,38,0,0.44,30.4,0.0,99,26,0,0,125,125,0,100.0,True,ACTIVE
27191109408,BRIGHT HORIZON ENGLISH SCHOOL,CLU3605042,URC2,URC-2,27,3,8,5,3,0,0.6,37.5,0.0,0,2,6,0,111,64,47,57.6,True,ACTIVE
27191106805,"BRILLIANT KIDS ENG SCHOOL, VISHNU NAGAR",CLU3605047,URC2,URC-2,27,2,556,305,251,0,0.82,45.14,0.0,337,219,0,0,573,573,0,100.0,True,ACTIVE
27191106809,BRILLIANT KIDS ENGLISH H.S.,CLU3605047,URC2,URC-2,27,8,162,99,63,0,0.64,38.89,0.0,0,0,162,0,196,105,91,53.0,True,ACTIVE
27191106808,BRILLIANT KIDS MARATHI  H.S. VISHNU NAGAR,CLU3605047,URC2,URC-2,27,8,91,57,34,0,0.6,37.36,0.0,0,0,91,0,184,184,0,100.0,True,ACTIVE
27191106806,"BRILLIANT KIDS MARATHI P.S, VISHNU NAGAR",CLU3605047,URC2,URC-2,53,2,734,375,359,0,0.96,48.91,0.0,438,293,0,0,767,654,113,85.27,True,ACTIVE
27191103205,BURHANI NATIONAL ENGLISH HS,CLU3605041,URC2,URC-2,27,6,502,275,227,0,0.83,45.22,0.0,98,269,135,0,469,398,71,84.86,True,ACTIVE
27191103203,BURHANI NATIONAL ENGLISH PS,CLU3605041,URC2,URC-2,27,1,411,242,169,0,0.7,41.12,0.0,411,0,0,0,416,416,0,100.0,True,ACTIVE
27191103202,"BURHANI NATIONAL HS, PRAGATI COLONY",CLU3605041,URC2,URC-2,4,7,385,104,281,0,2.7,72.99,0.0,0,126,259,0,381,66,315,0.0,True,ACTIVE
27191103204,BURHANI NATIONAL URDU PS,CLU3605041,URC2,URC-2,4,2,1021,329,692,0,2.1,67.78,0.0,740,281,0,0,1030,1030,0,100.0,True,ACTIVE
27191100849,Blooming English Primary School  Mitmita Aurangabad,CLU3605046,URC2,URC-2,27,3,78,44,34,0,0.77,43.59,0.0,52,22,4,0,52,52,0,100.0,True,ACTIVE
27191100916,CANTONMENT BOARD ENGLISH SCHOOL CHAWNI,CLU3605046,URC2,URC-2,29,2,469,257,212,0,0.82,45.2,0.0,286,139,0,0,538,538,0,100.0,True,ACTIVE
27191100506,CHACHA NEHRU PS JAIBHIM NAGAR,CLU3605046,URC2,URC-2,4,2,328,185,143,0,0.77,43.6,0.0,244,84,0,0,455,455,0,100.0,True,ACTIVE
27191100857,CHAMPION ENGLISH SCHOOL,CLU3605046,URC2,URC-2,27,2,411,251,160,0,0.64,38.93,0.0,132,247,0,0,80,0,80,0.0,True,ACTIVE
27191100911,CHAMPION ENGLISH SCHOOL,CLU3605046,URC2,URC-2,27,2,56,31,25,0,0.81,44.64,0.0,21,2,0,0,38,38,0,100.0,True,ACTIVE
27191108505,"CHEERFUL ENG PRIMARY SCHOOL, ULKANAGRI",CLU3605047,URC2,URC-2,27,2,43,24,19,0,0.79,44.19,0.0,40,3,0,0,22,22,0,100.0,True,ACTIVE
27191108904,CHERUB PRIMARY SCHOOL SHAHNOORWADI,CLU3605047,URC2,URC-2,25,2,318,168,150,0,0.89,47.17,0.0,214,104,0,0,277,277,0,100.0,True,ACTIVE
27191108513,CHHATRAPATI SAMBHAJI INTERNATIONAL SCHOOL,CLU3605047,URC2,URC-2,27,2,439,234,205,0,0.88,46.7,0.0,278,57,0,0,409,409,0,100.0,True,ACTIVE
27191108710,CHILDREN PARK ENGLISH SCHOOL ULKANAGARI,CLU3605047,URC2,URC-2,27,2,155,91,64,0,0.7,41.29,0.0,130,25,0,0,164,0,164,0.0,True,ACTIVE
27191105201,CHOUDHARY SK. MANNABI URDU,CLU3605045,URC2,URC-2,4,1,19,4,15,0,3.75,78.95,0.0,19,0,0,0,23,23,0,100.0,True,ACTIVE
27191100904,CHRIST CHURCH HS CHAVNI,CLU3605046,URC2,URC-2,4,6,216,113,103,0,0.91,47.69,0.0,22,64,130,0,258,72,186,2.0,True,ACTIVE
27191100908,CHRIST CHURCH PS CHAWNI,CLU3605046,URC2,URC-2,4,1,56,25,31,0,1.24,55.36,0.0,56,0,0,0,75,38,37,50.0,True,ACTIVE
27191109611,CLEVER STUDENT ENGLISH SCHOOL SILK MILK COLONY,CLU3605042,URC2,URC-2,27,1,6,2,4,0,2.0,66.67,0.0,6,0,0,0,7,7,0,100.0,True,ACTIVE
27191109404,CPS BANSILALNAGAR,CLU3605042,URC2,URC-2,17,2,85,38,47,0,1.24,55.29,0.0,41,44,0,0,178,0,178,0.0,True,ACTIVE
27191100601,CPS BEGUMPURA,CLU3605046,URC2,URC-2,17,2,165,91,74,0,0.81,44.85,0.0,98,67,0,0,178,162,16,91.01,True,ACTIVE
27191105101,CPS INDIRANAGAR BAIJIPURA,CLU3605045,URC2,URC-2,17,2,288,187,101,0,0.54,35.07,0.0,177,87,0,0,368,182,186,49.0,True,ACTIVE
27191101101,CPS JUBLI PARK,CLU3605041,URC2,URC-2,17,2,161,99,62,0,0.63,38.51,0.0,89,62,0,0,242,242,0,100.0,True,ACTIVE
27191108601,CPS PRIYADARSHANI INDIRANAGAR,CLU3605047,URC2,URC-2,17,3,403,237,166,0,0.7,41.19,0.0,281,92,0,0,439,439,0,100.0,True,ACTIVE
27191105607,CREATIVE WORLD ENGLISH PRIMARY SCHOOL,CLU3605045,URC2,URC-2,27,1,98,74,24,0,0.32,24.49,0.0,98,0,0,0,129,129,0,100.0,True,ACTIVE
27191100833,CRYSTAL ENGLISH SCHOOL PADEGAON,CLU3605046,URC2,URC-2,27,1,27,16,11,0,0.69,40.74,0.0,27,0,0,0,27,23,4,85.19,True,ACTIVE
27191106405,CUTE DUCKLINGS PUBLIC SCHOOL SHREYA NAGAR,CLU3605047,URC2,URC-2,27,6,72,39,33,0,0.85,45.83,0.0,20,34,18,0,110,110,0,100.0,True,ACTIVE
27191103211,DARUL ULOOM URDU PS CITY CHOWK,CLU3605041,URC2,URC-2,19,2,4,4,0,0,0.0,0.0,0.0,1,3,0,0,4,4,0,100.0,True,ACTIVE
27191109505,DEOGIRI MAHAVIDYALYA PADAMPURA,CLU3605042,URC2,URC-2,4,11,6211,3654,2557,0,0.7,41.17,0.0,0,0,0,6211,5962,5962,0,100.0,True,ACTIVE
27191106103,DEVGIRI HS,CLU3605041,URC2,URC-2,4,6,129,129,0,0,0.0,0.0,0.0,17,45,67,0,162,139,23,85.8,True,ACTIVE
27191106102,DEVGIRI KANYA VIDYALAY,CLU3605041,URC2,URC-2,4,6,94,0,94,0,1.0,100.0,0.0,21,37,36,0,98,98,0,100.0,True,ACTIVE
27191106101,DEVGIRI PS,CLU3605041,URC2,URC-2,4,1,78,39,39,0,1.0,50.0,0.0,78,0,0,0,88,88,0,100.0,True,ACTIVE
27191108503,DHARESHWAR SHIK. SAN. PS GARKHEDA,CLU3605047,URC2,URC-2,4,2,134,86,48,0,0.56,35.82,0.0,105,26,0,0,155,155,0,100.0,True,ACTIVE
27191100609,DIMOND ENGLISH SCHOOL PAHADSINGPURA,CLU3605046,URC2,URC-2,27,1,36,24,12,0,0.5,33.33,0.0,36,0,0,0,31,31,0,100.0,True,ACTIVE
27191108613,DING DONG ENG PS SHAHNOORWADI,CLU3605047,URC2,URC-2,27,1,43,23,20,0,0.87,46.51,0.0,23,0,0,0,54,0,54,0.0,True,ACTIVE
27191109907,DNYANANKUR VIDYALAYA,CLU3605047,URC2,URC-2,4,6,21,15,6,0,0.4,28.57,0.0,0,2,19,0,182,182,0,100.0,True,ACTIVE
27191109902,DNYANDHARA PS DEOLAI PRISAR,CLU3605047,URC2,URC-2,55,1,97,48,49,0,1.02,50.52,0.0,97,0,0,0,101,101,0,100.0,True,ACTIVE
27191100604,DNYANESHWAR VIDYALAYA BEGUMPURA,CLU3605046,URC2,URC-2,4,6,544,329,215,0,0.65,39.52,0.0,49,217,278,0,563,563,0,100.0,True,ACTIVE
27191100603,DNYANPRABODHINI PUBLIC SCHOOL,CLU3605046,URC2,URC-2,4,2,130,75,55,0,0.73,42.31,0.0,99,31,0,0,135,135,0,100.0,True,ACTIVE
27191105604,DNYANPRASAR PS SANJAYNAGAR,CLU3605045,URC2,URC-2,54,2,501,324,177,0,0.55,35.33,0.0,360,141,0,0,529,529,0,100.0,True,ACTIVE
27191100404,DNYANSAGAR MADHYMIK & UCH MADHYAMIK,CLU3605046,URC2,URC-2,55,5,457,287,170,0,0.59,37.2,0.0,0,31,239,187,501,274,227,54.0,True,ACTIVE
27191100401,DNYANSAGAR PS N-13 CIDCO,CLU3605046,URC2,URC-2,4,2,266,150,116,0,0.77,43.61,0.0,214,52,0,0,145,145,0,100.0,True,ACTIVE
27191100702,DNYANSAMPADA PS,CLU3605046,URC2,URC-2,4,2,459,257,202,0,0.79,44.01,0.0,247,212,0,0,481,481,0,100.0,True,ACTIVE
27191101010,DR BABASAHEB AMBEDKAR COLLEGE OF ARTS &  COMMERCE,CLU3605046,URC2,URC-2,4,11,104,61,43,0,0.7,41.35,0.0,0,0,0,104,113,0,113,0.0,True,ACTIVE
27191105112,DR. DESARDA PUBLIC SCHOOL (ENGLISH),CLU3605045,URC2,URC-2,27,6,416,241,175,0,0.73,42.07,0.0,161,149,106,0,456,456,0,100.0,True,ACTIVE
27191105111,DR. DESARDA PUBLIC SCHOOL (MARATHI),CLU3605045,URC2,URC-2,27,6,197,122,75,0,0.61,38.07,0.0,75,77,45,0,213,213,0,100.0,True,ACTIVE
27191101110,DR. RAFIQ ZAKARIA COLLEGE FOR WOMEN,CLU3605041,URC2,URC-2,4,11,929,0,929,0,1.0,100.0,0.0,0,0,0,929,952,952,0,100.0,True,ACTIVE
27191100605,"Dnyaneshwar Primary School,Begampura,Chattrapati Sambhaji Nagar",CLU3605046,URC2,URC-2,4,1,111,58,53,0,0.91,47.75,0.0,111,0,0,0,123,85,38,69.11,True,ACTIVE
27191106110,Dr. SW. I. B. PATHAK MAHILA MAHAVIDYALYA,CLU3605041,URC2,URC-2,4,11,364,92,272,0,2.96,74.73,0.0,0,0,0,364,287,287,0,100.0,True,ACTIVE
27191100835,EKTA MADHYAMIK VIDYALAYA PADEGAON,CLU3605046,URC2,URC-2,19,6,169,109,60,0,0.55,35.5,0.0,0,45,124,0,266,51,215,0.0,True,ACTIVE
27191108619,ELLORA ENGLISH H.S. BEED BY PASS ROAD,CLU3605047,URC2,URC-2,27,3,415,233,182,0,0.78,43.86,0.0,32,202,165,16,412,412,0,100.0,True,ACTIVE
27191108621,"ELLORA ENGLISH P.S., NAIKNAGAR",CLU3605047,URC2,URC-2,27,1,287,167,120,0,0.72,41.81,0.0,268,0,0,0,245,245,0,100.0,True,ACTIVE
27191101003,FATEMA PS BEGUM PURA,CLU3605046,URC2,URC-2,4,2,431,160,271,0,1.69,62.88,0.0,322,109,0,0,419,419,0,100.0,True,ACTIVE
27191109918,"FOSTER DEVELOPMENT H.S., SHIVAJINAGAR",CLU3605047,URC2,URC-2,27,8,59,34,25,0,0.74,42.37,0.0,0,0,59,0,75,75,0,100.0,True,ACTIVE
27191109906,FOSTER DEVELOPMENT PS,CLU3605047,URC2,URC-2,4,2,389,224,165,0,0.74,42.42,0.0,185,119,0,0,405,405,0,100.0,True,ACTIVE
27191100515,FOSTER ENGLISH HIGH SCHOOL ARIF COLONY,CLU3605046,URC2,URC-2,27,7,3,1,2,0,2.0,66.67,0.0,0,0,3,0,9,9,0,100.0,True,ACTIVE
27191100514,FOSTER ENGLISH PRIMARY SCHOOL ARIF COLONY,CLU3605046,URC2,URC-2,27,2,113,64,49,0,0.77,43.36,0.0,74,39,0,0,122,122,0,100.0,True,ACTIVE
27191100519,FOSTER URDU PRIMARY SCHOOL,CLU3605046,URC2,URC-2,19,2,348,238,110,0,0.46,31.61,0.0,207,141,0,0,427,427,0,100.0,True,ACTIVE
27191107101,Fransalian School of Excellence,CLU3605047,URC2,URC-2,27,6,1219,704,515,0,0.73,42.25,0.0,517,420,282,0,1401,1401,0,100.0,True,ACTIVE
27191106704,G P SCHOOL S N AURANGBAD,CLU3605047,URC2,URC-2,27,6,26,18,8,0,0.44,30.77,0.0,26,0,0,0,46,20,26,43.0,True,ACTIVE
27191106902,"GAIKWAD OLYMPIAD SCHOOL, GARKHEDA PARISAR",CLU3605047,URC2,URC-2,27,6,183,94,89,0,0.95,48.63,0.0,174,9,0,0,163,163,0,100.0,True,ACTIVE
27191109909,GEETA VIDYA MANDIR MS SHIVAJINAGAR,CLU3605047,URC2,URC-2,55,6,524,284,240,0,0.85,45.8,0.0,45,221,258,0,514,514,0,100.0,True,ACTIVE
27191109908,GEETA VIDYA MANDIR PS SHIVAJINAGAR,CLU3605047,URC2,URC-2,4,2,632,341,291,0,0.85,46.04,0.0,450,182,0,0,631,591,40,93.66,True,ACTIVE
27191101006,GLOBAL ENGLISH HIGH SCHOOL,CLU3605046,URC2,URC-2,27,6,187,96,91,0,0.95,48.66,0.0,108,55,24,0,219,219,0,100.0,True,ACTIVE
27191106005,"GLOBAL ENGLISH PS, NUTAN COLONY",CLU3605045,URC2,URC-2,27,2,145,93,52,0,0.56,35.86,0.0,96,49,0,0,161,161,0,100.0,True,ACTIVE
27191108610,GOUSIYA URDU P.S.,CLU3605047,URC2,URC-2,54,2,365,128,237,0,1.85,64.93,0.0,247,118,0,0,360,360,0,100.0,True,ACTIVE
27191101302,"GOVT. COLLEGE OF ARTS & SCIENCE, LABOUR COLONYS",CLU3605041,URC2,URC-2,1,11,197,124,73,0,0.59,37.06,0.0,0,0,0,197,340,163,177,47.9,True,ACTIVE
27191106108,GREEN FIELD SCHOOL SAMARTH NAGAR,CLU3605041,URC2,URC-2,27,6,86,48,38,0,0.79,44.19,0.0,49,23,14,0,98,98,0,100.0,True,ACTIVE
27191103303,GUJRATI KANYA VIDYALAYA,CLU3605041,URC2,URC-2,4,6,598,0,598,0,1.0,100.0,0.0,85,278,235,0,614,569,45,92.67,True,ACTIVE
27191103905,GUJRATI PATHSHALA PS KHARAKUWA,CLU3605045,URC2,URC-2,4,1,468,211,257,0,1.22,54.91,0.0,468,0,0,0,551,551,0,100.0,True,ACTIVE
27191100520,GULSHAN E IQBAL HIGH SCHOOL,CLU3605046,URC2,URC-2,27,8,18,6,12,0,2.0,66.67,0.0,0,0,18,0,23,23,0,100.0,True,ACTIVE
27191100508,GULSHAN E IQBAL URDU PS HILAL COL,CLU3605046,URC2,URC-2,53,2,479,254,225,0,0.89,46.97,0.0,270,204,0,0,494,494,0,100.0,True,ACTIVE
27194100432,GURUKUL OLYMPIAD SCHOOL,CLU3605042,URC2,URC-2,27,3,90,63,27,0,0.43,30.0,0.0,78,12,0,0,39,39,0,100.0,True,ACTIVE
27191108624,GURUKUL OLYMPIAD SCHOOL SHAHANURWADI AURANGABAD,CLU3605047,URC2,URC-2,27,6,1782,979,803,0,0.82,45.06,0.0,901,555,326,0,1791,1791,0,100.0,True,ACTIVE
27191109108,GURUTEG BAHADUR ENGLISH OSMANP,CLU3605047,URC2,URC-2,27,1,92,61,31,0,0.51,33.7,0.0,87,0,0,0,133,133,0,100.0,True,ACTIVE
27191100611,Global English High School,CLU3605046,URC2,URC-2,27,8,30,22,8,0,0.36,26.67,0.0,0,0,30,0,54,54,0,100.0,True,ACTIVE
27191100828,HABIB URDU PS PADEGAON,CLU3605046,URC2,URC-2,55,2,193,89,104,0,1.17,53.89,0.0,140,53,0,0,211,58,153,2.0,True,ACTIVE
27191101103,HABIBA URDU PS BHADKAL GATE,CLU3605041,URC2,URC-2,4,2,278,117,161,0,1.38,57.91,0.0,198,80,0,0,300,300,0,100.0,True,ACTIVE
27191100411,HAZRAT MOINUDDIN URDU PS MUZAFARNAGAR,CLU3605046,URC2,URC-2,55,2,181,75,106,0,1.41,58.56,0.0,121,60,0,0,199,199,0,100.0,True,ACTIVE
27191100834,"HIGHNESH ENGLISH SCHOOL, PADEGAON",CLU3605046,URC2,URC-2,27,2,7,4,3,0,0.75,42.86,0.0,7,0,0,0,5,5,0,100.0,True,ACTIVE
27191108509,HOLLY ANGLES ENGLISH PS RENUKANAGAR GARKHEDA,CLU3605047,URC2,URC-2,27,2,25,15,10,0,0.67,40.0,0.0,12,13,0,0,79,0,79,0.0,True,ACTIVE
27191105913,HOLY CHILD ENGLISH SCHOOL,CLU3605045,URC2,URC-2,27,1,189,105,84,0,0.8,44.44,0.0,189,0,0,0,193,172,21,89.12,True,ACTIVE
27191109916,"HOLY CRESCENT ENGLISH HIGH SCHOOL, SHAHNAGAR",CLU3605042,URC2,URC-2,27,8,49,38,11,0,0.29,22.45,0.0,0,0,49,0,89,0,89,0.0,True,ACTIVE
27191109903,HOLY CRESCENT ENGLISH SCHOOL SHAH NAGAR,CLU3605047,URC2,URC-2,27,2,291,196,95,0,0.48,32.65,0.0,170,121,0,0,302,0,302,0.0,True,ACTIVE
27191100907,HOLY CROSS MARATHI CHAWNI,CLU3605046,URC2,URC-2,4,1,855,449,406,0,0.9,47.49,0.0,855,0,0,0,878,654,224,74.49,True,ACTIVE
27191100846,"HOLY NAME ACADEMY, PADEGAON",CLU3605046,URC2,URC-2,27,3,8,5,3,0,0.6,37.5,0.0,7,0,0,0,8,0,8,0.0,True,ACTIVE
27191100913,HOLYCROSS ENGLISH HS,CLU3605046,URC2,URC-2,4,6,1650,888,762,0,0.86,46.18,0.0,272,836,542,0,1694,1694,0,100.0,True,ACTIVE
27191100914,HOLYCROSS ENGLISH PS CHAVANI,CLU3605046,URC2,URC-2,27,1,1128,602,526,0,0.87,46.63,0.0,1128,0,0,0,1144,1144,0,100.0,True,ACTIVE
27191100905,HOLYCROSS MARATHI HS,CLU3605046,URC2,URC-2,4,6,1268,682,586,0,0.86,46.21,0.0,212,681,375,0,1312,1312,0,100.0,True,ACTIVE
27191108903,"ICON ENG SCHOOL, JYOTI NAGAR",CLU3605047,URC2,URC-2,27,6,65,35,30,0,0.86,46.15,0.0,36,29,0,0,55,55,0,100.0,True,ACTIVE
27191109103,INDIRA GANDHI  KANYA VIDYALAY MARATHI,CLU3605047,URC2,URC-2,4,6,23,0,23,0,1.0,100.0,0.0,0,5,18,0,23,23,0,100.0,True,ACTIVE
27191109105,INDIRA GANDHI URDU KANYA SEC. AND HIGH SEC. SCHOOL,CLU3605047,URC2,URC-2,4,3,191,0,191,0,1.0,100.0,0.0,1,37,66,87,234,234,0,100.0,True,ACTIVE
27191105904,INDIRA GANDHI URDU KANYA SEC. AND HIGH SEC. SCHOOL,CLU3605045,URC2,URC-2,4,5,205,0,205,0,1.0,100.0,0.0,0,32,85,88,259,157,102,60.6,True,ACTIVE
27194100393,INDOBRAIN INTERNATIONAL SCHOOL,CLU3605046,URC2,URC-2,27,2,219,118,101,0,0.86,46.12,0.0,211,0,0,0,114,114,0,100.0,True,ACTIVE
27191109405,JAGRUTI HIGH SCHOOL,CLU3605042,URC2,URC-2,55,7,408,229,179,0,0.78,43.87,0.0,0,126,282,0,418,418,0,100.0,True,ACTIVE
27191109402,JAGRUTI PS BANSILAL NAGAR,CLU3605042,URC2,URC-2,4,2,828,376,452,0,1.2,54.59,0.0,534,294,0,0,901,901,0,100.0,True,ACTIVE
27191108802,JAI BHAVANI VIDYAMANDIR H.S.,CLU3605047,URC2,URC-2,4,3,1132,631,501,0,0.79,44.26,0.0,128,440,420,144,1288,325,963,0.0,True,ACTIVE
27191108803,JAI BHAVANI VIDYAMANDIR PS,CLU3605047,URC2,URC-2,4,1,279,143,136,0,0.95,48.75,0.0,276,0,0,0,368,231,137,62.77,True,ACTIVE
27191100852,JAIHIND PRIMARY SECONDARY AND HIGHER SECONDARY SCHOOL MITMITA,CLU3605046,URC2,URC-2,27,3,165,84,81,0,0.96,49.09,0.0,57,30,20,58,286,192,94,67.13,True,ACTIVE
27191105603,JAY AMBIKA VIDYA MANDIR,CLU3605045,URC2,URC-2,4,2,105,67,38,0,0.57,36.19,0.0,98,7,0,0,90,90,0,100.0,True,ACTIVE
27191101013,JAYLAXMI PS HUDCO,CLU3605046,URC2,URC-2,54,2,378,208,170,0,0.82,44.97,0.0,233,145,0,0,465,465,0,100.0,True,ACTIVE
27191109904,KAI SAU KALAVATI CHAVAN HS  AND JR.COLLEGE,CLU3605047,URC2,URC-2,4,3,559,344,215,0,0.62,38.46,0.0,24,186,275,74,467,467,0,100.0,True,ACTIVE
27191108606,KARMAYOGI NAMDEORAO PAWAR P S,CLU3605047,URC2,URC-2,4,2,104,61,43,0,0.7,41.35,0.0,78,26,0,0,104,0,104,0.0,True,ACTIVE
27191106802,KARMVIR SHANKARSING NAIK HS,CLU3605047,URC2,URC-2,4,6,209,113,96,0,0.85,45.93,0.0,28,105,76,0,199,199,0,100.0,True,ACTIVE
27191106803,KARMVIR SHANKARSING NAIK PRIMARY SCHOOL,CLU3605047,URC2,URC-2,4,1,98,57,41,0,0.72,41.84,0.0,98,0,0,0,103,103,0,100.0,True,ACTIVE
27191101111,KASHIFUL ULOOM URDU PS,CLU3605041,URC2,URC-2,19,3,252,229,23,0,0.1,9.13,0.0,82,124,46,0,315,315,0,100.0,True,ACTIVE
27191100813,KASTA MADHYAMIK VIDYALAYA,CLU3605046,URC2,URC-2,4,6,207,136,71,0,0.52,34.3,0.0,15,94,98,0,209,0,209,0.0,True,ACTIVE
27191103102,KHAJA NASER URDU P.S.,CLU3605041,URC2,URC-2,54,2,216,81,135,0,1.67,62.5,0.0,159,57,0,0,212,212,0,100.0,True,ACTIVE
27191109910,"KIDS CAMBRIDGE ENG SCHOOL,  SHIVAJI NAGAR",CLU3605047,URC2,URC-2,27,2,77,50,27,0,0.54,35.06,0.0,67,10,0,0,76,37,39,48.0,True,ACTIVE
27191106804,KIDS KINGDOM ENG HS,CLU3605047,URC2,URC-2,27,7,202,117,85,0,0.73,42.08,0.0,0,66,136,0,219,219,0,100.0,True,ACTIVE
27191108612,KIDS MAGIC ENGLISH SCHOOL,CLU3605047,URC2,URC-2,27,2,77,32,45,0,1.41,58.44,0.0,39,6,0,0,92,0,92,0.0,True,ACTIVE
27191109824,KIDS PLANET ENGLISH SCHOOL,CLU3605042,URC2,URC-2,27,2,64,25,39,0,1.56,60.94,0.0,42,22,0,0,76,76,0,100.0,True,ACTIVE
27191109406,KIDS PRIDE ENGLISH SCHOOL RAILWAY STATION AURANGABAD,CLU3605042,URC2,URC-2,27,3,191,122,69,0,0.57,36.13,0.0,120,44,27,0,113,113,0,100.0,True,ACTIVE
27191100713,KIDS SCHOLAR WORLD ENGLISH SCHOOL,CLU3605046,URC2,URC-2,27,3,20,10,10,0,1.0,50.0,0.0,14,5,1,0,72,72,0,100.0,True,ACTIVE
27191109702,KOHETOOR URDU HS SADATNAGAR,CLU3605042,URC2,URC-2,4,7,214,67,147,0,2.19,68.69,0.0,0,68,146,0,217,138,79,63.59,True,ACTIVE
27191100704,KRANTIJYOTI SAVITRIMAI PHULE  MADHYAMIK VIDYALAYA ,CLU3605046,URC2,URC-2,4,6,403,197,206,0,1.05,51.12,0.0,26,160,217,0,408,408,0,100.0,True,ACTIVE
27191109905,KS KALAWATI CHAVAN PS SHIVAJINAGAR GARKHEDA,CLU3605047,URC2,URC-2,4,2,273,139,134,0,0.96,49.08,0.0,206,67,0,0,260,260,0,100.0,True,ACTIVE
27191108627,KUBA URDU PRIMARY SCHOOL SHAHANOOR WADI,CLU3605047,URC2,URC-2,19,2,246,121,125,0,1.03,50.81,0.0,162,84,0,0,292,292,0,100.0,True,ACTIVE
27191100714,Kids Scholar World Primary Secondary And Higher Secondary School Bhavsingpura,CLU3605046,URC2,URC-2,27,3,15,6,9,0,1.5,60.0,0.0,12,3,0,0,31,31,0,100.0,True,ACTIVE
27191101306,LAKE VIEW ENGLISH SCHOOL,CLU3605041,URC2,URC-2,27,1,9,4,5,0,1.25,55.56,0.0,9,0,0,0,9,9,0,100.0,True,ACTIVE
27191100818,LIFE TOUCH ENG SCHOOLPADEGAON,CLU3605046,URC2,URC-2,27,2,63,35,28,0,0.8,44.44,0.0,55,8,0,0,95,95,0,100.0,True,ACTIVE
27191101109,LILLAIN RESIDENTIAL SCHOOL FOR DEAF,CLU3605041,URC2,URC-2,12,2,4,0,4,0,1.0,100.0,0.0,4,0,0,0,7,7,0,100.0,True,ACTIVE
27191103609,LITTLE ANGELS ENGLISH SCHOOL NAGESHWARWADI,CLU3605041,URC2,URC-2,27,2,212,111,101,0,0.91,47.64,0.0,174,38,0,0,197,197,0,100.0,True,ACTIVE
27191101001,LITTLE FLOWER HS CHAVANI,CLU3605046,URC2,URC-2,27,7,433,273,160,0,0.59,36.95,0.0,0,149,284,0,443,443,0,100.0,True,ACTIVE
27191101002,LITTLE FLOWER PS CHAVANI,CLU3605046,URC2,URC-2,27,2,650,446,204,0,0.46,31.38,0.0,426,224,0,0,668,668,0,100.0,True,ACTIVE
27191105110,LITTLE WONDER ENG HS,CLU3605045,URC2,URC-2,27,8,120,82,38,0,0.46,31.67,0.0,0,0,120,0,140,140,0,100.0,True,ACTIVE
27191105106,LITTLE WONDER ENG PS MOTIWALANAGAR,CLU3605045,URC2,URC-2,27,2,524,347,177,0,0.51,33.78,0.0,360,164,0,0,537,537,0,100.0,True,ACTIVE
27191100608,Lupin Hill School  Form A01,CLU3605046,URC2,URC-2,27,1,8,4,4,0,1.0,50.0,0.0,8,0,0,0,3,3,0,100.0,True,ACTIVE
27191109607,M.I.T. H.S. SATARA,CLU3605042,URC2,URC-2,4,7,81,45,36,0,0.8,44.44,0.0,0,13,68,0,75,40,35,53.3,True,ACTIVE
27191109504,M.S.P.MANDAL DEOGIRI GLOBAL ACADMY,CLU3605042,URC2,URC-2,27,6,1103,602,501,0,0.83,45.42,0.0,471,357,211,0,1069,1069,0,100.0,True,ACTIVE
27191109901,MADHYAMIK VIDYALAYA DEVLAI,CLU3605047,URC2,URC-2,4,3,487,251,236,0,0.94,48.46,0.0,23,100,93,271,476,476,0,100.0,True,ACTIVE
27191108604,MADHYAMIK VIDYALAYA SHAHANURWADI,CLU3605047,URC2,URC-2,4,6,203,121,82,0,0.68,40.39,0.0,24,70,109,0,190,190,0,100.0,True,ACTIVE
27191109502,MAHATAMA PHULE HIGH SCHOOL,CLU3605042,URC2,URC-2,4,6,544,301,243,0,0.81,44.67,0.0,60,244,240,0,554,554,0,100.0,True,ACTIVE
27191109503,MAHATMA PHULE PS PADAMPURA,CLU3605042,URC2,URC-2,4,1,162,79,83,0,1.05,51.23,0.0,162,0,0,0,183,183,0,100.0,True,ACTIVE
27191103904,MARATHA HS CHAURAHA,CLU3605045,URC2,URC-2,4,6,854,469,385,0,0.82,45.08,0.0,87,338,429,0,947,306,641,3.0,True,ACTIVE
27191103906,MARATHA PS CHAURAHA,CLU3605045,URC2,URC-2,4,1,192,68,124,0,1.82,64.58,0.0,192,0,0,0,219,219,0,100.0,True,ACTIVE
27191108907,"MARATHI PRIMARY SCHOO, JYOTI NAGAR",CLU3605047,URC2,URC-2,19,2,570,337,233,0,0.69,40.88,0.0,302,268,0,0,605,0,605,0.0,True,ACTIVE
27191100842,MARATHI PRIMARY SCHOOL,CLU3605046,URC2,URC-2,19,2,27,14,13,0,0.93,48.15,0.0,22,5,0,0,55,0,55,0.0,True,ACTIVE
27191109604,MARATHWADA ENGLISH P S,CLU3605042,URC2,URC-2,27,2,4,4,0,0,0.0,0.0,0.0,4,0,0,0,10,10,0,100.0,True,ACTIVE
27191103003,MARATHWADA URDU PS MANZOORPURA,CLU3605041,URC2,URC-2,4,2,215,92,123,0,1.34,57.21,0.0,148,67,0,0,236,236,0,100.0,True,ACTIVE
27191103605,MASUM URDU HS,CLU3605041,URC2,URC-2,19,7,42,22,20,0,0.91,47.62,0.0,0,2,40,0,119,115,4,96.64,True,ACTIVE
27191103604,MASUM URDU PS,CLU3605041,URC2,URC-2,19,2,83,50,33,0,0.66,39.76,0.0,55,28,0,0,254,254,0,100.0,True,ACTIVE
27191101102,MAULANA AZAD HIGH SCHOOL,CLU3605041,URC2,URC-2,4,6,654,599,55,0,0.09,8.41,0.0,58,337,259,0,674,674,0,100.0,True,ACTIVE
27191101112,"MAULANA AZAD JUNIOR COLLEGE, TOWN HALL",CLU3605041,URC2,URC-2,4,11,122,52,70,0,1.35,57.38,0.0,0,0,0,122,123,123,0,100.0,True,ACTIVE
27191105108,"MEERAI PS VIDYAMANDIR, INDIRANAGAR BAIJIPURA",CLU3605045,URC2,URC-2,54,2,199,117,82,0,0.7,41.21,0.0,128,71,0,0,208,208,0,100.0,True,ACTIVE
27191101310,MEMON URDU HIGH SCHOOL HIMAYAT BAGH DELHI GATE,CLU3605041,URC2,URC-2,27,8,47,21,26,0,1.24,55.32,0.0,0,0,47,0,43,43,0,100.0,True,ACTIVE
27191101305,"MEMON URDU PS, HIMAYAT BAGH",CLU3605041,URC2,URC-2,4,2,290,130,160,0,1.23,55.17,0.0,194,96,0,0,290,290,0,100.0,True,ACTIVE
27191100819,MGM VASTANVI URDU HS PADEGAON,CLU3605046,URC2,URC-2,19,7,112,68,44,0,0.65,39.29,0.0,0,1,111,0,127,92,35,72.44,True,ACTIVE
27191100811,MGM VASTANVI URDU PS PADEGAON,CLU3605046,URC2,URC-2,55,2,142,52,90,0,1.73,63.38,0.0,113,29,0,0,140,140,0,100.0,True,ACTIVE
27191101011,MILIND COLLEGE OF ARTS,CLU3605046,URC2,URC-2,4,11,523,349,174,0,0.5,33.27,0.0,0,0,0,523,458,458,0,100.0,True,ACTIVE
27191101009,MILIND COLLEGE OF SCIENCE NAGSEN WAN,CLU3605046,URC2,URC-2,4,11,736,399,337,0,0.84,45.79,0.0,0,0,0,736,668,351,317,52.0,True,ACTIVE
27191101005,MILIND ENGLISH PS,CLU3605046,URC2,URC-2,27,1,40,26,14,0,0.54,35.0,0.0,39,0,0,0,37,37,0,100.0,True,ACTIVE
27191101007,MILIND MARATHI PS NAGSENVAN,CLU3605046,URC2,URC-2,19,1,24,17,7,0,0.41,29.17,0.0,24,0,0,0,25,25,0,100.0,True,ACTIVE
27191101004,MILIND MULTIPURPOSE HS,CLU3605046,URC2,URC-2,4,6,349,236,113,0,0.48,32.38,0.0,23,146,180,0,349,349,0,100.0,True,ACTIVE
27191105203,MILLAT URDU PS BAIJIPURA,CLU3605045,URC2,URC-2,19,2,303,117,186,0,1.59,61.39,0.0,204,99,0,0,309,309,0,100.0,True,ACTIVE
27191105208,MILLAT URDU SCHOOL,CLU3605045,URC2,URC-2,27,7,61,22,39,0,1.77,63.93,0.0,0,0,61,0,72,72,0,100.0,True,ACTIVE
27191100844,MIRACLE PUBLIC SCHOOL AND JR COLLEGE PADEGAON MITMITA AREA,CLU3605046,URC2,URC-2,27,1,1,0,1,0,1.0,100.0,0.0,1,0,0,0,1,1,0,100.0,True,ACTIVE
27191105102,MIRAI MADHYAMIK VIDYALAYA,CLU3605045,URC2,URC-2,4,7,100,71,29,0,0.41,29.0,0.0,0,28,72,0,101,62,39,61.3,True,ACTIVE
27191100516,MIRZA AZIZULLAH BAIG URDU H.S. ASIFIYA COLONY,CLU3605046,URC2,URC-2,27,8,131,38,93,0,2.45,70.99,0.0,0,0,131,0,106,106,0,100.0,True,ACTIVE
27191100607,MNC BEGUMPURA HS,CLU3605046,URC2,URC-2,17,8,47,32,15,0,0.47,31.91,0.0,0,0,47,0,50,24,26,48.0,True,ACTIVE
27191109704,MNC HS BANEWADI,CLU3605042,URC2,URC-2,17,8,106,59,47,0,0.8,44.34,0.0,0,0,106,0,95,33,62,34.0,True,ACTIVE
27191109403,MNC HS BANSILALNAGAR,CLU3605042,URC2,URC-2,17,8,40,20,20,0,1.0,50.0,0.0,0,0,40,0,42,0,42,0.0,True,ACTIVE
27191105107,MNC HS INDIRANAGAR BAIJIPURA,CLU3605045,URC2,URC-2,17,8,62,38,24,0,0.63,38.71,0.0,0,0,62,0,63,35,28,55.5,True,ACTIVE
27191108615,MNC HS PRIYADARSHANI INDRANAGAR,CLU3605047,URC2,URC-2,17,8,69,40,29,0,0.72,42.03,0.0,0,0,69,0,64,64,0,100.0,True,ACTIVE
27191109612,MNC HS Silk Mill Colony,CLU3605042,URC2,URC-2,17,8,74,29,45,0,1.55,60.81,0.0,0,0,74,0,72,72,0,100.0,True,ACTIVE
27191100825,MNC MITMITA HS,CLU3605046,URC2,URC-2,17,8,60,37,23,0,0.62,38.33,0.0,0,0,60,0,101,0,101,0.0,True,ACTIVE
27191101108,MODEL HS JUBLE PARK,CLU3605041,URC2,URC-2,27,6,592,394,198,0,0.5,33.45,0.0,81,296,215,0,631,631,0,100.0,True,ACTIVE
27191101104,MODEL PRIMARY SCHOOL JUBLEE PARK,CLU3605041,URC2,URC-2,27,1,294,185,109,0,0.59,37.07,0.0,294,0,0,0,334,334,0,100.0,True,ACTIVE
27191109109,MODERN MARATHI PRIMARY SCHOOL,CLU3605047,URC2,URC-2,4,2,74,47,27,0,0.57,36.49,0.0,37,37,0,0,83,83,0,100.0,True,ACTIVE
27191109610,MOINUL ULOOM HIGHER SECONDARY SCHOOL,CLU3605042,URC2,URC-2,19,11,147,0,147,0,1.0,100.0,0.0,0,0,0,147,158,158,0,100.0,True,ACTIVE
27191109605,MOINUL ULOOM HS,CLU3605042,URC2,URC-2,4,6,2349,1124,1225,0,1.09,52.15,0.0,418,1225,706,0,2373,2373,0,100.0,True,ACTIVE
27191109606,MOINUL ULOOM PS,CLU3605042,URC2,URC-2,4,1,1784,852,932,0,1.09,52.24,0.0,1488,0,0,0,2060,2060,0,100.0,True,ACTIVE
27191105407,MOMIN AREF URDU PS SANJAYNAGAR,CLU3605045,URC2,URC-2,55,2,242,98,144,0,1.47,59.5,0.0,186,56,0,0,248,248,0,100.0,True,ACTIVE
27191103707,MONTESSORY BALAK MANDIR PS,CLU3605041,URC2,URC-2,4,2,1205,684,521,0,0.76,43.24,0.0,869,336,0,0,1230,1230,0,100.0,True,ACTIVE
27191105409,MOTHER STAR ENGLISH SCHOOL SAJAYNAGAR,CLU3605045,URC2,URC-2,27,2,19,17,2,0,0.12,10.53,0.0,13,6,0,0,32,0,32,0.0,True,ACTIVE
27191109116,Memar-e-deccan Urdu Primary School Osmanpura,CLU3605047,URC2,URC-2,19,2,62,27,35,0,1.3,56.45,0.0,50,12,0,0,163,163,0,100.0,True,ACTIVE
27191109002,NAGSEN VIDYALAYA AND JR.COLLEGE PHULENAGAR,CLU3605047,URC2,URC-2,4,3,394,206,188,0,0.91,47.72,0.0,0,78,199,117,482,482,0,100.0,True,ACTIVE
27191105907,NAIM KHAN PS KHOKADPURA,CLU3605045,URC2,URC-2,4,2,221,105,116,0,1.1,52.49,0.0,153,68,0,0,256,217,39,84.77,True,ACTIVE
27191109107,NALANDA PS RAMANAGAR,CLU3605047,URC2,URC-2,4,1,9,4,5,0,1.25,55.56,0.0,9,0,0,0,21,21,0,100.0,True,ACTIVE
27191109110,NALANDA VIDYALAYA AND JR.COLLEGE MUKUNDNAGAR,CLU3605047,URC2,URC-2,4,3,221,115,106,0,0.92,47.96,0.0,20,70,52,79,269,104,165,38.0,True,ACTIVE
27191100903,"NANDANWAN VIDYA MANDIR, SHANTIPURA",CLU3605046,URC2,URC-2,4,2,25,7,18,0,2.57,72.0,0.0,19,6,0,0,29,20,9,68.97,True,ACTIVE
27191106601,NARMADA CONVENT SCHOOL SECONDARY,CLU3605047,URC2,URC-2,4,6,179,86,93,0,1.08,51.96,0.0,3,56,120,0,222,65,157,0.0,True,ACTIVE
27191109811,NATH VALLEY SCHOOL,CLU3605042,URC2,URC-2,27,3,1520,810,710,0,0.88,46.71,0.0,627,429,294,132,1544,1188,356,76.94,True,ACTIVE
27191106112,NATIONAL ENGLISH SCHOOL SAMARTHNAGAR,CLU3605041,URC2,URC-2,27,2,181,101,80,0,0.79,44.2,0.0,150,31,0,0,176,176,0,100.0,True,ACTIVE
27191103405,NATIONAL URDU HS GRAMPANI,CLU3605041,URC2,URC-2,55,7,120,47,73,0,1.55,60.83,0.0,0,40,80,0,107,107,0,100.0,True,ACTIVE
27191103406,NATIONAL URDU PRIMARY SCHOOL,CLU3605041,URC2,URC-2,55,2,228,73,155,0,2.12,67.98,0.0,144,65,0,0,231,231,0,100.0,True,ACTIVE
27191108611,NETAJI SUBHASH MARATHI PS,CLU3605047,URC2,URC-2,4,2,195,104,91,0,0.88,46.67,0.0,155,40,0,0,212,189,23,89.15,True,ACTIVE
27191103407,NEW APOSTOLIC ENG H S JUNA BAZAR,CLU3605041,URC2,URC-2,27,7,80,46,34,0,0.74,42.5,0.0,0,27,53,0,86,86,0,100.0,True,ACTIVE
27191103402,NEW APOSTOLIC ENGLISH SCHOOL,CLU3605041,URC2,URC-2,27,2,230,135,95,0,0.7,41.3,0.0,151,43,0,0,224,224,0,100.0,True,ACTIVE
27191109826,NEW ENGLISH PRIMARY SCHOOL,CLU3605042,URC2,URC-2,27,1,94,61,33,0,0.54,35.11,0.0,94,0,0,0,100,100,0,100.0,True,ACTIVE
27191100420,NEW ENGLISH PRIMARY SCHOOL,CLU3605046,URC2,URC-2,27,1,1,0,1,0,1.0,100.0,0.0,1,0,0,0,1,1,0,100.0,True,ACTIVE
27191105405,NEW MODEL MARATHI PS BAIJIPURA,CLU3605045,URC2,URC-2,4,1,59,40,19,0,0.48,32.2,0.0,59,0,0,0,86,0,86,0.0,True,ACTIVE
27191103209,NEW RADIANT ENG PS DEODI BAZAR,CLU3605041,URC2,URC-2,27,2,331,202,129,0,0.64,38.97,0.0,184,122,0,0,401,0,401,0.0,True,ACTIVE
27191101114,NEW RADIANT ENGLISH HIGH SCHOOL DEODI BAZAR,CLU3605041,URC2,URC-2,27,8,66,40,26,0,0.65,39.39,0.0,0,0,66,0,72,36,36,50.0,True,ACTIVE
27191103901,NIGHT HS CHOURAHA,CLU3605045,URC2,URC-2,4,7,67,44,23,0,0.52,34.33,0.0,0,0,67,0,116,83,33,71.55,True,ACTIVE
27191109114,NOOR URDU HS OSMANPURA,CLU3605047,URC2,URC-2,55,7,151,65,86,0,1.32,56.95,0.0,0,57,94,0,127,127,0,100.0,True,ACTIVE
27191109111,NOOR URDU PS OSMANPURA,CLU3605047,URC2,URC-2,4,2,364,150,214,0,1.43,58.79,0.0,261,91,0,0,406,406,0,100.0,True,ACTIVE
27191109401,NUTAN MADHYAMIK VIDYALAYA BANSILALNAGAR,CLU3605042,URC2,URC-2,4,6,185,118,67,0,0.57,36.22,0.0,18,74,93,0,213,172,41,80.75,True,ACTIVE
27191109818,NUTAN PS KANCHANNAGAR NAKSHTRAWADI,CLU3605042,URC2,URC-2,19,2,230,138,92,0,0.67,40.0,0.0,168,62,0,0,525,419,106,79.81,True,ACTIVE
27191100853,Navkar Jr College Mitmita,CLU3605046,URC2,URC-2,27,3,92,54,38,0,0.7,41.3,0.0,9,0,0,83,170,75,95,44.0,True,ACTIVE
27191108626,OM MADHYAMIK VA UCCHA MADHAYAMIK VIDHYALAYA,CLU3605047,URC2,URC-2,27,10,82,57,25,0,0.44,30.49,0.0,0,0,82,0,67,67,0,100.0,True,ACTIVE
27191108707,"OM PRATHMIK VIDYA MANDIR, SAHKAR BANK COLONY",CLU3605047,URC2,URC-2,53,2,339,195,144,0,0.74,42.48,0.0,203,136,0,0,353,353,0,100.0,True,ACTIVE
27191100850,OM STAR ENGLISH SCHOOL PADEGAON,CLU3605046,URC2,URC-2,27,1,5,3,2,0,0.67,40.0,0.0,5,0,0,0,7,7,0,100.0,True,ACTIVE
27191108510,OM VISHVESHWARAY ENGLISH PS,CLU3605047,URC2,URC-2,27,2,18,9,9,0,1.0,50.0,0.0,15,3,0,0,22,0,22,0.0,True,ACTIVE
27191100415,OXFORD JUNIOR COLLAGE HONAJI NAGAR JATWADA ROAD AURANGABAD,CLU3605046,URC2,URC-2,27,11,69,34,35,0,1.03,50.72,0.0,0,0,0,69,47,47,0,100.0,True,ACTIVE
27191100413,OXFORD PUBLIC SCHOOL ENGLISH JATWADA,CLU3605046,URC2,URC-2,27,7,111,66,45,0,0.68,40.54,0.0,0,27,84,0,141,141,0,100.0,True,ACTIVE
27191100409,OXFORD PUBLIC SCHOOL HONAJI NAGAR JATWADA,CLU3605046,URC2,URC-2,27,2,217,138,79,0,0.57,36.41,0.0,168,49,0,0,239,239,0,100.0,True,ACTIVE
27191106702,OYSTER ENGLISH HS SINDHI COLONY,CLU3605047,URC2,URC-2,27,7,88,51,37,0,0.73,42.05,0.0,0,38,50,0,72,72,0,100.0,True,ACTIVE
27191106703,OYSTER ENGLISH JUNIOR COLLEGE,CLU3605047,URC2,URC-2,27,11,10,8,2,0,0.25,20.0,0.0,0,0,0,10,44,44,0,100.0,True,ACTIVE
27191106701,OYSTER ENGLISH PS SINDHI COLONY,CLU3605047,URC2,URC-2,27,2,192,105,87,0,0.83,45.31,0.0,137,42,0,0,248,248,0,100.0,True,ACTIVE
27191103903,P.U. JAIN MADHYAMIK VIDYALAYA,CLU3605045,URC2,URC-2,4,7,159,78,81,0,1.04,50.94,0.0,0,45,114,0,176,0,176,0.0,True,ACTIVE
27191103902,P.U. JAIN VIDYALAYA,CLU3605045,URC2,URC-2,4,2,375,190,185,0,0.97,49.33,0.0,265,110,0,0,384,384,0,100.0,True,ACTIVE
27191108607,PADAMSINH PATIL P S,CLU3605047,URC2,URC-2,4,2,228,144,84,0,0.58,36.84,0.0,190,38,0,0,244,244,0,100.0,True,ACTIVE
27191105402,PADMASHRI SIKANDAR ALI WAJD PS,CLU3605045,URC2,URC-2,4,2,127,58,69,0,1.19,54.33,0.0,97,30,0,0,131,131,0,100.0,True,ACTIVE
27191100408,PAWAN CHANDRAKANT KHAIRE PS,CLU3605046,URC2,URC-2,27,2,169,96,73,0,0.76,43.2,0.0,130,39,0,0,168,168,0,100.0,True,ACTIVE
27191103103,PERIWINKL ENGLISH P.S.,CLU3605041,URC2,URC-2,27,2,130,94,36,0,0.38,27.69,0.0,92,38,0,0,130,130,0,100.0,True,ACTIVE
27191109825,PERIWINKLE ENGLISH SCHOOL,CLU3605042,URC2,URC-2,27,3,60,31,29,0,0.94,48.33,0.0,40,11,0,0,51,51,0,100.0,True,ACTIVE
27191108614,PODAR INTERNATIONAL SCHOOL (CBSE) SUTGIRNI ROAD,CLU3605047,URC2,URC-2,27,3,1378,764,614,0,0.8,44.56,0.0,590,422,366,0,1552,1552,0,100.0,True,ACTIVE
27191100812,PRAGATI HS AND JR. COLLEGE PADEGAON,CLU3605046,URC2,URC-2,4,3,337,175,162,0,0.93,48.07,0.0,19,124,123,71,334,334,0,100.0,True,ACTIVE
27191100806,PRAGATI P. VIDYALAY PADEGAON,CLU3605046,URC2,URC-2,54,2,245,141,104,0,0.74,42.45,0.0,173,72,0,0,294,168,126,57.0,True,ACTIVE
27191106104,"PROUDH MAHILA VIDYALAY, SAMARTHNAGAR",CLU3605041,URC2,URC-2,4,6,111,0,111,0,1.0,100.0,0.0,26,30,55,0,162,162,0,100.0,True,ACTIVE
27191100503,PS AREFCOLONY,CLU3605046,URC2,URC-2,17,2,39,28,11,0,0.39,28.21,0.0,34,5,0,0,50,50,0,100.0,True,ACTIVE
27191103701,PS BADI GIRNI,CLU3605041,URC2,URC-2,17,2,44,18,26,0,1.44,59.09,0.0,44,0,0,0,59,19,40,3.0,True,ACTIVE
27191109701,PS BANEWADI,CLU3605042,URC2,URC-2,17,2,369,198,171,0,0.86,46.34,0.0,209,159,0,0,397,388,9,97.73,True,ACTIVE
27191100701,PS BHAVSINGPURA,CLU3605046,URC2,URC-2,17,2,51,20,31,0,1.55,60.78,0.0,34,17,0,0,55,55,0,100.0,True,ACTIVE
27191109001,PS EKNATHNAGAR,CLU3605047,URC2,URC-2,17,2,172,74,98,0,1.32,56.98,0.0,108,64,0,0,181,181,0,100.0,True,ACTIVE
27191108502,PS GARKHEDA,CLU3605047,URC2,URC-2,17,2,215,80,135,0,1.69,62.79,0.0,112,60,0,0,601,601,0,100.0,True,ACTIVE
27191109101,PS GIRL OSMANPURA,CLU3605047,URC2,URC-2,17,2,294,162,132,0,0.81,44.9,0.0,264,30,0,0,268,268,0,100.0,True,ACTIVE
27191100830,PS HARSUL JAIL,CLU3605046,URC2,URC-2,17,1,37,21,16,0,0.76,43.24,0.0,37,0,0,0,39,39,0,100.0,True,ACTIVE
27191105601,PS JINSI RENGTIPURA,CLU3605045,URC2,URC-2,17,2,21,15,6,0,0.4,28.57,0.0,12,9,0,0,22,0,22,0.0,True,ACTIVE
27191103201,PS JUNA BAZAR MARATHI,CLU3605041,URC2,URC-2,17,2,78,52,26,0,0.5,33.33,0.0,62,16,0,0,72,0,72,0.0,True,ACTIVE
27191105804,PS KAILASNAGAR,CLU3605045,URC2,URC-2,17,2,96,55,41,0,0.75,42.71,0.0,72,10,0,0,111,111,0,100.0,True,ACTIVE
27191109802,PS KANCHANWADI,CLU3605042,URC2,URC-2,17,2,230,121,109,0,0.9,47.39,0.0,132,68,0,0,255,255,0,100.0,True,ACTIVE
27191103002,PS MANZOORPURA,CLU3605041,URC2,URC-2,17,2,20,14,6,0,0.43,30.0,0.0,19,1,0,0,53,53,0,100.0,True,ACTIVE
27191100803,PS MITMITA,CLU3605046,URC2,URC-2,17,2,394,207,187,0,0.9,47.46,0.0,211,183,0,0,386,386,0,100.0,True,ACTIVE
27191100410,PS MUJAFFAR NAGAR,CLU3605046,URC2,URC-2,17,2,105,43,62,0,1.44,59.05,0.0,75,16,0,0,105,105,0,100.0,True,ACTIVE
27191109801,PS NAKSHTRAWADI,CLU3605042,URC2,URC-2,17,2,53,27,26,0,0.96,49.06,0.0,33,14,0,0,61,24,37,39.0,True,ACTIVE
27191109501,PS PADAMPURA,CLU3605042,URC2,URC-2,17,1,49,28,21,0,0.75,42.86,0.0,49,0,0,0,54,54,0,100.0,True,ACTIVE
27191100805,PS PADEGAON,CLU3605046,URC2,URC-2,17,2,106,60,46,0,0.77,43.4,0.0,76,30,0,0,95,95,0,100.0,True,ACTIVE
27191100804,PS PADEGAON COLONY,CLU3605046,URC2,URC-2,17,1,62,34,28,0,0.82,45.16,0.0,62,0,0,0,69,0,69,0.0,True,ACTIVE
27191105902,PS PAITHAN GATE,CLU3605045,URC2,URC-2,17,2,117,59,58,0,0.98,49.57,0.0,79,38,0,0,134,134,0,100.0,True,ACTIVE
27191106201,PS SAMATANAGAR,CLU3605045,URC2,URC-2,17,2,84,30,54,0,1.8,64.29,0.0,63,21,0,0,83,83,0,100.0,True,ACTIVE
27191109603,PS SILK MILL COLONY,CLU3605042,URC2,URC-2,17,2,447,195,252,0,1.29,56.38,0.0,265,182,0,0,456,456,0,100.0,True,ACTIVE
27191109602,PS VITKHEDA,CLU3605042,URC2,URC-2,17,2,249,119,130,0,1.09,52.21,0.0,146,90,0,0,290,183,107,63.1,True,ACTIVE
27191109803,PS WALMI,CLU3605042,URC2,URC-2,17,2,78,40,38,0,0.95,48.72,0.0,50,2,0,0,52,52,0,100.0,True,ACTIVE
27191109808,PUBLIC HIGH SCHOOL & PATEL JUNIOR COLLEGE,CLU3605042,URC2,URC-2,4,3,660,371,289,0,0.78,43.79,0.0,56,166,138,300,668,668,0,100.0,True,ACTIVE
27191101012,"QAMER URDU SEC & HIGH SEC. SCHOOL, MUZAFFARNAGAR",CLU3605046,URC2,URC-2,4,5,192,63,129,0,2.05,67.19,0.0,0,27,85,80,196,196,0,100.0,True,ACTIVE
27191103208,RAHBAR URDU PS JUNA BAZAR,CLU3605041,URC2,URC-2,55,2,409,146,263,0,1.8,64.3,0.0,284,86,0,0,443,247,196,55.7,True,ACTIVE
27191106202,RAHUL PS SAMARTH NAGAR,CLU3605045,URC2,URC-2,4,2,0,0,0,0,0.0,0.0,0.0,0,0,0,0,3,0,3,0.0,False,PROMOTION_ONLY_LEGACY
27191100821,"RAJARSHI SHAHU MAHARAJ PS, NANDANVAN COLONY",CLU3605046,URC2,URC-2,25,2,275,165,110,0,0.67,40.0,0.0,164,111,0,0,636,287,349,45.0,True,ACTIVE
27191109807,RAJE SAMBHAJI BHOSLE SAINIKI SEC. AND HIGH SEC. SCHOOL,CLU3605042,URC2,URC-2,4,3,340,340,0,0,0.0,0.0,0.0,0,181,130,29,334,334,0,100.0,True,ACTIVE
27191105605,RASHTRIYA VIDYALAYA BHAVANINAG,CLU3605045,URC2,URC-2,4,6,197,112,85,0,0.76,43.15,0.0,1,94,102,0,227,227,0,100.0,True,ACTIVE
27191106105,RAVINDRA PS SAMARTHNAGAR,CLU3605041,URC2,URC-2,4,2,0,0,0,0,0.0,0.0,0.0,0,0,0,0,13,13,0,100.0,False,PROMOTION_ONLY_LEGACY
27191106106,RAVINDRANATH TAGORE VIDYAMANDIR,CLU3605041,URC2,URC-2,4,7,40,28,12,0,0.43,30.0,0.0,0,11,29,0,65,65,0,100.0,True,ACTIVE
27191100815,REGIMENTAL HS CATONMENT,CLU3605046,URC2,URC-2,4,6,399,237,162,0,0.68,40.6,0.0,0,189,210,0,497,497,0,100.0,True,ACTIVE
27191100817,REGIMENTAL PS CONTENMENT,CLU3605046,URC2,URC-2,4,2,440,244,196,0,0.8,44.55,0.0,351,89,0,0,540,540,0,100.0,True,ACTIVE
27191109817,RYAN INTERNATIONAL SCHOOL,CLU3605042,URC2,URC-2,27,6,183,105,78,0,0.74,42.62,0.0,68,61,54,0,236,0,236,0.0,True,ACTIVE
27194100378,S B E S  CENTENARY SCHOOL,CLU3605041,URC2,URC-2,27,6,245,133,112,0,0.84,45.71,0.0,95,92,58,0,275,275,0,100.0,True,ACTIVE
27191108507,S N D T JUNIOR COLLEGE GARKHEDA,CLU3605047,URC2,URC-2,4,11,92,35,57,0,1.63,61.96,0.0,0,0,0,92,92,92,0,100.0,True,ACTIVE
27191100407,SAALIM URDU PS JATWADA ROAD,CLU3605046,URC2,URC-2,55,2,594,262,332,0,1.27,55.89,0.0,303,274,0,0,580,580,0,100.0,True,ACTIVE
27190219487,"SAI DREAMZ SCHOOL	_x000D_
",CLU3605047,URC2,URC-2,27,8,10,8,2,0,0.25,20.0,0.0,0,0,10,0,20,0,20,0.0,True,ACTIVE
27191108616,"SAI DREAMZ SCHOOL SATARA PARISAR, BEED BY PASS",CLU3605047,URC2,URC-2,27,2,188,100,88,0,0.88,46.81,0.0,151,37,0,0,164,0,164,0.0,True,ACTIVE
27191105004,SAINT FRANCIS DE SALES HS JALNA ROAD,CLU3605047,URC2,URC-2,4,6,1668,1012,656,0,0.65,39.33,0.0,214,858,596,0,1638,1214,424,74.11,True,ACTIVE
27191105005,SAINT FRANCIS DE SALES PS JALNA ROAD,CLU3605047,URC2,URC-2,27,1,348,216,132,0,0.61,37.93,0.0,348,0,0,0,444,444,0,100.0,True,ACTIVE
27191105007,SAINT LAWRENCE HS TOWN CENTRE,CLU3605047,URC2,URC-2,27,7,932,518,414,0,0.8,44.42,0.0,0,308,624,0,951,749,202,78.76,True,ACTIVE
27191105006,SAINT LAWRENCE PRIMARY SCHOOL,CLU3605047,URC2,URC-2,27,2,1770,994,776,0,0.78,43.84,0.0,1149,621,0,0,1939,1611,328,83.08,True,ACTIVE
27191100707,SAINT MONICA ENG PS,CLU3605046,URC2,URC-2,4,1,45,23,22,0,0.96,48.89,0.0,45,0,0,0,141,0,141,0.0,True,ACTIVE
27191106203,SAMTA DARSHAN PS,CLU3605045,URC2,URC-2,4,2,262,149,113,0,0.76,43.13,0.0,170,92,0,0,266,250,16,93.98,True,ACTIVE
27191109913,SAMYAKPUBLIC SCHOOL RENUKA NAGAR,CLU3605047,URC2,URC-2,27,2,62,28,34,0,1.21,54.84,0.0,51,11,0,0,72,72,0,100.0,True,ACTIVE
27191100709,"SANGHMITRA HIGH SCHOOL, BHIMNAGAR",CLU3605046,URC2,URC-2,27,10,17,11,6,0,0.55,35.29,0.0,0,0,15,2,34,0,34,0.0,True,ACTIVE
27191100703,SANGHMITRA PS BHAVSINGPURA,CLU3605046,URC2,URC-2,4,2,266,164,102,0,0.62,38.35,0.0,94,172,0,0,247,0,247,0.0,True,ACTIVE
27191100417,SANJIVANI SCHOOL AND JUNIOR COLLEGE,CLU3605046,URC2,URC-2,27,3,176,88,88,0,1.0,50.0,0.0,102,50,9,14,166,166,0,100.0,True,ACTIVE
27191108706,SANSKAR DREAM SCHOOL SHIVAJINAGAR,CLU3605047,URC2,URC-2,27,1,144,71,73,0,1.03,50.69,0.0,144,0,0,0,141,141,0,100.0,True,ACTIVE
27191100510,"SANSKAR ENGLISH SCHOOL, MAYURPARK",CLU3605046,URC2,URC-2,27,2,640,341,299,0,0.88,46.72,0.0,431,209,0,0,591,591,0,100.0,True,ACTIVE
27191106604,SANSKAR PRABHODHINI PS. SHIVSH,CLU3605047,URC2,URC-2,4,2,225,144,81,0,0.56,36.0,0.0,183,42,0,0,239,239,0,100.0,True,ACTIVE
27191106602,SANSKAR PRABODHINI KANYA PRASHALA,CLU3605047,URC2,URC-2,4,3,242,101,141,0,1.4,58.26,0.0,11,78,153,0,306,306,0,100.0,True,ACTIVE
27191109806,SANT KABIR P.S. NAKSHATRAWADI,CLU3605042,URC2,URC-2,55,2,320,150,170,0,1.13,53.12,0.0,248,72,0,0,343,343,0,100.0,True,ACTIVE
27191100705,SANT KABIR PS BHAVSINGPURA,CLU3605046,URC2,URC-2,4,2,431,219,212,0,0.97,49.19,0.0,307,124,0,0,413,413,0,100.0,True,ACTIVE
27191109805,"SANT KABIR VIDYALAY, NAKSHATRAWADI",CLU3605042,URC2,URC-2,4,6,819,406,413,0,1.02,50.43,0.0,69,390,360,0,784,784,0,100.0,True,ACTIVE
27191100902,SANT VISHRAM BABA PS,CLU3605046,URC2,URC-2,54,1,81,50,31,0,0.62,38.27,0.0,81,0,0,0,109,75,34,68.81,True,ACTIVE
27191109407,SAPLING HERITAGE SCHOOL,CLU3605042,URC2,URC-2,27,2,11,7,4,0,0.57,36.36,0.0,11,0,0,0,12,0,12,0.0,True,ACTIVE
27191103710,SARASWATI BHUVAN PS,CLU3605041,URC2,URC-2,4,1,445,230,215,0,0.93,48.31,0.0,445,0,0,0,472,472,0,100.0,True,ACTIVE
27191100820,SAROSH ENG HS MITMITA,CLU3605046,URC2,URC-2,27,7,115,65,50,0,0.77,43.48,0.0,0,27,88,0,123,123,0,100.0,True,ACTIVE
27191100808,SAROSH ENG PRIMARY SCHOOL  MITMITA,CLU3605046,URC2,URC-2,27,2,331,205,126,0,0.61,38.07,0.0,241,90,0,0,250,250,0,100.0,True,ACTIVE
27191100827,"SAROSH JUNIOR COLLEGE, MITMITA",CLU3605046,URC2,URC-2,27,11,140,46,94,0,2.04,67.14,0.0,0,0,0,140,94,94,0,100.0,True,ACTIVE
27191100809,SAROSH MARATHI SCHOOL DARG. MITMITA,CLU3605046,URC2,URC-2,53,2,249,164,85,0,0.52,34.14,0.0,184,65,0,0,261,261,0,100.0,True,ACTIVE
27191100807,"SAROSH URDU HIGH SCHOOL, MITMITA",CLU3605046,URC2,URC-2,4,7,162,44,118,0,2.68,72.84,0.0,0,58,104,0,160,160,0,100.0,True,ACTIVE
27191100810,SAROSH URDU PS DARGAH ROAD MITMITA,CLU3605046,URC2,URC-2,53,2,243,80,163,0,2.04,67.08,0.0,177,66,0,0,314,314,0,100.0,True,ACTIVE
27191100816,SAROSH URDU PS MITMITA,CLU3605046,URC2,URC-2,55,2,392,112,280,0,2.5,71.43,0.0,297,95,0,0,353,353,0,100.0,True,ACTIVE
27191105408,"SAYEED AHMED KHAN URDU JUNIOR COLLEGE, SANJAYNAGAR",CLU3605045,URC2,URC-2,19,11,82,29,53,0,1.83,64.63,0.0,0,0,0,82,156,156,0,100.0,True,ACTIVE
27191103703,SBES COLLEGE OF ARTS & COMMERCE,CLU3605041,URC2,URC-2,4,11,689,360,329,0,0.91,47.75,0.0,0,0,0,689,950,950,0,100.0,True,ACTIVE
27191103715,SBES COLLEGE OF SCIENCE,CLU3605041,URC2,URC-2,4,11,1763,843,920,0,1.09,52.18,0.0,0,0,0,1763,1633,1633,0,100.0,True,ACTIVE
27191100612,SCHOLAR ENGLISH SCHOOL PAHADSINGPURA AURANGABAD,CLU3605046,URC2,URC-2,27,3,29,17,12,0,0.71,41.38,0.0,17,8,4,0,18,16,2,88.89,True,ACTIVE
27191100912,SEVENTH DAY ADVANTIST SCHOOL CHAWNI,CLU3605046,URC2,URC-2,27,6,177,90,87,0,0.97,49.15,0.0,80,44,48,0,130,130,0,100.0,True,ACTIVE
27191109822,SHAMIT SCHOOL,CLU3605042,URC2,URC-2,27,3,318,181,137,0,0.76,43.08,0.0,164,86,45,0,319,319,0,100.0,True,ACTIVE
27191103711,SHARDA MANDIR KANYA PS,CLU3605041,URC2,URC-2,4,6,1240,0,1240,0,1.0,100.0,0.0,137,597,506,0,1244,1244,0,100.0,True,ACTIVE
27191103708,SHARDA MANDIR PS,CLU3605041,URC2,URC-2,4,1,346,126,220,0,1.75,63.58,0.0,346,0,0,0,423,423,0,100.0,True,ACTIVE
27191103716,SHINING STAR ENG PS KHADKESHWAR,CLU3605041,URC2,URC-2,27,2,23,18,5,0,0.28,21.74,0.0,23,0,0,0,20,20,0,100.0,True,ACTIVE
27191103705,"SHINING STAR MARATHI PS, KHADKESHWAR",CLU3605041,URC2,URC-2,4,2,185,148,37,0,0.25,20.0,0.0,126,59,0,0,213,213,0,100.0,True,ACTIVE
27191103709,SHISHUVIHAR HS AURANGAPURA,CLU3605041,URC2,URC-2,4,6,643,372,271,0,0.73,42.15,0.0,100,307,236,0,665,461,204,69.32,True,ACTIVE
27191103706,SHISHUVIHAR PS,CLU3605041,URC2,URC-2,4,1,311,168,143,0,0.85,45.98,0.0,311,0,0,0,345,345,0,100.0,True,ACTIVE
27191103306,"SHISHUVIKAS KENDRA HIGH SCHOOL, SUPARI HANUMAN ROAD",CLU3605041,URC2,URC-2,27,8,60,38,22,0,0.58,36.67,0.0,0,0,60,0,68,68,0,100.0,True,ACTIVE
27191103304,SHISHUVIKAS KENDRA PS SUPARI HANUMAN ROAD,CLU3605041,URC2,URC-2,4,2,257,137,120,0,0.88,46.69,0.0,151,106,0,0,271,271,0,100.0,True,ACTIVE
27191106404,"SHISHUVIKAS MANDIR HS, SHREY NAGAR",CLU3605047,URC2,URC-2,4,6,391,227,164,0,0.72,41.94,0.0,47,178,166,0,420,420,0,100.0,True,ACTIVE
27191106401,SHISHUVIKAS MANDIR PS,CLU3605047,URC2,URC-2,4,1,104,60,44,0,0.73,42.31,0.0,104,0,0,0,134,134,0,100.0,True,ACTIVE
27191105906,SHIVAJI PS,CLU3605045,URC2,URC-2,4,1,348,188,160,0,0.85,45.98,0.0,348,0,0,0,452,452,0,100.0,True,ACTIVE
27191105905,SHIVAJI SECONDARY AND HIGHER SECONDARY SCHOOL,CLU3605045,URC2,URC-2,4,3,613,308,305,0,0.99,49.76,0.0,24,178,277,134,617,569,48,92.22,True,ACTIVE
27191106403,SHREYAS BALAK MANDIR SHREYANAG,CLU3605047,URC2,URC-2,4,2,420,236,184,0,0.78,43.81,0.0,272,148,0,0,478,323,155,67.57,True,ACTIVE
27191106402,SHREYAS MS SHREYANAGAR,CLU3605047,URC2,URC-2,4,7,233,129,104,0,0.81,44.64,0.0,0,76,157,0,242,242,0,100.0,True,ACTIVE
27191103302,SHRI GUJRATI VIDYA MANDIR,CLU3605045,URC2,URC-2,4,6,501,501,0,0,0.0,0.0,0.0,65,219,217,0,532,532,0,100.0,True,ACTIVE
27191109112,SHRI GURUTEGH BAHADUR ENG HS OSMANPURA,CLU3605047,URC2,URC-2,27,6,307,207,100,0,0.48,32.57,0.0,36,152,119,0,284,64,220,0.0,True,ACTIVE
27191109810,SHRI KRUSHNA PS,CLU3605042,URC2,URC-2,4,2,66,30,36,0,1.2,54.55,0.0,34,32,0,0,100,100,0,100.0,True,ACTIVE
27191100901,SHRI SANT VISHRAMBABA HS,CLU3605046,URC2,URC-2,4,6,178,112,66,0,0.59,37.08,0.0,29,82,67,0,182,163,19,89.56,True,ACTIVE
27191103712,SHRI SARASWATI BHUVAN PRASHALA,CLU3605041,URC2,URC-2,4,6,2088,1521,567,0,0.37,27.16,0.0,251,1069,768,0,2037,2037,0,100.0,True,ACTIVE
27191109912,SHRI SWAMI SMARTH ENG SCHOOL SHIVAJI NAGAR,CLU3605047,URC2,URC-2,27,2,258,135,123,0,0.91,47.67,0.0,168,90,0,0,268,268,0,100.0,True,ACTIVE
27191108705,SHRI VIDYA BALAK MANDIR PS ULKANAGRI,CLU3605047,URC2,URC-2,27,1,231,113,118,0,1.04,51.08,0.0,231,0,0,0,289,289,0,100.0,True,ACTIVE
27191109804,SHRIKRUSHNA MADHYAMIK VIDYA,CLU3605042,URC2,URC-2,4,7,117,66,51,0,0.77,43.59,0.0,0,21,96,0,157,157,0,100.0,True,ACTIVE
27191100402,SHRIKRUSHNA PRATHAMIK VIDYALAYA,CLU3605046,URC2,URC-2,4,2,232,125,107,0,0.86,46.12,0.0,129,103,0,0,260,260,0,100.0,True,ACTIVE
27191106301,SHUBHAM MARATHI PS KRANTINAGAR,CLU3605042,URC2,URC-2,4,2,29,18,11,0,0.61,37.93,0.0,23,6,0,0,46,46,0,100.0,True,ACTIVE
27191105105,SIR SAYED URDU PS BAIJIPURA,CLU3605045,URC2,URC-2,4,2,365,152,213,0,1.4,58.36,0.0,255,110,0,0,389,389,0,100.0,True,ACTIVE
27191105103,SIR SAYYED MARATHI PS,CLU3605045,URC2,URC-2,4,2,331,226,105,0,0.46,31.72,0.0,234,97,0,0,296,296,0,100.0,True,ACTIVE
27191103803,SMT. P D M JAIN SCHOOL JAFAR GATE,CLU3605045,URC2,URC-2,27,2,64,36,28,0,0.78,43.75,0.0,45,19,0,0,76,48,28,63.1,True,ACTIVE
27191108504,"SOHAM ENGLISH SCHOOL, SATARA PARISAR",CLU3605047,URC2,URC-2,27,2,141,76,65,0,0.86,46.1,0.0,90,51,0,0,157,157,0,100.0,True,ACTIVE
27191100708,SONAI LITLLE STAR SCHOOL,CLU3605046,URC2,URC-2,27,2,110,59,51,0,0.86,46.36,0.0,87,23,0,0,110,110,0,100.0,True,ACTIVE
27191100715,SONAI LITTLE STAR ENGLISH SCHOOL PETHENAGAR BHAVSINGPURA,CLU3605046,URC2,URC-2,27,3,34,17,17,0,1.0,50.0,0.0,1,12,21,0,28,28,0,100.0,True,ACTIVE
27191109815,ST. JOHN'S HS PAITHAN ROAD,CLU3605042,URC2,URC-2,27,6,183,117,66,0,0.56,36.07,0.0,82,37,64,0,236,0,236,0.0,True,ACTIVE
27191105013,"ST. PATRIC P.S., JALNA ROAD",CLU3605047,URC2,URC-2,27,3,160,98,62,0,0.63,38.75,0.0,97,63,0,0,194,194,0,100.0,True,ACTIVE
27191100504,STANDARD URDU  HS ARIF COLONY,CLU3605046,URC2,URC-2,4,7,114,54,60,0,1.11,52.63,0.0,0,33,81,0,119,119,0,100.0,True,ACTIVE
27191100841,SUNLIGHT ENGLISH SCHOOL PADEGAON,CLU3605046,URC2,URC-2,27,2,32,17,15,0,0.88,46.88,0.0,32,0,0,0,23,23,0,100.0,True,ACTIVE
27191105113,SUNRISE ENGLISH SCHOOL BAIJIPURA INDIRANAGAR,CLU3605045,URC2,URC-2,27,1,39,19,20,0,1.05,51.28,0.0,33,0,0,0,36,36,0,100.0,True,ACTIVE
27191100909,SWAMI VIVEKANAND PUBLIC SCHOOL,CLU3605046,URC2,URC-2,27,6,308,160,148,0,0.92,48.05,0.0,229,79,0,0,268,268,0,100.0,True,ACTIVE
27191100414,Saalim Urdu High School,CLU3605046,URC2,URC-2,27,8,46,20,26,0,1.3,56.52,0.0,0,0,46,0,79,79,0,100.0,True,ACTIVE
27191103603,Sharda Suman Madhyamik School,CLU3605041,URC2,URC-2,55,7,136,74,62,0,0.84,45.59,0.0,0,41,95,0,141,55,86,39.0,True,ACTIVE
27191109923,Shri Swami Samarth English school,CLU3605047,URC2,URC-2,27,8,72,45,27,0,0.6,37.5,0.0,0,0,72,0,46,46,0,100.0,True,ACTIVE
27191101017,TAJ ENGLISH PRIMARY SCHOOL JAISINGPURA,CLU3605046,URC2,URC-2,27,2,83,43,40,0,0.93,48.19,0.0,63,20,0,0,94,94,0,100.0,True,ACTIVE
27191103210,"TALAT HIGHSCHOOL, BAROODGAR NALA",CLU3605041,URC2,URC-2,4,3,1063,412,651,0,1.58,61.24,0.0,109,401,381,172,1026,0,1026,0.0,True,ACTIVE
27191108609,TALAT HS,CLU3605047,URC2,URC-2,4,7,151,43,108,0,2.51,71.52,0.0,0,49,102,0,145,145,0,100.0,True,ACTIVE
27191103206,TALAT URDU PS JUNABAZAR,CLU3605041,URC2,URC-2,4,1,323,136,187,0,1.38,57.89,0.0,317,0,0,0,353,353,0,100.0,True,ACTIVE
27191108603,TALAT URDU PS SHANURWADI,CLU3605047,URC2,URC-2,4,2,317,102,215,0,2.11,67.82,0.0,210,107,0,0,332,332,0,100.0,True,ACTIVE
27191108623,THE JAIN INTERNATIONAL SCHOOL JABINDA TAWN,CLU3605047,URC2,URC-2,27,3,1268,714,554,0,0.78,43.69,0.0,498,415,309,45,1285,1285,0,100.0,True,ACTIVE
27191100610,THE MGM SCHOOL,CLU3605046,URC2,URC-2,27,3,148,107,41,0,0.38,27.7,0.0,22,17,33,76,221,221,0,100.0,True,ACTIVE
27191108508,THE WORLD SCHOOL GARKHEDA  AURANGABAD,CLU3605047,URC2,URC-2,27,3,223,124,99,0,0.8,44.39,0.0,91,65,67,0,242,50,192,0.0,True,ACTIVE
27191108801,TRIMURTI HS JAVAHAR COLONY,CLU3605047,URC2,URC-2,4,7,108,57,51,0,0.89,47.22,0.0,0,20,88,0,131,71,60,54.0,True,ACTIVE
27191108804,TRIMURTI PS,CLU3605047,URC2,URC-2,4,2,42,28,14,0,0.5,33.33,0.0,42,0,0,0,40,40,0,100.0,True,ACTIVE
27191100405,UDHAVRAO PATIL PS,CLU3605046,URC2,URC-2,4,1,165,92,73,0,0.79,44.24,0.0,165,0,0,0,202,202,0,100.0,True,ACTIVE
27191100406,UDHAVRAO PATIL VIDYALAYA,CLU3605046,URC2,URC-2,4,6,295,163,132,0,0.81,44.75,0.0,33,128,134,0,313,223,90,71.25,True,ACTIVE
27191109821,UNIVERSAL ENGLISH SCHOOL ,CLU3605042,URC2,URC-2,27,3,25,18,7,0,0.39,28.0,0.0,18,7,0,0,32,32,0,100.0,True,ACTIVE
27191105401,URDU HIGH SCHOOL SANJAYNAGAR,CLU3605045,URC2,URC-2,4,6,257,112,145,0,1.29,56.42,0.0,19,135,103,0,256,256,0,100.0,True,ACTIVE
27191100501,"URDU PRIMARY SCHOOL, BISMILA COLONY",CLU3605046,URC2,URC-2,4,2,203,99,104,0,1.05,51.23,0.0,138,65,0,0,212,212,0,100.0,True,ACTIVE
27191109104,URDU PS OSMANPURA,CLU3605047,URC2,URC-2,4,2,54,11,43,0,3.91,79.63,0.0,33,21,0,0,56,56,0,100.0,True,ACTIVE
27191108514,Unique Public School,CLU3605045,URC2,URC-2,27,2,146,78,68,0,0.87,46.58,0.0,118,28,0,0,122,122,0,100.0,True,ACTIVE
27191108511,V.E.S. KIDS CAMPUS ENGLISH SCHOOL,CLU3605047,URC2,URC-2,27,3,164,91,73,0,0.8,44.51,0.0,116,37,11,0,132,132,0,100.0,True,ACTIVE
27191109005,VARAD VIDYA MANDIR PRASHALA SHIVAJI NAGR,CLU3605047,URC2,URC-2,53,2,371,183,188,0,1.03,50.67,0.0,235,136,0,0,301,301,0,100.0,True,ACTIVE
27191109922,"VARAD VIDYA MANDIR School, Shivaji Nagar Aurangabad",CLU3605047,URC2,URC-2,27,8,56,27,29,0,1.07,51.79,0.0,0,0,56,0,53,53,0,100.0,True,ACTIVE
27191105009,VASANTRAO NAIK  MAHAVIDYALAY,CLU3605047,URC2,URC-2,4,11,975,578,397,0,0.69,40.72,0.0,0,0,0,975,925,925,0,100.0,True,ACTIVE
27191100851,VERTEX PRATHAMIK MADHYAMIK UCCHA MADHYAMIK VIDYALAYA PADEGAON,CLU3605046,URC2,URC-2,27,3,237,145,92,0,0.63,38.82,0.0,150,46,41,0,248,248,0,100.0,True,ACTIVE
27191105802,VIDNYAN VARDHINI HS,CLU3605045,URC2,URC-2,4,6,4,4,0,0,0.0,0.0,0.0,0,0,4,0,27,0,27,0.0,True,ACTIVE
27191105803,VIDNYAN VARDHINI PS,CLU3605045,URC2,URC-2,4,1,29,12,17,0,1.42,58.62,0.0,29,0,0,0,29,0,29,0.0,True,ACTIVE
27191100822,"VIDYA PRABODHAN PS, JATWADA ROAD",CLU3605046,URC2,URC-2,54,2,190,103,87,0,0.84,45.79,0.0,154,36,0,0,182,182,0,100.0,True,ACTIVE
27191103717,VIDYADHAM HIGHER SECONDARY SCHOOL,CLU3605041,URC2,URC-2,27,11,12,7,5,0,0.71,41.67,0.0,0,0,0,12,5,5,0,100.0,True,ACTIVE
27191103602,VIDYADHAM SCIENCE JR. COLLEGE,CLU3605041,URC2,URC-2,25,11,454,269,185,0,0.69,40.75,0.0,0,0,0,454,383,383,0,100.0,True,ACTIVE
27191101308,VIDYALANKAR ENGLISH PRIMARY SCHOOL HIMAYAT BAG,CLU3605041,URC2,URC-2,27,2,34,22,12,0,0.55,35.29,0.0,25,9,0,0,55,55,0,100.0,True,ACTIVE
27191101307,VIDYALANKAR JUNIOR COLLEGE OF SCIENCE LABOUR COLONY,CLU3605041,URC2,URC-2,27,11,11,5,6,0,1.2,54.55,0.0,0,0,0,11,18,6,12,3.0,True,ACTIVE
27191108515,VIDYASAGAR PRIMARY AND SECONDARY SCHOOL,CLU3605047,URC2,URC-2,27,6,34,21,13,0,0.62,38.24,0.0,20,14,0,0,28,24,4,85.71,True,ACTIVE
27191108622,VIJAYA ENGLISH PS GARKHEDA PARISAR,CLU3605047,URC2,URC-2,27,2,148,80,68,0,0.85,45.95,0.0,112,36,0,0,154,154,0,100.0,True,ACTIVE
27191105801,VISHWAKARMA BALVIDYA MANDIR,CLU3605045,URC2,URC-2,19,2,72,40,32,0,0.8,44.44,0.0,19,53,0,0,112,0,112,0.0,True,ACTIVE
27191106109,"VIVEKANAND COLLEGE , SAMARTH NAGAR , CHH. SAMBHAJINAGAR",CLU3605041,URC2,URC-2,4,11,2382,1333,1049,0,0.79,44.04,0.0,0,0,0,2382,2393,2393,0,100.0,True,ACTIVE
27191100418,VYANKATESH PUBLIC SCHOOL HARSUL PARISAR,CLU3605046,URC2,URC-2,27,3,2,2,0,0,0.0,0.0,0.0,2,0,0,0,9,9,0,100.0,True,ACTIVE
27191105807,WELL GROWTH ENGLISH SCHOOL,CLU3605045,URC2,URC-2,27,2,236,130,106,0,0.82,44.92,0.0,141,33,0,0,56,56,0,100.0,True,ACTIVE
27191100706,"WISDAM ENGLISH PRIMARY SCHOOL, PETHENAGAR",CLU3605046,URC2,URC-2,27,2,63,39,24,0,0.62,38.1,0.0,59,4,0,0,67,0,67,0.0,True,ACTIVE
27191109820,WOODRIDGE HIGH SCHOOL KANCHANWADI,CLU3605042,URC2,URC-2,27,3,2148,1138,1010,0,0.89,47.02,0.0,719,673,436,320,2230,2230,0,100.0,True,ACTIVE
27191109703,ZAM ZAM BOYS URDU PS SADAT NAGAR,CLU3605042,URC2,URC-2,4,2,618,220,398,0,1.81,64.4,0.0,419,199,0,0,602,602,0,100.0,True,ACTIVE
27191101107,ZIA-UL-ULOOM BOYS PS TOWN HALL,CLU3605041,URC2,URC-2,4,1,348,135,213,0,1.58,61.21,0.0,348,0,0,0,296,39,257,0.0,True,ACTIVE
27191101105,ZIA-UL-ULOOM GIRLS HS,CLU3605041,URC2,URC-2,4,6,916,0,916,0,1.0,100.0,0.0,99,440,377,0,933,933,0,100.0,True,ACTIVE
27191101106,ZIA-UL-ULOOM GIRLS PS TOWN HALL,CLU3605041,URC2,URC-2,4,1,335,125,210,0,1.68,62.69,0.0,335,0,0,0,361,361,0,100.0,True,ACTIVE
27191103207,ZIYAN URDU PS KABADIPURA,CLU3605041,URC2,URC-2,54,2,159,79,80,0,1.01,50.31,0.0,126,33,0,0,164,164,0,100.0,True,ACTIVE
27191105204,ZIYAN URDU PS SAMTA NAGAR,CLU3605045,URC2,URC-2,53,2,315,114,201,0,1.76,63.81,0.0,217,98,0,0,326,326,0,100.0,True,ACTIVE
