udise_code,school_name,cluster_code,block_name,urc,school_management,school_category,total_enrolment,total_boys,total_girls,total_trans,gender_parity_index,female_enrolment_ratio,trans_enrolment_ratio,enrolment_primary,enrolment_upper_primary,enrolment_secondary,enrolment_higher_secondary,total_students_promo,promoted_students,pending_students,promotion_rate
27190117594,A.K PATEL MARATHI JR COLLEGE,CLU3600468,CHHATRAPATI SAMBHAJINAGAR,,27,11,1,1,0,0,0.0,0.0,0.0,0,0,0,1,,,,
27190117595,A.K. PATEL URDU JR COLLEGE,CLU3600468,CHHATRAPATI SAMBHAJINAGAR,,27,11,38,9,29,0,3.22,76.32,0.0,0,0,0,38,,,,
27190115206,AB international primary secondary and higher secondary school,CLU3600465,CHHATRAPATI SAMBHAJINAGAR,,27,3,405,227,178,0,0.78,43.95,0.0,232,76,93,4,,,,
27190119610,ADITYA PRIMARY ENGLISH SCHOOL,CLU3600462,CHHATRAPATI SAMBHAJINAGAR,,27,2,77,48,29,0,0.6,37.66,0.0,51,26,0,0,,,,
27190117512,AKBAR KHAN PATEL MARATHI PS,CLU3600468,CHHATRAPATI SAMBHAJINAGAR,,4,2,636,376,260,0,0.69,40.88,0.0,364,272,0,0,,,,
27190117513,AKBAR KHAN PATEL URDU PS,CLU3600468,CHHATRAPATI SAMBHAJINAGAR,,4,2,525,206,319,0,1.55,60.76,0.0,302,186,0,0,,,,
27190117581,AKBARKHAN PATEL MRATHI HS,CLU3600468,CHHATRAPATI SAMBHAJINAGAR,,27,8,103,69,34,0,0.49,33.01,0.0,0,0,103,0,,,,
27190117580,AKBARKHAN PATEL URDU HS,CLU3600468,CHHATRAPATI SAMBHAJINAGAR,,27,8,79,19,60,0,3.16,75.95,0.0,0,0,79,0,,,,
27190117414,AL MUBEEN  URDU PS HARSUL SAWANGI AURANGB AD,CLU3600460,CHHATRAPATI SAMBHAJINAGAR,,4,2,167,50,117,0,2.34,70.06,0.0,114,53,0,0,,,,
27190114210,ANAND NIWASI MUKBHDHIR VIDYALAYA GIRNERA,CLU3600462,CHHATRAPATI SAMBHAJINAGAR,,11,1,29,17,12,0,0.71,41.38,0.0,29,0,0,0,,,,
27190117589,ANGEL KIDS INTERNATIONAL SCHOOL,CLU3600468,CHHATRAPATI SAMBHAJINAGAR,,27,6,1283,710,573,0,0.81,44.66,0.0,609,406,268,0,,,,
27190117418,ANGELS ACADEMY,CLU3600460,CHHATRAPATI SAMBHAJINAGAR,,27,3,50,34,16,0,0.47,32.0,0.0,11,11,17,11,,,,
27190117567,ANUMAI VIDYA MANDIR SATARA PARISAR,CLU3600468,CHHATRAPATI SAMBHAJINAGAR,,54,2,167,100,67,0,0.67,40.12,0.0,119,48,0,0,,,,
27190105806,ANUSAYA ENGLISH PS NAKSHASTRAWADI,CLU3600462,CHHATRAPATI SAMBHAJINAGAR,,27,2,23,15,8,0,0.53,34.78,0.0,19,4,0,0,,,,
27190117415,APEX JR COLLEGE SAWANGI,CLU3600460,CHHATRAPATI SAMBHAJINAGAR,,19,11,79,53,26,0,0.49,32.91,0.0,0,0,0,79,,,,
27190105516,APPLE VALLEY PUBLIC SCHOOL SHAJPAUR,CLU3600462,CHHATRAPATI SAMBHAJINAGAR,,27,6,25,17,8,0,0.47,32.0,0.0,18,7,0,0,,,,
27190107804,APULKI NIWASI MATIMAND VIDYALAYA JATWADA,CLU3600460,CHHATRAPATI SAMBHAJINAGAR,,19,1,49,45,4,0,0.09,8.16,0.0,49,0,0,0,,,,
27190113515,ARYA CHANKYA VIDYADHAM JATWADA,CLU3600460,CHHATRAPATI SAMBHAJINAGAR,,27,6,256,256,0,0,0.0,0.0,0.0,13,143,100,0,,,,
27190103810,ATHARV VIDYALAYA DEOLAI,CLU3600459,CHHATRAPATI SAMBHAJINAGAR,,27,1,11,6,5,0,0.83,45.45,0.0,11,0,0,0,,,,
27190107203,AURA INTERNATIONAL SEC & HSEC,CLU3600467,CHHATRAPATI SAMBHAJINAGAR,,27,7,123,65,58,0,0.89,47.15,0.0,0,22,101,0,,,,
27190107202,AURA INTERNATIONAL UPS,CLU3600467,CHHATRAPATI SAMBHAJINAGAR,,27,2,336,167,169,0,1.01,50.3,0.0,269,67,0,0,,,,
27190117579,AVS JR COLLEGE OF SCI ARTS & COMM,CLU3600468,CHHATRAPATI SAMBHAJINAGAR,,27,11,146,79,67,0,0.85,45.89,0.0,0,0,0,146,,,,
27190117528,BAHADUR ENGLISH PRIMARY SCHOOL SATARA,CLU3600468,CHHATRAPATI SAMBHAJINAGAR,,27,2,17,12,5,0,0.42,29.41,0.0,12,5,0,0,,,,
27190100407,BHAGWAN VIDYALAYA ADGAON BU.,CLU3600470,CHHATRAPATI SAMBHAJINAGAR,,4,3,471,219,252,0,1.15,53.5,0.0,26,139,165,141,,,,
27190117572,BHASKARACHARYA JR. COLLEGE SATARA,CLU3600468,CHHATRAPATI SAMBHAJINAGAR,,27,11,116,72,44,0,0.61,37.93,0.0,0,0,0,116,,,,
27190114209,BHIMASHANKAR PADALKAR JR COLLEGE,CLU3600462,CHHATRAPATI SAMBHAJINAGAR,,54,11,549,296,253,0,0.85,46.08,0.0,0,0,0,549,,,,
27190118402,BHIMSING VIDYALAYA,CLU3600464,CHHATRAPATI SAMBHAJINAGAR,,4,3,853,481,372,0,0.77,43.61,0.0,36,255,375,187,,,,
27194100727,BRIGHT FUTURE ENGLISH SCHOOL,CLU3600462,CHHATRAPATI SAMBHAJINAGAR,,27,3,1,1,0,0,0.0,0.0,0.0,1,0,0,0,,,,
27190105302,BRILLIANT KIDS ENGLISH SCHOOL ,CLU3600467,CHHATRAPATI SAMBHAJINAGAR,,27,3,195,103,92,0,0.89,47.18,0.0,119,61,15,0,,,,
27190103815,Bhagirathi Public School,CLU3600468,CHHATRAPATI SAMBHAJINAGAR,,27,2,13,9,4,0,0.44,30.77,0.0,9,4,0,0,,,,
27190100412,CAMBRIDGE SCHOOL AURANGABAD,CLU3600470,CHHATRAPATI SAMBHAJINAGAR,,27,6,3127,1665,1462,0,0.88,46.75,0.0,1754,895,478,0,,,,
27190109226,CHAITANYA VALLY INTERNATIONAL SCHOOL KARMAD,CLU3600464,CHHATRAPATI SAMBHAJINAGAR,,27,6,376,210,166,0,0.79,44.15,0.0,226,89,61,0,,,,
27190106302,CHAITYAN KANIFNATH NIWASI MATIMAND VIDYA GOPALPUR,CLU3600465,CHHATRAPATI SAMBHAJINAGAR,,12,2,57,57,0,0,0.0,0.0,0.0,37,20,0,0,,,,
27190117546,CHATE SCHOOL SATARA PARISAR SATARA,CLU3600468,CHHATRAPATI SAMBHAJINAGAR,,27,3,920,508,412,0,0.81,44.78,0.0,409,245,243,23,,,,
27190119608,CHHTRAPATI SAMBHAJINRAJE ENGLISH SCHOOL & JUNIOR COLLEGE,CLU3600464,CHHATRAPATI SAMBHAJINAGAR,,27,3,89,52,37,0,0.71,41.57,0.0,50,17,20,2,,,,
27190103818,CHILDRENS PARK INTERNATIONL SCHOOL DEOLAI AREA,CLU3600468,CHHATRAPATI SAMBHAJINAGAR,,27,3,161,87,74,0,0.85,45.96,0.0,90,50,21,0,,,,
27190113304,CREATIVE ENGLISH PS NIPANI,CLU3600470,CHHATRAPATI SAMBHAJINAGAR,,27,2,67,41,26,0,0.63,38.81,0.0,47,20,0,0,,,,
27190117410,CREATIVE INTERNATIONAL CBSE ENGLISH SCHOOL SAWANGI,CLU3600460,CHHATRAPATI SAMBHAJINAGAR,,27,3,58,41,17,0,0.41,29.31,0.0,0,40,18,0,,,,
27190117305,CREATIVE KIDS PLAY SCHOOL SAJAPUR DIST AURANGABAD,CLU3600462,CHHATRAPATI SAMBHAJINAGAR,,27,1,58,35,23,0,0.66,39.66,0.0,58,0,0,0,,,,
27190115106,CRYSTAL SCHOOL KANHAPUR PALSHI,CLU3600465,CHHATRAPATI SAMBHAJINAGAR,,27,3,101,68,33,0,0.49,32.67,0.0,6,0,2,93,,,,
27190118906,CRYSTAL SCHOOL TISGAON,CLU3600462,CHHATRAPATI SAMBHAJINAGAR,,27,3,108,62,46,0,0.74,42.59,0.0,77,9,4,18,,,,
27190115104,CUTE DUCKLINGS PUBLIC SCHOOL BAKAPUR,,CHHATRAPATI SAMBHAJINAGAR,,27,2,0,0,0,0,0.0,0.0,0.0,0,0,0,0,,,,
27190104008,DAULATABAD URDU P S KANYA,CLU3600472,CHHATRAPATI SAMBHAJINAGAR,,4,2,173,0,173,0,173.0,100.0,0.0,100,73,0,0,,,,
27190101502,DEFENCE CARRIER INSTITUTE JR COLLEGE BHINDON,CLU3600468,CHHATRAPATI SAMBHAJINAGAR,,27,11,33,18,15,0,0.83,45.45,0.0,0,0,0,33,,,,
27190101503,DEFENCE CARRIER PUBLIC SCHOOL BHINDON,CLU3600468,CHHATRAPATI SAMBHAJINAGAR,,27,3,26,17,9,0,0.53,34.62,0.0,19,7,0,0,,,,
27190104003,DEOGIRI VIDYALAYA,CLU3600472,CHHATRAPATI SAMBHAJINAGAR,,4,3,796,504,292,0,0.58,36.68,0.0,82,330,290,94,,,,
27190109002,DHANNABAI DEEPCHAND GANGWAL TECHNICAL,CLU3600461,CHHATRAPATI SAMBHAJINAGAR,,4,3,323,176,147,0,0.84,45.51,0.0,0,67,151,105,,,,
27190115107,DHARESHWAR HIGH SCHOOL PALASHI,CLU3600465,CHHATRAPATI SAMBHAJINAGAR,,27,11,117,63,54,0,0.86,46.15,0.0,0,0,0,117,,,,
27190117537,DNYAN VIKAS PRIMARY SCHOOL SATARA,CLU3600468,CHHATRAPATI SAMBHAJINAGAR,,19,1,10,6,4,0,0.67,40.0,0.0,10,0,0,0,,,,
27190115203,DNYANADA ENGLISH SCHOOL POKHRI,CLU3600465,CHHATRAPATI SAMBHAJINAGAR,,27,6,1014,600,414,0,0.69,40.83,0.0,380,317,317,0,,,,
27190109615,DNYANDEEP ENGLISH SCHOOL KUMBHEPHAL,CLU3600467,CHHATRAPATI SAMBHAJINAGAR,,27,2,7,5,2,0,0.4,28.57,0.0,0,7,0,0,,,,
27190119605,DNYANGANGA PAUBLIC SCHOOL,CLU3600462,CHHATRAPATI SAMBHAJINAGAR,,4,2,34,20,14,0,0.7,41.18,0.0,22,12,0,0,,,,
27190117538,DNYANJYOT ENGLISH SCHOOL DEOLAI,CLU3600468,CHHATRAPATI SAMBHAJINAGAR,,27,2,41,25,16,0,0.64,39.02,0.0,23,18,0,0,,,,
27190103816,DNYANJYOTI ENGLISH SCHOOL SATARA PARISAR,CLU3600468,CHHATRAPATI SAMBHAJINAGAR,,27,2,151,86,65,0,0.76,43.05,0.0,105,46,0,0,,,,
27190109008,DNYANSAGAR PRIMARY ASHRAM SCHOOL,CLU3600461,CHHATRAPATI SAMBHAJINAGAR,,12,2,117,94,23,0,0.24,19.66,0.0,69,48,0,0,,,,
27190109009,DR T  P PATIL MADHYAMIK VIDHYALAYA KHODEGAON,CLU3600461,CHHATRAPATI SAMBHAJINAGAR,,55,7,481,281,200,0,0.71,41.58,0.0,0,118,363,0,,,,
27190117521,DR. HEDGEWAR MEMORIAL PUBLIC SCHOOL,CLU3600468,CHHATRAPATI SAMBHAJINAGAR,,27,1,8,6,2,0,0.33,25.0,0.0,8,0,0,0,,,,
27190117541,DR. HEDGEWAR PUBLIC SCHOOL SATARA PARISAR,CLU3600468,CHHATRAPATI SAMBHAJINAGAR,,55,6,15,11,4,0,0.36,26.67,0.0,0,4,11,0,,,,
27190117609,Dnyanda English PS beed bypass,CLU3600468,CHHATRAPATI SAMBHAJINAGAR,,27,2,73,40,33,0,0.82,45.21,0.0,59,14,0,0,,,,
27190117309,Dnyandeep English School Sajapur Waluj MIDC,CLU3600462,CHHATRAPATI SAMBHAJINAGAR,,27,3,185,101,84,0,0.83,45.41,0.0,111,50,24,0,,,,
27190109227,Dr Sarvapalli Radhakrishna World School Karmad,,CHHATRAPATI SAMBHAJINAGAR,,27,3,44,32,12,0,0.38,27.27,0.0,0,0,34,10,,,,
27190118311,ENGLISH PRIMARY SCHOOL SHENDRA,CLU3600467,CHHATRAPATI SAMBHAJINAGAR,,27,1,14,5,9,0,1.8,64.29,0.0,14,0,0,0,,,,
27190117602,ENGLISH PRIMARY SCHOOL SURAYADEEP NAGAR SATARA PARISAR AURANGABAD,CLU3600468,CHHATRAPATI SAMBHAJINAGAR,,27,2,107,63,44,0,0.7,41.12,0.0,74,33,0,0,,,,
27190121605,ERA GURUKUL VIDYALAYA APATGAON,CLU3600458,CHHATRAPATI SAMBHAJINAGAR,,27,3,4,2,2,0,1.0,50.0,0.0,4,0,0,0,,,,
27190121603,ERA INTERNATIONAL SCHOOL APATGAON,CLU3600458,CHHATRAPATI SAMBHAJINAGAR,,27,3,12,5,7,0,1.4,58.33,0.0,11,1,0,0,,,,
27190101002,ERA INTERNATIONAL SCHOOL BHALGAON,CLU3600458,CHHATRAPATI SAMBHAJINAGAR,,27,6,22,14,8,0,0.57,36.36,0.0,10,7,5,0,,,,
27190121604,ERA PUBLIC SCHOOL APATGAON,CLU3600458,CHHATRAPATI SAMBHAJINAGAR,,27,3,5,1,4,0,4.0,80.0,0.0,5,0,0,0,,,,
27190113526,EVEREST HIGHER SEC SCHOOL,CLU3600460,CHHATRAPATI SAMBHAJINAGAR,,27,11,44,19,25,0,1.32,56.82,0.0,0,0,0,44,,,,
27190113525,EVEREST PRIMARY & UPPER PS,CLU3600460,CHHATRAPATI SAMBHAJINAGAR,,27,2,196,98,98,0,1.0,50.0,0.0,150,46,0,0,,,,
27190113527,EVEREST SECONDARY SCHOOL,CLU3600460,CHHATRAPATI SAMBHAJINAGAR,,27,8,25,8,17,0,2.12,68.0,0.0,0,0,25,0,,,,
27190115403,EXCELLENCE INTERNATIONAL ENGLISH SCHOOL PIMPALKHUTA,CLU3600457,CHHATRAPATI SAMBHAJINAGAR,,27,3,123,76,47,0,0.62,38.21,0.0,68,48,7,0,,,,
27194100280,FIRST EXPRESSION HILL SCHOOL AND JR COLLAGE OF ARTS COMMERCE & SCIENCE CHOUKA,CLU3600466,CHHATRAPATI SAMBHAJINAGAR,,27,3,74,39,35,0,0.9,47.3,0.0,58,7,0,9,,,,
27194100740,FOUNDATIONS SCHOOL,CLU3600470,CHHATRAPATI SAMBHAJINAGAR,,27,3,26,14,12,0,0.86,46.15,0.0,23,2,1,0,,,,
27194100051,FUTURE STAR INTERNATIONAL SCHOOL,CLU3600468,CHHATRAPATI SAMBHAJINAGAR,,27,6,17,11,6,0,0.55,35.29,0.0,16,1,0,0,,,,
27190120402,G S M GLOBAL SCHOOL ZALTA PHATA,CLU3600470,CHHATRAPATI SAMBHAJINAGAR,,27,3,68,39,29,0,0.74,42.65,0.0,55,13,0,0,,,,
27190113305,GAIKWAD GLOBAL SCHOOL,CLU3600470,CHHATRAPATI SAMBHAJINAGAR,,27,6,598,369,229,0,0.62,38.29,0.0,192,211,195,0,,,,
27190117547,GALAXY ENGLISH SCHOOL SATARA PARISAR,CLU3600468,CHHATRAPATI SAMBHAJINAGAR,,27,3,131,74,57,0,0.77,43.51,0.0,72,23,28,8,,,,
27190113303,GRACE ENGLISH HIGH SCHOOL NIPANI,CLU3600470,CHHATRAPATI SAMBHAJINAGAR,,27,7,17,10,7,0,0.7,41.18,0.0,0,5,12,0,,,,
27190113534,GREEN FIELD ENGLISH HIGH SCHOOL JATWADA ROAD AURANGABAD,CLU3600460,CHHATRAPATI SAMBHAJINAGAR,,27,3,124,65,59,0,0.91,47.58,0.0,59,50,15,0,,,,
27190118004,GREEN FIELD INTERNATIONAL SHARNAPUR,CLU3600472,CHHATRAPATI SAMBHAJINAGAR,,27,6,55,32,23,0,0.72,41.82,0.0,22,20,13,0,,,,
27190117604,GREEN GLOBE ENGLISH SCHOOL,CLU3600468,CHHATRAPATI SAMBHAJINAGAR,,27,6,39,24,15,0,0.62,38.46,0.0,15,11,4,0,,,,
27190117603,GREEN GLOBE VIDYA MANDIR,CLU3600468,CHHATRAPATI SAMBHAJINAGAR,,27,6,89,65,24,0,0.37,26.97,0.0,27,32,29,0,,,,
27190109620,GREEN VALLY PUBLIC SCHOOL AND JR COLLEGE,CLU3600467,CHHATRAPATI SAMBHAJINAGAR,,27,3,203,105,98,0,0.93,48.28,0.0,52,117,34,0,,,,
27190118910,"GREENVALLEY MONTESOORI SCHOOL, MHADA COLONY",CLU3600462,CHHATRAPATI SAMBHAJINAGAR,,27,3,409,229,180,0,0.79,44.01,0.0,214,119,76,0,,,,
27190115310,GRJA ENGISH SCHOOL AND JR COLLEGE PISADEVI,CLU3600465,CHHATRAPATI SAMBHAJINAGAR,,27,3,73,43,30,0,0.7,41.1,0.0,64,7,2,0,,,,
27190115105,GURUKUL PLUS INTERNATIONAL SCHOOL PALASHI,CLU3600465,CHHATRAPATI SAMBHAJINAGAR,,27,3,29,20,9,0,0.45,31.03,0.0,28,1,0,0,,,,
27190118312,HI TECH ENGLISH SCHOOL SHENDRA AREA AURANGABAD,CLU3600467,CHHATRAPATI SAMBHAJINAGAR,,27,2,39,18,21,0,1.17,53.85,0.0,39,0,0,0,,,,
27190107807,HIGHER SEC. ASHRAM SCHOOL JATWADA,CLU3600460,CHHATRAPATI SAMBHAJINAGAR,,42,11,250,159,91,0,0.57,36.4,0.0,0,0,0,250,,,,
27190101304,HIMALAYA PUBLIC SCHOOL,CLU3600468,CHHATRAPATI SAMBHAJINAGAR,,27,3,467,257,210,0,0.82,44.97,0.0,229,171,67,0,,,,
27190117545,INDIRA RESIDENCIAL MR SCHOOL,CLU3600468,CHHATRAPATI SAMBHAJINAGAR,,12,2,50,50,0,0,0.0,0.0,0.0,45,5,0,0,,,,
27190100103,Ideal English School,CLU3600463,CHHATRAPATI SAMBHAJINAGAR,,27,3,119,75,44,0,0.59,36.97,0.0,20,5,2,92,,,,
27190118911,Ideal international school,CLU3600462,CHHATRAPATI SAMBHAJINAGAR,,27,3,152,75,77,0,1.03,50.66,0.0,84,39,29,0,,,,
27194100573,J.K. INTERNATIONAL SCHOOL,CLU3600472,CHHATRAPATI SAMBHAJINAGAR,,27,2,83,43,40,0,0.93,48.19,0.0,31,1,0,0,,,,
27190118209,JAI BHADRA H S SHEKTA,CLU3600459,CHHATRAPATI SAMBHAJINAGAR,,53,11,241,171,70,0,0.41,29.05,0.0,0,0,0,241,,,,
27190118202,JAI TULJABHAVANI VID SHEKTA,CLU3600459,CHHATRAPATI SAMBHAJINAGAR,,4,5,331,169,162,0,0.96,48.94,0.0,0,53,161,117,,,,
27190107206,JAIHIND ARTS COMM SCI JR COLLEGE,CLU3600467,CHHATRAPATI SAMBHAJINAGAR,,27,11,429,244,185,0,0.76,43.12,0.0,0,0,0,429,,,,
27190107204,JAIHIND PUBLIC SCHOOL,CLU3600467,CHHATRAPATI SAMBHAJINAGAR,,55,2,680,356,324,0,0.91,47.65,0.0,495,185,0,0,,,,
27190107205,JAIHIND PUBLIC SCHOOL HS,CLU3600467,CHHATRAPATI SAMBHAJINAGAR,,55,7,426,235,191,0,0.81,44.84,0.0,0,129,297,0,,,,
27190112503,JAIN INTERNATIONAL SCHOOL,CLU3600472,CHHATRAPATI SAMBHAJINAGAR,,27,3,1180,719,461,0,0.64,39.07,0.0,359,270,181,304,,,,
27190105805,JAIN NATIONAL PUBLIC SCHOOL,CLU3600462,CHHATRAPATI SAMBHAJINAGAR,,27,2,242,140,102,0,0.73,42.15,0.0,200,42,0,0,,,,
27190104010,JIJAMATA PS DOULATABAD,CLU3600472,CHHATRAPATI SAMBHAJINAGAR,,4,1,185,121,64,0,0.53,34.59,0.0,185,0,0,0,,,,
27190118006,JITO DELHIPUBLIC SCHOOL AURANGABAD,CLU3600472,CHHATRAPATI SAMBHAJINAGAR,,27,3,191,133,58,0,0.44,30.37,0.0,79,53,52,7,,,,
27190120202,JUNESHWAR VIDYALAYA,CLU3600467,CHHATRAPATI SAMBHAJINAGAR,,4,3,925,486,439,0,0.9,47.46,0.0,87,298,340,200,,,,
27190117307,K S T ENGLISH SCHOOL SAJAPUR,CLU3600462,CHHATRAPATI SAMBHAJINAGAR,,27,3,284,176,108,0,0.61,38.03,0.0,165,70,49,0,,,,
27190118309,KALUNKA MATA PRIMARY SCHOOL,CLU3600467,CHHATRAPATI SAMBHAJINAGAR,,19,2,103,56,47,0,0.84,45.63,0.0,49,54,0,0,,,,
27190105403,KAMDHENU INTERNATIONAL SCHOOL,CLU3600460,CHHATRAPATI SAMBHAJINAGAR,,27,3,55,35,20,0,0.57,36.36,0.0,27,12,0,0,,,,
27190109220,KARAMVIR B S PATIL VIDYALAYA JADGAON,CLU3600464,CHHATRAPATI SAMBHAJINAGAR,,55,7,107,57,50,0,0.88,46.73,0.0,0,33,74,0,,,,
27190114206,KIDS CAMBRIDGE ENGLISH SCHOOL WALUJ,CLU3600462,CHHATRAPATI SAMBHAJINAGAR,,27,6,126,74,52,0,0.7,41.27,0.0,79,46,1,0,,,,
27190117553,KIDS ZEE ENGLISH SCHOOL SATARA PARISAR,CLU3600468,CHHATRAPATI SAMBHAJINAGAR,,27,2,328,206,122,0,0.59,37.2,0.0,210,118,0,0,,,,
27190106105,"KRISHNAM GURUKUL AND JR. COLLEGE, GANDHELI",CLU3600468,CHHATRAPATI SAMBHAJINAGAR,,27,3,135,78,57,0,0.73,42.22,0.0,26,2,0,107,,,,
27190117511,Kai Balasaheb Patil Niwasi Mukbadhir Vidyalaya Satara,CLU3600468,CHHATRAPATI SAMBHAJINAGAR,,12,2,61,44,17,0,0.39,27.87,0.0,45,15,0,0,,,,
27190106803,LITTLE STAR ENGLISH SCHOOL GHARDON,CLU3600461,CHHATRAPATI SAMBHAJINAGAR,,27,1,5,0,5,0,5.0,100.0,0.0,5,0,0,0,,,,
27190100305,LOHGAD H.S. ADGAON SARAK,CLU3600463,CHHATRAPATI SAMBHAJINAGAR,,4,6,186,97,89,0,0.92,47.85,0.0,0,62,124,0,,,,
27190113523,LT GURUBAKSHASING SABARWAL H S NAIGAON,CLU3600460,CHHATRAPATI SAMBHAJINAGAR,,55,5,171,122,49,0,0.4,28.65,0.0,0,9,91,71,,,,
27190104703,LT KAMALSING NAIK VIDALAYA2,CLU3600459,CHHATRAPATI SAMBHAJINAGAR,,4,3,645,330,315,0,0.95,48.84,0.0,20,146,193,286,,,,
27190117539,LT VASANT KALE HIGH SCHOOL DEOLAI PARISAR,CLU3600470,CHHATRAPATI SAMBHAJINAGAR,,55,6,368,205,163,0,0.8,44.29,0.0,11,108,249,0,,,,
27190106209,LT. DROPADABAI PUBLIC ENGLISH P S,CLU3600469,CHHATRAPATI SAMBHAJINAGAR,,27,2,26,12,14,0,1.17,53.85,0.0,26,0,0,0,,,,
27190114212,M.R.S. INERNATIONAL ENGLISH PS CIDCO WALUJ MAHANAGAR,CLU3600462,CHHATRAPATI SAMBHAJINAGAR,,27,2,23,11,12,0,1.09,52.17,0.0,15,8,0,0,,,,
27190103808,M.S. P. MADYAMIK VIDYALAYA DOLAI,CLU3600468,CHHATRAPATI SAMBHAJINAGAR,,27,8,71,33,38,0,1.15,53.52,0.0,0,0,71,0,,,,
27190113201,MADHYAMIK VIDYALAYA NAIGAVAN,CLU3600463,CHHATRAPATI SAMBHAJINAGAR,,4,3,240,124,116,0,0.94,48.33,0.0,12,79,149,0,,,,
27190121503,MADYAMIK VIDYALAYA CHINCHOLI EKOD,CLU3600470,CHHATRAPATI SAMBHAJINAGAR,,55,5,102,58,44,0,0.76,43.14,0.0,0,30,62,10,,,,
27190117519,MAHARANA PRATAP VIDYALAYA,CLU3600468,CHHATRAPATI SAMBHAJINAGAR,,4,6,96,62,34,0,0.55,35.42,0.0,1,43,52,0,,,,
27190117591,MAHARASHTRA ENGLISH SCHOOL & JR COLLEGE,CLU3600468,CHHATRAPATI SAMBHAJINAGAR,,27,3,46,36,10,0,0.28,21.74,0.0,0,0,13,33,,,,
27190119503,MAHARASHTRA PUBLIC SCHOOL(CBSE),CLU3600472,CHHATRAPATI SAMBHAJINAGAR,,27,3,585,347,238,0,0.69,40.68,0.0,205,192,188,0,,,,
27190109602,MAHARUDRA HS KUMBHEPHAL,CLU3600467,CHHATRAPATI SAMBHAJINAGAR,,4,3,784,374,410,0,1.1,52.3,0.0,11,170,336,267,,,,
27190104011,MAHATMA PHULE MALIWADA,CLU3600472,CHHATRAPATI SAMBHAJINAGAR,,4,6,234,114,120,0,1.05,51.28,0.0,0,81,153,0,,,,
27190117526,MAHATMA PHULE SAMTA VIDYALAYA GANDHELI,CLU3600468,CHHATRAPATI SAMBHAJINAGAR,,55,7,108,60,48,0,0.8,44.44,0.0,0,26,82,0,,,,
27190104006,MAHATMA PHULE V SAJAPUR KARODI,CLU3600472,CHHATRAPATI SAMBHAJINAGAR,,55,6,292,193,99,0,0.51,33.9,0.0,26,139,127,0,,,,
27190100402,MAHLARRAO HOLKAR ASHRAM SHALA,CLU3600470,CHHATRAPATI SAMBHAJINAGAR,,42,2,201,137,64,0,0.47,31.84,0.0,97,104,0,0,,,,
27190103817,MALLICK  JUNIOR COLLEGE DEOLAI BEED BYPASS,CLU3600468,CHHATRAPATI SAMBHAJINAGAR,,27,11,2,2,0,0,0.0,0.0,0.0,0,0,0,2,,,,
27190117531,MALTI MADHAV BHALE VIDYALAYA SATARA,CLU3600468,CHHATRAPATI SAMBHAJINAGAR,,55,2,199,111,88,0,0.79,44.22,0.0,139,60,0,0,,,,
27190111018,MARATHWADA PUBLIC PRIMARY SCHOOL,CLU3600457,CHHATRAPATI SAMBHAJINAGAR,,27,6,511,327,184,0,0.56,36.01,0.0,217,156,138,0,,,,
27190113516,MATOSHRI KALAVATI H S SAWANGI H.,CLU3600460,CHHATRAPATI SAMBHAJINAGAR,,4,3,533,340,193,0,0.57,36.21,0.0,24,131,110,268,,,,
27190117527,MESCO ENGLISH PRIMARY SCHOOL,CLU3600468,CHHATRAPATI SAMBHAJINAGAR,,27,1,40,22,18,0,0.82,45.0,0.0,40,0,0,0,,,,
27190106107,MGM VIDYA ARANYAM SCHOOL,CLU3600468,CHHATRAPATI SAMBHAJINAGAR,,27,3,20,13,7,0,0.54,35.0,0.0,5,4,6,5,,,,
27190106106,MGM VIDYA ARANYAM VIDYALAY,CLU3600468,CHHATRAPATI SAMBHAJINAGAR,,27,6,72,43,29,0,0.67,40.28,0.0,22,19,31,0,,,,
27190102812,MILESTONE ENGLISH SCHOOL CHOUKA,CLU3600466,CHHATRAPATI SAMBHAJINAGAR,,27,1,68,37,31,0,0.84,45.59,0.0,67,0,0,0,,,,
27190109010,MOHTADEVI MADHYAMIK GHARDON,CLU3600461,CHHATRAPATI SAMBHAJINAGAR,,55,5,121,70,51,0,0.73,42.15,0.0,0,10,90,21,,,,
27190117574,MORAL BALAK MANDIR PS,CLU3600468,CHHATRAPATI SAMBHAJINAGAR,,55,2,358,193,165,0,0.85,46.09,0.0,222,136,0,0,,,,
27190117576,MORAL KIDS ENG HS,CLU3600468,CHHATRAPATI SAMBHAJINAGAR,,27,7,99,62,37,0,0.6,37.37,0.0,0,25,74,0,,,,
27190117575,MORAL KIDS ENGLISH SCHOOL,CLU3600468,CHHATRAPATI SAMBHAJINAGAR,,27,2,111,58,53,0,0.91,47.75,0.0,71,40,0,0,,,,
27190117577,MORAL KIDS MARATHI HS,CLU3600468,CHHATRAPATI SAMBHAJINAGAR,,55,7,290,175,115,0,0.66,39.66,0.0,0,84,206,0,,,,
27190113517,MOUNT VALLEY ENGLISH SCHOOL,CLU3600460,CHHATRAPATI SAMBHAJINAGAR,,27,2,274,193,81,0,0.42,29.56,0.0,143,97,0,0,,,,
27190117404,MOUNT VALLEY ENGLISH SCHOOL SAWANGI,CLU3600460,CHHATRAPATI SAMBHAJINAGAR,,27,7,101,58,43,0,0.74,42.57,0.0,0,0,101,0,,,,
27190117405,MOUNT VALLEY JR COLLEGE OF ARTS & SCI,CLU3600460,CHHATRAPATI SAMBHAJINAGAR,,53,11,184,103,81,0,0.79,44.02,0.0,0,0,0,184,,,,
27190101302,MOUNT VALLEY TECHNO SCHOOL,CLU3600468,CHHATRAPATI SAMBHAJINAGAR,,4,2,567,321,246,0,0.77,43.39,0.0,332,235,0,0,,,,
27190106104,"MOUNT VALLEY TECHNO SCHOOL_x000D_
",CLU3600468,CHHATRAPATI SAMBHAJINAGAR,,27,3,111,65,46,0,0.71,41.44,0.0,10,3,7,0,,,,
27190113522,MOUNT VALLEY URDU SCHOOL SAWANGI H.,CLU3600460,CHHATRAPATI SAMBHAJINAGAR,,53,2,364,142,222,0,1.56,60.99,0.0,260,64,0,0,,,,
27190117533,MS PUBLIC SCHOOL DEOLAI PARISAR,CLU3600468,CHHATRAPATI SAMBHAJINAGAR,,55,2,268,146,122,0,0.84,45.52,0.0,142,126,0,0,,,,
27190117554,NARAYANA E TECHNO SCHOOL,CLU3600468,CHHATRAPATI SAMBHAJINAGAR,,27,3,527,337,190,0,0.56,36.05,0.0,187,182,107,51,,,,
27190117551,NARAYANA WORLD SCHOOL,CLU3600468,CHHATRAPATI SAMBHAJINAGAR,,27,2,37,20,17,0,0.85,45.95,0.0,19,18,0,0,,,,
27190106003,NATH HANDICAP RESIDENCIAL SCHOOL,CLU3600462,CHHATRAPATI SAMBHAJINAGAR,,11,1,41,23,18,0,0.78,43.9,0.0,41,0,0,0,,,,
27190106802,NATH VIDYALAYA GHAREGAON,CLU3600471,CHHATRAPATI SAMBHAJINAGAR,,55,7,120,68,52,0,0.76,43.33,0.0,0,33,87,0,,,,
27190117517,NEW AZAD URDU HIGH SCHOOL,CLU3600468,CHHATRAPATI SAMBHAJINAGAR,,4,6,342,105,237,0,2.26,69.3,0.0,52,162,128,0,,,,
27190117515,NEW AZAD URDU PRIMARY SCHOOL,CLU3600468,CHHATRAPATI SAMBHAJINAGAR,,4,1,168,42,126,0,3.0,75.0,0.0,168,0,0,0,,,,
27190121905,NEW BEGINNING INTERNATIONAL SCHOOL,CLU3600470,CHHATRAPATI SAMBHAJINAGAR,,27,6,125,71,54,0,0.76,43.2,0.0,41,49,35,0,,,,
27190116902,NEW DHARESHWAR HS SATALA,CLU3600466,CHHATRAPATI SAMBHAJINAGAR,,4,7,61,31,30,0,0.97,49.18,0.0,0,0,61,0,,,,
27190117516,NEW ENGLISH HIGH SCHOOL SATARA,CLU3600468,CHHATRAPATI SAMBHAJINAGAR,,27,8,178,94,84,0,0.89,47.19,0.0,0,0,178,0,,,,
27190117518,NEW ENGLISH PRIMARY SCHOOL,CLU3600468,CHHATRAPATI SAMBHAJINAGAR,,27,2,551,307,244,0,0.79,44.28,0.0,307,232,0,0,,,,
27190109202,NEW HIGH SCHOOL KARMAD,CLU3600464,CHHATRAPATI SAMBHAJINAGAR,,4,3,1595,846,749,0,0.89,46.96,0.0,77,456,610,452,,,,
27190102803,NEW HS CHOUKA,CLU3600466,CHHATRAPATI SAMBHAJINAGAR,,4,5,828,411,417,0,1.01,50.36,0.0,0,141,387,300,,,,
27190117308,"NEW IQRA NATIONAL ENGLISH SCHOOL, SAJAPUR KARODI",CLU3600462,CHHATRAPATI SAMBHAJINAGAR,,27,3,265,145,120,0,0.83,45.28,0.0,172,64,21,0,,,,
27190122003,NEW LITTLE BIRDS NATIONAL ENGLISH SCHOOL GAT 74 WALADGAON,CLU3600462,CHHATRAPATI SAMBHAJINAGAR,,27,3,210,108,102,0,0.94,48.57,0.0,119,80,11,0,,,,
27190107808,NEW SAALIM URDU PRIMARY SCHOOL JATWADA,CLU3600460,CHHATRAPATI SAMBHAJINAGAR,,55,2,265,133,132,0,0.99,49.81,0.0,205,60,0,0,,,,
27190113520,NEW SAHARA ENGLISH SCHOOL SAWANGI H.,CLU3600460,CHHATRAPATI SAMBHAJINAGAR,,27,2,120,82,38,0,0.46,31.67,0.0,86,19,0,0,,,,
27190119604,NEW SUNRISE ENGLISH SCHOOL,CLU3600462,CHHATRAPATI SAMBHAJINAGAR,,27,2,22,13,9,0,0.69,40.91,0.0,5,17,0,0,,,,
27190119612,"NEW YASHSHRI ENGLISH PRIMARY SECONDARY AND HIGHER SECONDARY SCHOOL, WADGAON KOLHATI",CLU3600462,CHHATRAPATI SAMBHAJINAGAR,,27,3,9,5,4,0,0.8,44.44,0.0,1,0,8,0,,,,
27190106103,NIVASI MATIMAND VIDYALYA GANDHELI,CLU3600468,CHHATRAPATI SAMBHAJINAGAR,,12,2,57,57,0,0,0.0,0.0,0.0,24,32,0,0,,,,
27190117423,NIWASI ASTHIVYANG SCHOOL SAWANGI NAIGAON ROAD,CLU3600460,CHHATRAPATI SAMBHAJINAGAR,,50,2,56,32,24,0,0.75,42.86,0.0,25,31,0,0,,,,
27194100701,NOBLE OAKS INTERNATIONAL SCHOOL,CLU3600464,CHHATRAPATI SAMBHAJINAGAR,,27,2,24,15,9,0,0.6,37.5,0.0,24,0,0,0,,,,
27190106805,Navpute Global Science School,,CHHATRAPATI SAMBHAJINAGAR,,27,1,3,3,0,0,0.0,0.0,0.0,3,0,0,0,,,,
27190106804,"Navpute Global Science School, Ghardon, Tq Dist Aurangabad",,CHHATRAPATI SAMBHAJINAGAR,,19,1,1,1,0,0,0.0,0.0,0.0,1,0,0,0,,,,
27190119504,OMKAR VIDYALAY,CLU3600472,CHHATRAPATI SAMBHAJINAGAR,,27,8,29,19,10,0,0.53,34.48,0.0,0,0,29,0,,,,
27190119502,OMKAR VIDYALAY,CLU3600472,CHHATRAPATI SAMBHAJINAGAR,,19,2,205,108,97,0,0.9,47.32,0.0,123,82,0,0,,,,
27190117803,OYSTER ENGLISH HIGH SCHOOL SUNDARWADI,CLU3600470,CHHATRAPATI SAMBHAJINAGAR,,27,6,229,123,106,0,0.86,46.29,0.0,69,47,113,0,,,,
27190120205,OYSTER INTERNATIONAL SCHOOL,CLU3600467,CHHATRAPATI SAMBHAJINAGAR,,27,3,126,88,38,0,0.43,30.16,0.0,44,34,28,20,,,,
27190117536,P D JAWALKAR PUBLIC SCHOOL SATAR PARISAR,CLU3600468,CHHATRAPATI SAMBHAJINAGAR,,4,3,193,83,110,0,1.33,56.99,0.0,19,82,79,13,,,,
27190113533,P G SCHOLAR INTERNATION PUBLIC SCHOOL AMBARHILL JATWADA ROAD,CLU3600460,CHHATRAPATI SAMBHAJINAGAR,,27,3,75,43,32,0,0.74,42.67,0.0,33,0,4,38,,,,
27190100603,PADMASHRI SAKHARAM PATIL H S,CLU3600471,CHHATRAPATI SAMBHAJINAGAR,,4,7,113,63,50,0,0.79,44.25,0.0,0,38,75,0,,,,
27190118305,PADMASHRI SHANKAR BAPU APEGAONKAR ENGLISH SCHOOL,CLU3600467,CHHATRAPATI SAMBHAJINAGAR,,27,3,1827,1055,772,0,0.73,42.26,0.0,844,566,384,33,,,,
27190117413,PARAMOUNT ENGLISH SCHOOL,CLU3600460,CHHATRAPATI SAMBHAJINAGAR,,27,6,349,214,135,0,0.63,38.68,0.0,145,129,75,0,,,,
27190117610,PARMANAND PUBLIC SCHOOL SATARA PARISAR,CLU3600468,CHHATRAPATI SAMBHAJINAGAR,,27,3,27,17,10,0,0.59,37.04,0.0,18,2,7,0,,,,
27190117407,PEARLS ACADAMY SAWANGI HARSUL,CLU3600460,CHHATRAPATI SAMBHAJINAGAR,,27,3,320,167,153,0,0.92,47.81,0.0,159,100,53,8,,,,
27190109217,PHINIX ENGLISH SCHOOL KARMAD,CLU3600464,CHHATRAPATI SAMBHAJINAGAR,,27,2,967,559,408,0,0.73,42.19,0.0,524,281,0,0,,,,
27190109229,PHOENIX ENGLISH SCHOOL AND JR COLLEGE,CLU3600464,CHHATRAPATI SAMBHAJINAGAR,,27,3,194,104,90,0,0.87,46.39,0.0,0,0,148,46,,,,
27194100276,PIONEERS PUBLIC SCHOOL,,CHHATRAPATI SAMBHAJINAGAR,,27,3,73,41,32,0,0.78,43.84,0.0,73,0,0,0,,,,
27190106402,PODAR INTERNATIONAL SCHOOL,CLU3600462,CHHATRAPATI SAMBHAJINAGAR,,27,3,665,349,316,0,0.91,47.52,0.0,397,154,114,0,,,,
27190105804,PRERNA VIDYAMANDIR GEORAI,CLU3600462,CHHATRAPATI SAMBHAJINAGAR,,55,1,115,49,66,0,1.35,57.39,0.0,115,0,0,0,,,,
27190113514,PS ASHRAMSHALA PUNDLIKNAGAR JATWADA,CLU3600460,CHHATRAPATI SAMBHAJINAGAR,,42,2,425,240,185,0,0.77,43.53,0.0,218,207,0,0,,,,
27190117596,PS Deolai Urdu,CLU3600468,CHHATRAPATI SAMBHAJINAGAR,,16,2,274,85,189,0,2.22,68.98,0.0,192,82,0,0,,,,
27190118601,PS VJBJ ASRAM SCHOOL,CLU3600468,CHHATRAPATI SAMBHAJINAGAR,,42,3,437,274,163,0,0.59,37.3,0.0,10,38,133,256,,,,
27190113530,PYRAMID INTERNATIONAL SCHOOL GUT NO 142 OHAR,CLU3600460,CHHATRAPATI SAMBHAJINAGAR,,27,3,681,392,289,0,0.74,42.44,0.0,185,136,272,88,,,,
27190117805,"Podar International School, Sundarwadi",CLU3600470,CHHATRAPATI SAMBHAJINAGAR,,27,3,503,299,204,0,0.68,40.56,0.0,265,161,77,0,,,,
27190118914,Prabhakar International School And Jr College,CLU3600462,CHHATRAPATI SAMBHAJINAGAR,,27,3,104,55,49,0,0.89,47.12,0.0,49,39,12,4,,,,
27190117703,QUEENS SCHOOL SINDON,CLU3600468,CHHATRAPATI SAMBHAJINAGAR,,27,2,189,97,92,0,0.95,48.68,0.0,145,44,0,0,,,,
27190117586,R J INTERNATIONAL JR COLLEGE BEED BY PASS,CLU3600468,CHHATRAPATI SAMBHAJINAGAR,,27,3,997,557,439,1,0.79,44.03,0.1,547,272,109,69,,,,
27190121907,R Y P PRIMARY HIGH SCHOOL AND JR COLLEGE NAIGAON,CLU3600460,CHHATRAPATI SAMBHAJINAGAR,,27,3,61,32,29,0,0.91,47.54,0.0,5,4,3,49,,,,
27190117408,RAINBOW ENGLISH SCHOOL,CLU3600460,CHHATRAPATI SAMBHAJINAGAR,,27,2,30,22,8,0,0.36,26.67,0.0,28,1,0,0,,,,
27190118915,RAINBOW INTERNATIONAL SCHOOL,CLU3600462,CHHATRAPATI SAMBHAJINAGAR,,27,2,38,24,14,0,0.58,36.84,0.0,36,2,0,0,,,,
27190117504,RAJA SHIVAJI PRIMARY VIDYA MANDIR,CLU3600468,CHHATRAPATI SAMBHAJINAGAR,,55,1,118,59,59,0,1.0,50.0,0.0,118,0,0,0,,,,
27190113532,RAJARSHI SHAHU MAHRAJ SECONDARY AND HIGHER SECONDARY SCHOOL,CLU3600460,CHHATRAPATI SAMBHAJINAGAR,,27,3,11,6,5,0,0.83,45.45,0.0,0,0,5,6,,,,
27190118907,RAJE SHIV CHATRAPATI BHARTIY SANSKAR VIDYAMANDIR,CLU3600462,CHHATRAPATI SAMBHAJINAGAR,,27,3,111,51,60,0,1.18,54.05,0.0,88,21,2,0,,,,
27190109221,RAJIV GANDHI JR.COLLEGE KARMAD,CLU3600464,CHHATRAPATI SAMBHAJINAGAR,,4,11,248,161,87,0,0.54,35.08,0.0,0,0,0,248,,,,
27190104018,RAJMATA INTERNATIONAL SCHOOL,CLU3600472,CHHATRAPATI SAMBHAJINAGAR,,27,2,27,12,15,0,1.25,55.56,0.0,20,7,0,0,,,,
27190109230,RAJMATA JIJAU ENGLISH SCHOOL & JUNIOR COLLEGE KARMAD,CLU3600464,CHHATRAPATI SAMBHAJINAGAR,,27,3,59,40,19,0,0.48,32.2,0.0,1,0,0,58,,,,
27190105304,RAJMATA VIDYALAY GANGAPUR SHENDRA PARISAR,CLU3600467,CHHATRAPATI SAMBHAJINAGAR,,27,3,24,9,15,0,1.67,62.5,0.0,13,10,1,0,,,,
27190117506,RAJRSHRI SHAHU MADHYAMIK,CLU3600468,CHHATRAPATI SAMBHAJINAGAR,,55,3,393,229,164,0,0.72,41.73,0.0,27,104,94,168,,,,
27190118008,RASHTRIYA INTERNATIONAL SCHOOL SHARNAPUR Taq DIST AURANGABAD,CLU3600472,CHHATRAPATI SAMBHAJINAGAR,,27,1,24,17,7,0,0.41,29.17,0.0,24,0,0,0,,,,
27190118902,RAYAT ENGLISH P S,CLU3600462,CHHATRAPATI SAMBHAJINAGAR,,27,2,61,37,24,0,0.65,39.34,0.0,39,22,0,0,,,,
27190101702,RELIABLE SCHOOL BAKAPUR PALSHI,CLU3600465,CHHATRAPATI SAMBHAJINAGAR,,27,6,117,85,32,0,0.38,27.35,0.0,49,41,26,0,,,,
27190117507,RENUKA HIGHSCHOOL SATARA,CLU3600468,CHHATRAPATI SAMBHAJINAGAR,,4,3,499,272,227,0,0.83,45.49,0.0,18,124,181,176,,,,
27190117583,RIVERDALE HIGH SCHOOL,CLU3600468,CHHATRAPATI SAMBHAJINAGAR,,27,3,1163,658,505,0,0.77,43.42,0.0,467,309,211,176,,,,
27190117520,RJP ENGLISH SCHOOL,CLU3600468,CHHATRAPATI SAMBHAJINAGAR,,27,3,193,99,94,0,0.95,48.7,0.0,101,53,34,5,,,,
27190103814,ROYAL OAKS WORLD SCHOOL AURANGABAD,CLU3600468,CHHATRAPATI SAMBHAJINAGAR,,27,3,211,128,83,0,0.65,39.34,0.0,104,40,67,0,,,,
27190100503,ROYAL STEPS ENGLISH SCHOOL ,CLU3600472,CHHATRAPATI SAMBHAJINAGAR,,27,6,143,102,41,0,0.4,28.67,0.0,99,34,10,0,,,,
27190118102,Rajmata English School Gangapur Jahangir Tq Dist Aurangabad,CLU3600467,CHHATRAPATI SAMBHAJINAGAR,,27,3,176,99,77,0,0.78,43.75,0.0,93,75,8,0,,,,
27190117606,S J International School,CLU3600468,CHHATRAPATI SAMBHAJINAGAR,,27,2,94,42,52,0,1.24,55.32,0.0,82,12,0,0,,,,
27190116603,SAI MODERN ENGLISH SCHOOL,CLU3600464,CHHATRAPATI SAMBHAJINAGAR,,27,1,85,46,39,0,0.85,45.88,0.0,84,0,0,0,,,,
27190118306,SAI PRIMARY SCHOOL SHENDRA  AREA,CLU3600467,CHHATRAPATI SAMBHAJINAGAR,,19,2,61,27,34,0,1.26,55.74,0.0,55,6,0,0,,,,
27190116602,SAI PRIMARY VIDYALAYA,CLU3600464,CHHATRAPATI SAMBHAJINAGAR,,27,1,75,40,35,0,0.88,46.67,0.0,75,0,0,0,,,,
27194100026,SAINT ALPHONSA SCHOOL WADGAON KOLHATI,CLU3600462,CHHATRAPATI SAMBHAJINAGAR,,27,3,246,139,107,0,0.77,43.5,0.0,188,58,0,0,,,,
27190107809,SAINT LAWARANCE SUPER THIRTY ENGLISH PS,CLU3600460,CHHATRAPATI SAMBHAJINAGAR,,27,1,94,67,27,0,0.4,28.72,0.0,94,0,0,0,,,,
27190107810,SAINT LAWARANCE SUPER THIRTY ENGLISH SEC,CLU3600460,CHHATRAPATI SAMBHAJINAGAR,,27,8,27,22,5,0,0.23,18.52,0.0,0,0,27,0,,,,
27190107811,SAINT LAWARANCE SUPER THIRTY UP PRI ENGLISH,CLU3600460,CHHATRAPATI SAMBHAJINAGAR,,27,4,48,31,17,0,0.55,35.42,0.0,0,48,0,0,,,,
27190119609,SAKAR PRIMARY ENGLISH SCHOOL,CLU3600462,CHHATRAPATI SAMBHAJINAGAR,,27,2,126,63,63,0,1.0,50.0,0.0,105,21,0,0,,,,
27190109616,SAMAJBHUSHAN RUNJAJI BHARSAKHALE MAR JR COLLEGE,CLU3600467,CHHATRAPATI SAMBHAJINAGAR,,54,11,81,37,44,0,1.19,54.32,0.0,0,0,0,81,,,,
27190111027,SAMARTH MADHYAMIK VIDYALAYA LADSAVANGI,CLU3600457,CHHATRAPATI SAMBHAJINAGAR,,55,7,63,36,27,0,0.75,42.86,0.0,0,6,57,0,,,,
27190117573,SAMARTH VIDYA MANDIR SATARA PARISAR,CLU3600468,CHHATRAPATI SAMBHAJINAGAR,,53,2,42,22,20,0,0.91,47.62,0.0,34,8,0,0,,,,
27190114202,SAMRAT ASHOK HS,CLU3600462,CHHATRAPATI SAMBHAJINAGAR,,4,5,125,74,51,0,0.69,40.8,0.0,0,3,85,37,,,,
27190117540,SANSKAR BALAK MANDIR P S BEED BYPASS,CLU3600468,CHHATRAPATI SAMBHAJINAGAR,,55,2,281,162,119,0,0.73,42.35,0.0,165,116,0,0,,,,
27190117422,SANSKAR INNOVATIVE ACADEMY,CLU3600465,CHHATRAPATI SAMBHAJINAGAR,,27,2,193,107,86,0,0.8,44.56,0.0,125,68,0,0,,,,
27190103809,SANSKAR MADHYAMIK VIDYALAYA DEOLAI PARISAR,CLU3600468,CHHATRAPATI SAMBHAJINAGAR,,27,8,66,44,22,0,0.5,33.33,0.0,0,0,66,0,,,,
27190107602,SANSKAR PRIMARY SECONDARY AND HIGHER SECONDARY SCHOOL,CLU3600465,CHHATRAPATI SAMBHAJINAGAR,,27,3,10,7,3,0,0.43,30.0,0.0,8,2,0,0,,,,
27190117420,SANSKRUTI GLOBAL PRIMARY UPPER PRIMARY AND SECONDARY SCHOOL SAWANGI,CLU3600460,CHHATRAPATI SAMBHAJINAGAR,,27,3,460,301,159,0,0.53,34.57,0.0,231,112,80,37,,,,
27190119603,SANT DNYANESHWAR P S WADGAON KOLHATI,CLU3600462,CHHATRAPATI SAMBHAJINAGAR,,19,6,120,67,53,0,0.79,44.17,0.0,71,37,12,0,,,,
27190100303,SANT GADGEBABA ASHRMSHALA ANJANDOH,CLU3600463,CHHATRAPATI SAMBHAJINAGAR,,42,6,319,208,111,0,0.53,34.8,0.0,117,97,105,0,,,,
27190113519,SANT KABIR PRIMARY SCHOOL SAWANGI,CLU3600460,CHHATRAPATI SAMBHAJINAGAR,,53,2,247,150,97,0,0.65,39.27,0.0,143,104,0,0,,,,
27190105808,SARASWATI VIDHYAMANDIR,CLU3600462,CHHATRAPATI SAMBHAJINAGAR,,27,3,560,316,244,0,0.77,43.57,0.0,102,46,72,340,,,,
27194100702,SARSWATI KIDS SCHOOL BEED BY PASS ,CLU3600468,CHHATRAPATI SAMBHAJINAGAR,,27,6,3,2,1,0,0.5,33.33,0.0,3,0,0,0,,,,
27190106202,SARVODAY VIDYALAYA,CLU3600469,CHHATRAPATI SAMBHAJINAGAR,,4,3,662,353,309,0,0.88,46.68,0.0,89,265,231,77,,,,
27190120206,SARVODAYA INTERNATIONAL SCHOOL WARUD KAZI,CLU3600467,CHHATRAPATI SAMBHAJINAGAR,,27,3,370,224,146,0,0.65,39.46,0.0,242,78,36,14,,,,
27190112103,SAU SHAHUBAI VIDYAMANDIR,CLU3600465,CHHATRAPATI SAMBHAJINAGAR,,27,3,94,60,34,0,0.57,36.17,0.0,6,4,20,64,,,,
27190109207,SAVITRIBAI FULE P S KARMAD,CLU3600464,CHHATRAPATI SAMBHAJINAGAR,,4,1,108,59,49,0,0.83,45.37,0.0,108,0,0,0,,,,
27190117522,SAVITRIBAI PHULE P S,CLU3600468,CHHATRAPATI SAMBHAJINAGAR,,4,2,27,8,19,0,2.38,70.37,0.0,25,2,0,0,,,,
27190115502,SB HS PIMPRIRAJA,CLU3600471,CHHATRAPATI SAMBHAJINAGAR,,4,3,554,281,273,0,0.97,49.28,0.0,44,212,161,137,,,,
27190103811,SCHOLARS ENGLISH SCHOOL,CLU3600468,CHHATRAPATI SAMBHAJINAGAR,,27,3,135,58,77,0,1.33,57.04,0.0,99,14,14,0,,,,
27190117550,SCHOLARS VALLEY SCHOOL DEOLAI ROAD,CLU3600468,CHHATRAPATI SAMBHAJINAGAR,,27,6,206,122,84,0,0.69,40.78,0.0,75,74,57,0,,,,
27190107806,SECONDARY ASHRAM SCHOOL JATWADA,CLU3600460,CHHATRAPATI SAMBHAJINAGAR,,42,7,350,201,149,0,0.74,42.57,0.0,0,119,231,0,,,,
27190117804,SEETAI PRIDE ENGLISH SCHOOL SUNDARWADI,CLU3600470,CHHATRAPATI SAMBHAJINAGAR,,27,6,292,162,130,0,0.8,44.52,0.0,104,48,140,0,,,,
27190117802,SEETAI PRIDE SCHOOL SUNDARWADI,CLU3600470,CHHATRAPATI SAMBHAJINAGAR,,53,2,204,105,99,0,0.94,48.53,0.0,164,40,0,0,,,,
27190117306,SENT JOSEPH ENGLISH PRIMARY SCHOOL,CLU3600462,CHHATRAPATI SAMBHAJINAGAR,,27,2,861,430,431,0,1.0,50.06,0.0,457,404,0,0,,,,
27190117529,SHAMBHU RAJE MADHYAMIK VIDYALAYA SATARA,CLU3600468,CHHATRAPATI SAMBHAJINAGAR,,55,6,207,136,71,0,0.52,34.3,0.0,20,110,77,0,,,,
27190117584,SHAMBHU RAJE PRATHAMIK VIDYALAYA SATARA,CLU3600468,CHHATRAPATI SAMBHAJINAGAR,,27,1,45,21,24,0,1.14,53.33,0.0,45,0,0,0,,,,
27190105513,SHAMBHURAJE  MADYAMIK VIDYALAYA PIMPALGAON P.,CLU3600458,CHHATRAPATI SAMBHAJINAGAR,,4,3,646,392,254,0,0.65,39.32,0.0,9,96,124,417,,,,
27190117578,SHAMBHURAJE UCCHA MADHYAMIK,CLU3600468,CHHATRAPATI SAMBHAJINAGAR,,27,11,46,23,23,0,1.0,50.0,0.0,0,0,0,46,,,,
27190117505,SHANTINIKETAN PS SATARA PARISAR,CLU3600468,CHHATRAPATI SAMBHAJINAGAR,,4,2,190,97,93,0,0.96,48.95,0.0,125,65,0,0,,,,
27190117509,SHASKIY VIDYANIKETAN PADAMPURA,CLU3600468,CHHATRAPATI SAMBHAJINAGAR,,1,7,108,108,0,0,0.0,0.0,0.0,0,70,38,0,,,,
27190109618,SHENDRA FIVE STAR ENGLISH SCHOOL,CLU3600467,CHHATRAPATI SAMBHAJINAGAR,,27,3,158,83,75,0,0.9,47.47,0.0,86,28,1,3,,,,
27190109222,SHIKSHAN MAHARSHI K B  P JUNIOR COLLEGE KARMAD,CLU3600464,CHHATRAPATI SAMBHAJINAGAR,,19,11,213,126,87,0,0.69,40.85,0.0,0,0,0,213,,,,
27190115402,SHIVCHHATRAPATI MADHYAMIK VIDYALAY,CLU3600457,CHHATRAPATI SAMBHAJINAGAR,,27,8,1,1,0,0,0.0,0.0,0.0,0,0,1,0,,,,
27190100409,SHIVCHHATRPATI VIDYALAYA,CLU3600470,CHHATRAPATI SAMBHAJINAGAR,,4,3,884,484,400,0,0.83,45.25,0.0,22,159,168,535,,,,
27190118905,SHIVTEJ INTERNATIONAL SCHOOL,CLU3600462,CHHATRAPATI SAMBHAJINAGAR,,27,6,147,103,44,0,0.43,29.93,0.0,66,81,0,0,,,,
27190118908,SHIVTEJ VIDYAMANDIR UCHHMADHYAMIK VIDYALAY,CLU3600462,CHHATRAPATI SAMBHAJINAGAR,,27,3,145,99,46,0,0.46,31.72,0.0,39,52,54,0,,,,
27190117523,SHRAVANLAL MODI VIDYALAYA,CLU3600468,CHHATRAPATI SAMBHAJINAGAR,,55,7,126,75,51,0,0.68,40.48,0.0,0,34,92,0,,,,
27190117510,SHRAWANLAL MODI PRIMARY VIDYALAYA,CLU3600468,CHHATRAPATI SAMBHAJINAGAR,,55,2,188,101,87,0,0.86,46.28,0.0,130,58,0,0,,,,
27190104012,"SHREE DNYANDEEP ENGLISH HIGH SCHOOL, DAULATABAD.",CLU3600472,CHHATRAPATI SAMBHAJINAGAR,,27,6,139,91,48,0,0.53,34.53,0.0,34,43,57,0,,,,
27190103813,SHREE SAMARTH PUBLIC SCHOOL,CLU3600468,CHHATRAPATI SAMBHAJINAGAR,,27,6,305,174,131,0,0.75,42.95,0.0,229,75,1,0,,,,
27194100729,SHREE VARDHMAAN VIDYAMANDIR,CLU3600462,CHHATRAPATI SAMBHAJINAGAR,,27,3,0,0,0,0,0.0,0.0,0.0,0,0,0,0,,,,
27190117582,SHREE VENKTESH PUBLIC SCHOOL,CLU3600468,CHHATRAPATI SAMBHAJINAGAR,,4,2,181,106,75,0,0.71,41.44,0.0,89,92,0,0,,,,
27190117605,SHREEYASH PUBLIC SCHOOL,CLU3600468,CHHATRAPATI SAMBHAJINAGAR,,27,3,0,0,0,0,0.0,0.0,0.0,0,0,0,0,,,,
27194100380,SHRESTHA ENGLISH SCHOOL AND JR COLLEGE,CLU3600468,CHHATRAPATI SAMBHAJINAGAR,,27,3,63,37,26,0,0.7,41.27,0.0,63,0,0,0,,,,
27190115304,SHRI DHARESHWER H S PALSHI,CLU3600465,CHHATRAPATI SAMBHAJINAGAR,,4,6,415,248,167,0,0.67,40.24,0.0,0,93,322,0,,,,
27190104603,SHRI TULJA BHAVANI JR. COLLEGE,CLU3600458,CHHATRAPATI SAMBHAJINAGAR,,19,11,0,0,0,0,0.0,0.0,0.0,0,0,0,0,,,,
27190117599,SHRI VENKATESH PUBLIC SCHOOL,CLU3600468,CHHATRAPATI SAMBHAJINAGAR,,27,8,35,18,17,0,0.94,48.57,0.0,0,0,35,0,,,,
27194100538,SHRI VENKATESH PUBLIC SCHOOL ARUNODAY COLONY BEED BYPASS,CLU3600468,CHHATRAPATI SAMBHAJINAGAR,,27,5,61,29,32,0,1.1,52.46,0.0,0,13,45,3,,,,
27190117549,SHRI VENKTESH PUBLIC SCHOOL BEED BY PASS,CLU3600468,CHHATRAPATI SAMBHAJINAGAR,,55,2,220,120,100,0,0.83,45.45,0.0,137,83,0,0,,,,
27190112102,SHRI YOGESHWAR ENGLISH SCHOOL,CLU3600465,CHHATRAPATI SAMBHAJINAGAR,,27,3,391,245,146,0,0.6,37.34,0.0,98,81,106,95,,,,
27190119902,SHRIKRISHNA HS WARZADI,CLU3600467,CHHATRAPATI SAMBHAJINAGAR,,4,6,184,78,106,0,1.36,57.61,0.0,10,79,95,0,,,,
27190119905,SHRIKRUSHNA SECONDARY AND HIGHER SECONDARY SCHOOL,CLU3600467,CHHATRAPATI SAMBHAJINAGAR,,27,11,31,14,17,0,1.21,54.84,0.0,0,0,0,31,,,,
27190113307,SIDDHARTH INTERNATIONAL SCHOOL NIPANI,CLU3600470,CHHATRAPATI SAMBHAJINAGAR,,27,3,28,15,13,0,0.87,46.43,0.0,26,2,0,0,,,,
27190102809,SIDHARTH ASHRAMSHALA CHOUKA,CLU3600466,CHHATRAPATI SAMBHAJINAGAR,,14,2,178,96,82,0,0.85,46.07,0.0,104,74,0,0,,,,
27190102802,SIDHARTH POST BESIC TR ASHRAM SCHOOL,CLU3600466,CHHATRAPATI SAMBHAJINAGAR,,14,5,369,266,103,0,0.39,27.91,0.0,0,41,131,197,,,,
27190111020,SIDHIVINAYAK JUNIOR COLLEGE LADSAWANGI,CLU3600457,CHHATRAPATI SAMBHAJINAGAR,,53,11,347,160,187,0,1.17,53.89,0.0,0,0,0,347,,,,
27190107814,SNT LAWRENCE SUPER THIRTY HIGH.SEC SCHOOL,CLU3600460,CHHATRAPATI SAMBHAJINAGAR,,27,11,282,167,115,0,0.69,40.78,0.0,0,0,0,282,,,,
27190117570,SRI CHAITANYA TECHNO SCHOOL,CLU3600468,CHHATRAPATI SAMBHAJINAGAR,,27,6,655,362,293,0,0.81,44.73,0.0,353,187,104,0,,,,
27190117304,ST JOSEPH ENGLISH SECONDARY AND HIGHER SECONDARY SCHOOL SAJAPUR,CLU3600462,CHHATRAPATI SAMBHAJINAGAR,,27,10,232,134,98,0,0.73,42.24,0.0,0,0,231,1,,,,
27190117424,STEPPING STONE INTERNATIONAL SCHOOL GAT NO 48 JALGAON ROAD SAWANGI,CLU3600460,CHHATRAPATI SAMBHAJINAGAR,,27,3,261,160,101,0,0.63,38.7,0.0,139,79,43,0,,,,
27190117402,STEPPING STONES H S HARSOOL SAWANGI,CLU3600460,CHHATRAPATI SAMBHAJINAGAR,,27,3,951,619,332,0,0.54,34.91,0.0,324,275,262,90,,,,
27190115305,"SUCCESS INTERNATIONAL SCHOOL_x000D_
",CLU3600465,CHHATRAPATI SAMBHAJINAGAR,,27,6,58,37,21,0,0.57,36.21,0.0,21,14,23,0,,,,
27190109619,SUDHIRBHAU MULE PRIMARY SECONCARY AND HIGHER SECONDARY SCHOOL KUMBEPHAL,CLU3600467,CHHATRAPATI SAMBHAJINAGAR,,27,11,79,52,27,0,0.52,34.18,0.0,0,0,0,79,,,,
27194100022,SUNRISE BRILLIANT INTERNATIONAL SCHOOL DEOLAI,CLU3600468,CHHATRAPATI SAMBHAJINAGAR,,27,2,118,61,57,0,0.93,48.31,0.0,105,13,0,0,,,,
27190100306,SUNRISE PRIMARY SCHOOL ADGAON SARAK,CLU3600463,CHHATRAPATI SAMBHAJINAGAR,,27,1,85,54,31,0,0.57,36.47,0.0,79,0,0,0,,,,
27194100743,SUNRISE PUBLIC SCHOOL & JR. COLLEGE,CLU3600463,CHHATRAPATI SAMBHAJINAGAR,,27,1,10,7,3,0,0.43,30.0,0.0,10,0,0,0,,,,
27190107502,SUNRISE PUBLIC SCHOOL HUSAINPUR SHENDRA PARISAR,CLU3600467,CHHATRAPATI SAMBHAJINAGAR,,27,1,47,25,22,0,0.88,46.81,0.0,47,0,0,0,,,,
27190118702,SWAMI BRAHAMANAND P S PIMPRIRAJA,CLU3600471,CHHATRAPATI SAMBHAJINAGAR,,55,1,271,150,121,0,0.81,44.65,0.0,223,0,0,0,,,,
27190115503,SWAMI BRAHMANAND VIDYALAYA,CLU3600471,CHHATRAPATI SAMBHAJINAGAR,,4,6,364,205,159,0,0.78,43.68,0.0,42,175,147,0,,,,
27190115511,SWAMI BRAMHANAND MAHARAJ HIGHER SECONDARY SCHOOL,CLU3600471,CHHATRAPATI SAMBHAJINAGAR,,27,11,84,51,33,0,0.65,39.29,0.0,0,0,0,84,,,,
27190118005,SWAMI PARMANANDAGIRIJI MAHARAJ HIGH SCHOOL,CLU3600472,CHHATRAPATI SAMBHAJINAGAR,,27,8,20,20,0,0,0.0,0.0,0.0,0,0,20,0,,,,
27190118002,SWAMI PARMANANDGIRIJI MAHARAJ GURUKUL SAHRNAPUR,CLU3600472,CHHATRAPATI SAMBHAJINAGAR,,55,2,262,262,0,0,0.0,0.0,0.0,123,139,0,0,,,,
27190104605,SWAMI VIVEKANAND ENGLISH SCHOOL CHITTE-PIMPALGAON,CLU3600458,CHHATRAPATI SAMBHAJINAGAR,,27,6,193,127,66,0,0.52,34.2,0.0,144,44,5,0,,,,
27190104601,SWAMI VIVEKANAND H.S,CLU3600458,CHHATRAPATI SAMBHAJINAGAR,,4,3,996,526,470,0,0.89,47.19,0.0,42,355,363,236,,,,
27190118007,SWAMI VIVEKANAND PUBLIC SCHOOL SHARNAPUR,CLU3600472,CHHATRAPATI SAMBHAJINAGAR,,27,6,451,225,226,0,1.0,50.11,0.0,230,129,92,0,,,,
27190110602,SWARAJ PRATHAMIK VIDHYALAYA,CLU3600461,CHHATRAPATI SAMBHAJINAGAR,,55,2,496,292,204,0,0.7,41.13,0.0,322,174,0,0,,,,
27190122002,SWAYAMSIDDH MATIMAND SHALA,CLU3600462,CHHATRAPATI SAMBHAJINAGAR,,11,1,28,22,6,0,0.27,21.43,0.0,28,0,0,0,,,,
27190106002,SWMI RAMDAS VIDYALAYA,CLU3600462,CHHATRAPATI SAMBHAJINAGAR,,4,3,810,497,313,0,0.63,38.64,0.0,34,129,221,426,,,,
27190115306,Saint Mouny English School,CLU3600465,CHHATRAPATI SAMBHAJINAGAR,,27,3,286,139,147,0,1.06,51.4,0.0,241,45,0,0,,,,
27190109617,Smt. SANTABAI PATIL ACADEMY SCHOOL,CLU3600467,CHHATRAPATI SAMBHAJINAGAR,,27,3,283,158,125,0,0.79,44.17,0.0,130,112,41,0,,,,
27190109902,Sri Sri Ravishankar Vidya Mandir,CLU3600466,CHHATRAPATI SAMBHAJINAGAR,,27,2,2,1,1,0,1.0,50.0,0.0,2,0,0,0,,,,
27190100410,TCH ORCHIDS THE INTERNATIONAL SCHOOL,CLU3600470,CHHATRAPATI SAMBHAJINAGAR,,27,6,237,135,102,0,0.76,43.04,0.0,80,87,70,0,,,,
27190102808,THE BUDDHIST INTERNATIONAL SCHOOL CHOUKA,CLU3600466,CHHATRAPATI SAMBHAJINAGAR,,27,6,379,201,178,0,0.89,46.97,0.0,285,77,17,0,,,,
27190106004,THE DESHMUKH INTERNATIONAL SCHOOL GUT,CLU3600462,CHHATRAPATI SAMBHAJINAGAR,,27,3,360,197,163,0,0.83,45.28,0.0,218,110,32,0,,,,
27190115205,THE JIGISHA INTERNATIONAL SCHOOL,CLU3600465,CHHATRAPATI SAMBHAJINAGAR,,27,3,183,102,81,0,0.79,44.26,0.0,16,27,34,106,,,,
27190117598,THE TESLA ENGLISH SCHOOL AND JR. COLLEGE,CLU3600468,CHHATRAPATI SAMBHAJINAGAR,,27,3,55,36,19,0,0.53,34.55,0.0,7,10,7,31,,,,
27190105902,TRIMBKESHWAR VIDYALAYA GEORAI KUBER,CLU3600464,CHHATRAPATI SAMBHAJINAGAR,,4,3,199,82,117,0,1.43,58.79,0.0,0,42,113,44,,,,
27190113521,TURABUL HAQ URDU HS NAIGAON,CLU3600460,CHHATRAPATI SAMBHAJINAGAR,,55,7,107,43,64,0,1.49,59.81,0.0,0,11,96,0,,,,
27190113528,TURABUL HAQ URDU JR COLLEGE OF ARTS & SCIENCE NAIGAON,CLU3600460,CHHATRAPATI SAMBHAJINAGAR,,27,11,33,13,20,0,1.54,60.61,0.0,0,0,0,33,,,,
27190115308,Talent International School Pisadevi,CLU3600465,CHHATRAPATI SAMBHAJINAGAR,,27,3,114,58,56,0,0.97,49.12,0.0,105,9,0,0,,,,
27190117532,UJWALATAI PAWAR ENGLISH HIGH SCHOOL,CLU3600468,CHHATRAPATI SAMBHAJINAGAR,,27,7,328,194,134,0,0.69,40.85,0.0,0,48,280,0,,,,
27190117571,UJWALATAI PAWAR MADHYAMIK VIDYA MANDIR SATARA PARISAR.,CLU3600468,CHHATRAPATI SAMBHAJINAGAR,,27,8,132,68,64,0,0.94,48.48,0.0,0,0,132,0,,,,
27190117535,UJWALATAI PAWAR PRI ENGLISH SCHOOL,CLU3600468,CHHATRAPATI SAMBHAJINAGAR,,27,2,436,259,177,0,0.68,40.6,0.0,221,215,0,0,,,,
27190117514,UJWALATAI PAWAR PRI VIDYAMANDIR,CLU3600468,CHHATRAPATI SAMBHAJINAGAR,,4,2,536,266,270,0,1.02,50.37,0.0,341,195,0,0,,,,
27190113308,UJWALATAI PAWAR PRIMARY SECONDARY AND HS CBSE SCHOOL NIPANI,CLU3600470,CHHATRAPATI SAMBHAJINAGAR,,27,3,477,296,181,0,0.61,37.95,0.0,190,170,113,4,,,,
27194100575,UNIQUE INTERNATIONAL SCHOOL AND JR COLLEGE BAJAJNAGAR WADGAON KOLHATI,CLU3600462,CHHATRAPATI SAMBHAJINAGAR,,27,3,104,62,42,0,0.68,40.38,0.0,63,32,9,0,,,,
27190100502,URDU PRIMARY SCHOOL ABDIMANDI,CLU3600472,CHHATRAPATI SAMBHAJINAGAR,,19,2,79,26,53,0,2.04,67.09,0.0,50,29,0,0,,,,
27190104007,URDU SECONDARY DAULATABAD,CLU3600472,CHHATRAPATI SAMBHAJINAGAR,,4,7,126,15,111,0,7.4,88.1,0.0,0,47,79,0,,,,
27190118904,V I T ENGLISH SCHOOL TISGAON,CLU3600462,CHHATRAPATI SAMBHAJINAGAR,,27,2,345,193,152,0,0.79,44.06,0.0,227,118,0,0,,,,
27190109104,V.G. ASHRAM SHALA DHARESHWAR,CLU3600461,CHHATRAPATI SAMBHAJINAGAR,,42,1,15,4,11,0,2.75,73.33,0.0,15,0,0,0,,,,
27190109105,V.G.ASHRAM SHALA M S KACHNERTANDA,CLU3600461,CHHATRAPATI SAMBHAJINAGAR,,42,6,77,45,32,0,0.71,41.56,0.0,4,16,57,0,,,,
27190118912,V.I.T. HIGH SCHOOL,CLU3600462,CHHATRAPATI SAMBHAJINAGAR,,27,8,81,44,37,0,0.84,45.68,0.0,0,0,81,0,,,,
27190105802,VAISHALI ASHRAM SCHOOL,CLU3600462,CHHATRAPATI SAMBHAJINAGAR,,42,2,213,114,99,0,0.87,46.48,0.0,130,83,0,0,,,,
27190117608,VIHANG VISHESH MULANCHI SHALA,CLU3600468,CHHATRAPATI SAMBHAJINAGAR,,12,1,87,73,14,0,0.19,16.09,0.0,81,0,0,0,,,,
27190105515,VIJAYA INTERNATIONAL SCHOOL,CLU3600458,CHHATRAPATI SAMBHAJINAGAR,,27,3,400,248,152,0,0.61,38.0,0.0,164,87,55,94,,,,
27190115509,VIJAYA KIDS CASTLE PIMPRIRAJA,CLU3600471,CHHATRAPATI SAMBHAJINAGAR,,27,2,16,9,7,0,0.78,43.75,0.0,12,4,0,0,,,,
27190101306,"VIJAYMALA INTERNATIONAL SCHOOL , CHHATRAPATI SAMBHAJINAGAR",CLU3600468,CHHATRAPATI SAMBHAJINAGAR,,27,3,39,18,21,0,1.17,53.85,0.0,25,14,0,0,,,,
27190113309,VISION PUBLIC SCHOOL NIPANI BEED ROAD AURANGABAD,CLU3600470,CHHATRAPATI SAMBHAJINAGAR,,27,3,164,89,75,0,0.84,45.73,0.0,96,52,15,1,,,,
27190117542,VISVESVARAYYA INTERNATIONAL SCHOOL,CLU3600468,CHHATRAPATI SAMBHAJINAGAR,,27,2,103,65,38,0,0.58,36.89,0.0,75,28,0,0,,,,
27190118602,VJBJ SHIVGAD TANDA,CLU3600468,CHHATRAPATI SAMBHAJINAGAR,,42,1,21,7,14,0,2.0,66.67,0.0,21,0,0,0,,,,
27190105303,Vidyashilp Public  School,CLU3600467,CHHATRAPATI SAMBHAJINAGAR,,27,3,246,150,96,0,0.64,39.02,0.0,120,77,38,11,,,,
27190101305,Vivgyor Pride  School,CLU3600468,CHHATRAPATI SAMBHAJINAGAR,,27,2,75,49,26,0,0.53,34.67,0.0,65,10,0,0,,,,
27190111026,WASTALYA ENGLISH SCHOOL LADSAVANGI,CLU3600457,CHHATRAPATI SAMBHAJINAGAR,,27,6,32,19,13,0,0.68,40.62,0.0,28,4,0,0,,,,
27190106108,WEL-COME MODERN ENGLISH SCHOOL,CLU3600468,CHHATRAPATI SAMBHAJINAGAR,,27,1,129,81,48,0,0.59,37.21,0.0,129,0,0,0,,,,
27190117302,WISDOM ENGLISH HIGH SCHOOL AND JUNIOR COLLEGE,CLU3600462,CHHATRAPATI SAMBHAJINAGAR,,27,3,328,165,163,0,0.99,49.7,0.0,203,75,50,0,,,,
27190113529,WISE ENGLISH SCHOOL,CLU3600472,CHHATRAPATI SAMBHAJINAGAR,,27,3,321,198,123,0,0.62,38.32,0.0,165,98,48,10,,,,
27190118307,WOCKHARDT GLOBAL SCHOOL CBSE,CLU3600467,CHHATRAPATI SAMBHAJINAGAR,,27,3,208,124,84,0,0.68,40.38,0.0,104,42,42,20,,,,
27190118308,WOCKHARDT GLOBAL SCHOOL IB,CLU3600467,CHHATRAPATI SAMBHAJINAGAR,,27,3,296,176,120,0,0.68,40.54,0.0,146,81,42,20,,,,
27190113306,Y B SCHOOL & JR COLLEGE,CLU3600470,CHHATRAPATI SAMBHAJINAGAR,,27,3,11,9,2,0,0.22,18.18,0.0,0,0,0,11,,,,
27190104017,Z P C P S DAULTABAD URDU,CLU3600472,CHHATRAPATI SAMBHAJINAGAR,,16,2,34,16,18,0,1.12,52.94,0.0,25,9,0,0,,,,
27190109228,Z P C P S KARMAD URDU,CLU3600464,CHHATRAPATI SAMBHAJINAGAR,,16,2,84,30,54,0,1.8,64.29,0.0,53,31,0,0,,,,
27190111024,Z P C P S LADSAWANGI URDU,CLU3600457,CHHATRAPATI SAMBHAJINAGAR,,16,6,141,41,100,0,2.44,70.92,0.0,82,39,20,0,,,,
27190114213,Z P C P S PANDHARPUR URDU,CLU3600462,CHHATRAPATI SAMBHAJINAGAR,,16,6,211,56,155,0,2.77,73.46,0.0,137,74,0,0,,,,
27190115510,Z P C P S PIMPRIRAJA URDU,CLU3600471,CHHATRAPATI SAMBHAJINAGAR,,16,6,131,38,93,0,2.45,70.99,0.0,81,41,9,0,,,,
27190117525,Z P H S KANYA AURANGPURA URDU,,CHHATRAPATI SAMBHAJINAGAR,,16,6,35,20,15,0,0.75,42.86,0.0,0,1,34,0,,,,
27190105703,Z P P S GADEJALGAON URDU,CLU3600464,CHHATRAPATI SAMBHAJINAGAR,,16,6,288,110,178,0,1.62,61.81,0.0,126,87,75,0,,,,
27190106109,Z P P S GANDHELI URDU,CLU3600468,CHHATRAPATI SAMBHAJINAGAR,,16,6,182,59,123,0,2.08,67.58,0.0,90,72,20,0,,,,
27190107815,Z P P S JATWADA URDU,CLU3600460,CHHATRAPATI SAMBHAJINAGAR,,16,1,35,5,30,0,6.0,85.71,0.0,35,0,0,0,,,,
27190113204,Z P P S NAIGAON URDU,CLU3600460,CHHATRAPATI SAMBHAJINAGAR,,16,6,894,400,494,0,1.24,55.26,0.0,420,288,186,0,,,,
27190117310,Z P P S SAJAPUR URDU,CLU3600462,CHHATRAPATI SAMBHAJINAGAR,,16,6,415,111,304,0,2.74,73.25,0.0,187,150,78,0,,,,
27190117419,Z P P S SAWANGI URDU,CLU3600460,CHHATRAPATI SAMBHAJINAGAR,,16,6,292,106,186,0,1.75,63.7,0.0,157,109,26,0,,,,
27190119611,Z P P S WADGAON KH URDU,CLU3600462,CHHATRAPATI SAMBHAJINAGAR,,16,6,161,49,112,0,2.29,69.57,0.0,96,65,0,0,,,,
27190117543,ZIKRA URDU PRIMARY SCHOOL BEED BYPASS,CLU3600468,CHHATRAPATI SAMBHAJINAGAR,,53,2,203,41,162,0,3.95,79.8,0.0,139,64,0,0,,,,
27190117508,"ZP MULTIPURPOSE  HIGH SCHOOL SATARA DEVLAI CHH.SAMBHAJINAGAR_x000D_
",CLU3600468,CHHATRAPATI SAMBHAJINAGAR,,16,7,248,101,147,0,1.46,59.27,0.0,0,66,182,0,,,,
27190104502,ZPPS DHOPATESHWARWADI,CLU3600460,CHHATRAPATI SAMBHAJINAGAR,,16,1,16,8,8,0,1.0,50.0,0.0,16,0,0,0,,,,
27190118101,ZPPS SHENDRABAN,CLU3600467,CHHATRAPATI SAMBHAJINAGAR,,16,2,174,78,96,0,1.23,55.17,0.0,111,63,0,0,,,,
27190100401,ZPPSA ADGAON BK CPS,CLU3600470,CHHATRAPATI SAMBHAJINAGAR,,16,1,117,56,61,0,1.09,52.14,0.0,117,0,0,0,,,,
27190100602,ZPPSA ADGAON TANDA,CLU3600463,CHHATRAPATI SAMBHAJINAGAR,,16,1,28,13,15,0,1.15,53.57,0.0,28,0,0,0,,,,
27190108002,ZPPSA ANANDNAGARI,CLU3600459,CHHATRAPATI SAMBHAJINAGAR,,16,1,8,3,5,0,1.67,62.5,0.0,8,0,0,0,,,,
27190100102,ZPPSA ANJANDOH TANDA,CLU3600463,CHHATRAPATI SAMBHAJINAGAR,,16,1,14,4,10,0,2.5,71.43,0.0,14,0,0,0,,,,
27190121602,ZPPSA APATGAON NO 2,CLU3600458,CHHATRAPATI SAMBHAJINAGAR,,16,1,41,24,17,0,0.71,41.46,0.0,41,0,0,0,,,,
27190102602,ZPPSA BABUWADI CHARTHA,CLU3600457,CHHATRAPATI SAMBHAJINAGAR,,16,1,35,21,14,0,0.67,40.0,0.0,35,0,0,0,,,,
27190109603,ZPPSA BADDUNAIK TANDA 2,CLU3600467,CHHATRAPATI SAMBHAJINAGAR,,16,1,24,12,12,0,1.0,50.0,0.0,24,0,0,0,,,,
27190114203,ZPPSA BAJAJNAGAR,CLU3600462,CHHATRAPATI SAMBHAJINAGAR,,16,1,26,14,12,0,0.86,46.15,0.0,26,0,0,0,,,,
27190101701,ZPPSA BAKAPUR,CLU3600465,CHHATRAPATI SAMBHAJINAGAR,,16,1,107,59,48,0,0.81,44.86,0.0,107,0,0,0,,,,
27190100302,ZPPSA BALDI TANDA,CLU3600463,CHHATRAPATI SAMBHAJINAGAR,,16,1,13,5,8,0,1.6,61.54,0.0,13,0,0,0,,,,
27190121502,ZPPSA BALUNAIK TANDA,CLU3600470,CHHATRAPATI SAMBHAJINAGAR,,16,1,4,1,3,0,3.0,75.0,0.0,4,0,0,0,,,,
27190122201,ZPPSA BANWADI TANDA,CLU3600460,CHHATRAPATI SAMBHAJINAGAR,,16,1,37,23,14,0,0.61,37.84,0.0,37,0,0,0,,,,
27190102401,ZPPSA BEGANAIK TANDA,CLU3600468,CHHATRAPATI SAMBHAJINAGAR,,16,1,10,5,5,0,1.0,50.0,0.0,10,0,0,0,,,,
27190102301,ZPPSA BEMBLAWADI,CLU3600461,CHHATRAPATI SAMBHAJINAGAR,,16,1,16,5,11,0,2.2,68.75,0.0,16,0,0,0,,,,
27190102201,ZPPSA BHIMNAGAR,CLU3600471,CHHATRAPATI SAMBHAJINAGAR,,16,1,44,25,19,0,0.76,43.18,0.0,44,0,0,0,,,,
27190101601,ZPPSA BHINDON TANDA,CLU3600468,CHHATRAPATI SAMBHAJINAGAR,,16,1,24,13,11,0,0.85,45.83,0.0,24,0,0,0,,,,
27190102001,ZPPSA BHOGALWADI,CLU3600457,CHHATRAPATI SAMBHAJINAGAR,,16,1,30,13,17,0,1.31,56.67,0.0,30,0,0,0,,,,
27190111006,ZPPSA BHOGALWADI NO 2,CLU3600457,CHHATRAPATI SAMBHAJINAGAR,,16,2,148,70,78,0,1.11,52.7,0.0,39,109,0,0,,,,
27190111017,ZPPSA BIROBA VASTI,CLU3600457,CHHATRAPATI SAMBHAJINAGAR,,16,1,14,4,10,0,2.5,71.43,0.0,14,0,0,0,,,,
27190102501,ZPPSA BORWADI,CLU3600463,CHHATRAPATI SAMBHAJINAGAR,,16,1,28,17,11,0,0.65,39.29,0.0,28,0,0,0,,,,
27190101401,ZPPSA BORWADI TANDA,CLU3600463,CHHATRAPATI SAMBHAJINAGAR,,16,1,27,14,13,0,0.93,48.15,0.0,27,0,0,0,,,,
27190119904,ZPPSA BRAHMANKHORA 3,CLU3600467,CHHATRAPATI SAMBHAJINAGAR,,16,1,8,2,6,0,3.0,75.0,0.0,8,0,0,0,,,,
27190102601,ZPPSA CHARTHA,CLU3600457,CHHATRAPATI SAMBHAJINAGAR,,16,1,58,22,36,0,1.64,62.07,0.0,58,0,0,0,,,,
27190105508,ZPPSA CHAWALI GAWALI VASTI,CLU3600458,CHHATRAPATI SAMBHAJINAGAR,,16,1,12,5,7,0,1.4,58.33,0.0,12,0,0,0,,,,
27190113511,ZPPSA CHIMANPIRWADI,CLU3600460,CHHATRAPATI SAMBHAJINAGAR,,16,1,22,6,16,0,2.67,72.73,0.0,22,0,0,0,,,,
27190103101,ZPPSA CHINCHOLI TANDA,CLU3600470,CHHATRAPATI SAMBHAJINAGAR,,16,1,31,17,14,0,0.82,45.16,0.0,31,0,0,0,,,,
27190102701,ZPPSA CHITTA TANDA,CLU3600460,CHHATRAPATI SAMBHAJINAGAR,,16,1,11,4,7,0,1.75,63.64,0.0,11,0,0,0,,,,
27190102702,ZPPSA CHITTA TANDA VASTI,CLU3600460,CHHATRAPATI SAMBHAJINAGAR,,16,1,16,8,8,0,1.0,50.0,0.0,16,0,0,0,,,,
27190103201,ZPPSA CHITTEGAON,CLU3600458,CHHATRAPATI SAMBHAJINAGAR,,16,1,10,7,3,0,0.43,30.0,0.0,10,0,0,0,,,,
27190104602,ZPPSA CHITTEPIMPALGAON,CLU3600458,CHHATRAPATI SAMBHAJINAGAR,,16,1,66,32,34,0,1.06,51.52,0.0,66,0,0,0,,,,
27190102901,ZPPSA CHOUKAWADI,CLU3600466,CHHATRAPATI SAMBHAJINAGAR,,16,2,80,45,35,0,0.78,43.75,0.0,61,19,0,0,,,,
27190103601,ZPPSA DARAKWADI,CLU3600469,CHHATRAPATI SAMBHAJINAGAR,,16,1,36,14,22,0,1.57,61.11,0.0,36,0,0,0,,,,
27190103401,ZPPSA DAREGAON,CLU3600459,CHHATRAPATI SAMBHAJINAGAR,,16,1,19,11,8,0,0.73,42.11,0.0,19,0,0,0,,,,
27190109608,ZPPSA DATTANAGAR VASTI,CLU3600467,CHHATRAPATI SAMBHAJINAGAR,,16,1,23,10,13,0,1.3,56.52,0.0,23,0,0,0,,,,
27190109604,ZPPSA DATTAWADI VASTI,CLU3600467,CHHATRAPATI SAMBHAJINAGAR,,16,1,45,24,21,0,0.88,46.67,0.0,45,0,0,0,,,,
27190103901,ZPPSA DEMANI,CLU3600459,CHHATRAPATI SAMBHAJINAGAR,,16,1,41,21,20,0,0.95,48.78,0.0,41,0,0,0,,,,
27190117503,ZPPSA DEOLAI TANDA,CLU3600468,CHHATRAPATI SAMBHAJINAGAR,,16,1,24,14,10,0,0.71,41.67,0.0,24,0,0,0,,,,
27190104005,ZPPSA DHARAMPUR,CLU3600472,CHHATRAPATI SAMBHAJINAGAR,,16,1,20,14,6,0,0.43,30.0,0.0,20,0,0,0,,,,
27190104701,ZPPSA DHAWALAPURI,CLU3600459,CHHATRAPATI SAMBHAJINAGAR,,16,1,70,32,38,0,1.19,54.29,0.0,70,0,0,0,,,,
27190104501,ZPPSA DHOPTESHWAR,CLU3600460,CHHATRAPATI SAMBHAJINAGAR,,16,1,34,24,10,0,0.42,29.41,0.0,34,0,0,0,,,,
27190103703,ZPPSA DHUDHADWADI DUDHAD,CLU3600464,CHHATRAPATI SAMBHAJINAGAR,,16,1,18,10,8,0,0.8,44.44,0.0,18,0,0,0,,,,
27190119903,ZPPSA DIGGA TANDA WARZADI,CLU3600467,CHHATRAPATI SAMBHAJINAGAR,,16,1,29,19,10,0,0.53,34.48,0.0,29,0,0,0,,,,
27190104302,ZPPSA DONWADA TANDA,CLU3600463,CHHATRAPATI SAMBHAJINAGAR,,16,1,11,4,7,0,1.75,63.64,0.0,11,0,0,0,,,,
27190105001,ZPPSA EKLAHARA,CLU3600471,CHHATRAPATI SAMBHAJINAGAR,,16,1,26,12,14,0,1.17,53.85,0.0,26,0,0,0,,,,
27190104901,ZPPSA EKOD TANDA,CLU3600470,CHHATRAPATI SAMBHAJINAGAR,,16,1,21,5,16,0,3.2,76.19,0.0,21,0,0,0,,,,
27190115701,ZPPSA FAJALWADI,CLU3600457,CHHATRAPATI SAMBHAJINAGAR,,16,1,80,47,33,0,0.7,41.25,0.0,80,0,0,0,,,,
27190108602,ZPPSA GANESHPUR,CLU3600457,CHHATRAPATI SAMBHAJINAGAR,,16,1,9,6,3,0,0.5,33.33,0.0,9,0,0,0,,,,
27190105301,ZPPSA GANGAPUR,CLU3600467,CHHATRAPATI SAMBHAJINAGAR,,16,1,68,28,40,0,1.43,58.82,0.0,68,0,0,0,,,,
27190106501,ZPPSA GANGAPUR N,CLU3600462,CHHATRAPATI SAMBHAJINAGAR,,16,1,40,22,18,0,0.82,45.0,0.0,40,0,0,0,,,,
27190122101,ZPPSA GARKHEDA NO 2,CLU3600471,CHHATRAPATI SAMBHAJINAGAR,,16,1,26,12,14,0,1.17,53.85,0.0,26,0,0,0,,,,
27190105401,ZPPSA GAVANDARI TANDA,CLU3600460,CHHATRAPATI SAMBHAJINAGAR,,16,1,38,14,24,0,1.71,63.16,0.0,38,0,0,0,,,,
27190102604,ZPPSA GAWALIMATHA SELUD,CLU3600457,CHHATRAPATI SAMBHAJINAGAR,,16,1,40,23,17,0,0.74,42.5,0.0,40,0,0,0,,,,
27190107001,ZPPSA GHARDON TANDA,CLU3600461,CHHATRAPATI SAMBHAJINAGAR,,16,1,43,21,22,0,1.05,51.16,0.0,43,0,0,0,,,,
27190106901,ZPPSA GHAREGAON P,CLU3600471,CHHATRAPATI SAMBHAJINAGAR,,16,2,119,62,57,0,0.92,47.9,0.0,85,34,0,0,,,,
27190105505,ZPPSA GOKULWADI,CLU3600458,CHHATRAPATI SAMBHAJINAGAR,,16,1,20,11,9,0,0.82,45.0,0.0,20,0,0,0,,,,
27190109609,ZPPSA GOKULWADI VASTI,CLU3600467,CHHATRAPATI SAMBHAJINAGAR,,16,1,36,20,16,0,0.8,44.44,0.0,36,0,0,0,,,,
27190106206,ZPPSA GOVARDHAN NAGAR,CLU3600469,CHHATRAPATI SAMBHAJINAGAR,,16,1,28,10,18,0,1.8,64.29,0.0,28,0,0,0,,,,
27190107301,ZPPSA HASNABAD WADI,CLU3600459,CHHATRAPATI SAMBHAJINAGAR,,16,1,35,18,17,0,0.94,48.57,0.0,35,0,0,0,,,,
27190107201,ZPPSA HIRAPUR,CLU3600467,CHHATRAPATI SAMBHAJINAGAR,,16,1,24,11,13,0,1.18,54.17,0.0,24,0,0,0,,,,
27190107401,ZPPSA HIVRA,CLU3600464,CHHATRAPATI SAMBHAJINAGAR,,16,1,17,6,11,0,1.83,64.71,0.0,17,0,0,0,,,,
27190105101,ZPPSA ISLAMPUR WADI,CLU3600460,CHHATRAPATI SAMBHAJINAGAR,,16,1,18,8,10,0,1.25,55.56,0.0,18,0,0,0,,,,
27190108302,ZPPSA JADGAON NO 2,CLU3600464,CHHATRAPATI SAMBHAJINAGAR,,16,1,18,6,12,0,2.0,66.67,0.0,18,0,0,0,,,,
27190103702,ZPPSA JADHAVWADI DUDHAD,CLU3600464,CHHATRAPATI SAMBHAJINAGAR,,16,1,20,9,11,0,1.22,55.0,0.0,20,0,0,0,,,,
27190107901,ZPPSA JATWADA TANDA,CLU3600460,CHHATRAPATI SAMBHAJINAGAR,,16,1,24,9,15,0,1.67,62.5,0.0,24,0,0,0,,,,
27190111008,ZPPSA JINING PRESING,CLU3600457,CHHATRAPATI SAMBHAJINAGAR,,16,1,22,9,13,0,1.44,59.09,0.0,22,0,0,0,,,,
27190108101,ZPPSA JOGWADA,CLU3600460,CHHATRAPATI SAMBHAJINAGAR,,16,1,30,18,12,0,0.67,40.0,0.0,30,0,0,0,,,,
27190109004,ZPPSA KACHNER TANDA NO 1,CLU3600461,CHHATRAPATI SAMBHAJINAGAR,,16,1,10,8,2,0,0.25,20.0,0.0,10,0,0,0,,,,
27190109101,ZPPSA KACHNER TANDA NO 2,CLU3600461,CHHATRAPATI SAMBHAJINAGAR,,16,1,14,10,4,0,0.4,28.57,0.0,14,0,0,0,,,,
27190109102,ZPPSA KACHNER TANDA NO 5,CLU3600461,CHHATRAPATI SAMBHAJINAGAR,,16,1,13,4,9,0,2.25,69.23,0.0,13,0,0,0,,,,
27190108601,ZPPSA KANCHNAPUR,CLU3600457,CHHATRAPATI SAMBHAJINAGAR,,16,1,13,8,5,0,0.62,38.46,0.0,13,0,0,0,,,,
27190108603,ZPPSA KANCHNAPUR ZOPADPATTI,CLU3600457,CHHATRAPATI SAMBHAJINAGAR,,16,1,23,14,9,0,0.64,39.13,0.0,23,0,0,0,,,,
27190108901,ZPPSA KARODI,CLU3600472,CHHATRAPATI SAMBHAJINAGAR,,16,1,59,28,31,0,1.11,52.54,0.0,59,0,0,0,,,,
27190110401,ZPPSA KAUDGAON A,CLU3600469,CHHATRAPATI SAMBHAJINAGAR,,16,1,37,19,18,0,0.95,48.65,0.0,37,0,0,0,,,,
27190109701,ZPPSA KESAPURI,CLU3600472,CHHATRAPATI SAMBHAJINAGAR,,16,1,37,19,18,0,0.95,48.65,0.0,37,0,0,0,,,,
27190109801,ZPPSA KESAPURI TANDA,CLU3600472,CHHATRAPATI SAMBHAJINAGAR,,16,2,40,20,20,0,1.0,50.0,0.0,33,7,0,0,,,,
27190106208,ZPPSA KHARICHA MALA,CLU3600469,CHHATRAPATI SAMBHAJINAGAR,,16,1,8,4,4,0,1.0,50.0,0.0,8,0,0,0,,,,
27190110201,ZPPSA KOLTHAN,CLU3600466,CHHATRAPATI SAMBHAJINAGAR,,16,1,31,14,17,0,1.21,54.84,0.0,31,0,0,0,,,,
27190112001,ZPPSA LALWADI,CLU3600469,CHHATRAPATI SAMBHAJINAGAR,,16,1,26,18,8,0,0.44,30.77,0.0,26,0,0,0,,,,
27190111501,ZPPSA LAMKANA TANDA,CLU3600463,CHHATRAPATI SAMBHAJINAGAR,,16,1,2,2,0,0,0.0,0.0,0.0,2,0,0,0,,,,
27190111401,ZPPSA LAMKANA WADI,CLU3600457,CHHATRAPATI SAMBHAJINAGAR,,16,1,12,4,8,0,2.0,66.67,0.0,12,0,0,0,,,,
27190111901,ZPPSA LANDAKWADI,CLU3600461,CHHATRAPATI SAMBHAJINAGAR,,16,1,16,8,8,0,1.0,50.0,0.0,16,0,0,0,,,,
27190100405,ZPPSA LOKHANDEWADI VASTI,CLU3600470,CHHATRAPATI SAMBHAJINAGAR,,16,1,12,7,5,0,0.71,41.67,0.0,12,0,0,0,,,,
27190105002,ZPPSA MAHAMADPUR  EKLAHARA,CLU3600471,CHHATRAPATI SAMBHAJINAGAR,,16,1,20,10,10,0,1.0,50.0,0.0,20,0,0,0,,,,
27190113001,ZPPSA MALKAPUR,CLU3600471,CHHATRAPATI SAMBHAJINAGAR,,16,1,23,14,9,0,0.64,39.13,0.0,23,0,0,0,,,,
27190105512,ZPPSA MAULI NAGAR,CLU3600458,CHHATRAPATI SAMBHAJINAGAR,,16,1,17,7,10,0,1.43,58.82,0.0,17,0,0,0,,,,
27190117502,ZPPSA MAULINAGAR DEOLAI,CLU3600468,CHHATRAPATI SAMBHAJINAGAR,,16,1,21,9,12,0,1.33,57.14,0.0,21,0,0,0,,,,
27190113508,ZPPSA MOHDARA WADI,CLU3600460,CHHATRAPATI SAMBHAJINAGAR,,16,1,23,8,15,0,1.88,65.22,0.0,23,0,0,0,,,,
27190121802,ZPPSA MURUMKHEDA WADI,CLU3600464,CHHATRAPATI SAMBHAJINAGAR,,16,1,22,10,12,0,1.2,54.55,0.0,22,0,0,0,,,,
27190113202,ZPPSA NAIGAVAN,CLU3600463,CHHATRAPATI SAMBHAJINAGAR,,16,1,42,27,15,0,0.56,35.71,0.0,42,0,0,0,,,,
27190109612,ZPPSA NATHNAGAR VASTI,CLU3600467,CHHATRAPATI SAMBHAJINAGAR,,16,1,21,9,12,0,1.33,57.14,0.0,21,0,0,0,,,,
27190120002,ZPPSA NATHNAGAR WADKHA,CLU3600467,CHHATRAPATI SAMBHAJINAGAR,,16,1,19,10,9,0,0.9,47.37,0.0,19,0,0,0,,,,
27190115601,ZPPSA PABAL TANDA,CLU3600463,CHHATRAPATI SAMBHAJINAGAR,,16,1,23,11,12,0,1.09,52.17,0.0,23,0,0,0,,,,
27190105702,ZPPSA PADUL VASTI,CLU3600464,CHHATRAPATI SAMBHAJINAGAR,,16,1,17,8,9,0,1.12,52.94,0.0,17,0,0,0,,,,
27190115103,ZPPSA PALASHI TANDA NO 2,CLU3600465,CHHATRAPATI SAMBHAJINAGAR,,16,1,42,21,21,0,1.0,50.0,0.0,42,0,0,0,,,,
27190106204,ZPPSA PALATYACHIWADI,CLU3600469,CHHATRAPATI SAMBHAJINAGAR,,16,1,14,8,6,0,0.75,42.86,0.0,14,0,0,0,,,,
27190115102,ZPPSA PALSHI TANDA NO 1,CLU3600465,CHHATRAPATI SAMBHAJINAGAR,,16,1,14,11,3,0,0.27,21.43,0.0,14,0,0,0,,,,
27190114401,ZPPSA PANDHARI TANDA,CLU3600458,CHHATRAPATI SAMBHAJINAGAR,,16,1,4,4,0,0,0.0,0.0,0.0,4,0,0,0,,,,
27190105507,ZPPSA PANDHARI TANDA NO 1,CLU3600458,CHHATRAPATI SAMBHAJINAGAR,,16,1,20,11,9,0,0.82,45.0,0.0,20,0,0,0,,,,
27190105511,ZPPSA PANDHARI TANDA NO 2,CLU3600458,CHHATRAPATI SAMBHAJINAGAR,,16,1,29,15,14,0,0.93,48.28,0.0,29,0,0,0,,,,
27190114601,ZPPSA PARDARI,CLU3600470,CHHATRAPATI SAMBHAJINAGAR,,16,1,27,13,14,0,1.08,51.85,0.0,27,0,0,0,,,,
27190114701,ZPPSA PARDARI TANDA,CLU3600470,CHHATRAPATI SAMBHAJINAGAR,,16,1,23,17,6,0,0.35,26.09,0.0,23,0,0,0,,,,
27190118903,ZPPSA PARIJATNAGAR,CLU3600462,CHHATRAPATI SAMBHAJINAGAR,,16,1,31,19,12,0,0.63,38.71,0.0,31,0,0,0,,,,
27190109007,ZPPSA PAWAR VASTI,CLU3600461,CHHATRAPATI SAMBHAJINAGAR,,16,1,14,6,8,0,1.33,57.14,0.0,14,0,0,0,,,,
27190111007,ZPPSA PAWARMALA,CLU3600457,CHHATRAPATI SAMBHAJINAGAR,,16,1,43,20,23,0,1.15,53.49,0.0,43,0,0,0,,,,
27190111009,ZPPSA PETHAWARIL VASTI,CLU3600457,CHHATRAPATI SAMBHAJINAGAR,,16,1,88,45,43,0,0.96,48.86,0.0,88,0,0,0,,,,
27190109006,ZPPSA PHULAMBRI WADI,CLU3600461,CHHATRAPATI SAMBHAJINAGAR,,16,1,15,6,9,0,1.5,60.0,0.0,15,0,0,0,,,,
27190113801,ZPPSA PIMPALGAON P,CLU3600458,CHHATRAPATI SAMBHAJINAGAR,,16,1,18,7,11,0,1.57,61.11,0.0,18,0,0,0,,,,
27190114901,ZPPSA PIRWADI,CLU3600467,CHHATRAPATI SAMBHAJINAGAR,,16,2,68,29,39,0,1.34,57.35,0.0,60,8,0,0,,,,
27190113509,ZPPSA RAGHWANAND MATHPATI,CLU3600460,CHHATRAPATI SAMBHAJINAGAR,,16,1,18,8,10,0,1.25,55.56,0.0,18,0,0,0,,,,
27190115901,ZPPSA RAHATPATTI TANDA,CLU3600460,CHHATRAPATI SAMBHAJINAGAR,,16,1,33,15,18,0,1.2,54.55,0.0,33,0,0,0,,,,
27190115302,ZPPSA RAHULNAGAR,CLU3600465,CHHATRAPATI SAMBHAJINAGAR,,16,1,26,15,11,0,0.73,42.31,0.0,26,0,0,0,,,,
27190106205,ZPPSA RAJALEWASTI,CLU3600469,CHHATRAPATI SAMBHAJINAGAR,,16,1,47,23,24,0,1.04,51.06,0.0,47,0,0,0,,,,
27190116001,ZPPSA RAMPURI,CLU3600472,CHHATRAPATI SAMBHAJINAGAR,,16,1,39,20,19,0,0.95,48.72,0.0,39,0,0,0,,,,
27190116101,ZPPSA RAMWADI K,CLU3600459,CHHATRAPATI SAMBHAJINAGAR,,16,1,21,12,9,0,0.75,42.86,0.0,21,0,0,0,,,,
27190116201,ZPPSA RAMWADI L,CLU3600457,CHHATRAPATI SAMBHAJINAGAR,,16,2,76,35,41,0,1.17,53.95,0.0,36,40,0,0,,,,
27190116401,ZPPSA SAHASTRAMULI,CLU3600468,CHHATRAPATI SAMBHAJINAGAR,,16,1,19,7,12,0,1.71,63.16,0.0,19,0,0,0,,,,
27190117101,ZPPSA SAROLA,CLU3600466,CHHATRAPATI SAMBHAJINAGAR,,16,1,15,6,9,0,1.5,60.0,0.0,15,0,0,0,,,,
27190102603,ZPPSA SELUD,CLU3600457,CHHATRAPATI SAMBHAJINAGAR,,16,1,30,11,19,0,1.73,63.33,0.0,30,0,0,0,,,,
27190102605,ZPPSA SELUD ZOPADPATTI,CLU3600457,CHHATRAPATI SAMBHAJINAGAR,,16,1,25,15,10,0,0.67,40.0,0.0,25,0,0,0,,,,
27190118501,ZPPSA SHAMWADI,CLU3600465,CHHATRAPATI SAMBHAJINAGAR,,16,1,41,26,15,0,0.58,36.59,0.0,41,0,0,0,,,,
27190118502,ZPPSA SHAMWADI NO 3,CLU3600465,CHHATRAPATI SAMBHAJINAGAR,,16,1,34,18,16,0,0.89,47.06,0.0,34,0,0,0,,,,
27190118203,ZPPSA SHEKTA ZOPADPATTI,CLU3600459,CHHATRAPATI SAMBHAJINAGAR,,16,1,30,15,15,0,1.0,50.0,0.0,30,0,0,0,,,,
27190118401,ZPPSA SHEVGA,CLU3600464,CHHATRAPATI SAMBHAJINAGAR,,16,1,127,52,75,0,1.44,59.06,0.0,127,0,0,0,,,,
27190103902,ZPPSA SHEVGAWADI DEMANI,CLU3600459,CHHATRAPATI SAMBHAJINAGAR,,16,1,13,10,3,0,0.3,23.08,0.0,13,0,0,0,,,,
27190117901,ZPPSA SHIRASMAL,CLU3600472,CHHATRAPATI SAMBHAJINAGAR,,16,1,20,8,12,0,1.5,60.0,0.0,20,0,0,0,,,,
27190118302,ZPPSA SHIVAJI NAGAR SHENDRA K,CLU3600467,CHHATRAPATI SAMBHAJINAGAR,,16,1,29,19,10,0,0.53,34.48,0.0,29,0,0,0,,,,
27190113504,ZPPSA SUBHASHNAGAR,CLU3600460,CHHATRAPATI SAMBHAJINAGAR,,16,1,48,35,13,0,0.37,27.08,0.0,48,0,0,0,,,,
27190120203,ZPPSA SULTANPUR WARUDKAZI,CLU3600467,CHHATRAPATI SAMBHAJINAGAR,,16,1,41,12,29,0,2.42,70.73,0.0,41,0,0,0,,,,
27190117801,ZPPSA SUNDARWADI,CLU3600470,CHHATRAPATI SAMBHAJINAGAR,,16,1,29,18,11,0,0.61,37.93,0.0,29,0,0,0,,,,
27190116501,ZPPSA SYEDPUR,CLU3600457,CHHATRAPATI SAMBHAJINAGAR,,16,1,12,4,8,0,2.0,66.67,0.0,12,0,0,0,,,,
27190116502,ZPPSA SYEDPUR ZOPADPATTI,CLU3600457,CHHATRAPATI SAMBHAJINAGAR,,16,1,23,10,13,0,1.3,56.52,0.0,23,0,0,0,,,,
27190119201,ZPPSA TAKLI SHIMPI,CLU3600470,CHHATRAPATI SAMBHAJINAGAR,,16,1,19,11,8,0,0.73,42.11,0.0,19,0,0,0,,,,
27190111015,ZPPSA UBALE MALA,CLU3600457,CHHATRAPATI SAMBHAJINAGAR,,16,1,18,7,11,0,1.57,61.11,0.0,18,0,0,0,,,,
27190115507,ZPPSA UCHALATI VASTI,CLU3600471,CHHATRAPATI SAMBHAJINAGAR,,16,1,17,10,7,0,0.7,41.18,0.0,17,0,0,0,,,,
27190120301,ZPPSA WADACHI WADI GOLATGAON,CLU3600469,CHHATRAPATI SAMBHAJINAGAR,,16,1,22,10,12,0,1.2,54.55,0.0,22,0,0,0,,,,
27190122301,ZPPSA WADACHI WADI OHAR,CLU3600460,CHHATRAPATI SAMBHAJINAGAR,,16,1,22,10,12,0,1.2,54.55,0.0,22,0,0,0,,,,
27190118205,ZPPSA WAHEGAON ZOPADPATTI,CLU3600459,CHHATRAPATI SAMBHAJINAGAR,,16,1,11,6,5,0,0.83,45.45,0.0,11,0,0,0,,,,
27190120201,ZPPSA WARUDKAZI,CLU3600467,CHHATRAPATI SAMBHAJINAGAR,,16,1,132,58,74,0,1.28,56.06,0.0,132,0,0,0,,,,
27190106207,ZPPSA ZINGDARI,CLU3600469,CHHATRAPATI SAMBHAJINAGAR,,16,1,5,4,1,0,0.25,20.0,0.0,5,0,0,0,,,,
27190108003,ZPPSA ZOPADPATTI JALGAON FERAN,CLU3600459,CHHATRAPATI SAMBHAJINAGAR,,16,1,51,24,27,0,1.12,52.94,0.0,51,0,0,0,,,,
27190109205,ZPPSA ZOPADPATTI KARMAD,CLU3600464,CHHATRAPATI SAMBHAJINAGAR,,16,1,28,10,18,0,1.8,64.29,0.0,28,0,0,0,,,,
27190100501,ZPUPSA ABDIMANDI,CLU3600472,CHHATRAPATI SAMBHAJINAGAR,,16,2,93,59,34,0,0.58,36.56,0.0,61,32,0,0,,,,
27190100601,ZPUPSA ADGAON KH,CLU3600471,CHHATRAPATI SAMBHAJINAGAR,,16,2,223,98,125,0,1.28,56.05,0.0,133,90,0,0,,,,
27190100301,ZPUPSA ADGAON SARAK CPS,CLU3600463,CHHATRAPATI SAMBHAJINAGAR,,16,2,164,75,89,0,1.19,54.27,0.0,111,53,0,0,,,,
27190100101,ZPUPSA ANJANDOH,CLU3600463,CHHATRAPATI SAMBHAJINAGAR,,16,2,14,6,8,0,1.33,57.14,0.0,14,0,0,0,,,,
27190121601,ZPUPSA APATGAON NO 1,CLU3600458,CHHATRAPATI SAMBHAJINAGAR,,16,2,113,45,68,0,1.51,60.18,0.0,86,27,0,0,,,,
27190100801,ZPUPSA AURANGPUR,CLU3600457,CHHATRAPATI SAMBHAJINAGAR,,16,2,127,58,69,0,1.19,54.33,0.0,76,51,0,0,,,,
27190101301,ZPUPSA BALAPUR,CLU3600468,CHHATRAPATI SAMBHAJINAGAR,,16,2,19,11,8,0,0.73,42.11,0.0,19,0,0,0,,,,
27190101901,ZPUPSA BANGAON,CLU3600464,CHHATRAPATI SAMBHAJINAGAR,,16,2,218,108,110,0,1.02,50.46,0.0,134,84,0,0,,,,
27190102101,ZPUPSA BENWADI,CLU3600459,CHHATRAPATI SAMBHAJINAGAR,,16,2,106,45,61,0,1.36,57.55,0.0,78,28,0,0,,,,
27190101001,ZPUPSA BHALGAON,CLU3600458,CHHATRAPATI SAMBHAJINAGAR,,16,2,135,51,84,0,1.65,62.22,0.0,93,42,0,0,,,,
27190101801,ZPUPSA BHAMBARDA,CLU3600464,CHHATRAPATI SAMBHAJINAGAR,,16,2,149,57,92,0,1.61,61.74,0.0,75,74,0,0,,,,
27190101501,ZPUPSA BHINDON,CLU3600468,CHHATRAPATI SAMBHAJINAGAR,,16,2,105,52,53,0,1.02,50.48,0.0,32,73,0,0,,,,
27190103301,ZPUPSA CHAVANI GIRL,CLU3600468,CHHATRAPATI SAMBHAJINAGAR,,16,2,97,48,49,0,1.02,50.52,0.0,53,44,0,0,,,,
27190121501,ZPUPSA CHINCHOLI,CLU3600470,CHHATRAPATI SAMBHAJINAGAR,,16,2,113,60,53,0,0.88,46.9,0.0,51,62,0,0,,,,
27190102801,ZPUPSA CHOUKA CPS,CLU3600466,CHHATRAPATI SAMBHAJINAGAR,,16,2,339,159,180,0,1.13,53.1,0.0,207,132,0,0,,,,
27190104001,ZPUPSA DAULATABAD CPS,CLU3600472,CHHATRAPATI SAMBHAJINAGAR,,16,2,35,16,19,0,1.19,54.29,0.0,25,10,0,0,,,,
27190104201,ZPUPSA DAYGAVAN,CLU3600471,CHHATRAPATI SAMBHAJINAGAR,,16,2,102,48,54,0,1.12,52.94,0.0,62,40,0,0,,,,
27190103801,ZPUPSA DEOLAI,CLU3600468,CHHATRAPATI SAMBHAJINAGAR,,16,2,94,55,39,0,0.71,41.49,0.0,76,18,0,0,,,,
27190121701,ZPUPSA DHONKHEDA,CLU3600466,CHHATRAPATI SAMBHAJINAGAR,,16,1,36,18,18,0,1.0,50.0,0.0,36,0,0,0,,,,
27190104301,ZPUPSA DONWADA,CLU3600463,CHHATRAPATI SAMBHAJINAGAR,,16,2,130,63,67,0,1.06,51.54,0.0,63,67,0,0,,,,
27190103701,ZPUPSA DUDHAD,CLU3600464,CHHATRAPATI SAMBHAJINAGAR,,16,6,245,106,139,0,1.31,56.73,0.0,127,113,5,0,,,,
27190104801,ZPUPSA EKOD,CLU3600470,CHHATRAPATI SAMBHAJINAGAR,,16,2,36,18,18,0,1.0,50.0,0.0,20,16,0,0,,,,
27190105701,ZPUPSA GADHEJALGAON,CLU3600464,CHHATRAPATI SAMBHAJINAGAR,,16,2,223,118,105,0,0.89,47.09,0.0,134,89,0,0,,,,
27190105601,ZPUPSA GADIWAT,CLU3600461,CHHATRAPATI SAMBHAJINAGAR,,16,6,529,270,259,0,0.96,48.96,0.0,210,202,117,0,,,,
27190106101,ZPUPSA GANDHELI,CLU3600468,CHHATRAPATI SAMBHAJINAGAR,,16,2,245,146,99,0,0.68,40.41,0.0,178,67,0,0,,,,
27190105501,ZPUPSA GARKHEDA NO 1 CPS,CLU3600458,CHHATRAPATI SAMBHAJINAGAR,,16,2,138,69,69,0,1.0,50.0,0.0,90,48,0,0,,,,
27190105801,ZPUPSA GEORAI BK,CLU3600462,CHHATRAPATI SAMBHAJINAGAR,,16,2,167,71,96,0,1.35,57.49,0.0,128,39,0,0,,,,
27190105901,ZPUPSA GEORAI KH,CLU3600464,CHHATRAPATI SAMBHAJINAGAR,,16,2,122,55,67,0,1.22,54.92,0.0,79,43,0,0,,,,
27190106801,ZPUPSA GHARDON,CLU3600461,CHHATRAPATI SAMBHAJINAGAR,,16,2,114,63,51,0,0.81,44.74,0.0,79,35,0,0,,,,
27190106001,ZPUPSA GIRNERA TANDA,CLU3600462,CHHATRAPATI SAMBHAJINAGAR,,16,2,215,82,133,0,1.62,61.86,0.0,138,77,0,0,,,,
27190106203,ZPUPSA GOLATGAON CPS,CLU3600469,CHHATRAPATI SAMBHAJINAGAR,,16,1,153,78,75,0,0.96,49.02,0.0,153,0,0,0,,,,
27190106401,ZPUPSA GOLWADI,CLU3600462,CHHATRAPATI SAMBHAJINAGAR,,16,2,126,72,54,0,0.75,42.86,0.0,77,49,0,0,,,,
27190106301,ZPUPSA GOPALPUR,CLU3600465,CHHATRAPATI SAMBHAJINAGAR,,16,2,105,50,55,0,1.1,52.38,0.0,72,33,0,0,,,,
27190107101,ZPUPSA HATMALI,CLU3600457,CHHATRAPATI SAMBHAJINAGAR,,16,2,207,97,110,0,1.13,53.14,0.0,120,87,0,0,,,,
27190107501,ZPUPSA HUSAINPUR,CLU3600471,CHHATRAPATI SAMBHAJINAGAR,,16,2,21,12,9,0,0.75,42.86,0.0,16,5,0,0,,,,
27190108301,ZPUPSA JADGAON,CLU3600464,CHHATRAPATI SAMBHAJINAGAR,,16,2,132,59,73,0,1.24,55.3,0.0,80,52,0,0,,,,
27190107701,ZPUPSA JAIPUR,CLU3600464,CHHATRAPATI SAMBHAJINAGAR,,16,2,61,26,35,0,1.35,57.38,0.0,33,28,0,0,,,,
27190108001,ZPUPSA JALGAON FERAN,CLU3600459,CHHATRAPATI SAMBHAJINAGAR,,16,2,166,79,87,0,1.1,52.41,0.0,70,96,0,0,,,,
27190107801,ZPUPSA JATWADA,CLU3600460,CHHATRAPATI SAMBHAJINAGAR,,16,2,114,51,63,0,1.24,55.26,0.0,66,48,0,0,,,,
27190107601,ZPUPSA JODWADI,CLU3600461,CHHATRAPATI SAMBHAJINAGAR,,16,2,86,51,35,0,0.69,40.7,0.0,57,29,0,0,,,,
27190110901,ZPUPSA KACHCHE GHATI,CLU3600465,CHHATRAPATI SAMBHAJINAGAR,,16,2,101,56,45,0,0.8,44.55,0.0,57,44,0,0,,,,
27190109001,ZPUPSA KACHNER CPS,CLU3600461,CHHATRAPATI SAMBHAJINAGAR,,16,2,145,77,68,0,0.88,46.9,0.0,101,44,0,0,,,,
27190109301,ZPUPSA KADRABAD,CLU3600461,CHHATRAPATI SAMBHAJINAGAR,,16,2,203,105,98,0,0.93,48.28,0.0,129,74,0,0,,,,
27190108701,ZPUPSA KANKORA,CLU3600466,CHHATRAPATI SAMBHAJINAGAR,,16,1,23,12,11,0,0.92,47.83,0.0,23,0,0,0,,,,
27190108801,ZPUPSA KARANJGAON,CLU3600459,CHHATRAPATI SAMBHAJINAGAR,,16,2,160,69,91,0,1.32,56.88,0.0,98,62,0,0,,,,
27190109401,ZPUPSA KARHOL,CLU3600469,CHHATRAPATI SAMBHAJINAGAR,,16,2,105,54,51,0,0.94,48.57,0.0,61,44,0,0,,,,
27190109201,ZPUPSA KARMAD CPS,CLU3600464,CHHATRAPATI SAMBHAJINAGAR,,16,2,187,101,86,0,0.85,45.99,0.0,156,31,0,0,,,,
27190110301,ZPUPSA KAUDGAON J,CLU3600469,CHHATRAPATI SAMBHAJINAGAR,,16,2,100,52,48,0,0.92,48.0,0.0,55,45,0,0,,,,
27190110501,ZPUPSA KHAMKHEDA,CLU3600466,CHHATRAPATI SAMBHAJINAGAR,,16,2,63,29,34,0,1.17,53.97,0.0,40,23,0,0,,,,
27190110601,ZPUPSA KHODEGAON,CLU3600461,CHHATRAPATI SAMBHAJINAGAR,,16,2,145,69,76,0,1.1,52.41,0.0,107,38,0,0,,,,
27190110001,ZPUPSA KOLGHAR,CLU3600471,CHHATRAPATI SAMBHAJINAGAR,,16,2,89,37,52,0,1.41,58.43,0.0,53,36,0,0,,,,
27190110101,ZPUPSA KONEWADI,CLU3600459,CHHATRAPATI SAMBHAJINAGAR,,16,2,88,33,55,0,1.67,62.5,0.0,61,27,0,0,,,,
27190109901,ZPUPSA KRUSHNAPURWADI,CLU3600466,CHHATRAPATI SAMBHAJINAGAR,,16,2,72,40,32,0,0.8,44.44,0.0,57,15,0,0,,,,
27190109601,ZPUPSA KUMBHEPHAL CPS,CLU3600467,CHHATRAPATI SAMBHAJINAGAR,,16,2,806,397,409,0,1.03,50.74,0.0,560,246,0,0,,,,
27190111201,ZPUPSA LADGAON,CLU3600467,CHHATRAPATI SAMBHAJINAGAR,,16,2,154,70,84,0,1.2,54.55,0.0,86,68,0,0,,,,
27190111001,ZPUPSA LADSAWANGI CPS,CLU3600457,CHHATRAPATI SAMBHAJINAGAR,,16,2,72,29,43,0,1.48,59.72,0.0,72,0,0,0,,,,
27190111701,ZPUPSA LAIGAON,CLU3600458,CHHATRAPATI SAMBHAJINAGAR,,16,2,82,45,37,0,0.82,45.12,0.0,60,22,0,0,,,,
27190111301,ZPUPSA LAMKANA,CLU3600463,CHHATRAPATI SAMBHAJINAGAR,,16,2,115,42,73,0,1.74,63.48,0.0,71,44,0,0,,,,
27190111101,ZPUPSA LINGDARI,CLU3600463,CHHATRAPATI SAMBHAJINAGAR,,16,2,88,41,47,0,1.15,53.41,0.0,35,53,0,0,,,,
27190112101,ZPUPSA MAHALPIMPRI,CLU3600465,CHHATRAPATI SAMBHAJINAGAR,,16,2,126,65,61,0,0.94,48.41,0.0,72,54,0,0,,,,
27190112402,ZPUPSA MAHOLI,CLU3600463,CHHATRAPATI SAMBHAJINAGAR,,16,6,534,226,308,0,1.36,57.68,0.0,273,158,103,0,,,,
27190112501,ZPUPSA MALIWADA,CLU3600472,CHHATRAPATI SAMBHAJINAGAR,,16,2,428,220,208,0,0.95,48.6,0.0,300,128,0,0,,,,
27190112601,ZPUPSA MANDKI,CLU3600465,CHHATRAPATI SAMBHAJINAGAR,,16,2,149,62,87,0,1.4,58.39,0.0,81,68,0,0,,,,
27190112201,ZPUPSA MANGRUL,CLU3600464,CHHATRAPATI SAMBHAJINAGAR,,16,2,120,56,64,0,1.14,53.33,0.0,73,47,0,0,,,,
27190112801,ZPUPSA MORHIRA,CLU3600466,CHHATRAPATI SAMBHAJINAGAR,,16,1,41,15,26,0,1.73,63.41,0.0,41,0,0,0,,,,
27190121801,ZPUPSA MURUMKHEDA,CLU3600464,CHHATRAPATI SAMBHAJINAGAR,,16,2,252,126,126,0,1.0,50.0,0.0,132,120,0,0,,,,
27190113401,ZPUPSA NAGONYACHIWADI,CLU3600469,CHHATRAPATI SAMBHAJINAGAR,,16,2,64,31,33,0,1.06,51.56,0.0,47,17,0,0,,,,
27190121901,ZPUPSA NAIGAON,CLU3600460,CHHATRAPATI SAMBHAJINAGAR,,16,2,385,242,143,0,0.59,37.14,0.0,261,124,0,0,,,,
27190113301,ZPUPSA NIPANI,CLU3600470,CHHATRAPATI SAMBHAJINAGAR,,16,2,95,40,55,0,1.38,57.89,0.0,65,30,0,0,,,,
27190113501,ZPUPSA OHAR CPS,CLU3600460,CHHATRAPATI SAMBHAJINAGAR,,16,2,144,60,84,0,1.4,58.33,0.0,107,37,0,0,,,,
27190114801,ZPUPSA PACHOD,CLU3600458,CHHATRAPATI SAMBHAJINAGAR,,16,2,82,45,37,0,0.82,45.12,0.0,60,22,0,0,,,,
27190115101,ZPUPSA PALASHI,CLU3600465,CHHATRAPATI SAMBHAJINAGAR,,16,2,276,145,131,0,0.9,47.46,0.0,156,120,0,0,,,,
27190114301,ZPUPSA PANDHARI P,CLU3600458,CHHATRAPATI SAMBHAJINAGAR,,16,2,68,32,36,0,1.12,52.94,0.0,45,23,0,0,,,,
27190114201,ZPUPSA PANDHARPUR CPS,CLU3600462,CHHATRAPATI SAMBHAJINAGAR,,16,2,560,287,273,0,0.95,48.75,0.0,339,221,0,0,,,,
27190114101,ZPUPSA PATODA,CLU3600462,CHHATRAPATI SAMBHAJINAGAR,,16,6,286,146,140,0,0.96,48.95,0.0,107,125,54,0,,,,
27190115401,ZPUPSA PIMPALKHUNTA,CLU3600457,CHHATRAPATI SAMBHAJINAGAR,,16,2,99,52,47,0,0.9,47.47,0.0,65,34,0,0,,,,
27190115501,ZPUPSA PIMPRIRAJA CPS,CLU3600471,CHHATRAPATI SAMBHAJINAGAR,,16,2,225,110,115,0,1.05,51.11,0.0,225,0,0,0,,,,
27190115301,ZPUPSA PISADEVI CPS,CLU3600465,CHHATRAPATI SAMBHAJINAGAR,,16,2,154,81,73,0,0.9,47.4,0.0,96,58,0,0,,,,
27190115201,ZPUPSA POKHARI,CLU3600465,CHHATRAPATI SAMBHAJINAGAR,,16,2,77,37,40,0,1.08,51.95,0.0,52,25,0,0,,,,
27190114001,ZPUPSA POPHALA,CLU3600466,CHHATRAPATI SAMBHAJINAGAR,,16,2,22,13,9,0,0.69,40.91,0.0,22,0,0,0,,,,
27190116301,ZPUPSA RAMPUR,CLU3600465,CHHATRAPATI SAMBHAJINAGAR,,16,1,40,18,22,0,1.22,55.0,0.0,40,0,0,0,,,,
27190117301,ZPUPSA SAJAPUR,CLU3600462,CHHATRAPATI SAMBHAJINAGAR,,16,6,503,274,229,0,0.84,45.53,0.0,269,178,56,0,,,,
27190117201,ZPUPSA SANJKHEDA,CLU3600458,CHHATRAPATI SAMBHAJINAGAR,,16,2,76,34,42,0,1.24,55.26,0.0,43,33,0,0,,,,
27190116901,ZPUPSA SATALA,CLU3600466,CHHATRAPATI SAMBHAJINAGAR,,16,2,91,44,47,0,1.07,51.65,0.0,52,39,0,0,,,,
27190116601,ZPUPSA SATANA,CLU3600464,CHHATRAPATI SAMBHAJINAGAR,,16,2,79,39,40,0,1.03,50.63,0.0,44,35,0,0,,,,
27190117501,ZPUPSA SATARA CPS,CLU3600468,CHHATRAPATI SAMBHAJINAGAR,,16,2,565,287,278,0,0.97,49.2,0.0,347,218,0,0,,,,
27190117601,ZPUPSA SATARA TANDA,CLU3600468,CHHATRAPATI SAMBHAJINAGAR,,16,2,42,16,26,0,1.62,61.9,0.0,29,13,0,0,,,,
27190117401,ZPUPSA SAWANGI,CLU3600460,CHHATRAPATI SAMBHAJINAGAR,,16,2,177,108,69,0,0.64,38.98,0.0,129,48,0,0,,,,
27190118001,ZPUPSA SHARNAPUR,CLU3600472,CHHATRAPATI SAMBHAJINAGAR,,16,2,231,109,122,0,1.12,52.81,0.0,126,105,0,0,,,,
27190118201,ZPUPSA SHEKTA CPS,CLU3600459,CHHATRAPATI SAMBHAJINAGAR,,16,2,219,92,127,0,1.38,57.99,0.0,114,105,0,0,,,,
27190118301,ZPUPSA SHENDRA KAMANGAR,CLU3600467,CHHATRAPATI SAMBHAJINAGAR,,16,2,371,179,192,0,1.07,51.75,0.0,193,178,0,0,,,,
27190117701,ZPUPSA SINDHON,CLU3600468,CHHATRAPATI SAMBHAJINAGAR,,16,2,130,71,59,0,0.83,45.38,0.0,79,51,0,0,,,,
27190119101,ZPUPSA TAKLI MALI,CLU3600471,CHHATRAPATI SAMBHAJINAGAR,,16,2,54,21,33,0,1.57,61.11,0.0,38,16,0,0,,,,
27190119301,ZPUPSA TAKLI VAIDYA,CLU3600470,CHHATRAPATI SAMBHAJINAGAR,,16,2,104,53,51,0,0.96,49.04,0.0,53,51,0,0,,,,
27190118901,ZPUPSA TISGAON,CLU3600462,CHHATRAPATI SAMBHAJINAGAR,,16,2,238,104,134,0,1.29,56.3,0.0,144,94,0,0,,,,
27190119001,ZPUPSA TONGAON,CLU3600467,CHHATRAPATI SAMBHAJINAGAR,,16,2,73,35,38,0,1.09,52.05,0.0,41,32,0,0,,,,
27190119601,ZPUPSA WADGAON KH,CLU3600462,CHHATRAPATI SAMBHAJINAGAR,,16,2,54,40,14,0,0.35,25.93,0.0,54,0,0,0,,,,
27190119602,ZPUPSA WADGAON KOLHATI,CLU3600462,CHHATRAPATI SAMBHAJINAGAR,,16,2,344,144,200,0,1.39,58.14,0.0,219,125,0,0,,,,
27190120001,ZPUPSA WADKHA,CLU3600467,CHHATRAPATI SAMBHAJINAGAR,,16,2,59,31,28,0,0.9,47.46,0.0,36,23,0,0,,,,
27190120101,ZPUPSA WAHEGAON,CLU3600459,CHHATRAPATI SAMBHAJINAGAR,,16,2,101,46,55,0,1.2,54.46,0.0,46,55,0,0,,,,
27190122001,ZPUPSA WALADGAON,CLU3600462,CHHATRAPATI SAMBHAJINAGAR,,16,2,202,88,114,0,1.3,56.44,0.0,121,81,0,0,,,,
27190119501,ZPUPSA WANJARWADI,CLU3600472,CHHATRAPATI SAMBHAJINAGAR,,16,1,26,11,15,0,1.36,57.69,0.0,26,0,0,0,,,,
27190119901,ZPUPSA WARZADI,CLU3600467,CHHATRAPATI SAMBHAJINAGAR,,16,2,134,59,75,0,1.27,55.97,0.0,85,49,0,0,,,,
27190120401,ZPUPSA ZALTA,CLU3600470,CHHATRAPATI SAMBHAJINAGAR,,16,2,207,94,113,0,1.2,54.59,0.0,145,62,0,0,,,,
27190111002,ZPUPtoHSA LADSAWANGI HS,CLU3600457,CHHATRAPATI SAMBHAJINAGAR,,16,3,715,349,366,0,1.05,51.19,0.0,18,247,359,91,,,,
27190117552,ZPUPtoSA KANYA HS GIRLS,CLU3600468,CHHATRAPATI SAMBHAJINAGAR,,16,6,125,68,57,0,0.84,45.6,0.0,1,26,98,0,,,,
27190114102,sahyadri school,CLU3600462,CHHATRAPATI SAMBHAJINAGAR,,27,3,225,128,97,0,0.76,43.11,0.0,73,72,80,0,,,,
27190119607,wood stock international school,CLU3600462,CHHATRAPATI SAMBHAJINAGAR,,27,1,7,4,3,0,0.75,42.86,0.0,7,0,0,0,,,,
27190204108,A P J ABDUL KALAM PRIMARY SECONDARY AND HR SECONDARY ENGLISH SCHOOL DHOREGAON,CLU3600490,GANGAPUR,,27,3,40,40,0,0,0.0,0.0,0.0,25,15,0,0,,,,
27190204107,A P J ABDUL KALAM PRIMARY SECONDARY AND HR SECONDARY URDU SCHOOL DHOREGAON,CLU3600490,GANGAPUR,,27,3,91,2,89,0,44.5,97.8,0.0,21,53,17,0,,,,
27190219425,AGRAGANYA PUBLIC SCHOOL,CLU3600483,GANGAPUR,,27,3,842,466,376,0,0.81,44.66,0.0,488,208,137,9,,,,
27190219477,ALPHONSA ENGLISH HIGH SCHOOL BAJAJ NAGAR,CLU3600483,GANGAPUR,,27,7,778,462,316,0,0.68,40.62,0.0,0,252,526,0,,,,
27190219448,ALPHONSA ENGLISH SCHOOL M.I.D.C WALUJ,CLU3600483,GANGAPUR,,27,2,1211,689,522,0,0.76,43.1,0.0,814,397,0,0,,,,
27190207207,AMARDEEP PS JOGESHWARI,CLU3600483,GANGAPUR,,54,2,291,150,141,0,0.94,48.45,0.0,206,85,0,0,,,,
27190221113,ASHTVINAYAK PUBLIC SCHOOL WADGAON KO BAJAJNAGAR,CLU3600483,GANGAPUR,,27,3,14,10,4,0,0.4,28.57,0.0,2,10,2,0,,,,
27190217102,ASRAM SHALA SHIVRAI,CLU3600483,GANGAPUR,,42,2,218,122,96,0,0.79,44.04,0.0,124,94,0,0,,,,
27190200710,ATHARVA EDUCATION OF GROUP,CLU3600489,GANGAPUR,,27,3,202,117,85,0,0.73,42.08,0.0,56,62,39,45,,,,
27190207205,ATI ENGLISH HS JOGESHWARI,,GANGAPUR,,27,8,2,2,0,0,0.0,0.0,0.0,0,0,2,0,,,,
27190207204,ATI ENGLISH PS JOGESHWARI,,GANGAPUR,,27,2,5,2,3,0,1.5,60.0,0.0,4,1,0,0,,,,
27194100744,AVISHKAR ENGLISH SCHOOL,CLU3600476,GANGAPUR,,27,3,121,79,42,0,0.53,34.71,0.0,83,32,6,0,,,,
27190200809,Anjana School of Excellence,CLU3600478,GANGAPUR,,27,3,86,50,36,0,0.72,41.86,0.0,54,32,0,0,,,,
27190200808,Anjana School of Excellence State Board,CLU3600478,GANGAPUR,,27,3,513,333,180,0,0.54,35.09,0.0,188,198,97,30,,,,
27194100434,"B M G ARTS COMM, & SCIENCE JR. COLLEGE GANGAPUR",CLU3600485,GANGAPUR,,27,11,134,108,26,0,0.24,19.4,0.0,0,0,0,134,,,,
27190219463,BASWANTRAO PATIL ENGLISH SCHOOL RANJANGAON S P,CLU3600483,GANGAPUR,,27,2,267,163,104,0,0.64,38.95,0.0,183,84,0,0,,,,
27190214416,BASWANTRAO PATIL SECONDARY SCHOOL RANJANGAON S P,CLU3600483,GANGAPUR,,27,8,62,33,29,0,0.88,46.77,0.0,0,0,62,0,,,,
27190219450,BHAGWAN MAHAVIR ENGLISH BAJAJ NAGAR,CLU3600483,GANGAPUR,,27,2,105,49,56,0,1.14,53.33,0.0,80,25,0,0,,,,
27190219434,BHAGWAN MAHAVIR MARATHI SCHOOLBAJANGAR,CLU3600483,GANGAPUR,,19,6,299,156,143,0,0.92,47.83,0.0,157,142,0,0,,,,
27190221105,BHAGWAN MAHAVIR MARATHI SECONDARY SCHOOL BAJAJ NAGAR,CLU3600483,GANGAPUR,,27,6,92,53,39,0,0.74,42.39,0.0,0,0,92,0,,,,
27190219423,BHAIROMAL TANWANI VID. BAJAJ NAGAR,CLU3600483,GANGAPUR,,4,2,2464,1312,1152,0,0.88,46.75,0.0,1611,853,0,0,,,,
27190204926,BHARAT RATNA MOTHER TERESA SEC. ENGLISH SCHOOL,CLU3600484,GANGAPUR,,27,7,229,160,69,0,0.43,30.13,0.0,0,71,158,0,,,,
27190204911,BHARAT RATNA MOTHER TERESSA ENGLISH SCHOOL,CLU3600484,GANGAPUR,,27,2,506,308,198,0,0.64,39.13,0.0,347,159,0,0,,,,
27190221117,BHONDWE PATIL SCHOOL BAJAJNAGAR,CLU3600483,GANGAPUR,,27,3,1243,721,522,0,0.72,42.0,0.0,660,355,228,0,,,,
27190206102,CHAPTRAPATI  VID.GURUDHANORA,CLU3600475,GANGAPUR,,55,6,165,70,95,0,1.36,57.58,0.0,0,25,140,0,,,,
27190208913,CHATE ENGLISH SCHOOL LASURSTATION,CLU3600476,GANGAPUR,,27,1,216,138,78,0,0.57,36.11,0.0,216,0,0,0,,,,
27190206104,CHATRAPATI INTERNATIONAL SCHOOL GURUDHANORA,CLU3600475,GANGAPUR,,27,3,18,6,12,0,2.0,66.67,0.0,5,13,0,0,,,,
27190206103,CHATRAPATI JR COLLEGE GURUDHANORA,CLU3600475,GANGAPUR,,27,11,8,3,5,0,1.67,62.5,0.0,0,0,0,8,,,,
27190207206,CHATRAPATI SHAHU MAHARAJ PS,CLU3600483,GANGAPUR,,55,2,635,362,273,0,0.75,42.99,0.0,348,287,0,0,,,,
27190216202,CHH.SHIVAJI PREPRATORY HIGH SCHOOL,CLU3600478,GANGAPUR,,27,7,74,73,1,0,0.01,1.35,0.0,0,11,63,0,,,,
27190216203,CHH.SHIVAJI PREPRATORY JR.COLLEGE,CLU3600478,GANGAPUR,,54,11,479,342,137,0,0.4,28.6,0.0,0,0,0,479,,,,
27190204914,CHHATRAPATI SHIVAJI.VIDYALAYA PACHPIRWADI,CLU3600480,GANGAPUR,,55,5,165,78,87,0,1.12,52.73,0.0,0,22,91,52,,,,
27190200803,DADASAHEB CHAVAN PATIL ASEGAON,CLU3600478,GANGAPUR,,27,2,364,217,147,0,0.68,40.38,0.0,225,139,0,0,,,,
27190214412,DAKSHAYANI MADHYAMIK VIDYALAYA RANJANGAON S. P.,CLU3600483,GANGAPUR,,27,8,142,73,69,0,0.95,48.59,0.0,0,0,142,0,,,,
27190219453,DAKSHAYANI VID MANDIR RANJANGAON S.P,CLU3600483,GANGAPUR,,55,2,686,353,333,0,0.94,48.54,0.0,432,254,0,0,,,,
27190205740,DAWANDE VIDYALAYA,CLU3600483,GANGAPUR,,27,3,316,188,128,0,0.68,40.51,0.0,112,96,19,89,,,,
27190200806,DEFENCE CAREER ACADEMY ,CLU3600478,GANGAPUR,,27,3,134,120,14,0,0.12,10.45,0.0,9,18,36,71,,,,
27190200805,DEFENCE CARRER ACADEMY SAINIK SCHOOL ,CLU3600478,GANGAPUR,,27,3,688,466,222,0,0.48,32.27,0.0,68,259,255,106,,,,
27190204921,DEOGIRI GLOBAL ACADEMY GANGAPUR,CLU3600484,GANGAPUR,,27,6,574,382,192,0,0.5,33.45,0.0,327,162,84,0,,,,
27190217802,DEVIDAS PAWAR VIDYA MANDIR TAKALI,CLU3600485,GANGAPUR,,27,1,8,5,3,0,0.6,37.5,0.0,8,0,0,0,,,,
27190204906,DNYAN PRABODHINI PUBLIC SCHOOL,CLU3600484,GANGAPUR,,4,2,419,312,107,0,0.34,25.54,0.0,321,98,0,0,,,,
27190205718,DNYANBHAVAN ENGLISH SCHOOL WADGAON KO,CLU3600483,GANGAPUR,,27,3,990,550,440,0,0.8,44.44,0.0,414,300,191,85,,,,
27190205737,DNYANDEEP ENGLISH SCHOOL MIDC AREA WALUJ,CLU3600483,GANGAPUR,,27,6,121,64,57,0,0.89,47.11,0.0,115,6,0,0,,,,
27190211602,DNYANDEEP PUBLIC SCHOOL NAIGAON,CLU3600483,GANGAPUR,,27,1,171,105,66,0,0.63,38.6,0.0,171,0,0,0,,,,
27190205713,DR ABDUL KALAM URDU SCHOOL WALUJ,CLU3600483,GANGAPUR,,27,1,6,4,2,0,0.5,33.33,0.0,6,0,0,0,,,,
27190205727,Dhananjay Mahavidyalay Waluj Tq Gangapur Dist Aurangabad,,GANGAPUR,,19,3,10,6,4,0,0.67,40.0,0.0,10,0,0,0,,,,
27190220209,EKTA PUBLIC SCHOOL TURKABAD,CLU3600481,GANGAPUR,,27,3,307,207,100,0,0.48,32.57,0.0,117,96,59,17,,,,
27190219427,EUREKA INFOSYS SCHOOL,CLU3600483,GANGAPUR,,27,3,782,436,346,0,0.79,44.25,0.0,478,201,103,0,,,,
27190200708,EVERGREEN ENGLISH SCHOOL AMBELOHAL,CLU3600489,GANGAPUR,,27,1,14,10,4,0,0.4,28.57,0.0,14,0,0,0,,,,
27190202603,FIRST SUCCESS KNOWLEDGE CENTER,CLU3600484,GANGAPUR,,27,3,110,70,40,0,0.57,36.36,0.0,51,9,3,47,,,,
27190219411,GAINT'S VIDYA MANDIR P S P 65 MIDC,CLU3600483,GANGAPUR,,19,2,50,27,23,0,0.85,46.0,0.0,39,11,0,0,,,,
27190219485,GAINTS HIGH SCHOOL WALUJ,CLU3600483,GANGAPUR,,19,7,162,74,88,0,1.19,54.32,0.0,0,6,156,0,,,,
27190214427,GALAXY ENGLISH SCHOOL RANJANGAON SP,CLU3600483,GANGAPUR,,27,3,66,40,26,0,0.65,39.39,0.0,54,12,0,0,,,,
27190205710,GALAXY INTERNATIONAL HIGH SCHOOL WALUJ,CLU3600483,GANGAPUR,,27,6,154,103,51,0,0.5,33.12,0.0,91,40,23,0,,,,
27190208909,GANESH VIDYA MANDIR LASUR ST.,CLU3600476,GANGAPUR,,54,2,422,230,192,0,0.83,45.5,0.0,257,165,0,0,,,,
27190219420,GANGOTRI HINDI PS BAJAJ NAGAR,CLU3600483,GANGAPUR,,19,2,212,116,96,0,0.83,45.28,0.0,163,49,0,0,,,,
27190205739,GARUDZEP PUBLIC SCHOOL,CLU3600483,GANGAPUR,,27,3,79,68,11,0,0.16,13.92,0.0,3,25,51,0,,,,
27190218502,GLOBAL KIDS WORLD ITAWA,CLU3600483,GANGAPUR,,27,2,48,26,22,0,0.85,45.83,0.0,38,10,0,0,,,,
27190208306,GODAVARI PUBLIC SCHOOL KAIGAON,CLU3600487,GANGAPUR,,27,1,8,4,4,0,1.0,50.0,0.0,6,0,0,0,,,,
27190205725,GODAVARI PUBLIC SCHOOL MIDC PARISAR WALUJ,CLU3600483,GANGAPUR,,54,2,686,403,283,0,0.7,41.25,0.0,414,272,0,0,,,,
27190205724,GODAWARI PUBLIC SCHOOL MIDC PARISAR WALUJ,CLU3600483,GANGAPUR,,27,3,254,140,114,0,0.81,44.88,0.0,0,0,121,133,,,,
27190217903,GREENLAND GLOBAL SCHOOL TALPIMPRI AREA,CLU3600475,GANGAPUR,,27,3,507,301,206,0,0.68,40.63,0.0,244,108,44,26,,,,
27190207208,GURUKUL ENGLISH MEDIUM SCHOOL JOGESHWARI,CLU3600483,GANGAPUR,,27,3,189,95,94,0,0.99,49.74,0.0,92,63,34,0,,,,
27190201002,GURUKUL ENGLISH SCHOOL AGAR WADGAON,CLU3600487,GANGAPUR,,27,3,192,111,81,0,0.73,42.19,0.0,107,7,0,15,,,,
27190201402,GURUKUL VIDYA NIKETAN BABARGAON,CLU3600484,GANGAPUR,,55,6,210,120,90,0,0.75,42.86,0.0,3,94,113,0,,,,
27190214422,HAPPY CHILD ENGLISH SCHOOL RANJANGAON,CLU3600483,GANGAPUR,,27,2,356,194,162,0,0.84,45.51,0.0,238,118,0,0,,,,
27190214421,HAPPY CHILD ENGLISH SECONDARY AND HIGH SECONDARY SCHOOL RANJANGAON S P,CLU3600483,GANGAPUR,,27,10,90,51,39,0,0.76,43.33,0.0,0,0,77,13,,,,
27190220208,HARI OM ENGLISH PS SCHOOL TURKABAD,CLU3600481,GANGAPUR,,27,2,14,9,5,0,0.56,35.71,0.0,8,6,0,0,,,,
27190220210,HIARI OM JR COLLEGE TURKABAD KHARADI,CLU3600481,GANGAPUR,,27,11,14,8,6,0,0.75,42.86,0.0,0,0,0,14,,,,
27190213904,HS JAGDAMBA VIDYALAYA TAKLI K,CLU3600485,GANGAPUR,,4,7,113,66,47,0,0.71,41.59,0.0,0,28,85,0,,,,
27190205802,HS NEW VID SIDHANATHWADGAON,CLU3600477,GANGAPUR,,4,6,417,229,188,0,0.82,45.08,0.0,14,173,230,0,,,,
27190213903,HS TULJA BHAWANI VID WASUSAIGAON,CLU3600485,GANGAPUR,,4,7,159,86,73,0,0.85,45.91,0.0,0,43,116,0,,,,
27190205728,Happy Child English School Waluj,CLU3600483,GANGAPUR,,27,3,443,259,183,1,0.71,41.31,0.226,250,99,94,0,,,,
27190210102,IDEAL ENGLISH SCHOOL MALUNJA KH,CLU3600491,GANGAPUR,,27,3,309,196,113,0,0.58,36.57,0.0,132,87,70,20,,,,
27190219456,IDEAL KIDS SCHOOL BAJAJNAGAR,CLU3600483,GANGAPUR,,27,2,35,19,16,0,0.84,45.71,0.0,27,8,0,0,,,,
27190204929,J K JADHAV ENGLISH SCHOOL GANGAPUR,CLU3600484,GANGAPUR,,27,2,13,9,4,0,0.44,30.77,0.0,12,1,0,0,,,,
27190204931,J K JADHAV HIGHER SEC. SCHOOL GANGAPUR,CLU3600484,GANGAPUR,,27,11,11,3,8,0,2.67,72.73,0.0,0,0,0,11,,,,
27190219461,JAGDAMB PRATHMIK VIDYAMANDIR,CLU3600483,GANGAPUR,,53,2,307,168,139,0,0.83,45.28,0.0,194,113,0,0,,,,
27190207002,JAGDAMBHA VID. JAMBHALA,CLU3600478,GANGAPUR,,4,7,108,43,65,0,1.51,60.19,0.0,0,33,75,0,,,,
27190219437,JAI BHADRA PRIMARY VIDYA MANDIR,CLU3600483,GANGAPUR,,4,2,925,479,446,0,0.93,48.22,0.0,566,359,0,0,,,,
27190219464,JAITUNBI URDUU PRIMARY SCHOOL WALUJ,CLU3600483,GANGAPUR,,19,2,291,121,170,0,1.4,58.42,0.0,219,72,0,0,,,,
27190214409,JAY BHADRA MADHYAMIK VIDYALAYA RANJANGAON S.P,CLU3600483,GANGAPUR,,27,8,221,100,121,0,1.21,54.75,0.0,0,0,221,0,,,,
27194100098,JIDNYASA PUBLIC SCHOOL DHAMORI BK,CLU3600475,GANGAPUR,,27,6,40,23,17,0,0.74,42.5,0.0,34,6,0,0,,,,
27190219430,JIJA MATA BALAK MANDIR RANJANGAON S.P,CLU3600483,GANGAPUR,,55,2,797,413,384,0,0.93,48.18,0.0,561,236,0,0,,,,
27190200810,KAI DADASAHEB CHAVAN PATIL ENGLISH SCHOOL ASEGAON,CLU3600478,GANGAPUR,,27,10,119,71,48,0,0.68,40.34,0.0,0,0,103,16,,,,
27190205714,KAI HAUSABAI SHINDE SECONDARY SCHOOL RANJANGAON S P,CLU3600483,GANGAPUR,,27,8,162,71,91,0,1.28,56.17,0.0,0,0,162,0,,,,
27190220212,KAI VAITTHAL MOHAN GANDE PATIL ENGLISH SCHOOL,CLU3600481,GANGAPUR,,27,2,180,116,64,0,0.55,35.56,0.0,127,53,0,0,,,,
27190218503,KALPTARU VIDYALAYA,CLU3600483,GANGAPUR,,27,3,237,116,121,0,1.04,51.05,0.0,90,48,78,21,,,,
27191101016,KIDS CARE ENGLISH SCHOOL,CLU3600478,GANGAPUR,,27,2,4,3,1,0,0.33,25.0,0.0,4,0,0,0,,,,
27190211702,KIDS VALLY ENGLISH PS NARAYANPURROD WALUJ,CLU3600483,GANGAPUR,,27,6,62,37,25,0,0.68,40.32,0.0,33,20,0,0,,,,
27190211703,KIDS VALLY ENGLISH SCHOOL NARAYANPUR ROAD WALUJ,CLU3600483,GANGAPUR,,27,6,447,274,173,0,0.63,38.7,0.0,213,94,62,0,,,,
27190208805,KRANTI PUBLIC SCHOOL KAMLAPUR RANJANGAON SP AREA,CLU3600483,GANGAPUR,,27,3,399,210,189,0,0.9,47.37,0.0,260,106,33,0,,,,
27190219482,KRANTISURYA MAHTAMA FULE PS RAJANGAON S P,CLU3600483,GANGAPUR,,27,1,196,100,96,0,0.96,48.98,0.0,196,0,0,0,,,,
27190218504,Kai Venubai Bali Patil Prathmi Madhymik v Uccha Madhymik Vidyalay Vitwa,CLU3600483,GANGAPUR,,19,3,113,59,54,0,0.92,47.79,0.0,8,43,61,1,,,,
27190219439,LAL BAHADUR SHASHTRI VIDYALAYA BAJANAGAR,CLU3600483,GANGAPUR,,55,5,216,120,96,0,0.8,44.44,0.0,0,32,119,65,,,,
27190219488,LATE BHAIROMAL TANWANI HS BAJAJNAGAR,CLU3600483,GANGAPUR,,55,7,1303,695,608,0,0.87,46.66,0.0,0,431,872,0,,,,
27190214407,LATE LAXMANRAO DANGE KIDS ENGLISH PS RANJANGAON S.P,CLU3600483,GANGAPUR,,27,2,224,111,113,0,1.02,50.45,0.0,150,74,0,0,,,,
27190220203,LATE. DATTATRAY BHOSLE VID JIKTHAN,CLU3600481,GANGAPUR,,25,7,125,75,50,0,0.67,40.0,0.0,0,36,89,0,,,,
27190202602,LATE. KASHINATHRAO PATIL H S BHENDALA,CLU3600487,GANGAPUR,,55,6,120,52,68,0,1.31,56.67,0.0,0,31,89,0,,,,
27190210002,LATE. RAJARAM PATIL VIDYALAYA KANKORI,CLU3600491,GANGAPUR,,4,5,115,62,53,0,0.85,46.09,0.0,0,27,88,0,,,,
27190218702,LATE.APPASAHEB DR. RAVINDRA PATIL M.V. WARKHED,CLU3600482,GANGAPUR,,4,6,294,157,137,0,0.87,46.6,0.0,38,128,128,0,,,,
27190219494,LATE.BHAIROMAL TANWANI JR COLLAGE BAJAJNAGAR,CLU3600483,GANGAPUR,,54,11,697,315,382,0,1.21,54.81,0.0,0,0,0,697,,,,
27190207203,"LATE.DEORAO PATIL NIWASI ASHRAM SCHOOL JOGESHHWARI ,WALUJ",CLU3600483,GANGAPUR,,12,6,64,37,27,0,0.73,42.19,0.0,0,8,56,0,,,,
27190219484,LATE.SHANKARRAO PATIL MADHYAMIK VID.RAJNGAON S.P,CLU3600483,GANGAPUR,,55,3,501,256,245,0,0.96,48.9,0.0,66,226,202,7,,,,
27190204104,LATE.TANHABAI ZINJURDE PATIL ENG PRI SCHOOL DAHEGAON,CLU3600490,GANGAPUR,,27,2,198,119,79,0,0.66,39.9,0.0,148,50,0,0,,,,
27190219429,LET.EKNATHRAO JADHAV MARATHI P.S. RANJANGAON S.P.,CLU3600483,GANGAPUR,,19,2,127,62,65,0,1.05,51.18,0.0,80,47,0,0,,,,
27190204936,LITTALE FLOWER ENGLISH SCHOOL,CLU3600484,GANGAPUR,,27,2,5,3,2,0,0.67,40.0,0.0,3,2,0,0,,,,
27190221110,LITTLE ANGELS SCHOOL BAJAJNAGAR,CLU3600483,GANGAPUR,,27,7,428,247,181,0,0.73,42.29,0.0,0,139,289,0,,,,
27190219466,LITTLE ANGELS SCHOOL BAJAJNAGAR,CLU3600483,GANGAPUR,,27,2,929,531,398,0,0.75,42.84,0.0,627,302,0,0,,,,
27190208802,LITTLE MASTER ENGLISH PS KAMLAPUR,CLU3600483,GANGAPUR,,27,2,16,10,6,0,0.6,37.5,0.0,13,3,0,0,,,,
27190200712,LITTLE STAR ENGLISH SCHOOL AND JR COLLEGE,CLU3600489,GANGAPUR,,27,3,339,220,119,0,0.54,35.1,0.0,169,116,43,11,,,,
27190207211,"LOHKARE PUBLIC SCHOOL, JOGESHWARI",CLU3600483,GANGAPUR,,27,3,60,24,36,0,1.5,60.0,0.0,23,6,2,0,,,,
27190208302,LOKNETE SAHEBRAO PATIL DONGAONKAR HS KAIGAON,CLU3600487,GANGAPUR,,4,3,610,355,255,0,0.72,41.8,0.0,41,222,260,87,,,,
27190213902,LOKNETE SAHEBRAO PATIL DONGAONKAR HS RANJANGAON P.,CLU3600485,GANGAPUR,,4,3,512,264,248,0,0.94,48.44,0.0,40,184,147,141,,,,
27190203602,LOKNETE SAHEBRAO PATIL DONGAONKAR MADHYAMIK VID. DONGAON,CLU3600480,GANGAPUR,,4,6,378,218,160,0,0.73,42.33,0.0,20,163,195,0,,,,
27190215002,LOKNETE SAHEBRAO PATIL DONGAONKAR VID. SHILLEGAON,CLU3600488,GANGAPUR,,4,6,349,190,159,0,0.84,45.56,0.0,21,159,169,0,,,,
27190207902,LOKNETE SAHEBRAO PATIL DONGAONKAR VID.KATE PIMPALGAON,CLU3600488,GANGAPUR,,4,6,373,179,194,0,1.08,52.01,0.0,36,156,181,0,,,,
27190204919,M G M VASTANVI URDU H S GANGAPUR,CLU3600484,GANGAPUR,,19,7,25,14,11,0,0.79,44.0,0.0,0,0,25,0,,,,
27190204918,M G M VASTANVI URDU P S GANGAPUR,CLU3600484,GANGAPUR,,25,2,94,54,40,0,0.74,42.55,0.0,59,35,0,0,,,,
27190201102,M.R.S. INERNATIONAL ENGLISH PS AMALNER WASTI,CLU3600487,GANGAPUR,,27,2,25,7,18,0,2.57,72.0,0.0,13,12,0,0,,,,
27190200202,MADHYAMIK VIDYALAYA AGAR KANDGAON,CLU3600474,GANGAPUR,,55,6,316,156,160,0,1.03,50.63,0.0,33,125,158,0,,,,
27190219492,"MAHARASHTRA ARTS ,SCIENCE AND COMMERS JR COLLEGE,WALUJ",CLU3600483,GANGAPUR,,54,11,750,435,315,0,0.72,42.0,0.0,0,0,0,750,,,,
27190204928,MAHARASHTRA BHUSHAN PUBLIC SCHOOL & JR.COLLEGE,CLU3600484,GANGAPUR,,27,3,200,131,69,0,0.53,34.5,0.0,26,15,8,151,,,,
27190221103,MAHARASHTRA MARATHI HIGH SCHOOL WALUJ,CLU3600483,GANGAPUR,,27,10,297,167,130,0,0.78,43.77,0.0,0,0,157,140,,,,
27190219452,MAHARASHTRA MARATHI PRIMARY SCHOOL WALUJ,CLU3600483,GANGAPUR,,4,2,1002,553,449,0,0.81,44.81,0.0,653,349,0,0,,,,
27194100153,MAHATMA JYOTIBA PHULE VIDYALAY KAMLAPUR WALUJ,CLU3600483,GANGAPUR,,27,3,167,87,80,0,0.92,47.9,0.0,103,18,43,3,,,,
27190208914,MAHATMA PHULE VIDYALAYA LASUR STATION,CLU3600476,GANGAPUR,,27,1,50,23,27,0,1.17,54.0,0.0,50,0,0,0,,,,
27190205705,MGM SANSKAR VIDYALAY WALUJ,CLU3600483,GANGAPUR,,27,6,272,151,121,0,0.8,44.49,0.0,115,86,71,0,,,,
27190204927,MODERN ENGLISH MEDIUM SCHOOL GANGAPUR,CLU3600484,GANGAPUR,,27,8,118,75,43,0,0.57,36.44,0.0,0,0,118,0,,,,
27190210908,MODERN INTERNATIONAL SCHOOL MANJRI,CLU3600482,GANGAPUR,,27,6,494,287,207,0,0.72,41.9,0.0,265,145,84,0,,,,
27190221115,MONARCH KIDS PRIMARY SECONDARY AND HIGHER SECONDARY SCHOOL,CLU3600483,GANGAPUR,,27,3,64,35,29,0,0.83,45.31,0.0,33,26,5,0,,,,
27190204912,MORDERN ENGLISH PRIMARY SCHOOL GANGAPUR,CLU3600484,GANGAPUR,,27,2,383,235,148,0,0.63,38.64,0.0,231,152,0,0,,,,
27190221102,MOTHER TERESA HIGH SCHOOL WALUJ,CLU3600483,GANGAPUR,,27,8,20,14,6,0,0.43,30.0,0.0,0,0,20,0,,,,
27190219438,MOTHER TERESA PRIMARY ENGLISH SCHOOL ENGLISH,CLU3600483,GANGAPUR,,27,2,109,68,41,0,0.6,37.61,0.0,82,27,0,0,,,,
27190214102,MOUNT VALLY TECHNO SCHOOL,CLU3600483,GANGAPUR,,27,3,21,12,9,0,0.75,42.86,0.0,11,10,0,0,,,,
27190204924,MUKTANAND JUNIOR COLLEGE GANGAPUR,CLU3600484,GANGAPUR,,4,11,1366,742,624,0,0.84,45.68,0.0,0,0,0,1366,,,,
27190219454,MUKTANAND PS RANJANGAON S P,CLU3600483,GANGAPUR,,4,2,307,156,151,0,0.97,49.19,0.0,199,108,0,0,,,,
27190213907,NATIONAL ENGLISH SCHOOL RANJANGAON POL,CLU3600485,GANGAPUR,,27,6,154,84,70,0,0.83,45.45,0.0,84,47,23,0,,,,
27190213906,NATIONAL VIDYAMANDIR RANJANGAON POL,CLU3600485,GANGAPUR,,27,3,224,131,93,0,0.71,41.52,0.0,72,51,53,48,,,,
27190217002,NEHRU VIDYALAYA SAVKHEDA,CLU3600486,GANGAPUR,,4,3,534,239,295,0,1.23,55.24,0.0,19,215,215,85,,,,
27190218605,NEW GURUKUL ENGLISH SCHOOL WAHEGAON,CLU3600482,GANGAPUR,,27,1,236,149,87,0,0.58,36.86,0.0,236,0,0,0,,,,
27190208905,NEW HIGH SCHOOL,CLU3600476,GANGAPUR,,4,3,862,549,313,0,0.57,36.31,0.0,17,158,226,461,,,,
27190204102,NEW HIGH SCHOOL DHOREGAON,CLU3600490,GANGAPUR,,4,5,416,232,184,0,0.79,44.23,0.0,0,37,268,111,,,,
27190204908,NEW HIGH SCHOOL GANGAPUR,CLU3600484,GANGAPUR,,4,6,1109,783,326,0,0.42,29.4,0.0,98,428,583,0,,,,
27190213602,NEW HIGH SCHOOL RAGHUNATH NAGAR,CLU3600474,GANGAPUR,,4,3,497,247,250,0,1.01,50.3,0.0,32,154,209,102,,,,
27190219424,NEW SHAHID BHAGATSINGH KILBIL PS RANJANGAON SHENPUNJI,CLU3600483,GANGAPUR,,55,2,1002,533,469,0,0.88,46.81,0.0,553,448,0,0,,,,
27190209502,NEW WONDAR KINDS ENGLISH SCHOOL MUDDESH WADGAON,CLU3600482,GANGAPUR,,27,1,70,40,30,0,0.75,42.86,0.0,70,0,0,0,,,,
27190219428,NRUSINHA HIGH SCHOOL  SHIVAJI NAGAR,CLU3600483,GANGAPUR,,55,7,296,163,133,0,0.82,44.93,0.0,0,85,211,0,,,,
27190219447,NRUSINHA VIDHYA MANDIR PS WALUJ,CLU3600483,GANGAPUR,,4,2,443,217,226,0,1.04,51.02,0.0,276,167,0,0,,,,
27190219405,NUTAN KANYA PRIMARY SCHOOL,CLU3600483,GANGAPUR,,4,2,194,101,93,0,0.92,47.94,0.0,152,42,0,0,,,,
27190219421,NUTAN KANYA VID. WALUJ,CLU3600483,GANGAPUR,,4,6,217,0,217,0,217.0,100.0,0.0,14,76,127,0,,,,
27190205102,NUTAN VIDYALAYA GHODEGAON,CLU3600477,GANGAPUR,,4,7,83,38,45,0,1.18,54.22,0.0,0,17,66,0,,,,
27190210203,NUTAN VIDYALAYA MALIWADGAON,CLU3600479,GANGAPUR,,4,7,113,59,54,0,0.92,47.79,0.0,0,15,98,0,,,,
27190221109,ORCHID ENGLISH SCHOOL BAJAJ NAGAR,CLU3600483,GANGAPUR,,27,10,203,124,79,0,0.64,38.92,0.0,0,0,102,101,,,,
27190219432,ORCHID ENGLISH SCHOOL BAJANAGAR,CLU3600483,GANGAPUR,,27,2,1051,589,462,0,0.78,43.96,0.0,583,468,0,0,,,,
27190219433,ORCHID TECHNO PS ENGLISH SCHOOL,CLU3600483,GANGAPUR,,27,6,1251,732,519,0,0.71,41.49,0.0,631,381,239,0,,,,
27190205726,"ORIENT PRIMARY SECONDARY AND HIGHER SECONDARY SCHOOL, MAHANAGAR WALUJ",CLU3600483,GANGAPUR,,27,3,113,65,48,0,0.74,42.48,0.0,77,17,19,0,,,,
27190214428,OYSTER INTERNATIONAL SCHOOL RAJANGAON ,CLU3600483,GANGAPUR,,27,6,115,64,51,0,0.8,44.35,0.0,97,18,0,0,,,,
27190219445,PM DNYAN MANDIR RAJNGAON SP,CLU3600483,GANGAPUR,,55,3,187,105,82,0,0.78,43.85,0.0,8,81,98,0,,,,
27190219443,RAJ MATA JIJABAI PS RAJNGAON SP,CLU3600483,GANGAPUR,,55,2,750,372,378,0,1.02,50.4,0.0,465,285,0,0,,,,
27190219415,RAJA SHIVAJI PRIMARY SCHOOL BAJAJNAGAR,CLU3600483,GANGAPUR,,4,2,417,222,195,0,0.88,46.76,0.0,409,8,0,0,,,,
27190219422,RAJA SHIVAJI VID. BAJAJ NAGAR,CLU3600483,GANGAPUR,,4,3,1808,1060,748,0,0.71,41.37,0.0,149,522,466,671,,,,
27190208919,RAJE SAMBHAJI ENGLISH SCHOOL LASUR STATION,CLU3600476,GANGAPUR,,27,2,123,68,55,0,0.81,44.72,0.0,89,34,0,0,,,,
27190200706,RAJE SHAHAJI JUNIOR COLLEGE AMBELOHAL,CLU3600489,GANGAPUR,,53,11,808,542,266,0,0.49,32.92,0.0,0,0,0,808,,,,
27190219435,RAJMATA JIJABAI ENGLISH SCHOOL,CLU3600483,GANGAPUR,,27,3,96,54,42,0,0.78,43.75,0.0,42,17,11,26,,,,
27190210003,RAJMATA JIJABAI ENLISH PS MALUNJA BK,CLU3600491,GANGAPUR,,27,2,4,3,1,0,0.33,25.0,0.0,4,0,0,0,,,,
27194100267,RAJMATA JIJAU ENGLISH SCOOL & JR COLLEGE LASUR STATION,CLU3600476,GANGAPUR,,27,3,320,191,129,0,0.68,40.31,0.0,103,72,50,95,,,,
27190208921,RAJMATA PRIMARY AND SECONDARY SCHOOL LASURSTATION,CLU3600476,GANGAPUR,,27,6,70,38,32,0,0.84,45.71,0.0,52,13,5,0,,,,
27190214425,RAM RUKHMINI VIDYA MANDIR RANJANGAON S P,CLU3600483,GANGAPUR,,27,3,46,26,20,0,0.77,43.48,0.0,16,6,24,0,,,,
27190204202,RAMDAS KORDE PATIL HS DAHEGAON,CLU3600490,GANGAPUR,,4,6,176,116,60,0,0.52,34.09,0.0,0,40,136,0,,,,
27190203604,RASHTRA MATA INDIRA GANDHI SAINIKI SCHOOL RAIPUR,CLU3600480,GANGAPUR,,4,3,830,488,342,0,0.7,41.2,0.0,0,329,240,261,,,,
27190216904,"RASHTRAMATA JIJAU ENGLISH SCHOOL, SHENDURWADA",CLU3600475,GANGAPUR,,27,3,68,41,27,0,0.66,39.71,0.0,17,22,19,10,,,,
27190216905,"RASHTRAMATA JIJAU VIDYAMANDIR, SHENDURWADA",CLU3600475,GANGAPUR,,27,3,45,25,20,0,0.8,44.44,0.0,0,9,36,0,,,,
27190219441,RAVI SUT PS RAJNGAON S P,CLU3600483,GANGAPUR,,4,2,189,105,84,0,0.8,44.44,0.0,139,50,0,0,,,,
27190219498,RAVINDRANATH ENGLISH SCHOOL WALUJ M.I.D.C BAJAJ NAGAR,CLU3600483,GANGAPUR,,27,2,252,146,106,0,0.73,42.06,0.0,153,78,0,0,,,,
27190221114,RISING STAR ENGLISH SCHOOL BAJAJNAGAR MIDC AREA WALUJ,CLU3600483,GANGAPUR,,27,3,253,148,105,0,0.71,41.5,0.0,141,64,48,0,,,,
27190219471,ROSE BUDS ENGLISH HIGH SCHOOL BAJAJNAGAR,CLU3600483,GANGAPUR,,27,7,161,92,69,0,0.75,42.86,0.0,0,0,161,0,,,,
27190219444,ROSE BUDS ENGLISH SCHOOL BAJAJ NAGAR CIDCO,CLU3600483,GANGAPUR,,27,2,94,45,49,0,1.09,52.13,0.0,66,28,0,0,,,,
27190214423,Rajshri Shahu Vidyalay Ranjangaon S P,CLU3600483,GANGAPUR,,27,3,613,349,264,0,0.76,43.07,0.0,191,93,93,226,,,,
27190610810,S. S. LATE GANGARAMJI MANKAR PRATHAMIK VIDYALAYA,CLU3600483,GANGAPUR,,25,2,205,112,93,0,0.83,45.37,0.0,133,72,0,0,,,,
27190200707,S.B PUBLIC SCHOOL AMBELOHAL,CLU3600489,GANGAPUR,,27,8,12,10,2,0,0.2,16.67,0.0,0,0,12,0,,,,
27190206704,SAHYADRI ENGLISH SCHOOL JAMGAON,CLU3600474,GANGAPUR,,27,3,375,235,140,0,0.6,37.33,0.0,145,106,42,82,,,,
27190208916,SAI VIDNYAN JR. COLLEGE,CLU3600476,GANGAPUR,,27,11,75,50,25,0,0.5,33.33,0.0,0,0,0,75,,,,
27190219403,SAINATH PRIMARY SCHOOL WALUJ,CLU3600483,GANGAPUR,,4,1,128,68,60,0,0.88,46.88,0.0,128,0,0,0,,,,
27190214424,SAIRAM ENGLISH HIGHSCHOOL AND JR COLLEGE,CLU3600483,GANGAPUR,,28,3,97,45,52,0,1.16,53.61,0.0,0,0,97,0,,,,
27190219479,SAIRAM ENGLISH PS VD RANJANGAON SP,CLU3600483,GANGAPUR,,27,2,391,210,181,0,0.86,46.29,0.0,237,154,0,0,,,,
27190205732,SAMBODHI HIGHER SECONDARY SCHOOL WALUJ,CLU3600483,GANGAPUR,,19,11,158,75,83,0,1.11,52.53,0.0,0,0,0,158,,,,
27190204923,SANSKAR ENGLISH MEDIUM SCHOOL GANGAPUR,CLU3600484,GANGAPUR,,27,2,213,158,55,0,0.35,25.82,0.0,148,65,0,0,,,,
27190214418,SANSKAR PRABODHINI MADHYAMIK VIDYALAY KAMLAPUR RANJANGAON,CLU3600483,GANGAPUR,,27,8,260,129,131,0,1.02,50.38,0.0,0,0,260,0,,,,
27190204934,SANSKAR VIDYALAYA GANGAPUR,CLU3600484,GANGAPUR,,27,1,103,77,26,0,0.34,25.24,0.0,103,0,0,0,,,,
27190219436,SANT EKNATH PRAYMARY SCHOOL BAJAJNAGAR,CLU3600483,GANGAPUR,,4,2,184,107,77,0,0.72,41.85,0.0,100,84,0,0,,,,
27190200802,SANT JANARDHAN SWAMI VIDYALAYA,CLU3600478,GANGAPUR,,4,3,282,154,128,0,0.83,45.39,0.0,0,26,149,107,,,,
27190204915,SANT TUKARAM PRI. SCHOOL GANGAPUR,CLU3600484,GANGAPUR,,4,1,173,109,64,0,0.59,36.99,0.0,173,0,0,0,,,,
27190210903,SANT TUKARAM VID. SHINGI,CLU3600482,GANGAPUR,,4,5,249,160,89,0,0.56,35.74,0.0,0,24,174,51,,,,
27190205716,SARASWATI ENGLISH SCHOOL GHANEGAON,CLU3600478,GANGAPUR,,27,6,123,69,54,0,0.78,43.9,0.0,77,27,19,0,,,,
27190221118,SARASWATI VIDYA MADIR BAJAJNAGAR,CLU3600483,GANGAPUR,,27,3,95,50,45,0,0.9,47.37,0.0,91,4,0,0,,,,
27190205721,SARASWATI VIDYA MANDIR ,CLU3600483,GANGAPUR,,53,2,995,564,431,0,0.76,43.32,0.0,589,369,0,0,,,,
27190205708,SARASWATI VIDYA MANDIR GHANEGAON,CLU3600478,GANGAPUR,,27,3,124,61,63,0,1.03,50.81,0.0,53,28,24,19,,,,
27190205712,SARASWATI VIDYA MANDIR WALUJ,CLU3600483,GANGAPUR,,27,3,317,195,122,0,0.63,38.49,0.0,43,26,149,80,,,,
27190205729,SARASWATI VIDYALAYA MIDC PARISAR WALUJ,CLU3600483,GANGAPUR,,27,3,15,9,6,0,0.67,40.0,0.0,0,3,12,0,,,,
27190219460,SARSWTI PRYMARY VIDHYA MANDIR SHIVRAI,CLU3600483,GANGAPUR,,19,2,251,144,107,0,0.74,42.63,0.0,147,91,0,0,,,,
27190214405,SAVITRIBAI PHULE ENGLISH SCHOOL RANJANGAON S.P,CLU3600483,GANGAPUR,,27,2,261,139,122,0,0.88,46.74,0.0,154,107,0,0,,,,
27190208804,SAVITRIBAI PHULE VIDYALAY KAMLAPUR,CLU3600483,GANGAPUR,,19,2,249,135,114,0,0.84,45.78,0.0,161,88,0,0,,,,
27190218604,SENT MERI PS VAHEGOAN,CLU3600482,GANGAPUR,,4,1,155,82,73,0,0.89,47.1,0.0,155,0,0,0,,,,
27190219462,SHAHANJAHN FEROJ URDU HIGH SCHOOL JOGESHWARY,CLU3600483,GANGAPUR,,19,7,38,14,24,0,1.71,63.16,0.0,0,9,29,0,,,,
27190219491,SHAHID BHAGASING VID.RANJANGAON S.P,CLU3600483,GANGAPUR,,27,8,447,251,196,0,0.78,43.85,0.0,0,0,447,0,,,,
27190214417,SHAHID BHAGATSING HIGHER SCECONDARY SCHOOL RANJANGAON S P,CLU3600483,GANGAPUR,,27,11,123,66,57,0,0.86,46.34,0.0,0,0,0,123,,,,
27190219446,SHAHID BHAGATSING PS CIDCO WALUJ,CLU3600483,GANGAPUR,,53,2,232,100,132,0,1.32,56.9,0.0,164,68,0,0,,,,
27190219473,SHAHID BHAGATSINGH ENGLISH BAJAJ NAGAR,CLU3600483,GANGAPUR,,27,2,14,10,4,0,0.4,28.57,0.0,6,8,0,0,,,,
27190219472,SHAHID BHAGATSINGH HIGH SCHOOL BAJAJNAGAR,CLU3600483,GANGAPUR,,4,3,616,334,282,0,0.84,45.78,0.0,38,251,327,0,,,,
27190219449,SHAHID BHAGATSINGH PRIMARY SCHOOL,CLU3600483,GANGAPUR,,4,1,103,53,50,0,0.94,48.54,0.0,103,0,0,0,,,,
27190220103,SHANEWHWAR MADHYAMIK VIDYALAYA LIMBE JALGAON,CLU3600481,GANGAPUR,,55,7,192,114,78,0,0.68,40.62,0.0,0,57,135,0,,,,
27190205711,SHANTAI MADHYAMIK VIDYALAY,CLU3600483,GANGAPUR,,27,8,16,11,5,0,0.45,31.25,0.0,0,0,16,0,,,,
27190219455,SHANTAI PS CHATRAPATI NAGAR VADGAON,CLU3600483,GANGAPUR,,54,2,394,203,191,0,0.94,48.48,0.0,245,149,0,0,,,,
27190213603,SHARAD RURAL ENGLISH PRIMARY SCHOOL RAGHUNATH NAGAR,CLU3600474,GANGAPUR,,27,2,1,1,0,0,0.0,0.0,0.0,1,0,0,0,,,,
27190213604,SHARAD RURAL SEC. & HR. SEC PUBLIC SCHOOL  RAGHUNATHNAGAR,CLU3600474,GANGAPUR,,27,5,26,21,5,0,0.24,19.23,0.0,0,0,8,18,,,,
27190208807,SHARDA VIDYA MANDIR KAMALAPUR,CLU3600483,GANGAPUR,,27,2,202,94,108,0,1.15,53.47,0.0,131,71,0,0,,,,
27190210207,SHARDA VIDYA MANDIR SCHOOL MALIWADGAON,CLU3600479,GANGAPUR,,27,3,157,94,63,0,0.67,40.13,0.0,87,35,35,0,,,,
27190208910,SHIVANA PUBLIC SCHOOL LASUR ST.,CLU3600476,GANGAPUR,,27,2,112,65,47,0,0.72,41.96,0.0,74,38,0,0,,,,
27190221116,SHIVCHATRAPATI VIDYALAYA,CLU3600483,GANGAPUR,,27,3,530,274,256,0,0.93,48.3,0.0,255,187,88,0,,,,
27190215602,SHIVNA INTERNATIONAL SCHOOL AND JR COLLEGE SAWANGI,CLU3600476,GANGAPUR,,27,3,74,45,29,0,0.64,39.19,0.0,6,1,37,30,,,,
27194100728,SHIVNA INTERNATIONAL SCHOOL AND JUNIOR COLLEGE,CLU3600481,GANGAPUR,,27,3,3,2,1,0,0.5,33.33,0.0,3,0,0,0,,,,
27190208803,SHIVTEJ PRIMARY SCHOOL KAMALAPUR,CLU3600483,GANGAPUR,,55,2,2,2,0,0,0.0,0.0,0.0,0,2,0,0,,,,
27191108709,SHIVTEJ VIDYA MANDIR PRIMARY SCHOOL,CLU3600483,GANGAPUR,,55,2,1106,565,541,0,0.96,48.92,0.0,620,486,0,0,,,,
27190220105,SHREE SHANNESHWAR HIGHER SECONDARY SCHOOL,CLU3600481,GANGAPUR,,19,11,52,15,37,0,2.47,71.15,0.0,0,0,0,52,,,,
27190221201,SHREE.SHIVAJI KANYA PRASHALA RANJANGAON S.P,CLU3600483,GANGAPUR,,4,6,386,198,188,0,0.95,48.7,0.0,43,177,166,0,,,,
27190205302,SHRI  GANESH VIDYALAYA & CHAGANRAOJI BHUJBAL HI SECONDRY SCHOOL GAJGAON,CLU3600473,GANGAPUR,,4,3,1044,590,454,0,0.77,43.49,0.0,24,200,378,442,,,,
27190205731,SHRI DNYANPRABHU VIDHYA MANDAR,CLU3600483,GANGAPUR,,27,2,107,60,47,0,0.78,43.93,0.0,76,31,0,0,,,,
27190214415,SHRI GAJANAN JR COLLEGE RANJANGAON S.P.,CLU3600483,GANGAPUR,,27,11,132,71,61,0,0.86,46.21,0.0,0,0,0,132,,,,
27190214403,SHRI GAJANAN VIDYA MANDIR RANJANGAON S.P,CLU3600483,GANGAPUR,,53,2,410,237,173,0,0.73,42.2,0.0,213,197,0,0,,,,
27190219490,SHRI GAJANAN VIDYAMANDIR RAJNGAON S P,CLU3600483,GANGAPUR,,27,8,136,76,60,0,0.79,44.12,0.0,0,0,136,0,,,,
27190219468,SHRI RAMCHANDRA HINDI VIDYALAYA RANJANGAON S.P,CLU3600483,GANGAPUR,,53,2,314,187,127,0,0.68,40.45,0.0,228,86,0,0,,,,
27190219426,SHRI SAINATH VIDYALAYA WALUJ,CLU3600483,GANGAPUR,,4,3,688,398,290,0,0.73,42.15,0.0,53,226,251,158,,,,
27190208912,SHRI SWAMI SAMARTH MADHYAMIK VIDYALAYA LASUR ST.,CLU3600476,GANGAPUR,,27,10,267,155,112,0,0.72,41.95,0.0,0,0,184,83,,,,
27190214904,SHRI SWAMI VIVEKANAND ENGLISH SCHOOL SI.WADGAON,CLU3600477,GANGAPUR,,27,2,194,126,68,0,0.54,35.05,0.0,139,13,0,0,,,,
27190219457,SHRI VENKATESH PUBLIC SCHOOL,CLU3600483,GANGAPUR,,53,2,289,142,147,0,1.04,50.87,0.0,167,122,0,0,,,,
27190205715,SHRIKRUSHN JR. COLLEGE GHANEGAON,CLU3600478,GANGAPUR,,27,11,67,50,17,0,0.34,25.37,0.0,0,0,0,67,,,,
27190208903,SHRIMATI KANCHANBAI INDARCHAND MUNOT KANYA VIDYALAY & JR.COLLAGE,CLU3600476,GANGAPUR,,4,3,484,0,484,0,484.0,100.0,0.0,16,157,191,120,,,,
27190205704,SMALL WONDER MARATHI S WALUJ,CLU3600483,GANGAPUR,,27,6,160,101,59,0,0.58,36.88,0.0,66,44,50,0,,,,
27190219476,SMALL WONDERS SCHOOL WALUJ,CLU3600483,GANGAPUR,,27,6,237,143,94,0,0.66,39.66,0.0,129,55,37,0,,,,
27190220104,SMART CHILD ENGLISH SCHOOL LIMBE JALGAON,CLU3600481,GANGAPUR,,27,1,9,8,1,0,0.12,11.11,0.0,9,0,0,0,,,,
27190204905,SMT RAAJABAI MADHAVLALJI DHOOT GIRLS P.S,CLU3600484,GANGAPUR,,4,1,187,0,187,0,187.0,100.0,0.0,187,0,0,0,,,,
27190204913,SMT.RAJABAI MADHAVLALJI DHOOT. GANGAPUR,CLU3600484,GANGAPUR,,4,3,1021,0,1021,0,1021.0,100.0,0.0,125,445,355,96,,,,
27190221203,SONAMATA CARRIER ACADEMY RANJANGAON S P,CLU3600483,GANGAPUR,,27,3,2,1,1,0,1.0,50.0,0.0,0,0,0,2,,,,
27190205734,SPIRIT INTERNATIONAL ARTS COMMERCE AND SCIENCE JR COLLEGE,CLU3600483,GANGAPUR,,27,11,18,11,7,0,0.64,38.89,0.0,0,0,0,18,,,,
27190208906,ST. GEORGE ENGLISH SCHOOL LASUR ST.,CLU3600476,GANGAPUR,,27,6,273,169,104,0,0.62,38.1,0.0,136,101,36,0,,,,
27190208915,ST.GEORGE SCHOOL LASUR STATION,CLU3600476,GANGAPUR,,27,7,39,25,14,0,0.56,35.9,0.0,0,1,38,0,,,,
27190218603,ST.MARY MAHA.VID.WAHEGAON,CLU3600482,GANGAPUR,,4,3,1079,550,529,0,0.96,49.03,0.0,63,318,385,313,,,,
27190200711,SUNRISE ENGLISH SCHOOL AMBELOHOL,CLU3600489,GANGAPUR,,27,6,371,223,148,0,0.66,39.89,0.0,188,117,66,0,,,,
27190208907,SWAMI SAMARTH LASUR STATION,CLU3600476,GANGAPUR,,55,2,590,335,255,0,0.76,43.22,0.0,330,260,0,0,,,,
27190205002,SWAMI VIVEKANAND  ENGLISH SCHOOL,CLU3600484,GANGAPUR,,27,2,39,21,18,0,0.86,46.15,0.0,26,13,0,0,,,,
27190204933,SWAMI VIVEKANAND ARTS COMMERCE AND SCIENCE COLLEGE GANGAPUR,CLU3600484,GANGAPUR,,27,11,7,3,4,0,1.33,57.14,0.0,0,0,0,7,,,,
27190208911,SWAMI VIVEKANAND CAREER INSTITUTE LASUR STATION,CLU3600476,GANGAPUR,,27,8,37,21,16,0,0.76,43.24,0.0,0,0,37,0,,,,
27190208918,SWAMI VIVEKANAND CAREER INSTITUTE LASUR STATION GANGAPUR,CLU3600476,GANGAPUR,,27,11,50,28,22,0,0.79,44.0,0.0,0,0,0,50,,,,
27190221101,SWAMI VIVEKANAND ENGLISH PS BAJAJNAGAR,CLU3600483,GANGAPUR,,27,1,22,11,11,0,1.0,50.0,0.0,22,0,0,0,,,,
27190200807,SWAMI VIVEKANAND GLOBAL HIGH SCHOOL & JR COLLEGE,CLU3600478,GANGAPUR,,27,10,164,96,68,0,0.71,41.46,0.0,0,0,76,88,,,,
27190200804,SWAMI VIVEKANAND GLOBAL SCHOOL,CLU3600478,GANGAPUR,,27,2,405,228,177,0,0.78,43.7,0.0,225,180,0,0,,,,
27190219406,SWAMI VIVEKANAND VIDYALAYA,CLU3600483,GANGAPUR,,4,2,70,35,35,0,1.0,50.0,0.0,46,24,0,0,,,,
27190205702,SWAMI VIVKANAND HS GHANEGAON,CLU3600478,GANGAPUR,,55,7,23,13,10,0,0.77,43.48,0.0,0,0,23,0,,,,
27190208806,Savitribai Phule Vidyalaya Kamlapur,CLU3600483,GANGAPUR,,27,3,147,65,82,0,1.26,55.78,0.0,48,60,39,0,,,,
27190219481,TAHERA BEGAM URDU PS SCHOOL WALUJ,CLU3600483,GANGAPUR,,55,2,423,82,341,0,4.16,80.61,0.0,263,160,0,0,,,,
27190205719,TAHERA BEGUM URDU HIGH SCHOOL WALUJ,CLU3600483,GANGAPUR,,27,8,77,10,67,0,6.7,87.01,0.0,0,0,77,0,,,,
27190204909,TALAT URDU PRIMARY SCHOOL GANGAPUR,CLU3600484,GANGAPUR,,4,2,244,87,157,0,1.8,64.34,0.0,178,66,0,0,,,,
27190219458,TANWANI ENGLISH HS SAJAPUR,CLU3600483,GANGAPUR,,27,7,195,119,76,0,0.64,38.97,0.0,0,67,128,0,,,,
27190219486,TANWANI ENGLISH P S SAJAPUR,CLU3600483,GANGAPUR,,27,2,396,233,163,0,0.7,41.16,0.0,282,114,0,0,,,,
27190219475,THE GREAT INDIA PUBLIC SCHOOL BAJAJNAGAR,CLU3600483,GANGAPUR,,27,2,383,209,174,0,0.83,45.43,0.0,235,148,0,0,,,,
27190205733,THE GREAT INDIA PUBLIC SCHOOL BAJAJNAGAR WALUJ,CLU3600483,GANGAPUR,,27,8,108,65,43,0,0.66,39.81,0.0,0,0,108,0,,,,
27190219414,TRIMURTI BALAK MANDIR WALUJ,CLU3600483,GANGAPUR,,4,2,468,243,225,0,0.93,48.08,0.0,282,186,0,0,,,,
27190205703,TRIMURTI HS BAJAJNAGAR,CLU3600483,GANGAPUR,,55,7,305,159,146,0,0.92,47.87,0.0,0,81,224,0,,,,
27190204917,TURABUL HAQ URDU HIGH SCHOOL GANGAPUR,CLU3600484,GANGAPUR,,55,7,95,17,78,0,4.59,82.11,0.0,0,14,81,0,,,,
27190204932,TURABUL HAQ URDU JR COLLEGE OF ARTS & SCIENCE GANGAPUR,CLU3600484,GANGAPUR,,27,11,30,15,15,0,1.0,50.0,0.0,0,0,0,30,,,,
27190204916,TURABUL HAQ URDU P S GANGAPUR,CLU3600484,GANGAPUR,,53,2,195,38,157,0,4.13,80.51,0.0,123,72,0,0,,,,
27190208908,VARAD GANESH PRI. SCH. LASURSTAION,CLU3600476,GANGAPUR,,4,1,70,35,35,0,1.0,50.0,0.0,70,0,0,0,,,,
27190207210,VIDYABHARATI PRIMARY SECONDARY AND HIGHER SECONDARY SCHOOL JOGESHWARI,CLU3600483,GANGAPUR,,27,3,103,56,47,0,0.84,45.63,0.0,0,0,0,103,,,,
27190219440,VINAYAK MADHYAMIK VID.JOGESHWARI,CLU3600483,GANGAPUR,,25,6,459,253,206,0,0.81,44.88,0.0,4,122,333,0,,,,
27190218402,VISHWAKARMA ENGLISH SCHOOL VASUSAIGAON,CLU3600485,GANGAPUR,,27,3,78,43,35,0,0.81,44.87,0.0,45,13,0,0,,,,
27190219480,VYANKATESH PUBLIC SCHOOL BAJAJ NAGAR,CLU3600483,GANGAPUR,,27,2,59,31,28,0,0.9,47.46,0.0,53,6,0,0,,,,
27190205735,WISDOM ENGLISH SCHOOL,CLU3600483,GANGAPUR,,27,3,205,115,90,0,0.78,43.9,0.0,147,57,1,0,,,,
27190204935,WONDER INTERNATIONAL SCHOOL AND JUNIOR COLLEGE GANGAPUR,CLU3600484,GANGAPUR,,27,3,95,71,24,0,0.34,25.26,0.0,0,0,95,0,,,,
27190204920,WONDER KIDS SCHOOL GANGAPUR,CLU3600484,GANGAPUR,,27,2,420,275,145,0,0.53,34.52,0.0,228,192,0,0,,,,
27190205736,YASH PUBLIC SCHOOL AND JR COLLEGE,CLU3600483,GANGAPUR,,27,3,74,41,33,0,0.8,44.59,0.0,24,3,1,46,,,,
27190221104,YASHASHREE MADHYAMIK VIDYALAYA CIDCO-WALUJ,CLU3600483,GANGAPUR,,27,8,48,17,31,0,1.82,64.58,0.0,0,0,48,0,,,,
27190219451,YASHASHREE PS VID.WALUJ,CLU3600483,GANGAPUR,,55,2,491,260,231,0,0.89,47.05,0.0,241,250,0,0,,,,
27190219442,YESHWANTRAO CHAVAN HS RANJANGAON,CLU3600483,GANGAPUR,,55,7,271,141,130,0,0.92,47.97,0.0,0,78,193,0,,,,
27190219418,YOGESHWARY PS BAJAJ NAGAR,CLU3600483,GANGAPUR,,4,2,871,426,445,0,1.04,51.09,0.0,615,256,0,0,,,,
27190219496,YOGESHWARY VID.BAJAJNAGAR WALUJ,CLU3600483,GANGAPUR,,55,7,406,202,204,0,1.01,50.25,0.0,0,128,278,0,,,,
27190200713,Z P C P S AMBELOHAL URDU,CLU3600489,GANGAPUR,,16,6,133,18,115,0,6.39,86.47,0.0,78,42,13,0,,,,
27190208922,Z P C P S LASUR STATION URDU,CLU3600476,GANGAPUR,,16,2,58,23,35,0,1.52,60.34,0.0,41,17,0,0,,,,
27190220211,Z P C P S TURKABAD KHARADI URDU,CLU3600481,GANGAPUR,,16,2,67,11,56,0,5.09,83.58,0.0,46,21,0,0,,,,
27190205730,Z P C P S WALUJ URDU,CLU3600483,GANGAPUR,,16,2,244,94,150,0,1.6,61.48,0.0,159,85,0,0,,,,
27190206902,Z P P S JIKTHAN URDU,CLU3600481,GANGAPUR,,16,2,83,26,57,0,2.19,68.67,0.0,58,25,0,0,,,,
27190220106,Z P P S LIMBE JALGAON URDU,CLU3600481,GANGAPUR,,16,6,243,55,188,0,3.42,77.37,0.0,114,61,68,0,,,,
27190221204,Z P P S RAJANGAON SHENPUNJI URDU,CLU3600483,GANGAPUR,,16,2,70,28,42,0,1.5,60.0,0.0,49,21,0,0,,,,
27190215802,Z P P S SANAV URDU,CLU3600479,GANGAPUR,,16,1,11,0,11,0,11.0,100.0,0.0,11,0,0,0,,,,
27190204907,ZPCPS GANGAPUR NO.2,CLU3600484,GANGAPUR,,16,2,155,82,73,0,0.89,47.1,0.0,104,51,0,0,,,,
27190200701,ZPCPSG AMBELOHAL,CLU3600489,GANGAPUR,,16,1,150,83,67,0,0.81,44.67,0.0,150,0,0,0,,,,
27190214406,ZPHS RANJANGAON SHENPUNJI,CLU3600483,GANGAPUR,,16,7,347,175,172,0,0.98,49.57,0.0,0,109,238,0,,,,
27190205310,ZPPS GAJARMALA WASTI,CLU3600473,GANGAPUR,,16,1,26,15,11,0,0.73,42.31,0.0,26,0,0,0,,,,
27190213502,ZPPS MENDHIPUR WALUJ,CLU3600483,GANGAPUR,,16,1,21,9,12,0,1.33,57.14,0.0,21,0,0,0,,,,
27190216401,ZPPS SAYYEDPUR,CLU3600490,GANGAPUR,,16,1,15,10,5,0,0.5,33.33,0.0,15,0,0,0,,,,
27190217006,"ZPPS VIDHATE WASTI,TANDULWADI",CLU3600486,GANGAPUR,,16,1,49,28,21,0,0.75,42.86,0.0,49,0,0,0,,,,
27190200601,ZPPSG AFZALPUR,CLU3600481,GANGAPUR,,16,1,20,8,12,0,1.5,60.0,0.0,20,0,0,0,,,,
27190201001,ZPPSG AGAR WADGAON,CLU3600487,GANGAPUR,,16,1,47,21,26,0,1.24,55.32,0.0,47,0,0,0,,,,
27190200401,ZPPSG AGATHAN,CLU3600488,GANGAPUR,,16,1,32,13,19,0,1.46,59.38,0.0,32,0,0,0,,,,
27190205312,ZPPSG AHER WASTI,CLU3600473,GANGAPUR,,16,1,23,17,6,0,0.35,26.09,0.0,23,0,0,0,,,,
27190210904,ZPPSG AKOLI WADGAON SHEVGAN VASTI,CLU3600482,GANGAPUR,,16,1,10,5,5,0,1.0,50.0,0.0,10,0,0,0,,,,
27190201201,ZPPSG AMALNER,CLU3600487,GANGAPUR,,16,1,63,29,34,0,1.17,53.97,0.0,63,0,0,0,,,,
27190220001,ZPPSG AMBEWADI,CLU3600484,GANGAPUR,,16,1,25,14,11,0,0.79,44.0,0.0,25,0,0,0,,,,
27190217005,ZPPSG ANAND WADI,CLU3600486,GANGAPUR,,16,1,9,3,6,0,2.0,66.67,0.0,9,0,0,0,,,,
27190200501,ZPPSG APEGAON,CLU3600485,GANGAPUR,,16,1,37,16,21,0,1.31,56.76,0.0,37,0,0,0,,,,
27190201301,ZPPSG AURANGAPUR,CLU3600475,GANGAPUR,,16,1,32,11,21,0,1.91,65.62,0.0,32,0,0,0,,,,
27190205308,ZPPSG AVARE WASTI,CLU3600473,GANGAPUR,,16,1,11,7,4,0,0.57,36.36,0.0,11,0,0,0,,,,
27190202401,ZPPSG BARGIPUR,CLU3600489,GANGAPUR,,16,1,14,7,7,0,1.0,50.0,0.0,14,0,0,0,,,,
27190205307,ZPPSG BATISEWASTI PRATAPURWADI,CLU3600473,GANGAPUR,,16,1,23,14,9,0,0.64,39.13,0.0,23,0,0,0,,,,
27190202101,ZPPSG BHAAGATHAN,CLU3600488,GANGAPUR,,16,1,24,11,13,0,1.18,54.17,0.0,24,0,0,0,,,,
27190220206,ZPPSG BHAVANI  WASTI TURKABAD KHARADI,CLU3600481,GANGAPUR,,16,1,61,25,36,0,1.44,59.02,0.0,61,0,0,0,,,,
27190202701,ZPPSG BHIVDHANORA,CLU3600487,GANGAPUR,,16,1,107,45,62,0,1.38,57.94,0.0,107,0,0,0,,,,
27190207202,ZPPSG BHUJANGWASTI,CLU3600483,GANGAPUR,,16,1,37,14,23,0,1.64,62.16,0.0,37,0,0,0,,,,
27190216903,ZPPSG BHUSARNI WASTI SHENDURWADA,CLU3600475,GANGAPUR,,16,1,34,19,15,0,0.79,44.12,0.0,34,0,0,0,,,,
27190213002,ZPPSG BIMROT WASTI,CLU3600480,GANGAPUR,,16,1,18,11,7,0,0.64,38.89,0.0,18,0,0,0,,,,
27190201501,ZPPSG BOLEGAON,CLU3600484,GANGAPUR,,16,1,34,20,14,0,0.7,41.18,0.0,34,0,0,0,,,,
27190201901,ZPPSG BOLTHAN,CLU3600477,GANGAPUR,,16,1,32,15,17,0,1.13,53.12,0.0,32,0,0,0,,,,
27190220701,ZPPSG BORJAIWASTI,CLU3600474,GANGAPUR,,16,1,11,4,7,0,1.75,63.64,0.0,11,0,0,0,,,,
27190202901,ZPPSG BORUDI,CLU3600486,GANGAPUR,,16,1,20,9,11,0,1.22,55.0,0.0,20,0,0,0,,,,
27190203001,ZPPSG CHINCHKHEDA,CLU3600476,GANGAPUR,,16,1,27,12,15,0,1.25,55.56,0.0,27,0,0,0,,,,
27190205304,ZPPSG DERDA,CLU3600473,GANGAPUR,,16,1,33,17,16,0,0.94,48.48,0.0,33,0,0,0,,,,
27190203301,ZPPSG DEVLI,CLU3600476,GANGAPUR,,16,1,38,17,21,0,1.24,55.26,0.0,38,0,0,0,,,,
27190204301,ZPPSG DHANGARPATTI,CLU3600487,GANGAPUR,,16,1,59,26,33,0,1.27,55.93,0.0,59,0,0,0,,,,
27190203501,ZPPSG DHERAL,CLU3600479,GANGAPUR,,16,1,17,11,6,0,0.55,35.29,0.0,17,0,0,0,,,,
27190203401,ZPPSG DINWADA,CLU3600479,GANGAPUR,,16,1,29,18,11,0,0.61,37.93,0.0,29,0,0,0,,,,
27190210202,ZPPSG DINWADA JUNA,CLU3600479,GANGAPUR,,16,1,24,13,11,0,0.85,45.83,0.0,24,0,0,0,,,,
27190203801,ZPPSG DIVSHI,CLU3600480,GANGAPUR,,16,1,31,18,13,0,0.72,41.94,0.0,31,0,0,0,,,,
27190204701,ZPPSG FATULABAD,CLU3600485,GANGAPUR,,16,1,19,9,10,0,1.11,52.63,0.0,19,0,0,0,,,,
27190205901,ZPPSG GALNIMB,CLU3600487,GANGAPUR,,16,1,61,26,35,0,1.35,57.38,0.0,61,0,0,0,,,,
27190204902,ZPPSG GANGAPUR NO 1,CLU3600484,GANGAPUR,,16,1,15,14,1,0,0.07,6.67,0.0,15,0,0,0,,,,
27190204903,ZPPSG GANGAPUR URDU,CLU3600484,GANGAPUR,,16,1,52,12,40,0,3.33,76.92,0.0,52,0,0,0,,,,
27190220301,ZPPSG GOKULWADI,CLU3600478,GANGAPUR,,16,1,10,6,4,0,0.67,40.0,0.0,10,0,0,0,,,,
27190205501,ZPPSG GOLEGAON,CLU3600473,GANGAPUR,,16,1,69,36,33,0,0.92,47.83,0.0,69,0,0,0,,,,
27190205201,ZPPSG GOPALWADI,CLU3600488,GANGAPUR,,16,1,21,12,9,0,0.75,42.86,0.0,21,0,0,0,,,,
27190206501,ZPPSG HADIYABAD,CLU3600491,GANGAPUR,,16,1,29,12,17,0,1.42,58.62,0.0,29,0,0,0,,,,
27190206601,ZPPSG HAIBATPUR,CLU3600482,GANGAPUR,,16,1,34,15,19,0,1.27,55.88,0.0,34,0,0,0,,,,
27190210906,ZPPSG HAKIKATPUR,CLU3600482,GANGAPUR,,16,1,24,12,12,0,1.0,50.0,0.0,24,0,0,0,,,,
27190206301,ZPPSG HANUMANTGAON,CLU3600490,GANGAPUR,,16,1,22,12,10,0,0.83,45.45,0.0,22,0,0,0,,,,
27190206401,ZPPSG HARSULI,CLU3600475,GANGAPUR,,16,1,28,15,13,0,0.87,46.43,0.0,28,0,0,0,,,,
27190210204,ZPPSG JADHAV WASTI MALIWADGAON,CLU3600479,GANGAPUR,,16,1,19,12,7,0,0.58,36.84,0.0,19,0,0,0,,,,
27190206801,ZPPSG JAKHMATHA,CLU3600484,GANGAPUR,,16,1,36,14,22,0,1.57,61.11,0.0,36,0,0,0,,,,
27190207101,ZPPSG JAMBHALA TANDA,CLU3600478,GANGAPUR,,16,1,28,13,15,0,1.15,53.57,0.0,28,0,0,0,,,,
27190210907,ZPPSG JANRAO WASTI  WARKHED,CLU3600482,GANGAPUR,,16,1,36,14,22,0,1.57,61.11,0.0,36,0,0,0,,,,
27190217004,ZPPSG JUNE SAVKHEDA,CLU3600486,GANGAPUR,,16,1,21,10,11,0,1.1,52.38,0.0,21,0,0,0,,,,
27190217007,ZPPSG JUNE VAZAR WASTI,CLU3600486,GANGAPUR,,16,1,22,9,13,0,1.44,59.09,0.0,22,0,0,0,,,,
27190208301,ZPPSG KAIGAON,CLU3600487,GANGAPUR,,16,1,81,40,41,0,1.02,50.62,0.0,81,0,0,0,,,,
27190207501,ZPPSG KAIGAON VASTI,CLU3600487,GANGAPUR,,16,1,39,19,20,0,1.05,51.28,0.0,39,0,0,0,,,,
27190208801,ZPPSG KAMLAPUR,CLU3600483,GANGAPUR,,16,1,45,24,21,0,0.88,46.67,0.0,45,0,0,0,,,,
27190207901,ZPPSG KATE PIMPALGAON,CLU3600488,GANGAPUR,,16,1,128,59,69,0,1.17,53.91,0.0,128,0,0,0,,,,
27190205311,ZPPSG KERE WASTI,CLU3600473,GANGAPUR,,16,1,22,10,12,0,1.2,54.55,0.0,22,0,0,0,,,,
27190208001,ZPPSG KHADGAON,CLU3600473,GANGAPUR,,16,1,50,28,22,0,0.79,44.0,0.0,50,0,0,0,,,,
27190207701,ZPPSG KHOPESHWAR,CLU3600477,GANGAPUR,,16,1,22,10,12,0,1.2,54.55,0.0,22,0,0,0,,,,
27190208501,ZPPSG KOBAPUR,CLU3600491,GANGAPUR,,16,1,18,8,10,0,1.25,55.56,0.0,18,0,0,0,,,,
27190208701,ZPPSG KODAPUR,CLU3600486,GANGAPUR,,16,1,42,21,21,0,1.0,50.0,0.0,42,0,0,0,,,,
27190208401,ZPPSG KOLGHAR,CLU3600491,GANGAPUR,,16,1,41,19,22,0,1.16,53.66,0.0,41,0,0,0,,,,
27190209101,ZPPSG LAKHMAPUR,CLU3600487,GANGAPUR,,16,1,74,37,37,0,1.0,50.0,0.0,74,0,0,0,,,,
27190200703,ZPPSG LAVKI WASTI,CLU3600489,GANGAPUR,,16,1,20,8,12,0,1.5,60.0,0.0,20,0,0,0,,,,
27190209801,ZPPSG MAHMADPUR,CLU3600476,GANGAPUR,,16,1,12,7,5,0,0.71,41.67,0.0,12,0,0,0,,,,
27190211001,ZPPSG MALKAPUR,CLU3600481,GANGAPUR,,16,1,17,10,7,0,0.7,41.18,0.0,17,0,0,0,,,,
27190210101,ZPPSG MALUNJA KH,CLU3600491,GANGAPUR,,16,1,27,11,16,0,1.45,59.26,0.0,27,0,0,0,,,,
27190209301,ZPPSG MAMDAPUR,CLU3600474,GANGAPUR,,16,1,68,26,42,0,1.62,61.76,0.0,68,0,0,0,,,,
27190209701,ZPPSG MANJARPUR,CLU3600488,GANGAPUR,,16,1,27,11,16,0,1.45,59.26,0.0,27,0,0,0,,,,
27190210901,ZPPSG MANJRI,CLU3600482,GANGAPUR,,16,1,152,75,77,0,1.03,50.66,0.0,152,0,0,0,,,,
27190210301,ZPPSG MENDHI,CLU3600491,GANGAPUR,,16,1,36,16,20,0,1.25,55.56,0.0,36,0,0,0,,,,
27190209401,ZPPSG MHASOBAWADI,CLU3600474,GANGAPUR,,16,1,39,18,21,0,1.17,53.85,0.0,39,0,0,0,,,,
27190210501,ZPPSG MURSHIDABAD,CLU3600475,GANGAPUR,,16,1,27,11,16,0,1.45,59.26,0.0,27,0,0,0,,,,
27190211901,ZPPSG NAGAPUR,CLU3600475,GANGAPUR,,16,1,25,9,16,0,1.78,64.0,0.0,25,0,0,0,,,,
27190211501,ZPPSG NANDRABAD,CLU3600486,GANGAPUR,,16,1,49,31,18,0,0.58,36.73,0.0,49,0,0,0,,,,
27190211801,ZPPSG NARAYANPUR K,CLU3600478,GANGAPUR,,16,1,17,6,11,0,1.83,64.71,0.0,17,0,0,0,,,,
27190211301,ZPPSG NARSAPUR,CLU3600481,GANGAPUR,,16,1,42,20,22,0,1.1,52.38,0.0,42,0,0,0,,,,
27190211101,ZPPSG NAVABPUR,CLU3600474,GANGAPUR,,16,1,46,24,22,0,0.92,47.83,0.0,46,0,0,0,,,,
27190208303,ZPPSG NIRFALWASTI,CLU3600487,GANGAPUR,,16,1,20,10,10,0,1.0,50.0,0.0,20,0,0,0,,,,
27190212401,ZPPSG PADALASA,CLU3600479,GANGAPUR,,16,1,32,9,23,0,2.56,71.88,0.0,32,0,0,0,,,,
27190212901,ZPPSG PADAMPUR,CLU3600490,GANGAPUR,,16,1,20,9,11,0,1.22,55.0,0.0,20,0,0,0,,,,
27190212301,ZPPSG PALASGAON,CLU3600473,GANGAPUR,,16,1,38,18,20,0,1.11,52.63,0.0,38,0,0,0,,,,
27190220205,ZPPSG PAWARWASTI TURKABAD KHARADI,CLU3600481,GANGAPUR,,16,1,3,1,2,0,2.0,66.67,0.0,3,0,0,0,,,,
27190212701,ZPPSG PEKALWADI,CLU3600485,GANGAPUR,,16,1,19,9,10,0,1.11,52.63,0.0,19,0,0,0,,,,
27190213101,ZPPSG PIMPALWADI,CLU3600490,GANGAPUR,,16,1,14,8,6,0,0.75,42.86,0.0,14,0,0,0,,,,
27190212001,ZPPSG PIMPRI,CLU3600482,GANGAPUR,,16,1,36,19,17,0,0.89,47.22,0.0,36,0,0,0,,,,
27190212101,ZPPSG PIRWADI,CLU3600482,GANGAPUR,,16,1,24,11,13,0,1.18,54.17,0.0,24,0,0,0,,,,
27190212601,ZPPSG POTUL,CLU3600485,GANGAPUR,,16,1,37,15,22,0,1.47,59.46,0.0,37,0,0,0,,,,
27190205303,ZPPSG PRATAPAPURWADI,CLU3600473,GANGAPUR,,16,1,79,41,38,0,0.93,48.1,0.0,79,0,0,0,,,,
27190213601,ZPPSG RAGHUNATH NAGAR,CLU3600474,GANGAPUR,,16,1,89,48,41,0,0.85,46.07,0.0,89,0,0,0,,,,
27190214201,ZPPSG RAMRAI,CLU3600483,GANGAPUR,,16,1,20,10,10,0,1.0,50.0,0.0,20,0,0,0,,,,
27190214301,ZPPSG RAMRAIWADI,CLU3600483,GANGAPUR,,16,1,18,7,11,0,1.57,61.11,0.0,18,0,0,0,,,,
27190213901,ZPPSG RANJANGAON POL,CLU3600485,GANGAPUR,,16,1,76,44,32,0,0.73,42.11,0.0,76,0,0,0,,,,
27190210206,ZPPSG RAWATE WASTI MALIWADGAON,CLU3600479,GANGAPUR,,16,1,6,4,2,0,0.5,33.33,0.0,6,0,0,0,,,,
27190215801,ZPPSG SANAV,CLU3600479,GANGAPUR,,16,1,23,15,8,0,0.53,34.78,0.0,23,0,0,0,,,,
27190216601,ZPPSG SARANGPUR,CLU3600490,GANGAPUR,,16,1,14,8,6,0,0.75,42.86,0.0,14,0,0,0,,,,
27190217001,ZPPSG SAVKHEDA,CLU3600486,GANGAPUR,,16,1,101,49,52,0,1.06,51.49,0.0,101,0,0,0,,,,
27190215601,ZPPSG SAWANGI,CLU3600476,GANGAPUR,,16,1,72,24,48,0,2.0,66.67,0.0,72,0,0,0,,,,
27190205305,ZPPSG SAYYAD WASTI,CLU3600473,GANGAPUR,,16,1,30,19,11,0,0.58,36.67,0.0,30,0,0,0,,,,
27190216501,ZPPSG SHAHAPUR KADIM,CLU3600490,GANGAPUR,,16,1,37,18,19,0,1.06,51.35,0.0,37,0,0,0,,,,
27190214601,ZPPSG SHARIFPUR,CLU3600484,GANGAPUR,,16,1,64,36,28,0,0.78,43.75,0.0,64,0,0,0,,,,
27190215401,ZPPSG SHEKTA,CLU3600488,GANGAPUR,,16,1,26,13,13,0,1.0,50.0,0.0,26,0,0,0,,,,
27190216901,ZPPSG SHENDURWADA CPS,CLU3600475,GANGAPUR,,16,1,170,88,82,0,0.93,48.24,0.0,170,0,0,0,,,,
27190219901,ZPPSG SHILEGAON WASTI,CLU3600488,GANGAPUR,,16,1,61,24,37,0,1.54,60.66,0.0,61,0,0,0,,,,
27190216801,ZPPSG SHIRAJGAON VASTI,CLU3600491,GANGAPUR,,16,1,36,14,22,0,1.57,61.11,0.0,36,0,0,0,,,,
27190216101,ZPPSG SHIRODI,CLU3600489,GANGAPUR,,16,1,33,17,16,0,0.94,48.48,0.0,33,0,0,0,,,,
27190217003,ZPPSG SHIVAJINAGAR WASTI,CLU3600486,GANGAPUR,,16,1,42,17,25,0,1.47,59.52,0.0,42,0,0,0,,,,
27190217201,ZPPSG SHIVPUR,CLU3600475,GANGAPUR,,16,1,26,7,19,0,2.71,73.08,0.0,26,0,0,0,,,,
27190214901,ZPPSG SIDDHNATH WADGAON,CLU3600477,GANGAPUR,,16,1,84,37,47,0,1.27,55.95,0.0,84,0,0,0,,,,
27190215901,ZPPSG SINDHI SIRASGAON,CLU3600485,GANGAPUR,,16,1,33,17,16,0,0.94,48.48,0.0,33,0,0,0,,,,
27190200704,ZPPSG SOLANKAR WASTI,CLU3600489,GANGAPUR,,16,1,13,8,5,0,0.62,38.46,0.0,13,0,0,0,,,,
27190216301,ZPPSG SOLEGAON,CLU3600490,GANGAPUR,,16,1,44,26,18,0,0.69,40.91,0.0,44,0,0,0,,,,
27190216001,ZPPSG SULTANPUR,CLU3600475,GANGAPUR,,16,1,12,6,6,0,1.0,50.0,0.0,12,0,0,0,,,,
27190217501,ZPPSG TANDULWADI,CLU3600486,GANGAPUR,,16,1,21,12,9,0,0.75,42.86,0.0,21,0,0,0,,,,
27190200101,ZPPSG TRIMALPUR,CLU3600486,GANGAPUR,,16,1,32,18,14,0,0.78,43.75,0.0,32,0,0,0,,,,
27190217401,ZPPSG TULSHIBAG,CLU3600484,GANGAPUR,,16,1,34,19,15,0,0.79,44.12,0.0,34,0,0,0,,,,
27190210205,ZPPSG TUPEWASTI MALIWADGAON,CLU3600479,GANGAPUR,,16,1,7,4,3,0,0.75,42.86,0.0,7,0,0,0,,,,
27190220202,ZPPSG TURKABAD KHARADI CPS,CLU3600481,GANGAPUR,,16,1,232,118,114,0,0.97,49.14,0.0,232,0,0,0,,,,
27190218201,ZPPSG UTTERWADI,CLU3600477,GANGAPUR,,16,1,25,13,12,0,0.92,48.0,0.0,25,0,0,0,,,,
27190218701,ZPPSG VARKHED,CLU3600482,GANGAPUR,,16,1,69,34,35,0,1.03,50.72,0.0,69,0,0,0,,,,
27190218901,ZPPSG VAZAR,CLU3600486,GANGAPUR,,16,1,18,6,12,0,2.0,66.67,0.0,18,0,0,0,,,,
27190210905,ZPPSG WAGH WASTI WARKHED,CLU3600482,GANGAPUR,,16,1,13,6,7,0,1.17,53.85,0.0,13,0,0,0,,,,
27190219201,ZPPSG WAGHALGAON E,CLU3600485,GANGAPUR,,16,1,25,12,13,0,1.08,52.0,0.0,25,0,0,0,,,,
27190219501,ZPPSG WALUJWADI,CLU3600483,GANGAPUR,,16,1,11,7,4,0,0.57,36.36,0.0,11,0,0,0,,,,
27190219801,ZPPSG ZANZARDI,CLU3600486,GANGAPUR,,16,1,34,17,17,0,1.0,50.0,0.0,34,0,0,0,,,,
27190200201,ZPPUPSG AGAR KANADGAON,CLU3600474,GANGAPUR,,16,2,164,90,74,0,0.82,45.12,0.0,122,42,0,0,,,,
27190200301,ZPPUPSG AKOLI WADGAON,CLU3600482,GANGAPUR,,16,2,243,112,131,0,1.17,53.91,0.0,138,105,0,0,,,,
27190201101,ZPPUPSG AMALNER WASTI,CLU3600487,GANGAPUR,,16,2,187,99,88,0,0.89,47.06,0.0,128,59,0,0,,,,
27190200901,ZPPUPSG AMBEGAON,CLU3600478,GANGAPUR,,16,2,152,61,91,0,1.49,59.87,0.0,81,71,0,0,,,,
27190200801,ZPPUPSG ASEGAON,CLU3600478,GANGAPUR,,16,2,337,170,167,0,0.98,49.55,0.0,193,144,0,0,,,,
27190201401,ZPPUPSG BABARGAON,CLU3600484,GANGAPUR,,16,2,124,75,49,0,0.65,39.52,0.0,74,50,0,0,,,,
27190202301,ZPPUPSG BABHULGAON,CLU3600479,GANGAPUR,,16,2,83,29,54,0,1.86,65.06,0.0,52,31,0,0,,,,
27190201701,ZPPUPSG BAGDI,CLU3600474,GANGAPUR,,16,2,209,106,103,0,0.97,49.28,0.0,147,62,0,0,,,,
27190202801,ZPPUPSG BHALGAON,CLU3600491,GANGAPUR,,16,2,146,77,69,0,0.9,47.26,0.0,91,55,0,0,,,,
27190202201,ZPPUPSG BHANWADI,CLU3600476,GANGAPUR,,16,1,22,15,7,0,0.47,31.82,0.0,22,0,0,0,,,,
27190202601,ZPPUPSG BHENDALA,CLU3600487,GANGAPUR,,16,2,171,98,73,0,0.74,42.69,0.0,117,54,0,0,,,,
27190201601,ZPPUPSG BHOIGAON,CLU3600484,GANGAPUR,,16,2,105,50,55,0,1.1,52.38,0.0,66,39,0,0,,,,
27190202501,ZPPUPSG BORGAON,CLU3600489,GANGAPUR,,16,2,121,66,55,0,0.83,45.45,0.0,65,56,0,0,,,,
27190202001,ZPPUPSG BUTTE WADGAON,CLU3600488,GANGAPUR,,16,2,51,18,33,0,1.83,64.71,0.0,37,14,0,0,,,,
27190204201,ZPPUPSG DAHEGAON,CLU3600490,GANGAPUR,,16,2,220,103,117,0,1.14,53.18,0.0,133,87,0,0,,,,
27190203201,ZPPUPSG DAYGAON,CLU3600476,GANGAPUR,,16,1,32,15,17,0,1.13,53.12,0.0,32,0,0,0,,,,
27190204401,ZPPUPSG DHAMORI BK.,CLU3600475,GANGAPUR,,16,2,129,66,63,0,0.95,48.84,0.0,90,39,0,0,,,,
27190203701,ZPPUPSG DHAMORI KH.,CLU3600480,GANGAPUR,,16,2,101,34,67,0,1.97,66.34,0.0,76,25,0,0,,,,
27190204101,ZPPUPSG DHOREGAON,CLU3600490,GANGAPUR,,16,2,294,168,126,0,0.75,42.86,0.0,128,166,0,0,,,,
27190203901,ZPPUPSG DIGHI,CLU3600481,GANGAPUR,,16,2,146,80,66,0,0.82,45.21,0.0,76,70,0,0,,,,
27190204001,ZPPUPSG DOMEGAON,CLU3600489,GANGAPUR,,16,2,166,76,90,0,1.18,54.22,0.0,103,63,0,0,,,,
27190203601,ZPPUPSG DONGAON,CLU3600480,GANGAPUR,,16,2,102,54,48,0,0.89,47.06,0.0,100,2,0,0,,,,
27190204501,ZPPUPSG EKLEHARA,CLU3600489,GANGAPUR,,16,2,117,64,53,0,0.83,45.3,0.0,66,51,0,0,,,,
27190204801,ZPPUPSG FATIYABAD,CLU3600478,GANGAPUR,,16,2,83,41,42,0,1.02,50.6,0.0,54,29,0,0,,,,
27190204601,ZPPUPSG FULSHIVRA,CLU3600473,GANGAPUR,,16,2,172,99,73,0,0.74,42.44,0.0,101,71,0,0,,,,
27190205301,ZPPUPSG GAJGAON,CLU3600473,GANGAPUR,,16,2,236,110,126,0,1.15,53.39,0.0,170,66,0,0,,,,
27190206001,ZPPUPSG GANESHWADI,CLU3600487,GANGAPUR,,16,2,188,94,94,0,1.0,50.0,0.0,135,53,0,0,,,,
27190205601,ZPPUPSG GAVALI DHANORA,CLU3600473,GANGAPUR,,16,2,121,60,61,0,1.02,50.41,0.0,62,59,0,0,,,,
27190205401,ZPPUPSG GAVLISHIVRA,CLU3600473,GANGAPUR,,16,6,345,181,164,0,0.91,47.54,0.0,172,142,31,0,,,,
27190205701,ZPPUPSG GHANEGAON,CLU3600478,GANGAPUR,,16,6,593,305,288,0,0.94,48.57,0.0,323,219,51,0,,,,
27190205101,ZPPUPSG GHODEGAON,CLU3600477,GANGAPUR,,16,2,122,72,50,0,0.69,40.98,0.0,80,42,0,0,,,,
27190206101,ZPPUPSG GURUDHANORA,CLU3600475,GANGAPUR,,16,2,288,155,133,0,0.86,46.18,0.0,159,129,0,0,,,,
27190207001,ZPPUPSG JAMBHALA,CLU3600478,GANGAPUR,,16,2,247,123,124,0,1.01,50.2,0.0,165,82,0,0,,,,
27190206701,ZPPUPSG JAMGAON,CLU3600474,GANGAPUR,,16,2,226,117,109,0,0.93,48.23,0.0,158,68,0,0,,,,
27190206901,ZPPUPSG JIKTHAN,CLU3600481,GANGAPUR,,16,2,175,103,72,0,0.7,41.14,0.0,106,69,0,0,,,,
27190207201,ZPPUPSG JOGESHWARI,CLU3600483,GANGAPUR,,16,2,842,423,419,0,0.99,49.76,0.0,485,357,0,0,,,,
27190207301,ZPPUPSG KANHOBAWADI,CLU3600482,GANGAPUR,,16,2,111,58,53,0,0.91,47.75,0.0,65,46,0,0,,,,
27190207401,ZPPUPSG KANKORI,CLU3600491,GANGAPUR,,16,2,112,66,46,0,0.7,41.07,0.0,64,48,0,0,,,,
27190208601,ZPPUPSG KASODA,CLU3600489,GANGAPUR,,16,2,79,39,40,0,1.03,50.63,0.0,48,31,0,0,,,,
27190208101,ZPPUPSG KHADAK NARLA,CLU3600480,GANGAPUR,,16,2,119,55,64,0,1.16,53.78,0.0,83,36,0,0,,,,
27190207801,ZPPUPSG KHADAK WAGHALGAON,CLU3600477,GANGAPUR,,16,2,152,84,68,0,0.81,44.74,0.0,98,54,0,0,,,,
27190208201,ZPPUPSG KHOJEWADI,CLU3600478,GANGAPUR,,16,2,165,69,96,0,1.39,58.18,0.0,96,69,0,0,,,,
27190207601,ZPPUPSG KINHAL,CLU3600479,GANGAPUR,,16,2,50,26,24,0,0.92,48.0,0.0,28,22,0,0,,,,
27190209201,ZPPUPSG LANZI,CLU3600483,GANGAPUR,,16,2,141,68,73,0,1.07,51.77,0.0,80,61,0,0,,,,
27190208901,ZPPUPSG LASUR STATION,CLU3600476,GANGAPUR,,16,1,47,23,24,0,1.04,51.06,0.0,47,0,0,0,,,,
27190220102,ZPPUPSG LIMBE JALGAON,CLU3600481,GANGAPUR,,16,2,386,230,156,0,0.68,40.41,0.0,257,129,0,0,,,,
27190210701,ZPPUPSG MAHALAXMI KHEDA,CLU3600486,GANGAPUR,,16,1,28,13,15,0,1.15,53.57,0.0,28,0,0,0,,,,
27190209601,ZPPUPSG MAHBOOBKHEDA,CLU3600488,GANGAPUR,,16,2,140,73,67,0,0.92,47.86,0.0,69,71,0,0,,,,
27190210201,ZPPUPSG MALIWADGAON,CLU3600479,GANGAPUR,,16,2,225,110,115,0,1.05,51.11,0.0,99,126,0,0,,,,
27190210001,ZPPUPSG MALUNJA BK,CLU3600491,GANGAPUR,,16,2,75,36,39,0,1.08,52.0,0.0,34,41,0,0,,,,
27190210401,ZPPUPSG MANDWA,CLU3600475,GANGAPUR,,16,2,60,23,37,0,1.61,61.67,0.0,34,26,0,0,,,,
27190210601,ZPPUPSG MANGEGAON,CLU3600486,GANGAPUR,,16,2,115,56,59,0,1.05,51.3,0.0,62,53,0,0,,,,
27190209501,ZPPUPSG MUDDESH WADGAON,CLU3600482,GANGAPUR,,16,2,144,63,81,0,1.29,56.25,0.0,87,57,0,0,,,,
27190209901,ZPPUPSG MURMI,CLU3600490,GANGAPUR,,16,2,68,38,30,0,0.79,44.12,0.0,46,22,0,0,,,,
27190211601,ZPPUPSG NAIGAON,CLU3600483,GANGAPUR,,16,2,224,103,121,0,1.17,54.02,0.0,124,100,0,0,,,,
27190211401,ZPPUPSG NANDEDA,CLU3600489,GANGAPUR,,16,2,82,34,48,0,1.41,58.54,0.0,61,21,0,0,,,,
27190211701,ZPPUPSG NARAYANPUR B,CLU3600483,GANGAPUR,,16,2,210,113,97,0,0.86,46.19,0.0,164,46,0,0,,,,
27190211201,ZPPUPSG NEWARGAON,CLU3600482,GANGAPUR,,16,2,225,97,128,0,1.32,56.89,0.0,122,103,0,0,,,,
27190213001,ZPPUPSG PACHPIRWADI,CLU3600480,GANGAPUR,,16,2,58,32,26,0,0.81,44.83,0.0,37,21,0,0,,,,
27190213301,ZPPUPSG PAKHORA,CLU3600487,GANGAPUR,,16,2,109,58,51,0,0.88,46.79,0.0,77,32,0,0,,,,
27190213401,ZPPUPSG PANDHAR OVAL,CLU3600486,GANGAPUR,,16,1,41,21,20,0,0.95,48.78,0.0,41,0,0,0,,,,
27190212801,ZPPUPSG PENDAPUR,CLU3600490,GANGAPUR,,16,2,90,53,37,0,0.7,41.11,0.0,67,23,0,0,,,,
27190212501,ZPPUPSG PIMPALGAON,CLU3600480,GANGAPUR,,16,2,93,43,50,0,1.16,53.76,0.0,74,19,0,0,,,,
27190213501,ZPPUPSG PIMPARKHEDA,CLU3600483,GANGAPUR,,16,2,82,35,47,0,1.34,57.32,0.0,55,27,0,0,,,,
27190213201,ZPPUPSG PURI,CLU3600490,GANGAPUR,,16,2,252,129,123,0,0.95,48.81,0.0,100,152,0,0,,,,
27190214101,ZPPUPSG RAHIMPUR,CLU3600481,GANGAPUR,,16,2,136,71,65,0,0.92,47.79,0.0,83,53,0,0,,,,
27190213801,ZPPUPSG RAIPUR,CLU3600480,GANGAPUR,,16,2,178,92,86,0,0.93,48.31,0.0,133,45,0,0,,,,
27190214001,ZPPUPSG RAJURA,CLU3600481,GANGAPUR,,16,2,40,19,21,0,1.11,52.5,0.0,25,15,0,0,,,,
27190213701,ZPPUPSG RANJANGAON N,CLU3600482,GANGAPUR,,16,2,181,99,82,0,0.83,45.3,0.0,97,84,0,0,,,,
27190214401,ZPPUPSG RANJANGAON SHENPUNJI,CLU3600483,GANGAPUR,,16,2,667,362,305,0,0.84,45.73,0.0,405,262,0,0,,,,
27190214501,ZPPUPSG SANJARPUR,CLU3600484,GANGAPUR,,16,2,125,74,51,0,0.69,40.8,0.0,64,61,0,0,,,,
27190215501,ZPPUPSG SHAHAPUR,CLU3600473,GANGAPUR,,16,2,134,65,69,0,1.06,51.49,0.0,71,63,0,0,,,,
27190216201,ZPPUPSG SHAHAPUR BANJAR,CLU3600478,GANGAPUR,,16,2,36,17,19,0,1.12,52.78,0.0,36,0,0,0,,,,
27190215201,ZPPUPSG SHANKARPUR,CLU3600488,GANGAPUR,,16,2,91,39,52,0,1.33,57.14,0.0,66,25,0,0,,,,
27190215001,ZPPUPSG SHILLEGAON,CLU3600488,GANGAPUR,,16,2,177,91,86,0,0.95,48.59,0.0,117,60,0,0,,,,
27190214801,ZPPUPSG SHINGI,CLU3600482,GANGAPUR,,16,2,263,116,147,0,1.27,55.89,0.0,120,143,0,0,,,,
27190216701,ZPPUPSG SHIRAJGAON,CLU3600491,GANGAPUR,,16,2,72,36,36,0,1.0,50.0,0.0,29,43,0,0,,,,
27190215101,ZPPUPSG SHIREGAON,CLU3600476,GANGAPUR,,16,6,221,111,110,0,0.99,49.77,0.0,93,101,27,0,,,,
27190215301,ZPPUPSG SHIRESAIGAON,CLU3600488,GANGAPUR,,16,2,66,25,41,0,1.64,62.12,0.0,42,24,0,0,,,,
27190217101,ZPPUPSG SHIVRAI,CLU3600483,GANGAPUR,,16,2,51,27,24,0,0.89,47.06,0.0,35,16,0,0,,,,
27190214701,ZPPUPSG SIDHHPUR,CLU3600474,GANGAPUR,,16,2,131,66,65,0,0.98,49.62,0.0,85,46,0,0,,,,
27190215701,ZPPUPSG SULTANABAD,CLU3600476,GANGAPUR,,16,2,73,38,35,0,0.92,47.95,0.0,47,26,0,0,,,,
27190217801,ZPPUPSG TAKLI,CLU3600485,GANGAPUR,,16,2,100,54,46,0,0.85,46.0,0.0,65,35,0,0,,,,
27190217701,ZPPUPSG TAKLIWADI,CLU3600485,GANGAPUR,,16,2,57,26,31,0,1.19,54.39,0.0,33,24,0,0,,,,
27190217901,ZPPUPSG TALPIMPRI,CLU3600475,GANGAPUR,,16,2,39,18,21,0,1.17,53.85,0.0,29,10,0,0,,,,
27190218101,ZPPUPSG TANDULWADI S,CLU3600477,GANGAPUR,,16,2,147,61,86,0,1.41,58.5,0.0,110,37,0,0,,,,
27190218001,ZPPUPSG TEMBHAPURI,CLU3600481,GANGAPUR,,16,2,151,73,78,0,1.07,51.66,0.0,89,62,0,0,,,,
27190217601,ZPPUPSG TOKI,CLU3600489,GANGAPUR,,16,2,126,69,57,0,0.83,45.24,0.0,71,55,0,0,,,,
27190218801,ZPPUPSG VADALI,CLU3600477,GANGAPUR,,16,2,78,30,48,0,1.6,61.54,0.0,50,28,0,0,,,,
27190218601,ZPPUPSG VAHEGAON,CLU3600482,GANGAPUR,,16,2,78,35,43,0,1.23,55.13,0.0,50,28,0,0,,,,
27190219001,ZPPUPSG VAIRAGAD,CLU3600479,GANGAPUR,,16,2,113,54,59,0,1.09,52.21,0.0,61,52,0,0,,,,
27190218301,ZPPUPSG VAJNAPUR,CLU3600477,GANGAPUR,,16,2,54,30,24,0,0.8,44.44,0.0,33,21,0,0,,,,
27190218401,ZPPUPSG VASUSAIGAON,CLU3600485,GANGAPUR,,16,2,154,75,79,0,1.05,51.3,0.0,76,78,0,0,,,,
27190218501,ZPPUPSG VITAVA,CLU3600483,GANGAPUR,,16,2,316,144,172,0,1.19,54.43,0.0,206,110,0,0,,,,
27190205801,ZPPUPSG WADGAON,CLU3600489,GANGAPUR,,16,2,93,38,55,0,1.45,59.14,0.0,63,30,0,0,,,,
27190219401,ZPPUPSG WALUJ,CLU3600483,GANGAPUR,,16,1,264,124,140,0,1.13,53.03,0.0,264,0,0,0,,,,
27190219101,ZPPUPSG WARZADI,CLU3600480,GANGAPUR,,16,2,87,36,51,0,1.42,58.62,0.0,66,21,0,0,,,,
27190219601,ZPPUPSG YESGAON,CLU3600481,GANGAPUR,,16,2,111,39,72,0,1.85,64.86,0.0,66,45,0,0,,,,
27190219701,ZPPUPSG ZODEGAON,CLU3600477,GANGAPUR,,16,2,100,43,57,0,1.33,57.0,0.0,60,40,0,0,,,,
27190210902,ZPPtoHSG MANJRI,CLU3600482,GANGAPUR,,16,6,288,132,156,0,1.18,54.17,0.0,49,141,98,0,,,,
27190204904,ZPUPtoHSG GANGAPUR,CLU3600484,GANGAPUR,,16,6,170,88,82,0,0.93,48.24,0.0,12,68,90,0,,,,
27190208902,ZPUPtoHSG LASUR STATION,CLU3600476,GANGAPUR,,16,6,89,55,34,0,0.62,38.2,0.0,18,44,27,0,,,,
27190216902,ZPUPtoHSG SHENDURWADA,CLU3600475,GANGAPUR,,16,6,380,190,190,0,1.0,50.0,0.0,57,185,138,0,,,,
27190217702,ZPUPtoHSG TURKABAD KH.,CLU3600481,GANGAPUR,,16,3,693,360,333,0,0.92,48.05,0.0,69,269,258,97,,,,
27190200702,ZPUPtoSG AMBELOHAL,CLU3600489,GANGAPUR,,16,6,571,342,229,0,0.67,40.11,0.0,42,220,309,0,,,,
27190202702,ZPUPtoSG BHIVDHANORA,CLU3600487,GANGAPUR,,16,6,395,198,197,0,0.99,49.87,0.0,37,210,148,0,,,,
27190219402,ZPUPtoSG WALUJ,CLU3600483,GANGAPUR,,16,6,653,345,308,0,0.89,47.17,0.0,80,261,312,0,,,,
27190219459,kimaya International techno school,CLU3600483,GANGAPUR,,27,2,1,0,1,0,1.0,100.0,0.0,1,0,0,0,,,,
27190315905,ADARSH MARATHI PS ANDHANER,CLU3600496,KANNAD,,25,2,477,276,201,0,0.73,42.14,0.0,322,155,0,0,,,,
27190309561,AJIT DADA PAWAR SCIENCE JUNIOR COLLEGE,CLU3600492,KANNAD,,27,11,112,34,78,0,2.29,69.64,0.0,0,0,0,112,,,,
27190309529,AJIT DADA URDU HIGH KANNAD,CLU3600492,KANNAD,,55,7,379,163,216,0,1.33,56.99,0.0,0,120,259,0,,,,
27190317319,AJNIKYA SINDU EING PRI SCHOOL SHAFIPUR,CLU3600504,KANNAD,,27,1,34,17,17,0,1.0,50.0,0.0,34,0,0,0,,,,
27190309538,AJUBAI VIDYALAY KANNAD,CLU3600492,KANNAD,,55,7,142,71,71,0,1.0,50.0,0.0,0,25,117,0,,,,
27190309532,AL IMRAN URDU P S KANNAD,CLU3600492,KANNAD,,53,2,218,95,123,0,1.29,56.42,0.0,139,79,0,0,,,,
27190311404,ALI ALANA  HIGH  SCHOOL KUNJKHEDA,CLU3600500,KANNAD,,55,3,745,354,391,0,1.1,52.48,0.0,75,255,233,182,,,,
27190311403,ALI ALANA PRI SCHOOL KUNJKHEDA,CLU3600500,KANNAD,,54,1,194,101,93,0,0.92,47.94,0.0,194,0,0,0,,,,
27190309507,ANANDIBAI KOLHE PS KANNAD,CLU3600492,KANNAD,,4,2,222,136,86,0,0.63,38.74,0.0,142,80,0,0,,,,
27190309567,ANI SMART SCHOOL AND JR COLLEGE  KANNAD,CLU3600492,KANNAD,,27,3,243,136,107,0,0.79,44.03,0.0,203,40,0,0,,,,
27190314604,ANJANA SAGAR VID PALSHI BK,CLU3600505,KANNAD,,4,7,140,65,75,0,1.15,53.57,0.0,0,40,100,0,,,,
27190317315,ANJNA SAGAR PRI SHAFIPUR,CLU3600504,KANNAD,,4,2,515,284,231,0,0.81,44.85,0.0,335,180,0,0,,,,
27194100547,"ARTS COMMERCE AND SCIENCE COLLEGE, NACHANWEL",CLU3600502,KANNAD,,19,11,108,67,41,0,0.61,37.96,0.0,0,0,0,108,,,,
27190303204,ASHRAM SCHOOL CHAPANER,CLU3600503,KANNAD,,42,2,165,106,59,0,0.56,35.76,0.0,129,36,0,0,,,,
27190309902,BABURAO M PATIL MADYAMIK VIDYALAY KALANKI,CLU3600507,KANNAD,,4,7,91,48,43,0,0.9,47.25,0.0,0,22,69,0,,,,
27190317321,BALYOGI JR COLLEGE SHAFIPUR,CLU3600504,KANNAD,,19,11,66,49,17,0,0.35,25.76,0.0,0,0,0,66,,,,
27190309802,BHARAT GRAMIN VIDYALAYA KARANJ,CLU3600495,KANNAD,,4,2,284,165,119,0,0.72,41.9,0.0,191,93,0,0,,,,
27190303203,CHAMPAWATI KANYA VIDYALAYA,CLU3600503,KANNAD,,4,3,645,190,455,0,2.39,70.54,0.0,8,92,136,409,,,,
27190303714,CHARTRAPATI HIGH SHCOOL CHICHOLI LI,CLU3600494,KANNAD,,55,5,392,205,187,0,0.91,47.7,0.0,0,43,123,226,,,,
27190301502,CHATRAPATI MADH VID BANSHENDRA,CLU3600501,KANNAD,,4,6,300,167,133,0,0.8,44.33,0.0,25,145,130,0,,,,
27190304713,CHATRAPATI SHAHU ENGLISH PS DEOGAO R,CLU3600498,KANNAD,,27,3,704,425,279,0,0.66,39.63,0.0,354,184,94,72,,,,
27190300104,CHHATRAPATI MAD VIDYALAY ADGAON PISHOR,CLU3600502,KANNAD,,4,7,101,51,50,0,0.98,49.5,0.0,0,22,79,0,,,,
27190303705,CHHATRAPATI PS CHINCOLI LI,CLU3600494,KANNAD,,4,2,236,121,115,0,0.95,48.73,0.0,145,91,0,0,,,,
27190312004,DEOGIRI ENGLISH SCHOOL MAKRANPUR KANNAD,CLU3600492,KANNAD,,27,3,269,140,129,0,0.92,47.96,0.0,160,89,20,0,,,,
27194100574,DNYANDEEP PRE. SEC & HIGHER SEC SCHOOL AURALA,CLU3600506,KANNAD,,27,3,71,44,27,0,0.61,38.03,0.0,0,0,0,71,,,,
27190309543,DR B R AMBEDKAR JR COLLEGE KANNAD,CLU3600492,KANNAD,,4,11,388,231,157,0,0.68,40.46,0.0,0,0,0,388,,,,
27190313610,Dr T s patil public school Nagad,CLU3600499,KANNAD,,27,2,54,30,24,0,0.8,44.44,0.0,50,4,0,0,,,,
27194100741,EXCELLENCE NATIONAL ENGLISH SCHOOL,CLU3600496,KANNAD,,27,3,67,39,28,0,0.72,41.79,0.0,11,0,0,0,,,,
27190309548,FATIMA PRIMARY ENGLISH SCHOOL KANNAD,CLU3600492,KANNAD,,27,1,487,319,168,0,0.53,34.5,0.0,487,0,0,0,,,,
27190309515,FATIMACONVENT  ENGLISH HIGH  SCHOOL KANNAD,CLU3600492,KANNAD,,27,6,628,408,220,0,0.54,35.03,0.0,109,303,216,0,,,,
27190309554,GAUTALA VALLEY SCHOOL KANNAD,CLU3600492,KANNAD,,27,6,447,262,185,0,0.71,41.39,0.0,278,106,63,0,,,,
27190308602,GHASIBABA VID JAWKHEDA BK,CLU3600502,KANNAD,,4,6,256,136,120,0,0.88,46.88,0.0,7,115,134,0,,,,
27190313603,GOVT POST BASIC  ASHRAM SHALA NAGAD,CLU3600499,KANNAD,,13,6,197,95,102,0,1.07,51.78,0.0,72,68,57,0,,,,
27190320702,GOVT POST BASIC ASHRAM SCHOOL WADNER,CLU3600507,KANNAD,,13,6,356,209,147,0,0.7,41.29,0.0,117,159,80,0,,,,
27190303002,GOVT. ASHRAM SCHOOL GARADA KANNAD,CLU3600492,KANNAD,,13,6,269,159,110,0,0.69,40.89,0.0,112,101,56,0,,,,
27190306502,GURUDAYALSING RATHOD PS ASHRAM SHALA GARADA,CLU3600492,KANNAD,,42,1,68,35,33,0,0.94,48.53,0.0,68,0,0,0,,,,
27190306403,GURUDAYALSINGH RATHOD MAD & U MAD ASHRAM SHALA GARADA,CLU3600492,KANNAD,,42,3,889,624,265,0,0.42,29.81,0.0,35,250,228,376,,,,
27190309509,HAZRAT SIDIQUI URDU PS KANNAD,CLU3600492,KANNAD,,4,1,254,90,164,0,1.82,64.57,0.0,254,0,0,0,,,,
27190309557,HOLY TRINETY ENGLISH SCHOOL KANNAD,CLU3600492,KANNAD,,27,2,8,6,2,0,0.33,25.0,0.0,8,0,0,0,,,,
27190316902,IDEAL ENGLISH SCHOOL SAKHRWEL,CLU3600505,KANNAD,,27,1,36,22,14,0,0.64,38.89,0.0,36,0,0,0,,,,
27190309533,INDIRA GANDHI URDU P S KANNAD,CLU3600492,KANNAD,,55,2,442,168,274,0,1.63,61.99,0.0,271,171,0,0,,,,
27190307307,JANKI PRI ENG SCHOOL HATNOOR,CLU3600501,KANNAD,,27,1,25,17,8,0,0.47,32.0,0.0,25,0,0,0,,,,
27190300806,JANKIBAI PUBLIC SCHOOL ANDHANER,CLU3600496,KANNAD,,27,1,89,57,32,0,0.56,35.96,0.0,89,0,0,0,,,,
27190314404,JIJAMATA JR COLLEGE NIPANI,CLU3600510,KANNAD,,53,11,359,249,110,0,0.44,30.64,0.0,0,0,0,359,,,,
27190315102,JIJAMATA VIDYALAY PIMPARKHEDA,CLU3600504,KANNAD,,4,3,771,447,324,0,0.72,42.02,0.0,16,182,234,339,,,,
27190313412,JR COLLEGE MOHADI,CLU3600502,KANNAD,,4,11,114,66,48,0,0.73,42.11,0.0,0,0,0,114,,,,
27190309559,KAI K K JADHAV SEC VIDYALAY KANNAD,CLU3600492,KANNAD,,27,7,159,85,74,0,0.87,46.54,0.0,0,0,159,0,,,,
27190303718,KAI NANABHAU JANJAL PATIL PRIMARY SECONDARY AND HIGHER SECONDERY SCHOOL,CLU3600494,KANNAD,,27,3,380,233,147,0,0.63,38.68,0.0,35,100,97,148,,,,
27190312703,KAI PUNDLIKRAO PATIL VID MOHAR,CLU3600502,KANNAD,,4,5,358,215,143,0,0.67,39.94,0.0,0,25,102,231,,,,
27190309535,KAI ZELUBAI SHANKARRAO PATIL GAIKWAD PRATHMIK SHALA ,CLU3600492,KANNAD,,55,2,366,212,154,0,0.73,42.08,0.0,232,134,0,0,,,,
27190320604,KAILASWASI KISANRAO THORAT VIDYALAY WADNER,CLU3600507,KANNAD,,4,6,201,79,122,0,1.54,60.7,0.0,3,73,125,0,,,,
27190304704,KANYA VIDH DEOGAON,CLU3600498,KANNAD,,4,3,425,28,397,0,14.18,93.41,0.0,29,158,148,90,,,,
27190309511,KARMAVIR K.D.V.S.S.K. KANNAD,CLU3600492,KANNAD,,4,6,1130,665,465,0,0.7,41.15,0.0,104,520,506,0,,,,
27190309551,KARMAVIR KAKASAHEB DESHMUKH HIGHER SECONDARY SCHOOL,CLU3600492,KANNAD,,53,11,145,76,69,0,0.91,47.59,0.0,0,0,0,145,,,,
27190309534,KASHINATH PATIL P S KANNAD,CLU3600492,KANNAD,,4,2,506,292,214,0,0.73,42.29,0.0,318,188,0,0,,,,
27190309558,KIRSANTARA ENG.PRI.VIDYALAY KANNAD,CLU3600492,KANNAD,,27,3,127,74,53,0,0.72,41.73,0.0,123,4,0,0,,,,
27190309556,KRISHNA INTERNATIONAL ENGLISH SCHOOL KANNAD,CLU3600492,KANNAD,,27,6,507,300,207,0,0.69,40.83,0.0,280,151,76,0,,,,
27190320402,LATE NARAYANRAO BAJIRAO PAWAR MADHYAMIK VIDYALAYA VITKHEDA,CLU3600498,KANNAD,,4,7,86,39,47,0,1.21,54.65,0.0,0,22,64,0,,,,
27190307306,LATE NARAYANRAO PAWAR JR COLLEGE HATNOOR,CLU3600501,KANNAD,,54,11,294,199,95,0,0.48,32.31,0.0,0,0,0,294,,,,
27190317324,LITILE ANGIEL PRI OF MIND FLOWERS PISHOR,CLU3600504,KANNAD,,27,1,158,98,60,0,0.61,37.97,0.0,158,0,0,0,,,,
27190309540,M G M VASTANVI ENG PRI SCHOOL,CLU3600500,KANNAD,,27,2,55,45,10,0,0.22,18.18,0.0,31,24,0,0,,,,
27190316402,M G M VASTANVI URDU SCHOOL SAROLA,CLU3600502,KANNAD,,19,2,10,6,4,0,0.67,40.0,0.0,3,7,0,0,,,,
27190309803,M. JYOTIBA P.V. KARANJKHEDA,CLU3600495,KANNAD,,4,3,358,188,170,0,0.9,47.49,0.0,0,61,147,150,,,,
27190314306,MADAYAMIK VIDYALAY NIMBHORA,CLU3600505,KANNAD,,55,5,177,75,102,0,1.36,57.63,0.0,0,33,89,55,,,,
27190303903,MADH VID CHIMANAPUR,CLU3600509,KANNAD,,4,7,86,45,41,0,0.91,47.67,0.0,0,23,63,0,,,,
27190303703,MADHURA MATA KANYA VID. CHINCHOLI LI,CLU3600494,KANNAD,,4,6,227,97,130,0,1.34,57.27,0.0,5,86,136,0,,,,
27190309537,MAHARAJA SAYAJIRAO GAIKWAD MADHYAMIK VIDYALAYA,CLU3600492,KANNAD,,55,7,226,110,116,0,1.05,51.33,0.0,0,50,176,0,,,,
27190317603,MAHARANA PRATAP HGHI SCHOOL SHIRAI,CLU3600501,KANNAD,,4,7,96,47,49,0,1.04,51.04,0.0,0,22,74,0,,,,
27190317305,MAHATMA JYOTIBA SEC & HIG SEC VIDYALAY SHAFIPUR,CLU3600504,KANNAD,,4,3,1128,667,461,0,0.69,40.87,0.0,22,185,407,514,,,,
27190309524,MAHATMA PHULE PS KANNAD,CLU3600492,KANNAD,,4,1,92,57,35,0,0.61,38.04,0.0,92,0,0,0,,,,
27190310804,MATOSHRI MADYAMIK VIDYALAY KHATKHEDA,CLU3600505,KANNAD,,19,7,76,41,35,0,0.85,46.05,0.0,0,13,63,0,,,,
27190314403,MHALSAI MADA VID NIPANI,CLU3600510,KANNAD,,4,3,70,33,37,0,1.12,52.86,0.0,5,23,42,0,,,,
27190402906,MOHMADIYA URDU HS KASABKHEDA,CLU3600492,KANNAD,,55,7,147,67,80,0,1.19,54.42,0.0,0,39,108,0,,,,
27190309530,MOHMADIYA URDU P S KANNAD,CLU3600492,KANNAD,,55,2,887,336,551,0,1.64,62.12,0.0,611,276,0,0,,,,
27190312003,MOHMMADIYA URDU PS MAKRANPUR KANNAD,CLU3600492,KANNAD,,53,2,204,109,95,0,0.87,46.57,0.0,145,59,0,0,,,,
27190307602,MOTHER GANGA ENGLISH SCHOOL,CLU3600492,KANNAD,,27,8,41,21,20,0,0.95,48.78,0.0,0,0,41,0,,,,
27190300805,MOTHER TERESA PRIMARY ENGLISH SCHOOL ANDHANER,CLU3600496,KANNAD,,27,2,53,53,0,0,0.0,0.0,0.0,19,34,0,0,,,,
27190309539,MOTHERGANGA PRI ENGLISH SCHOOL KANNAD,CLU3600492,KANNAD,,27,2,334,217,117,0,0.54,35.03,0.0,179,155,0,0,,,,
27190309812,MUBARAK URDU HIGH SCHOOL KARNJKHEDA,CLU3600495,KANNAD,,55,7,170,54,116,0,2.15,68.24,0.0,0,50,120,0,,,,
27190303715,N J PRI EING SHOOL CIMCHOLI LI,CLU3600494,KANNAD,,27,2,150,89,61,0,0.69,40.67,0.0,150,0,0,0,,,,
27190313703,NAGESHWAR VID. NAGAPUR,CLU3600509,KANNAD,,4,3,542,275,267,0,0.97,49.26,0.0,12,131,279,120,,,,
27190308102,NARAYANBABA MADH VID JAITKHEDA,CLU3600511,KANNAD,,4,7,122,54,68,0,1.26,55.74,0.0,0,37,85,0,,,,
27190317323,NATIONAL URDU SHAFIPUR,CLU3600504,KANNAD,,4,2,79,18,61,0,3.39,77.22,0.0,66,13,0,0,,,,
27190300603,NAVJIVAN PRI ASRAM SHALA AMBATANADA,CLU3600507,KANNAD,,42,1,115,64,51,0,0.8,44.35,0.0,115,0,0,0,,,,
27190300602,NAVJIVAN SEC & HIG SEC ASRAM SHALA AMBATANDA,CLU3600507,KANNAD,,42,3,898,551,347,0,0.63,38.64,0.0,48,249,305,296,,,,
27190304602,NEW HIGH DEBHEGAON,CLU3600508,KANNAD,,4,5,185,99,86,0,0.87,46.49,0.0,0,24,85,76,,,,
27190309202,NEW HIGH SCHOOL JEHOOR,CLU3600510,KANNAD,,4,3,568,271,297,0,1.1,52.29,0.0,42,224,230,72,,,,
27190301102,NEW HS AURALA,CLU3600506,KANNAD,,4,3,615,336,279,0,0.83,45.37,0.0,30,231,279,75,,,,
27190309510,NEW HS KANNAD,CLU3600492,KANNAD,,4,6,607,349,258,0,0.74,42.5,0.0,64,249,294,0,,,,
27190309546,NEW PRIMARY ENGLISH SCHOOL KANNAD,CLU3600492,KANNAD,,27,2,366,202,164,0,0.81,44.81,0.0,266,100,0,0,,,,
27190308803,OM SHANTI HR SCE MAHAVIDHYLAY JAWALI BK,CLU3600497,KANNAD,,27,11,23,12,11,0,0.92,47.83,0.0,0,0,0,23,,,,
27190308802,OM SHANTI MADYAMIK VIDYALAY   JAWALI BK,CLU3600497,KANNAD,,55,7,104,47,57,0,1.21,54.81,0.0,0,22,82,0,,,,
27190313413,PADMAVATI ENGLISH SCHOOL AMDABAD MOHADI,CLU3600502,KANNAD,,27,2,7,3,4,0,1.33,57.14,0.0,7,0,0,0,,,,
27190300404,PADMAVATI JR COLLEGE AMDABAD,CLU3600502,KANNAD,,27,11,105,66,39,0,0.59,37.14,0.0,0,0,0,105,,,,
27190317403,PRABODHAN V. SHELGAON,CLU3600493,KANNAD,,4,3,502,252,250,0,0.99,49.8,0.0,0,149,217,136,,,,
27190301104,R G PABLIC ENG SCHOOL AURALA,CLU3600506,KANNAD,,27,1,40,26,14,0,0.54,35.0,0.0,40,0,0,0,,,,
27190301105,R G Semi English School And Junior College Aurala,CLU3600506,KANNAD,,27,3,80,44,36,0,0.82,45.0,0.0,1,27,6,46,,,,
27190307403,RADHABAI SHNDE HIGH HASTA,CLU3600505,KANNAD,,55,5,348,181,167,0,0.92,47.99,0.0,0,45,89,214,,,,
27190317318,RAIBHANJI JADHAV URDU HIGH  SCHOOL SHAFIPUR,CLU3600504,KANNAD,,19,7,48,16,32,0,2.0,66.67,0.0,0,0,48,0,,,,
27190309522,RAMCHANDRA PS KANNAD,CLU3600492,KANNAD,,4,2,267,141,126,0,0.89,47.19,0.0,144,123,0,0,,,,
27190313607,RASHTRIY PRATHMIK VIDYALAY NAGAD,CLU3600499,KANNAD,,4,2,341,194,147,0,0.76,43.11,0.0,224,117,0,0,,,,
27190308302,RASTIRY MA VI JAITAPUR,CLU3600501,KANNAD,,4,5,526,292,234,0,0.8,44.49,0.0,0,21,56,449,,,,
27190307305,RASTIRY PRI SCHOOL HATNOOR,CLU3600501,KANNAD,,25,2,394,249,145,0,0.58,36.8,0.0,266,128,0,0,,,,
27190316503,RASTRIYA MADH   SAIGHAVAN,CLU3600499,KANNAD,,4,3,683,379,304,0,0.8,44.51,0.0,18,205,208,252,,,,
27190313605,RASTRIYA MADH VID NAGAD,CLU3600499,KANNAD,,4,5,1172,699,473,0,0.68,40.36,0.0,0,77,235,860,,,,
27190309516,RAVINDRANATH T.P.S. KANAKWATINAGAR,CLU3600492,KANNAD,,4,1,209,120,89,0,0.74,42.58,0.0,209,0,0,0,,,,
27190320304,REVANNATH MADYAMIK VIDYALAY VITA,CLU3600497,KANNAD,,4,6,190,85,105,0,1.24,55.26,0.0,5,111,74,0,,,,
27190308402,S D PATIL HIGH JAMADI J,CLU3600493,KANNAD,,4,3,376,200,176,0,0.88,46.81,0.0,34,120,150,72,,,,
27190309528,SADHANA PATIL  PS NARSINGPUR,CLU3600492,KANNAD,,54,2,323,184,139,0,0.76,43.03,0.0,183,140,0,0,,,,
27190300809,SADHANA PATIL JUNIOR COLLEGE ANDHANER,CLU3600496,KANNAD,,19,11,15,5,10,0,2.0,66.67,0.0,0,0,0,15,,,,
27190306604,SAHARA ENGLISH SCHOOL GHATSHENDRA,CLU3600494,KANNAD,,27,2,220,125,95,0,0.76,43.18,0.0,174,46,0,0,,,,
27190309204,SAIRAJ ENGLISH SCHOOL JEHUR,CLU3600510,KANNAD,,27,3,360,200,160,0,0.8,44.44,0.0,212,79,23,11,,,,
27190304714,SAMARTH VYANKATNATH ENLGISH SCHOOL DEVGAON,CLU3600498,KANNAD,,27,3,192,93,99,0,1.06,51.56,0.0,129,53,10,0,,,,
27190317313,SAMATA PRATHAMIK VIDYAMANDIR PISHOR,CLU3600504,KANNAD,,4,2,556,232,324,0,1.4,58.27,0.0,426,130,0,0,,,,
27190317314,SAMTA KANYA HIGH SCHOOL   SHAFIPUR,CLU3600504,KANNAD,,4,3,1074,437,637,0,1.46,59.31,0.0,38,320,430,286,,,,
27190309505,SANE  GURUJI  PRI SCHOOL  KANNAD,CLU3600492,KANNAD,,4,2,934,503,431,0,0.86,46.15,0.0,614,320,0,0,,,,
27194100705,SANE GURUJI VIDHYALAY NARSINGPUR KANNAD,CLU3600492,KANNAD,,27,3,16,12,4,0,0.33,25.0,0.0,0,0,16,0,,,,
27190309549,SANE GURUJI VIDYALAY KANNAD,CLU3600492,KANNAD,,4,7,546,294,252,0,0.86,46.15,0.0,0,151,395,0,,,,
27190309517,SANJAY GANDHI URDU HS KANNAD,CLU3600492,KANNAD,,4,3,632,221,411,0,1.86,65.03,0.0,62,219,181,170,,,,
27190304706,SANT BAHINABAI ENG SCHOOL DEGOAN R,CLU3600498,KANNAD,,27,2,196,103,93,0,0.9,47.45,0.0,148,48,0,0,,,,
27190309506,SANT DNYANESHWAR V. KANNAD,CLU3600492,KANNAD,,4,2,584,323,261,0,0.81,44.69,0.0,328,256,0,0,,,,
27190303003,SARA ENGLISH SCHOOL BRAHMANI,CLU3600492,KANNAD,,27,3,71,42,29,0,0.69,40.85,0.0,0,0,71,0,,,,
27190320503,SAU VIJAYATAI ROHADE K N M ASHRAM SHALA VITTHALPUR,CLU3600500,KANNAD,,19,6,54,36,18,0,0.5,33.33,0.0,0,14,40,0,,,,
27190309513,SAVITRIBAI P.K.V. KANNAD,CLU3600492,KANNAD,,4,3,721,356,365,0,1.03,50.62,0.0,35,191,258,237,,,,
27190309508,SAVITRIBAI PHULE PS KANNAD,CLU3600492,KANNAD,,4,2,198,135,63,0,0.47,31.82,0.0,142,56,0,0,,,,
27190309555,SAVITRIBAI PHULE SELF FINANCE SCHOOL KANNAD,CLU3600492,KANNAD,,27,1,35,24,11,0,0.46,31.43,0.0,35,0,0,0,,,,
27190317316,SHANTI NIKETAN SHAFIPUR,CLU3600504,KANNAD,,27,2,43,28,15,0,0.54,34.88,0.0,42,1,0,0,,,,
27190303206,SHAURYA PUBLIC SCHOOL CHAPANER,CLU3600503,KANNAD,,27,2,168,100,68,0,0.68,40.48,0.0,124,44,0,0,,,,
27190303716,SHINING STAR ENGLISH SCHOOL CHINCHOLI,CLU3600494,KANNAD,,27,1,38,20,18,0,0.9,47.37,0.0,38,0,0,0,,,,
27190308605,SHIVRAYAT JR COLLEGE JAVKHEDA BK,CLU3600502,KANNAD,,27,11,96,68,28,0,0.41,29.17,0.0,0,0,0,96,,,,
27190319402,SHIVSWER  SEC & HIGH SEC VIDYALAY TAKLI AN.,CLU3600494,KANNAD,,4,3,944,526,418,0,0.79,44.28,0.0,0,209,387,348,,,,
27190304712,SHRI GANESH SEC. AND HIGHER SEC. VIDYALAYA DEVGAON,CLU3600498,KANNAD,,4,3,1470,902,568,0,0.63,38.64,0.0,21,268,445,736,,,,
27190321403,SHRI SWAMI SAMARTH ENGLISH SCHOOL AND JR COLLEGE,CLU3600493,KANNAD,,27,3,170,84,86,0,1.02,50.59,0.0,83,16,0,0,,,,
27194100752,SHRI VIDYA PRAMAN INTERNATIONAL SCHOOL HATNOOR,CLU3600501,KANNAD,,27,3,0,0,0,0,0.0,0.0,0.0,0,0,0,0,,,,
27190303205,SHRIMATI KASTURBA PRI ENG SCHOOL CHAPANER,CLU3600503,KANNAD,,27,2,128,78,50,0,0.64,39.06,0.0,90,38,0,0,,,,
27190317317,SOHAM PRAKASH PRIMARY SCHOOL PISHOR,CLU3600504,KANNAD,,4,2,490,275,215,0,0.78,43.88,0.0,335,155,0,0,,,,
27190307202,SOMANAIK SMP ASHRAM SCHOOL,CLU3600511,KANNAD,,42,2,183,101,82,0,0.81,44.81,0.0,79,104,0,0,,,,
27190309531,SURUYODAY VIDYALAY  KANNAD,CLU3600492,KANNAD,,12,6,151,94,57,0,0.61,37.75,0.0,4,87,60,0,,,,
27190320202,SWAMI PRANAVANAND HIGH SCHOOL KALIMATH UPLA,CLU3600496,KANNAD,,4,6,449,234,215,0,0.92,47.88,0.0,15,172,262,0,,,,
27190318702,SWAMI SAMARTH  VI TADPIMPALGAON,CLU3600498,KANNAD,,55,7,100,47,53,0,1.13,53.0,0.0,0,25,75,0,,,,
27190309813,SWAMI VIVEKANAND P S KARANJKHEDA,CLU3600495,KANNAD,,27,1,56,39,17,0,0.44,30.36,0.0,56,0,0,0,,,,
27190309565,Shri Sant Dnyaneshwar Madhyamik Vidya Mandir Shivnagar Kannad Dist Aurangabad,CLU3600492,KANNAD,,27,8,157,85,72,0,0.85,45.86,0.0,0,0,157,0,,,,
27190309552,TANVEER URDU HIGH SCHOOL PANDHARI MOHALLA KANNAD,CLU3600492,KANNAD,,27,8,10,10,0,0,0.0,0.0,0.0,0,0,10,0,,,,
27190613429,TAXISHILA H.S.SILLOD,CLU3600495,KANNAD,,4,7,153,77,76,0,0.99,49.67,0.0,0,47,106,0,,,,
27190309560,UMANG PUBLIC SCHOOL KANNAD,CLU3600492,KANNAD,,27,2,19,12,7,0,0.58,36.84,0.0,19,0,0,0,,,,
27194100552,URDU PRIMARY SCHOOL KANNAD,CLU3600492,KANNAD,,19,2,63,25,38,0,1.52,60.32,0.0,60,3,0,0,,,,
27190313702,URDU PS NAGAPUR,CLU3600509,KANNAD,,4,2,220,76,144,0,1.89,65.45,0.0,161,59,0,0,,,,
27190313707,URDU SECONDARY AND HIGHER SECONDARY SCHOOL. NAGAPUR TQ. KANNAD,CLU3600509,KANNAD,,4,5,264,90,174,0,1.93,65.91,0.0,0,30,154,80,,,,
27190320002,VASANTRAO NAIK TELWADI,CLU3600496,KANNAD,,42,2,266,181,85,0,0.47,31.95,0.0,142,124,0,0,,,,
27190320003,VASNTRAO NAIK SEC AND HIGH SEC  TELWADI,CLU3600496,KANNAD,,42,5,795,522,273,0,0.52,34.34,0.0,0,73,258,464,,,,
27190302702,VIDYANIKETAN  VIDILAYA BORSAR BK,CLU3600508,KANNAD,,4,7,94,37,57,0,1.54,60.64,0.0,0,21,73,0,,,,
27190309525,VINAYAKRAO PATIL ARTS & SCI JR COLLEGE KANNAD,CLU3600492,KANNAD,,53,11,273,179,94,0,0.53,34.43,0.0,0,0,0,273,,,,
27190304715,Z P C P S DEOGAON RANGARI URDU,CLU3600498,KANNAD,,16,2,135,35,100,0,2.86,74.07,0.0,92,43,0,0,,,,
27190309566,Z P CPS KANNAD NO 1 URDU,CLU3600492,KANNAD,,16,2,21,13,8,0,0.62,38.1,0.0,21,0,0,0,,,,
27190306605,Z P P S GHATSHENDRA URDU,CLU3600494,KANNAD,,16,2,65,7,58,0,8.29,89.23,0.0,42,23,0,0,,,,
27190311407,Z P P S KUNJKHEDA URDU,CLU3600500,KANNAD,,16,2,425,192,233,0,1.21,54.82,0.0,293,132,0,0,,,,
27190309804,ZAKERIA URDU PS KARANJKHEDA,CLU3600495,KANNAD,,4,2,303,97,206,0,2.12,67.99,0.0,229,74,0,0,,,,
27190308404,ZPPKA RASESHWARWADI,CLU3600493,KANNAD,,16,1,25,10,15,0,1.5,60.0,0.0,25,0,0,0,,,,
27190308603,ZPPS MAHADEV WADI,CLU3600502,KANNAD,,16,1,35,21,14,0,0.67,40.0,0.0,35,0,0,0,,,,
27190300301,ZPPSKA ALAPUR,CLU3600501,KANNAD,,16,1,22,14,8,0,0.57,36.36,0.0,22,0,0,0,,,,
27190317405,ZPPSKA ANATGATWADI,CLU3600493,KANNAD,,16,1,28,13,15,0,1.15,53.57,0.0,28,0,0,0,,,,
27190300901,ZPPSKA ANTAPUR,CLU3600508,KANNAD,,16,1,11,5,6,0,1.2,54.55,0.0,11,0,0,0,,,,
27190301101,ZPPSKA AURALA,CLU3600506,KANNAD,,16,1,89,43,46,0,1.07,51.69,0.0,89,0,0,0,,,,
27190301301,ZPPSKA AURALTANADA,CLU3600506,KANNAD,,16,1,29,16,13,0,0.81,44.83,0.0,29,0,0,0,,,,
27190301701,ZPPSKA BALKHDA,CLU3600495,KANNAD,,16,1,21,10,11,0,1.1,52.38,0.0,21,0,0,0,,,,
27190300402,ZPPSKA BANKARWADI A,CLU3600502,KANNAD,,16,1,15,10,5,0,0.5,33.33,0.0,15,0,0,0,,,,
27190301410,ZPPSKA BATYA MAROTI BAHIRGAON,CLU3600500,KANNAD,,16,1,14,9,5,0,0.56,35.71,0.0,14,0,0,0,,,,
27190302501,ZPPSKA BAUDHA WADI,CLU3600502,KANNAD,,16,1,14,5,9,0,1.8,64.29,0.0,14,0,0,0,,,,
27190303102,ZPPSKA BHAMBARWADINAKA,CLU3600496,KANNAD,,16,1,27,12,15,0,1.25,55.56,0.0,27,0,0,0,,,,
27190302301,ZPPSKA BHILDARITANDA,CLU3600499,KANNAD,,16,1,128,70,58,0,0.83,45.31,0.0,128,0,0,0,,,,
27190311902,ZPPSKA BHILWADI LOHGAON,CLU3600494,KANNAD,,16,1,34,18,16,0,0.89,47.06,0.0,34,0,0,0,,,,
27190317412,ZPPSKA BHILWADI SHE,CLU3600493,KANNAD,,16,1,15,11,4,0,0.36,26.67,0.0,15,0,0,0,,,,
27190320303,ZPPSKA BHOJNEWASTI,CLU3600497,KANNAD,,16,1,9,4,5,0,1.25,55.56,0.0,9,0,0,0,,,,
27190302601,ZPPSKA BIPKHEDA,CLU3600506,KANNAD,,16,1,95,47,48,0,1.02,50.53,0.0,95,0,0,0,,,,
27190302901,ZPPSKA BOLTEK,CLU3600503,KANNAD,,16,1,60,30,30,0,1.0,50.0,0.0,60,0,0,0,,,,
27190306102,ZPPSKA CHANDANWADI,CLU3600494,KANNAD,,16,1,26,11,15,0,1.36,57.69,0.0,26,0,0,0,,,,
27190303401,ZPPSKA CHANMHARWADI,CLU3600498,KANNAD,,16,1,42,15,27,0,1.8,64.29,0.0,42,0,0,0,,,,
27190320802,ZPPSKA CHAVANWASTI,CLU3600511,KANNAD,,16,1,22,15,7,0,0.47,31.82,0.0,22,0,0,0,,,,
27190303501,ZPPSKA CHHAPARWADI,CLU3600494,KANNAD,,16,1,18,10,8,0,0.8,44.44,0.0,18,0,0,0,,,,
27190303701,ZPPSKA CHINCHOLI LIMBAJI,CLU3600494,KANNAD,,16,1,147,78,69,0,0.88,46.94,0.0,147,0,0,0,,,,
27190305301,ZPPSKA DAHIGAON WADI,CLU3600493,KANNAD,,16,1,18,10,8,0,0.8,44.44,0.0,18,0,0,0,,,,
27190305001,ZPPSKA DEOPUDI,CLU3600498,KANNAD,,16,1,26,14,12,0,0.86,46.15,0.0,26,0,0,0,,,,
27190305101,ZPPSKA DEVLI,CLU3600498,KANNAD,,16,1,28,14,14,0,1.0,50.0,0.0,28,0,0,0,,,,
27190317406,ZPPSKA DEWARWADI,CLU3600493,KANNAD,,16,1,15,9,6,0,0.67,40.0,0.0,15,0,0,0,,,,
27190305401,ZPPSKA DHABADI,CLU3600500,KANNAD,,16,1,52,23,29,0,1.26,55.77,0.0,52,0,0,0,,,,
27190313802,ZPPSKA DHANGARWADI,CLU3600499,KANNAD,,16,1,80,42,38,0,0.9,47.5,0.0,80,0,0,0,,,,
27190316405,ZPPSKA DHANGARWADI SA,CLU3600502,KANNAD,,16,1,15,6,9,0,1.5,60.0,0.0,15,0,0,0,,,,
27190319502,ZPPSKA DHANGARWADI SHA,CLU3600502,KANNAD,,16,2,4,1,3,0,3.0,75.0,0.0,4,0,0,0,,,,
27190305501,ZPPSKA DHNAGARWADI,CLU3600506,KANNAD,,16,1,24,12,12,0,1.0,50.0,0.0,24,0,0,0,,,,
27190305801,ZPPSKA DONGAON,CLU3600500,KANNAD,,16,1,24,11,13,0,1.18,54.17,0.0,24,0,0,0,,,,
27190304603,ZPPSKA EKLAYNAGAR,CLU3600508,KANNAD,,16,1,33,16,17,0,1.06,51.52,0.0,33,0,0,0,,,,
27190300103,ZPPSKA FAKIRAWADI,CLU3600502,KANNAD,,16,1,32,14,18,0,1.29,56.25,0.0,32,0,0,0,,,,
27190306501,ZPPSKA GARGOTI TANDA,CLU3600492,KANNAD,,16,1,29,11,18,0,1.64,62.07,0.0,29,0,0,0,,,,
27190306201,ZPPSKA GAWALI,CLU3600506,KANNAD,,16,2,108,46,62,0,1.35,57.41,0.0,56,52,0,0,,,,
27190306301,ZPPSKA GAWALITANDA,CLU3600506,KANNAD,,16,1,19,7,12,0,1.71,63.16,0.0,19,0,0,0,,,,
27190308202,ZPPSKA GOKULWADI JAITKHEDATANDA,CLU3600511,KANNAD,,16,1,7,6,1,0,0.17,14.29,0.0,7,0,0,0,,,,
27190309810,ZPPSKA GOKULWADI KARANJKHEDA,CLU3600495,KANNAD,,16,1,19,12,7,0,0.58,36.84,0.0,19,0,0,0,,,,
27190306801,ZPPSKA GOPALWADI,CLU3600511,KANNAD,,16,1,59,30,29,0,0.97,49.15,0.0,59,0,0,0,,,,
27190306701,ZPPSKA GOPEWADI,CLU3600499,KANNAD,,16,1,75,38,37,0,0.97,49.33,0.0,75,0,0,0,,,,
27190307001,ZPPSKA GUDMA,CLU3600503,KANNAD,,16,2,151,75,76,0,1.01,50.33,0.0,79,72,0,0,,,,
27190303610,ZPPSKA GURUKRUPAWASTI CHIKALTHAN,CLU3600511,KANNAD,,16,1,38,23,15,0,0.65,39.47,0.0,38,0,0,0,,,,
27190307101,ZPPSKA GUSUR,CLU3600501,KANNAD,,16,1,27,12,15,0,1.25,55.56,0.0,27,0,0,0,,,,
27190307201,ZPPSKA GUSURTANADA,CLU3600511,KANNAD,,16,1,25,14,11,0,0.79,44.0,0.0,25,0,0,0,,,,
27190303611,ZPPSKA HANUMANWADI CHIKALTHAN,CLU3600511,KANNAD,,16,1,16,3,13,0,4.33,81.25,0.0,16,0,0,0,,,,
27190317413,ZPPSKA HANUMANWADI SHEL,CLU3600493,KANNAD,,16,1,20,8,12,0,1.5,60.0,0.0,20,0,0,0,,,,
27190307301,ZPPSKA HATNOOR,CLU3600501,KANNAD,,16,1,209,106,103,0,0.97,49.28,0.0,209,0,0,0,,,,
27190307901,ZPPSKA HIWARWADI,CLU3600495,KANNAD,,16,1,8,7,1,0,0.14,12.5,0.0,8,0,0,0,,,,
27190317410,ZPPSKA ISLAMABADWADI,CLU3600493,KANNAD,,16,1,24,12,12,0,1.0,50.0,0.0,24,0,0,0,,,,
27190308501,ZPPSKA JAMDIGHAT,CLU3600507,KANNAD,,16,1,38,20,18,0,0.9,47.37,0.0,38,0,0,0,,,,
27190308701,ZPPSKA JAWKHEDA KU,CLU3600503,KANNAD,,16,1,36,25,11,0,0.44,30.56,0.0,36,0,0,0,,,,
27190304802,ZPPSKA KADARPUR,CLU3600508,KANNAD,,16,1,20,10,10,0,1.0,50.0,0.0,20,0,0,0,,,,
27190309701,ZPPSKA KANADGAON W,CLU3600498,KANNAD,,16,1,25,10,15,0,1.5,60.0,0.0,25,0,0,0,,,,
27190309801,ZPPSKA KARANJKHEDA,CLU3600495,KANNAD,,16,1,133,67,66,0,0.99,49.62,0.0,133,0,0,0,,,,
27190309809,ZPPSKA KARKHANA WASTI,CLU3600495,KANNAD,,16,1,44,30,14,0,0.47,31.82,0.0,44,0,0,0,,,,
27190310101,ZPPSKA KAVITKHEDA,CLU3600506,KANNAD,,16,1,10,3,7,0,2.33,70.0,0.0,10,0,0,0,,,,
27190313502,ZPPSKA KAWADIRAJNI,CLU3600502,KANNAD,,16,1,27,9,18,0,2.0,66.67,0.0,27,0,0,0,,,,
27190317312,ZPPSKA KHADKESHWAR,CLU3600504,KANNAD,,16,1,35,18,17,0,0.94,48.57,0.0,35,0,0,0,,,,
27190310701,ZPPSKA KHAPARKHEDA,CLU3600497,KANNAD,,16,1,35,19,16,0,0.84,45.71,0.0,35,0,0,0,,,,
27190310301,ZPPSKA KHEDA,CLU3600501,KANNAD,,16,1,26,14,12,0,0.86,46.15,0.0,26,0,0,0,,,,
27190313706,ZPPSKA KHORA ADIVASI,CLU3600509,KANNAD,,16,1,19,10,9,0,0.9,47.37,0.0,19,0,0,0,,,,
27190307702,ZPPSKA KHORAVASTI,CLU3600511,KANNAD,,16,1,36,24,12,0,0.5,33.33,0.0,36,0,0,0,,,,
27190304902,ZPPSKA KOKALYAI VASTI,CLU3600505,KANNAD,,16,1,25,11,14,0,1.27,56.0,0.0,25,0,0,0,,,,
27190310901,ZPPSKA KOLASWADI,CLU3600492,KANNAD,,16,1,26,8,18,0,2.25,69.23,0.0,26,0,0,0,,,,
27190311201,ZPPSKA KOLMBI,CLU3600504,KANNAD,,16,1,36,16,20,0,1.25,55.56,0.0,36,0,0,0,,,,
27190303709,ZPPSKA KOLMBI MAKTA GANESHPUR,CLU3600494,KANNAD,,16,1,41,16,25,0,1.56,60.98,0.0,41,0,0,0,,,,
27190311301,ZPPSKA KOPARWEL,CLU3600505,KANNAD,,16,1,5,2,3,0,1.5,60.0,0.0,5,0,0,0,,,,
27190311601,ZPPSKA LAWALI,CLU3600508,KANNAD,,16,1,7,4,3,0,0.75,42.86,0.0,7,0,0,0,,,,
27190309806,ZPPSKA MAHADEOKHORA WASTI,CLU3600495,KANNAD,,16,1,36,14,22,0,1.57,61.11,0.0,36,0,0,0,,,,
27190312301,ZPPSKA MALEGAON LO,CLU3600505,KANNAD,,16,1,26,13,13,0,1.0,50.0,0.0,26,0,0,0,,,,
27190300102,ZPPSKA MALOBAIVASTI,CLU3600502,KANNAD,,16,1,5,5,0,0,0.0,0.0,0.0,5,0,0,0,,,,
27190312704,ZPPSKA MOHRAWADI,CLU3600502,KANNAD,,16,1,14,8,6,0,0.75,42.86,0.0,14,0,0,0,,,,
27190313801,ZPPSKA NAGADTANDA,CLU3600499,KANNAD,,16,1,144,80,64,0,0.8,44.44,0.0,144,0,0,0,,,,
27190314101,ZPPSKA NANADGIRWADI,CLU3600500,KANNAD,,16,1,83,47,36,0,0.77,43.37,0.0,83,0,0,0,,,,
27190305205,ZPPSKA NANDIWADI,CLU3600493,KANNAD,,16,1,21,12,9,0,0.75,42.86,0.0,21,0,0,0,,,,
27190310803,ZPPSKA NAVIN WASAHAT,CLU3600505,KANNAD,,16,1,28,17,11,0,0.65,39.29,0.0,28,0,0,0,,,,
27190307404,ZPPSKA NAWATWASTI,CLU3600505,KANNAD,,16,1,27,13,14,0,1.08,51.85,0.0,27,0,0,0,,,,
27190301103,ZPPSKA NIKAM AHER WASTI AURALI,CLU3600506,KANNAD,,16,1,8,4,4,0,1.0,50.0,0.0,8,0,0,0,,,,
27190309807,ZPPSKA PABALWADI KARANJKHEDA,CLU3600495,KANNAD,,16,1,37,16,21,0,1.31,56.76,0.0,37,0,0,0,,,,
27190314801,ZPPSKA PALASKHEDA,CLU3600497,KANNAD,,16,2,57,21,36,0,1.71,63.16,0.0,57,0,0,0,,,,
27190303605,ZPPSKA PATHANWASTI CHIKALTHAN,CLU3600511,KANNAD,,16,1,28,11,17,0,1.55,60.71,0.0,28,0,0,0,,,,
27190315902,ZPPSKA PATNADEVI,CLU3600500,KANNAD,,16,1,44,25,19,0,0.76,43.18,0.0,44,0,0,0,,,,
27190315103,ZPPSKA PIMPALWADI PIP,CLU3600504,KANNAD,,16,1,34,12,22,0,1.83,64.71,0.0,34,0,0,0,,,,
27190315201,ZPPSKA PREMNAGAR,CLU3600499,KANNAD,,16,1,33,14,19,0,1.36,57.58,0.0,33,0,0,0,,,,
27190315301,ZPPSKA PURANWADI,CLU3600509,KANNAD,,16,1,15,9,6,0,0.67,40.0,0.0,15,0,0,0,,,,
27190315501,ZPPSKA RAILTANDA,CLU3600492,KANNAD,,16,1,26,9,17,0,1.89,65.38,0.0,26,0,0,0,,,,
27190316403,ZPPSKA RAJPUTWADI SA,CLU3600502,KANNAD,,16,1,20,13,7,0,0.54,35.0,0.0,20,0,0,0,,,,
27190317311,ZPPSKA RAMESHWAR SHAFIPUR,CLU3600504,KANNAD,,16,1,27,11,16,0,1.45,59.26,0.0,27,0,0,0,,,,
27190313606,ZPPSKA RAMPURA,CLU3600499,KANNAD,,16,1,31,16,15,0,0.94,48.39,0.0,31,0,0,0,,,,
27190315901,ZPPSKA RITHI,CLU3600500,KANNAD,,16,1,31,19,12,0,0.63,38.71,0.0,31,0,0,0,,,,
27190321302,ZPPSKA ROJEPUR,CLU3600494,KANNAD,,16,1,27,15,12,0,0.8,44.44,0.0,27,0,0,0,,,,
27190316201,ZPPSKA RUNIKHEDA,CLU3600501,KANNAD,,16,1,30,13,17,0,1.31,56.67,0.0,30,0,0,0,,,,
27190316301,ZPPSKA RUPWADI,CLU3600497,KANNAD,,16,1,17,6,11,0,1.83,64.71,0.0,17,0,0,0,,,,
27190317101,ZPPSKA SAHANGAON,CLU3600497,KANNAD,,16,1,22,8,14,0,1.75,63.64,0.0,22,0,0,0,,,,
27190316901,ZPPSKA SAKHARWEL,CLU3600505,KANNAD,,16,1,33,13,20,0,1.54,60.61,0.0,33,0,0,0,,,,
27190316601,ZPPSKA SALEGAON,CLU3600511,KANNAD,,16,1,22,11,11,0,1.0,50.0,0.0,22,0,0,0,,,,
27190316602,ZPPSKA SALEGAONWADI,CLU3600511,KANNAD,,16,1,17,9,8,0,0.89,47.06,0.0,17,0,0,0,,,,
27190316801,ZPPSKA SATKUNDTANDA,CLU3600509,KANNAD,,16,1,24,9,15,0,1.67,62.5,0.0,24,0,0,0,,,,
27190317302,ZPPSKA SHAFIPUR CPS,CLU3600504,KANNAD,,16,1,48,24,24,0,1.0,50.0,0.0,48,0,0,0,,,,
27190317401,ZPPSKA SHELGAON,CLU3600493,KANNAD,,16,2,115,54,61,0,1.13,53.04,0.0,101,14,0,0,,,,
27190317402,ZPPSKA SHELGAONWADI,CLU3600493,KANNAD,,16,1,24,10,14,0,1.4,58.33,0.0,24,0,0,0,,,,
27190317501,ZPPSKA SHEWATA,CLU3600508,KANNAD,,16,1,20,10,10,0,1.0,50.0,0.0,20,0,0,0,,,,
27190318001,ZPPSKA SHIPGHAT,CLU3600495,KANNAD,,16,1,8,6,2,0,0.33,25.0,0.0,8,0,0,0,,,,
27190317801,ZPPSKA SHIVANANAGAR,CLU3600496,KANNAD,,16,1,50,25,25,0,1.0,50.0,0.0,50,0,0,0,,,,
27190302202,ZPPSKA SHIVVASTI BHILDARI,CLU3600504,KANNAD,,16,1,25,11,14,0,1.27,56.0,0.0,25,0,0,0,,,,
27190317701,ZPPSKA SHUVTANDA,CLU3600499,KANNAD,,16,1,105,56,49,0,0.88,46.67,0.0,105,0,0,0,,,,
27190320704,ZPPSKA SOMATHAKURWADI,CLU3600511,KANNAD,,16,1,33,15,18,0,1.2,54.55,0.0,33,0,0,0,,,,
27190306602,ZPPSKA SONNEBHANDARVASTI,CLU3600494,KANNAD,,16,1,19,11,8,0,0.73,42.11,0.0,19,0,0,0,,,,
27190318301,ZPPSKA SONWADI,CLU3600499,KANNAD,,16,1,133,63,70,0,1.11,52.63,0.0,133,0,0,0,,,,
27190309808,ZPPSKA SURASEWADI,CLU3600495,KANNAD,,16,1,13,7,6,0,0.86,46.15,0.0,13,0,0,0,,,,
27190319401,ZPPSKA TAKLI AN,CLU3600494,KANNAD,,16,1,82,48,34,0,0.71,41.46,0.0,82,0,0,0,,,,
27190319901,ZPPSKA TALNER,CLU3600494,KANNAD,,16,2,55,25,30,0,1.2,54.55,0.0,46,9,0,0,,,,
27190306603,ZPPSKA TARALWASTI,CLU3600494,KANNAD,,16,1,11,5,6,0,1.2,54.55,0.0,11,0,0,0,,,,
27190320603,ZPPSKA TAWLYAGADTANDA,CLU3600507,KANNAD,,16,1,31,17,14,0,0.82,45.16,0.0,31,0,0,0,,,,
27190320502,ZPPSKA TEKDIVASTI,CLU3600500,KANNAD,,16,1,31,14,17,0,1.21,54.84,0.0,31,0,0,0,,,,
27190319001,ZPPSKA THAKURWADI KAR,CLU3600495,KANNAD,,16,1,31,17,14,0,0.82,45.16,0.0,31,0,0,0,,,,
27190318901,ZPPSKA THAKURWADI NI,CLU3600511,KANNAD,,16,1,29,12,17,0,1.42,58.62,0.0,29,0,0,0,,,,
27190307703,ZPPSKA TOKALVASTI,CLU3600511,KANNAD,,16,1,22,10,12,0,1.2,54.55,0.0,22,0,0,0,,,,
27190320501,ZPPSKA VITHALPUR,CLU3600500,KANNAD,,16,1,43,27,16,0,0.59,37.21,0.0,43,0,0,0,,,,
27190317407,ZPPSKA WADESHWARNAGAE,CLU3600493,KANNAD,,16,1,29,15,14,0,0.93,48.28,0.0,29,0,0,0,,,,
27190320703,ZPPSKA WADGAON JA,CLU3600499,KANNAD,,16,1,92,52,40,0,0.77,43.48,0.0,92,0,0,0,,,,
27190321101,ZPPSKA WADI BHARAMBA,CLU3600504,KANNAD,,16,1,26,17,9,0,0.53,34.62,0.0,26,0,0,0,,,,
27190320601,ZPPSKA WADNERGAON,CLU3600507,KANNAD,,16,1,29,13,16,0,1.23,55.17,0.0,29,0,0,0,,,,
27190321201,ZPPSKA WASADI,CLU3600505,KANNAD,,16,1,113,45,68,0,1.51,60.18,0.0,113,0,0,0,,,,
27190300201,ZPPUPSKA ADGAON J,CLU3600510,KANNAD,,16,2,68,31,37,0,1.19,54.41,0.0,48,20,0,0,,,,
27190300101,ZPPUPSKA ADGAON P,CLU3600502,KANNAD,,16,2,110,57,53,0,0.93,48.18,0.0,67,43,0,0,,,,
27190300501,ZPPUPSKA AMBA,CLU3600507,KANNAD,,16,2,90,39,51,0,1.31,56.67,0.0,76,14,0,0,,,,
27190300701,ZPPUPSKA AMBALA,CLU3600507,KANNAD,,16,6,295,153,142,0,0.93,48.14,0.0,178,117,0,0,,,,
27190300601,ZPPUPSKA AMBATANDA,CLU3600507,KANNAD,,16,1,112,59,53,0,0.9,47.32,0.0,112,0,0,0,,,,
27190300401,ZPPUPSKA AMDABAD,CLU3600502,KANNAD,,16,2,103,55,48,0,0.87,46.6,0.0,75,28,0,0,,,,
27190300801,ZPPUPSKA ANDHANER,CLU3600496,KANNAD,,16,1,91,45,46,0,1.02,50.55,0.0,91,0,0,0,,,,
27190301001,ZPPUPSKA ATEGAON,CLU3600501,KANNAD,,16,2,69,28,41,0,1.46,59.42,0.0,42,27,0,0,,,,
27190301201,ZPPUPSKA AURALI,CLU3600506,KANNAD,,16,1,52,34,18,0,0.53,34.62,0.0,52,0,0,0,,,,
27190301801,ZPPUPSKA BAHADUPURTANDA,CLU3600499,KANNAD,,16,1,77,45,32,0,0.71,41.56,0.0,77,0,0,0,,,,
27190301401,ZPPUPSKA BAHIRGAON,CLU3600500,KANNAD,,16,1,91,45,46,0,1.02,50.55,0.0,91,0,0,0,,,,
27190302401,ZPPUPSKA BANJARATANDA,CLU3600499,KANNAD,,16,1,38,16,22,0,1.38,57.89,0.0,38,0,0,0,,,,
27190316404,ZPPUPSKA BANKARWADI SA,CLU3600502,KANNAD,,16,1,17,6,11,0,1.83,64.71,0.0,17,0,0,0,,,,
27190301501,ZPPUPSKA BANSHENDRA,CLU3600501,KANNAD,,16,2,150,71,79,0,1.11,52.67,0.0,122,28,0,0,,,,
27190301901,ZPPUPSKA BELKHEDA,CLU3600499,KANNAD,,16,2,282,146,136,0,0.93,48.23,0.0,143,139,0,0,,,,
27190303101,ZPPUPSKA BHAMBARWADI,CLU3600496,KANNAD,,16,2,262,132,130,0,0.98,49.62,0.0,154,108,0,0,,,,
27190321601,ZPPUPSKA BHARMBHA,CLU3600504,KANNAD,,16,2,81,37,44,0,1.19,54.32,0.0,37,44,0,0,,,,
27190302001,ZPPUPSKA BHARMBHATANDA,CLU3600504,KANNAD,,16,2,114,51,63,0,1.24,55.26,0.0,70,44,0,0,,,,
27190302201,ZPPUPSKA BHILDARI,CLU3600504,KANNAD,,16,2,162,89,73,0,0.82,45.06,0.0,87,75,0,0,,,,
27190302101,ZPPUPSKA BHOKANGAON,CLU3600500,KANNAD,,16,2,114,50,64,0,1.28,56.14,0.0,63,51,0,0,,,,
27190303001,ZPPUPSKA BHRAMANI,CLU3600492,KANNAD,,16,1,24,12,12,0,1.0,50.0,0.0,24,0,0,0,,,,
27190302701,ZPPUPSKA BORSAR B K,CLU3600508,KANNAD,,16,2,127,65,62,0,0.95,48.82,0.0,83,44,0,0,,,,
27190302801,ZPPUPSKA BORSAR KH,CLU3600508,KANNAD,,16,1,28,15,13,0,0.87,46.43,0.0,28,0,0,0,,,,
27190301601,ZPPUPSKA BRKATPUR,CLU3600494,KANNAD,,16,2,128,63,65,0,1.03,50.78,0.0,68,60,0,0,,,,
27190303201,ZPPUPSKA CHAPANER,CLU3600503,KANNAD,,16,1,95,49,46,0,0.94,48.42,0.0,95,0,0,0,,,,
27190303301,ZPPUPSKA CHAPANERTANDA,CLU3600503,KANNAD,,16,1,24,16,8,0,0.5,33.33,0.0,24,0,0,0,,,,
27190303601,ZPPUPSKA CHIKALTHAN,CLU3600511,KANNAD,,16,1,133,69,64,0,0.93,48.12,0.0,133,0,0,0,,,,
27190303901,ZPPUPSKA CHIMNAPUR,CLU3600509,KANNAD,,16,2,122,53,69,0,1.3,56.56,0.0,78,44,0,0,,,,
27190304001,ZPPUPSKA CHIMNAPURWADI,CLU3600509,KANNAD,,16,1,19,10,9,0,0.9,47.37,0.0,19,0,0,0,,,,
27190304401,ZPPUPSKA CHINCHKEDATANDA,CLU3600510,KANNAD,,16,1,33,18,15,0,0.83,45.45,0.0,33,0,0,0,,,,
27190304101,ZPPUPSKA CHINCHKHEDA BU,CLU3600506,KANNAD,,16,1,26,9,17,0,1.89,65.38,0.0,26,0,0,0,,,,
27190304201,ZPPUPSKA CHINCHKHEDA KU,CLU3600503,KANNAD,,16,2,76,31,45,0,1.45,59.21,0.0,50,26,0,0,,,,
27190304301,ZPPUPSKA CHIWALI,CLU3600510,KANNAD,,16,1,92,38,54,0,1.42,58.7,0.0,92,0,0,0,,,,
27190316002,ZPPUPSKA DABARKHORA,CLU3600500,KANNAD,,16,1,40,17,23,0,1.35,57.5,0.0,40,0,0,0,,,,
27190305601,ZPPUPSKA DAMANI,CLU3600495,KANNAD,,16,2,162,85,77,0,0.91,47.53,0.0,74,88,0,0,,,,
27190304601,ZPPUPSKA DEBHEGAON,CLU3600508,KANNAD,,16,2,159,81,78,0,0.96,49.06,0.0,105,54,0,0,,,,
27190304801,ZPPUPSKA DEOLANA,CLU3600508,KANNAD,,16,2,201,105,96,0,0.91,47.76,0.0,111,90,0,0,,,,
27190304901,ZPPUPSKA DEOPUL,CLU3600505,KANNAD,,16,2,48,31,17,0,0.55,35.42,0.0,29,19,0,0,,,,
27190304701,ZPPUPSKA DEVGAON R CPS,CLU3600498,KANNAD,,16,2,334,173,161,0,0.93,48.2,0.0,246,88,0,0,,,,
27190305201,ZPPUPSKA DHAHIGON,CLU3600493,KANNAD,,16,2,118,59,59,0,1.0,50.0,0.0,87,31,0,0,,,,
27190313704,ZPPUPSKA DHAMANDOH,CLU3600509,KANNAD,,16,1,24,12,12,0,1.0,50.0,0.0,24,0,0,0,,,,
27190304501,ZPPUPSKA DIGAON,CLU3600493,KANNAD,,16,2,35,19,16,0,0.84,45.71,0.0,26,9,0,0,,,,
27190305901,ZPPUPSKA DONGARGAON,CLU3600502,KANNAD,,16,2,79,41,38,0,0.93,48.1,0.0,46,33,0,0,,,,
27190300804,ZPPUPSKA EKLAVYANAGAR A,CLU3600496,KANNAD,,16,1,67,32,35,0,1.09,52.24,0.0,67,0,0,0,,,,
27190313202,ZPPUPSKA GANESNAGAR,CLU3600496,KANNAD,,16,1,32,14,18,0,1.29,56.25,0.0,32,0,0,0,,,,
27190306101,ZPPUPSKA GANESPUR,CLU3600494,KANNAD,,16,2,139,64,75,0,1.17,53.96,0.0,74,65,0,0,,,,
27190306401,ZPPUPSKA GARADA,CLU3600492,KANNAD,,16,1,142,69,73,0,1.06,51.41,0.0,142,0,0,0,,,,
27190306901,ZPPUPSKA GAURPIMPRI,CLU3600504,KANNAD,,16,1,60,29,31,0,1.07,51.67,0.0,60,0,0,0,,,,
27190306601,ZPPUPSKA GHATSHENDRA,CLU3600494,KANNAD,,16,2,107,47,60,0,1.28,56.07,0.0,59,48,0,0,,,,
27190307501,ZPPUPSKA HARASWADI,CLU3600499,KANNAD,,16,2,185,89,96,0,1.08,51.89,0.0,106,79,0,0,,,,
27190308001,ZPPUPSKA HASANKHEDA,CLU3600503,KANNAD,,16,1,43,25,18,0,0.72,41.86,0.0,43,0,0,0,,,,
27190307401,ZPPUPSKA HASTA,CLU3600505,KANNAD,,16,2,127,67,60,0,0.9,47.24,0.0,73,54,0,0,,,,
27190307601,ZPPUPSKA HIWARKHEDA GU,CLU3600492,KANNAD,,16,2,244,130,114,0,0.88,46.72,0.0,151,93,0,0,,,,
27190307701,ZPPUPSKA HIWARKHEDA NA,CLU3600511,KANNAD,,16,2,210,108,102,0,0.94,48.57,0.0,145,65,0,0,,,,
27190304202,ZPPUPSKA INDRANAGAR,CLU3600503,KANNAD,,16,1,24,9,15,0,1.67,62.5,0.0,24,0,0,0,,,,
27190300803,ZPPUPSKA JAI BHAWANI NAGAR A,CLU3600496,KANNAD,,16,1,39,17,22,0,1.29,56.41,0.0,39,0,0,0,,,,
27190308301,ZPPUPSKA JAITAPUR,CLU3600501,KANNAD,,16,2,188,90,98,0,1.09,52.13,0.0,132,56,0,0,,,,
27190308101,ZPPUPSKA JAITKHEDA,CLU3600511,KANNAD,,16,2,162,81,81,0,1.0,50.0,0.0,74,88,0,0,,,,
27190308201,ZPPUPSKA JAITKHEDATANADA,CLU3600511,KANNAD,,16,1,54,23,31,0,1.35,57.41,0.0,54,0,0,0,,,,
27190309001,ZPPUPSKA JALGOAN GHAT,CLU3600503,KANNAD,,16,2,166,71,95,0,1.34,57.23,0.0,94,72,0,0,,,,
27190308401,ZPPUPSKA JAMDI J,CLU3600493,KANNAD,,16,2,141,78,63,0,0.81,44.68,0.0,100,41,0,0,,,,
27190309101,ZPPUPSKA JAMDIGHATTANADA,CLU3600507,KANNAD,,16,2,96,55,41,0,0.75,42.71,0.0,69,27,0,0,,,,
27190308801,ZPPUPSKA JAWALI BU,CLU3600497,KANNAD,,16,2,49,27,22,0,0.81,44.9,0.0,31,18,0,0,,,,
27190308901,ZPPUPSKA JAWALI KU,CLU3600503,KANNAD,,16,2,65,34,31,0,0.91,47.69,0.0,36,29,0,0,,,,
27190308601,ZPPUPSKA JAWKHEDA BK,CLU3600502,KANNAD,,16,2,73,24,49,0,2.04,67.12,0.0,49,24,0,0,,,,
27190309201,ZPPUPSKA JEHOOR,CLU3600510,KANNAD,,16,2,241,113,128,0,1.13,53.11,0.0,177,64,0,0,,,,
27190309401,ZPPUPSKA JEHOORTANDA,CLU3600510,KANNAD,,16,1,67,25,42,0,1.68,62.69,0.0,67,0,0,0,,,,
27190309301,ZPPUPSKA JEHOORWADI,CLU3600510,KANNAD,,16,1,40,23,17,0,0.74,42.5,0.0,40,0,0,0,,,,
27190303708,ZPPUPSKA JOGDARA WASTI CHINCHOLI LIM,CLU3600494,KANNAD,,16,1,21,11,10,0,0.91,47.62,0.0,21,0,0,0,,,,
27190309901,ZPPUPSKA KALNKI,CLU3600507,KANNAD,,16,2,187,93,94,0,1.01,50.27,0.0,132,55,0,0,,,,
27190309601,ZPPUPSKA KANADGAON,CLU3600497,KANNAD,,16,2,52,24,28,0,1.17,53.85,0.0,28,24,0,0,,,,
27190309501,ZPPUPSKA KANNAD CPS,CLU3600492,KANNAD,,16,2,23,15,8,0,0.53,34.78,0.0,23,0,0,0,,,,
27190309502,ZPPUPSKA KANNAD NO 2,CLU3600492,KANNAD,,16,2,57,23,34,0,1.48,59.65,0.0,35,22,0,0,,,,
27190309503,ZPPUPSKA KANNAD NO 3,CLU3600492,KANNAD,,16,1,20,8,12,0,1.5,60.0,0.0,20,0,0,0,,,,
27190310201,ZPPUPSKA KESAPUR,CLU3600508,KANNAD,,16,1,26,17,9,0,0.53,34.62,0.0,26,0,0,0,,,,
27190310601,ZPPUPSKA KHAMGAON,CLU3600497,KANNAD,,16,2,52,19,33,0,1.74,63.46,0.0,35,17,0,0,,,,
27190310801,ZPPUPSKA KHATKHEDA,CLU3600505,KANNAD,,16,2,84,40,44,0,1.1,52.38,0.0,46,38,0,0,,,,
27190310501,ZPPUPSKA KHEDI,CLU3600493,KANNAD,,16,2,96,53,43,0,0.81,44.79,0.0,63,33,0,0,,,,
27190310401,ZPPUPSKA KHOLAPUR,CLU3600509,KANNAD,,16,1,50,25,25,0,1.0,50.0,0.0,50,0,0,0,,,,
27190311001,ZPPUPSKA KOLWADI,CLU3600507,KANNAD,,16,2,84,41,43,0,1.05,51.19,0.0,69,15,0,0,,,,
27190311101,ZPPUPSKA KOLWADITANDA,CLU3600507,KANNAD,,16,1,30,11,19,0,1.73,63.33,0.0,30,0,0,0,,,,
27190311401,ZPPUPSKA KUNJKHEDA,CLU3600500,KANNAD,,16,2,143,82,61,0,0.74,42.66,0.0,100,43,0,0,,,,
27190313302,ZPPUPSKA LAHANTANDA,CLU3600496,KANNAD,,16,1,37,20,17,0,0.85,45.95,0.0,37,0,0,0,,,,
27190311501,ZPPUPSKA LAMANGAON,CLU3600498,KANNAD,,16,2,52,24,28,0,1.17,53.85,0.0,37,15,0,0,,,,
27190311701,ZPPUPSKA LANGDATANDA,CLU3600496,KANNAD,,16,2,111,50,61,0,1.22,54.95,0.0,68,43,0,0,,,,
27190311901,ZPPUPSKA LOHGAON,CLU3600494,KANNAD,,16,2,118,64,54,0,0.84,45.76,0.0,77,41,0,0,,,,
27190312001,ZPPUPSKA MAKARNPUR,CLU3600492,KANNAD,,16,2,77,47,30,0,0.64,38.96,0.0,56,21,0,0,,,,
27190312101,ZPPUPSKA MALEGAON D,CLU3600504,KANNAD,,16,2,55,29,26,0,0.9,47.27,0.0,41,14,0,0,,,,
27190312201,ZPPUPSKA MALEGAON TO,CLU3600504,KANNAD,,16,2,112,59,53,0,0.9,47.32,0.0,79,33,0,0,,,,
27190301403,ZPPUPSKA MALPUR BAHIRGAON,CLU3600500,KANNAD,,16,1,32,18,14,0,0.78,43.75,0.0,32,0,0,0,,,,
27190302102,ZPPUPSKA MASKEVASTI,CLU3600500,KANNAD,,16,1,19,6,13,0,2.17,68.42,0.0,19,0,0,0,,,,
27190312401,ZPPUPSKA MATEGAON,CLU3600498,KANNAD,,16,2,221,121,100,0,0.83,45.25,0.0,115,106,0,0,,,,
27190312501,ZPPUPSKA MEHEGAON,CLU3600505,KANNAD,,16,2,88,47,41,0,0.87,46.59,0.0,63,25,0,0,,,,
27190312601,ZPPUPSKA MEHUN,CLU3600509,KANNAD,,16,1,20,12,8,0,0.67,40.0,0.0,20,0,0,0,,,,
27190312901,ZPPUPSKA MOHADI,CLU3600502,KANNAD,,16,1,18,7,11,0,1.57,61.11,0.0,18,0,0,0,,,,
27190312701,ZPPUPSKA MOHRA,CLU3600502,KANNAD,,16,2,136,78,58,0,0.74,42.65,0.0,93,43,0,0,,,,
27190313001,ZPPUPSKA MOHRDA,CLU3600500,KANNAD,,16,1,21,11,10,0,0.91,47.62,0.0,21,0,0,0,,,,
27190313301,ZPPUPSKA MUNDWADITANDA,CLU3600496,KANNAD,,16,2,157,79,78,0,0.99,49.68,0.0,93,64,0,0,,,,
27190313101,ZPPUPSKA MUNGASAPUR,CLU3600510,KANNAD,,16,1,30,15,15,0,1.0,50.0,0.0,30,0,0,0,,,,
27190313201,ZPPUPSKA MUNWADI,CLU3600496,KANNAD,,16,2,103,53,50,0,0.94,48.54,0.0,57,46,0,0,,,,
27190313401,ZPPUPSKA NACHANWEL,CLU3600502,KANNAD,,16,1,87,42,45,0,1.07,51.72,0.0,87,0,0,0,,,,
27190313501,ZPPUPSKA NADARPUR,CLU3600502,KANNAD,,16,2,91,47,44,0,0.94,48.35,0.0,61,30,0,0,,,,
27190313601,ZPPUPSKA NAGAD,CLU3600499,KANNAD,,16,1,116,62,54,0,0.87,46.55,0.0,116,0,0,0,,,,
27190313701,ZPPUPSKA NAGAPUR,CLU3600509,KANNAD,,16,2,240,147,93,0,0.63,38.75,0.0,147,93,0,0,,,,
27190315903,ZPPUPSKA NARSINGPUR,CLU3600500,KANNAD,,16,1,19,11,8,0,0.73,42.11,0.0,19,0,0,0,,,,
27190313901,ZPPUPSKA NAWADI,CLU3600496,KANNAD,,16,2,103,40,63,0,1.58,61.17,0.0,52,51,0,0,,,,
27190314201,ZPPUPSKA NEWPUR,CLU3600495,KANNAD,,16,6,390,187,203,0,1.09,52.05,0.0,176,143,71,0,,,,
27190314301,ZPPUPSKA NIMBHORA,CLU3600505,KANNAD,,16,2,286,137,149,0,1.09,52.1,0.0,189,97,0,0,,,,
27190314501,ZPPUPSKA NIMDONGRI,CLU3600511,KANNAD,,16,2,95,45,50,0,1.11,52.63,0.0,57,38,0,0,,,,
27190314401,ZPPUPSKA NIPANI,CLU3600510,KANNAD,,16,1,28,16,12,0,0.75,42.86,0.0,28,0,0,0,,,,
27190309002,ZPPUPSKA PALASGAON,CLU3600503,KANNAD,,16,1,32,17,15,0,0.88,46.88,0.0,32,0,0,0,,,,
27190314601,ZPPUPSKA PALSHI BK,CLU3600505,KANNAD,,16,2,189,86,103,0,1.2,54.5,0.0,121,68,0,0,,,,
27190314701,ZPPUPSKA PALSHI KU,CLU3600505,KANNAD,,16,2,67,32,35,0,1.09,52.24,0.0,49,18,0,0,,,,
27190317307,ZPPUPSKA PANDHRIWASTI,CLU3600504,KANNAD,,16,1,15,9,6,0,0.67,40.0,0.0,15,0,0,0,,,,
27190314901,ZPPUPSKA PANGRA,CLU3600499,KANNAD,,16,2,151,72,79,0,1.1,52.32,0.0,78,73,0,0,,,,
27190301503,ZPPUPSKA PANPOIWASTI,CLU3600501,KANNAD,,16,1,37,20,17,0,0.85,45.95,0.0,37,0,0,0,,,,
27190315001,ZPPUPSKA PEDAKWADI,CLU3600510,KANNAD,,16,1,22,14,8,0,0.57,36.36,0.0,22,0,0,0,,,,
27190315101,ZPPUPSKA PIMPARKHEDA,CLU3600504,KANNAD,,16,2,176,100,76,0,0.76,43.18,0.0,114,62,0,0,,,,
27190315601,ZPPUPSKA RAIGAON,CLU3600494,KANNAD,,16,1,62,29,33,0,1.14,53.23,0.0,62,0,0,0,,,,
27190315401,ZPPUPSKA RAIL,CLU3600492,KANNAD,,16,2,47,23,24,0,1.04,51.06,0.0,34,13,0,0,,,,
27190307002,ZPPUPSKA RAMNAGAR GUDMA,CLU3600503,KANNAD,,16,1,16,8,8,0,1.0,50.0,0.0,16,0,0,0,,,,
27190313002,ZPPUPSKA RAMNAGAR MOHARDA,CLU3600500,KANNAD,,16,1,44,27,17,0,0.63,38.64,0.0,44,0,0,0,,,,
27190315701,ZPPUPSKA RAMPURWADI,CLU3600509,KANNAD,,16,2,101,36,65,0,1.81,64.36,0.0,68,33,0,0,,,,
27190315801,ZPPUPSKA REHULGAON,CLU3600495,KANNAD,,16,6,265,133,132,0,0.99,49.81,0.0,113,106,46,0,,,,
27190316001,ZPPUPSKA RITHI TANADA,CLU3600500,KANNAD,,16,2,126,54,72,0,1.33,57.14,0.0,82,44,0,0,,,,
27190311405,ZPPUPSKA SAHEBWADA KUJ,CLU3600500,KANNAD,,16,1,26,11,15,0,1.36,57.69,0.0,26,0,0,0,,,,
27190316501,ZPPUPSKA SAIGAVAN,CLU3600499,KANNAD,,16,2,382,205,177,0,0.86,46.34,0.0,245,137,0,0,,,,
27190309504,ZPPUPSKA SAKHAR KARKHANA KANNAD,CLU3600492,KANNAD,,16,2,46,26,20,0,0.77,43.48,0.0,35,11,0,0,,,,
27190316401,ZPPUPSKA SAROLA,CLU3600502,KANNAD,,16,2,122,56,66,0,1.18,54.1,0.0,77,45,0,0,,,,
27190317201,ZPPUPSKA SASEGAON,CLU3600497,KANNAD,,16,1,47,28,19,0,0.68,40.43,0.0,47,0,0,0,,,,
27190317202,ZPPUPSKA SASEGAOWADI,CLU3600497,KANNAD,,16,1,28,11,17,0,1.55,60.71,0.0,28,0,0,0,,,,
27190317001,ZPPUPSKA SAWARGAON,CLU3600509,KANNAD,,16,2,144,78,66,0,0.85,45.83,0.0,83,61,0,0,,,,
27190317322,ZPPUPSKA SHAFIPUR GIRLS,CLU3600504,KANNAD,,16,1,0,0,0,0,0.0,0.0,0.0,0,0,0,0,,,,
27190317301,ZPPUPSKA SHAFIPUR MS,CLU3600504,KANNAD,,16,2,175,85,90,0,1.06,51.43,0.0,123,52,0,0,,,,
27190317901,ZPPUPSKA SHAFIYABAD,CLU3600504,KANNAD,,16,2,32,11,21,0,1.91,65.62,0.0,18,14,0,0,,,,
27190318201,ZPPUPSKA SHERODI,CLU3600506,KANNAD,,16,2,154,82,72,0,0.88,46.75,0.0,63,91,0,0,,,,
27190318102,ZPPUPSKA SHIRAJPURTANDA,CLU3600503,KANNAD,,16,1,29,11,18,0,1.64,62.07,0.0,29,0,0,0,,,,
27190318101,ZPPUPSKA SHIRASGAON,CLU3600503,KANNAD,,16,2,186,87,99,0,1.14,53.23,0.0,108,78,0,0,,,,
27190318601,ZPPUPSKA SHIRJAPUR,CLU3600503,KANNAD,,16,1,19,8,11,0,1.38,57.89,0.0,19,0,0,0,,,,
27190317601,ZPPUPSKA SHIVRAI,CLU3600501,KANNAD,,16,2,141,77,64,0,0.83,45.39,0.0,110,31,0,0,,,,
27190318501,ZPPUPSKA SITANAIKTANDA,CLU3600507,KANNAD,,16,6,315,151,164,0,1.09,52.06,0.0,165,114,36,0,,,,
27190318701,ZPPUPSKA TADPIMPALGAON,CLU3600498,KANNAD,,16,2,351,183,168,0,0.92,47.86,0.0,242,109,0,0,,,,
27190319601,ZPPUPSKA TAKARAMTANDA,CLU3600496,KANNAD,,16,1,20,7,13,0,1.86,65.0,0.0,20,0,0,0,,,,
27190319201,ZPPUPSKA TAKLI L,CLU3600508,KANNAD,,16,2,117,58,59,0,1.02,50.43,0.0,71,46,0,0,,,,
27190319501,ZPPUPSKA TAKLI SHA,CLU3600502,KANNAD,,16,2,45,19,26,0,1.37,57.78,0.0,35,10,0,0,,,,
27190319701,ZPPUPSKA TANDULWADI,CLU3600510,KANNAD,,16,6,382,181,201,0,1.11,52.62,0.0,99,144,139,0,,,,
27190318803,ZPPUPSKA TAPARGAON,CLU3600501,KANNAD,,16,2,51,20,31,0,1.55,60.78,0.0,35,16,0,0,,,,
27190319801,ZPPUPSKA TAPOWAN,CLU3600505,KANNAD,,16,1,40,22,18,0,0.82,45.0,0.0,40,0,0,0,,,,
27190320001,ZPPUPSKA TELWADI,CLU3600496,KANNAD,,16,1,53,30,23,0,0.77,43.4,0.0,53,0,0,0,,,,
27190319101,ZPPUPSKA THAKURWADI J,CLU3600510,KANNAD,,16,1,68,32,36,0,1.12,52.94,0.0,68,0,0,0,,,,
27190320101,ZPPUPSKA UMBARKHEDA,CLU3600509,KANNAD,,16,6,287,132,155,0,1.17,54.01,0.0,104,114,69,0,,,,
27190321701,ZPPUPSKA UMBERKHEDA TANDA,CLU3600509,KANNAD,,16,2,68,29,39,0,1.34,57.35,0.0,41,27,0,0,,,,
27190320201,ZPPUPSKA UPLA,CLU3600496,KANNAD,,16,2,154,68,86,0,1.26,55.84,0.0,105,49,0,0,,,,
27190320301,ZPPUPSKA VITA,CLU3600497,KANNAD,,16,2,143,78,65,0,0.83,45.45,0.0,94,49,0,0,,,,
27190320401,ZPPUPSKA VITKHEDA,CLU3600498,KANNAD,,16,2,189,96,93,0,0.97,49.21,0.0,107,82,0,0,,,,
27190320801,ZPPUPSKA WADALI,CLU3600511,KANNAD,,16,2,152,70,82,0,1.17,53.95,0.0,97,55,0,0,,,,
27190321001,ZPPUPSKA WADI PALSHI,CLU3600505,KANNAD,,16,2,116,51,65,0,1.27,56.03,0.0,78,38,0,0,,,,
27190320701,ZPPUPSKA WADNER TANDA,CLU3600507,KANNAD,,16,2,238,110,128,0,1.16,53.78,0.0,175,63,0,0,,,,
27190320901,ZPPUPSKA WADOD,CLU3600494,KANNAD,,16,2,91,40,51,0,1.27,56.04,0.0,69,22,0,0,,,,
27190321401,ZPPUPSKA WAKAD,CLU3600493,KANNAD,,16,2,150,71,79,0,1.11,52.67,0.0,100,50,0,0,,,,
27190321402,ZPPUPSKA WAKADWADI,CLU3600493,KANNAD,,16,2,16,5,11,0,2.2,68.75,0.0,15,1,0,0,,,,
27190321301,ZPPUPSKA WAKI,CLU3600494,KANNAD,,16,2,101,42,59,0,1.4,58.42,0.0,71,30,0,0,,,,
27190308403,ZPPUPSKA WALMIKNAGAR,CLU3600493,KANNAD,,16,1,12,7,5,0,0.71,41.67,0.0,12,0,0,0,,,,
27190321501,ZPPUPSKA WESAPUR,CLU3600508,KANNAD,,16,1,27,13,14,0,1.08,51.85,0.0,27,0,0,0,,,,
27190309203,ZPPtoSKA HANMANNAGR,CLU3600510,KANNAD,,16,1,18,9,9,0,1.0,50.0,0.0,18,0,0,0,,,,
27190316101,ZPPtoSKA ROHILA KH,CLU3600510,KANNAD,,16,1,25,15,10,0,0.67,40.0,0.0,25,0,0,0,,,,
27190316701,ZPPtoSKA SATKUND,CLU3600496,KANNAD,,16,1,110,48,62,0,1.29,56.36,0.0,110,0,0,0,,,,
27190301402,ZPUPtoHSKA BAHIRGAON,CLU3600500,KANNAD,,16,6,302,161,141,0,0.88,46.69,0.0,43,148,111,0,,,,
27190303604,ZPUPtoHSKA CHIKALTHAN,CLU3600511,KANNAD,,16,3,571,285,286,0,1.0,50.09,0.0,84,232,227,28,,,,
27190303702,ZPUPtoHSKA CHINCHOLI LIMBAJI,CLU3600494,KANNAD,,16,3,397,179,218,0,1.22,54.91,0.0,46,186,113,52,,,,
27190300802,ZPUPtoSKA ANDHANER,CLU3600496,KANNAD,,16,6,332,177,155,0,0.88,46.69,0.0,29,143,160,0,,,,
27190303202,ZPUPtoSKA CHAPANER,CLU3600503,KANNAD,,16,6,196,157,39,0,0.25,19.9,0.0,23,102,71,0,,,,
27190307302,ZPUPtoSKA HATNOOR,CLU3600501,KANNAD,,16,6,365,191,174,0,0.91,47.67,0.0,59,181,125,0,,,,
27190309514,ZPUPtoSKA KANNAD,CLU3600492,KANNAD,,16,6,86,52,34,0,0.65,39.53,0.0,8,40,38,0,,,,
27190313402,ZPUPtoSKA NACHANWEL,CLU3600502,KANNAD,,16,6,267,142,125,0,0.88,46.82,0.0,26,118,123,0,,,,
27190313604,ZPUPtoSKA NAGAD,CLU3600499,KANNAD,,16,6,819,431,388,0,0.9,47.37,0.0,56,405,358,0,,,,
27190321202,ZPUPtoSKA WASADI,CLU3600505,KANNAD,,16,6,361,188,173,0,0.92,47.92,0.0,36,192,133,0,,,,
27190401517,"AARADHYA ENGLISH SCHOOL, TAKA ELLORA",CLU3600516,KHULTABAD,,27,1,47,30,17,0,0.57,36.17,0.0,47,0,0,0,,,,
27190406102,AL IRFAN RESIDENSHIAL S SULIBHANJAN,CLU3600512,KHULTABAD,,27,5,255,254,1,0,0.0,0.39,0.0,0,70,117,68,,,,
27190402702,APLE VIDYALAY KHIRDI,CLU3600512,KHULTABAD,,4,7,91,50,41,0,0.82,45.05,0.0,0,27,64,0,,,,
27190405312,APOLOSTOLIC FAITH KIDS G.E.SCHOOL,CLU3600512,KHULTABAD,,27,6,168,99,69,0,0.7,41.07,0.0,84,52,32,0,,,,
27190405315,BABA BURHAN URDU HS KHULTABAD,CLU3600512,KHULTABAD,,55,7,158,51,107,0,2.1,67.72,0.0,0,41,117,0,,,,
27190405323,BRIGHT ENGLISH SCHOOL KHULTABAD,CLU3600512,KHULTABAD,,27,3,56,32,24,0,0.75,42.86,0.0,27,14,15,0,,,,
27190403702,BURHANI ENGLISH SCHOOL MAWSALA,CLU3600512,KHULTABAD,,27,3,200,112,88,0,0.79,44.0,0.0,86,51,29,34,,,,
27190400503,CHATRAPATI SCHOOL AND JUNIOR COLLEGE KATSHEVTI PHATA,CLU3600518,KHULTABAD,,27,3,226,137,89,0,0.65,39.38,0.0,127,19,18,62,,,,
27190405521,CHATRAPATI SCHOOL SAWANGI BAZAR,CLU3600513,KHULTABAD,,27,6,8,7,1,0,0.14,12.5,0.0,5,1,2,0,,,,
27190403704,D P Global School Mawsala,CLU3600512,KHULTABAD,,27,3,49,35,14,0,0.4,28.57,0.0,1,1,0,47,,,,
27190400402,DEVI GIRJAMATA VIDYALAYA BHATJ,CLU3600512,KHULTABAD,,55,3,403,235,168,0,0.71,41.69,0.0,7,85,133,178,,,,
27190405510,"DNYANKUNJ ARTS COMMERCE & SCIENCE JR. COLLEGE, BAZARSAWANGI",CLU3600513,KHULTABAD,,54,11,749,430,319,0,0.74,42.59,0.0,0,0,0,749,,,,
27190405518,DNYANKUNJ ENGLISH SCHOOL BAZAR SAWANGI,CLU3600513,KHULTABAD,,27,6,59,36,23,0,0.64,38.98,0.0,42,3,14,0,,,,
27190405807,"DR ABDUL KALAM URDU MADHYAMIK VA UCCHA MADHYAMIK VIDYALAY, SULTANPUR",CLU3600514,KHULTABAD,,27,3,176,102,74,0,0.73,42.05,0.0,0,0,3,173,,,,
27190405306,FALAHE DARAIN URDU SCHOOL KHUL,CLU3600512,KHULTABAD,,4,2,326,116,210,0,1.81,64.42,0.0,234,92,0,0,,,,
27190405514,GEETA BAL VIDYA MANDIR ENGLISH S SAVANGI B,CLU3600513,KHULTABAD,,27,2,152,90,62,0,0.69,40.79,0.0,100,52,0,0,,,,
27190405311,GHRUSHNESHWAR PRIMARY,CLU3600512,KHULTABAD,,19,1,56,31,25,0,0.81,44.64,0.0,56,0,0,0,,,,
27190406603,GVT ASHRAM SCHOOL TISGAON,CLU3600517,KHULTABAD,,13,6,210,131,79,0,0.6,37.62,0.0,58,102,50,0,,,,
27190406403,HAJRA BEGUM URDU P.S.,CLU3600518,KHULTABAD,,55,2,225,81,144,0,1.78,64.0,0.0,164,61,0,0,,,,
27190405313,IDEAL URDU PS KHULTABAD,CLU3600512,KHULTABAD,,4,2,367,121,246,0,2.03,67.03,0.0,262,105,0,0,,,,
27190406604,K K CHAVAN PRAMARY SECONDARY AND JR COLLEGE ,CLU3600517,KHULTABAD,,27,3,141,83,58,0,0.7,41.13,0.0,0,0,0,141,,,,
27190402602,KAI CHANDRAKALA VIDYALAYA,CLU3600514,KHULTABAD,,55,6,187,95,92,0,0.97,49.2,0.0,19,62,106,0,,,,
27190405806,KAI SAHEBRAO PATIL ARTS AND SCINCE JUNIOR COLLEGE SULTANPUR TQ KHULTABAD,CLU3600514,KHULTABAD,,19,11,44,26,18,0,0.69,40.91,0.0,0,0,0,44,,,,
27190407002,KAI SOPANRAO PATIL MUKBADHIR,CLU3600518,KHULTABAD,,11,2,48,25,23,0,0.92,47.92,0.0,31,15,0,0,,,,
27190400602,KAILAS VIDYALAYA BODKHA,CLU3600515,KHULTABAD,,4,3,222,133,89,0,0.67,40.09,0.0,0,51,114,57,,,,
27190405305,KAMLA NEHRU KANYA VIDDALAY KHU,CLU3600512,KHULTABAD,,4,3,216,111,105,0,0.95,48.61,0.0,4,67,86,59,,,,
27190405317,KIDS EMPAYAR ENGLISH S KHULTABAD,CLU3600512,KHULTABAD,,27,6,82,57,25,0,0.44,30.49,0.0,44,17,21,0,,,,
27190406103,KOHINOOR ARTS COM & SCI KHULTABAD,CLU3600512,KHULTABAD,,53,11,489,315,174,0,0.55,35.58,0.0,0,0,0,489,,,,
27190401102,MAHARAJA SAYAJIRAO GAIKWAD,CLU3600513,KHULTABAD,,4,3,370,200,170,0,0.85,45.95,0.0,15,114,190,51,,,,
27190401510,MALOJI RAJE BHOSLE PS VERUL,CLU3600516,KHULTABAD,,54,2,72,47,25,0,0.53,34.72,0.0,8,64,0,0,,,,
27190405310,MARATHI MADHYAMIK VIDYALAYA,CLU3600512,KHULTABAD,,4,7,120,71,49,0,0.69,40.83,0.0,0,32,88,0,,,,
27190405308,MAULANA AZAD KHULTABAD,CLU3600512,KHULTABAD,,4,3,738,294,444,0,1.51,60.16,0.0,40,189,295,214,,,,
27190405307,MUKTANAND VID. MANDIR,CLU3600512,KHULTABAD,,4,2,415,254,161,0,0.63,38.8,0.0,263,152,0,0,,,,
27190405321,MUKTANAND VIDYAMANDIR KHULTABAD,CLU3600512,KHULTABAD,,27,8,85,59,26,0,0.44,30.59,0.0,0,0,85,0,,,,
27190402004,NATH MADHYAMIK VIDYALAYA,CLU3600517,KHULTABAD,,4,5,389,222,167,0,0.75,42.93,0.0,0,22,148,219,,,,
27190402007,NATH PS ENGLISH G BORGAON,CLU3600517,KHULTABAD,,27,2,28,22,6,0,0.27,21.43,0.0,20,8,0,0,,,,
27190404403,NATH VIDYALAYA PALASWADI,CLU3600516,KHULTABAD,,55,7,65,34,31,0,0.91,47.69,0.0,0,16,49,0,,,,
27190404202,NATH VIDYALAYA PIMPRI,CLU3600517,KHULTABAD,,4,5,318,173,145,0,0.84,45.6,0.0,0,32,88,198,,,,
27190405324,NEMAT URDU SCHOOL  KHULTABAD,CLU3600512,KHULTABAD,,27,3,286,126,160,0,1.27,55.94,0.0,148,89,36,13,,,,
27190401802,NEW HIGHSCHOOL GADANA,CLU3600518,KHULTABAD,,4,5,637,357,280,0,0.78,43.96,0.0,0,106,281,250,,,,
27190406802,NEW HIGHSCHOOL VADOD,CLU3600514,KHULTABAD,,4,6,203,96,107,0,1.11,52.71,0.0,22,95,86,0,,,,
27190403104,PRAGATI BAL VIDYA MANDIR LONI,CLU3600515,KHULTABAD,,27,1,126,62,64,0,1.03,50.79,0.0,126,0,0,0,,,,
27190405805,RAJE SHAHAJI JUNIOR COLLEGE,CLU3600514,KHULTABAD,,53,11,512,302,210,0,0.7,41.02,0.0,0,0,0,512,,,,
27190401604,RAJIV GANDHI JR ARTS SCI COLLEGE,CLU3600518,KHULTABAD,,54,11,335,179,156,0,0.87,46.57,0.0,0,0,0,335,,,,
27190401505,RAJMATA JIJAU ASHRAM SHALA V T,CLU3600516,KHULTABAD,,42,3,545,362,183,0,0.51,33.58,0.0,42,157,132,214,,,,
27190401512,RAJMATA JIJAU PS ASHRAM SCHOOL,CLU3600516,KHULTABAD,,42,1,47,28,19,0,0.68,40.43,0.0,47,0,0,0,,,,
27190405520,RISING STAR ENGLISH SCHOOL AND JR COLLEGE BAZAR SAWANGI,CLU3600513,KHULTABAD,,27,3,209,125,84,0,0.67,40.19,0.0,118,37,14,40,,,,
27190401602,SADGARU JANESHWAR M V GHODEGAO,CLU3600518,KHULTABAD,,4,7,166,99,67,0,0.68,40.36,0.0,0,30,136,0,,,,
27190405513,SADGURU YOGIRAJ DAYANAND JR COLLEGE,CLU3600513,KHULTABAD,,19,11,105,78,27,0,0.35,25.71,0.0,0,0,0,105,,,,
27190405802,SAHEBRAO PATIL VIDHYLAYA SULTA,CLU3600514,KHULTABAD,,4,7,273,155,118,0,0.76,43.22,0.0,0,72,201,0,,,,
27190402010,SAHYADRI ENGLISH SCHOOL GALLEBORGAON,CLU3600517,KHULTABAD,,27,3,362,211,151,0,0.72,41.71,0.0,267,85,7,3,,,,
27190405519,SAHYADRI PUBLIC SCHOOL BAZAR SAWANGI,CLU3600513,KHULTABAD,,27,3,120,60,60,0,1.0,50.0,0.0,79,19,0,22,,,,
27190405515,SAI PUBLIC SCHOOL & JUNIOR COLLEGE SAWANGI BAZAR,CLU3600513,KHULTABAD,,27,3,327,189,138,0,0.73,42.2,0.0,143,62,22,100,,,,
27190405511,SAMARTH JR COLLEGE,CLU3600513,KHULTABAD,,19,11,143,87,56,0,0.64,39.16,0.0,0,0,0,143,,,,
27190407403,SANSKAR VIDYA ZARI,CLU3600515,KHULTABAD,,27,2,24,12,12,0,1.0,50.0,0.0,23,1,0,0,,,,
27190401803,SANSKRUTI GURUKUL E SCHOOL GADANA,CLU3600518,KHULTABAD,,27,2,110,54,56,0,1.04,50.91,0.0,83,27,0,0,,,,
27190401506,SANT JANARDHAN SWAMI P.S.,CLU3600516,KHULTABAD,,4,2,221,166,55,0,0.33,24.89,0.0,147,74,0,0,,,,
27190405320,SCHOLARS ENGLISH PRIMARY SCHOOL KHULTABAD,CLU3600512,KHULTABAD,,27,2,128,89,39,0,0.44,30.47,0.0,90,38,0,0,,,,
27190406302,SHANTARAI BALAK MANDIR TAJNAPUR,CLU3600513,KHULTABAD,,27,2,36,22,14,0,0.64,38.89,0.0,23,13,0,0,,,,
27190406304,SHANTARAI HIGHER SECONDARY VIDYALAYA TAJNAPUR,CLU3600513,KHULTABAD,,27,11,163,109,54,0,0.5,33.13,0.0,0,0,0,163,,,,
27190406303,SHANTARAI SECONDARY VIDYALAYA TAJNAPUR,CLU3600513,KHULTABAD,,27,8,9,6,3,0,0.5,33.33,0.0,0,0,9,0,,,,
27190405309,SHREE GHURUSHANESHOR VID. KHU.,CLU3600512,KHULTABAD,,4,3,1146,658,488,0,0.74,42.58,0.0,25,148,262,711,,,,
27190401504,SHRI SANT JANARDAN SWAMI VI VERUL,CLU3600516,KHULTABAD,,4,3,552,380,172,0,0.45,31.16,0.0,22,125,128,277,,,,
27190401515,SHRI SANT JANARDHAN SWAMI  ENGLISH SCHOOL GURUKUL ELLORA,CLU3600516,KHULTABAD,,27,1,26,14,12,0,0.86,46.15,0.0,26,0,0,0,,,,
27190405512,SWAMI VIVEKANAND ENGLISH SCHOOL,CLU3600513,KHULTABAD,,27,2,327,182,145,0,0.8,44.34,0.0,231,96,0,0,,,,
27190405516,SWAMI VIVEKANAND HIGH SCHOOL BAZAR SAWANGI,CLU3600513,KHULTABAD,,27,8,44,28,16,0,0.57,36.36,0.0,0,0,44,0,,,,
27190405517,SWAMI VIVEKANAND JR COLLEGE BAZAR SAWANGI,CLU3600513,KHULTABAD,,27,11,149,100,49,0,0.49,32.89,0.0,0,0,0,149,,,,
27190407003,SWARAJYA MILITARY SCHOOL AND ACADEMY,CLU3600514,KHULTABAD,,27,3,323,253,70,0,0.28,21.67,0.0,46,118,125,34,,,,
27190401518,Smt Kanchanbai Jaikumar Ajmera School,CLU3600516,KHULTABAD,,27,3,82,43,39,0,0.91,47.56,0.0,82,0,0,0,,,,
27190405318,TEJADITYA PUBLIC SCHOOL,CLU3600512,KHULTABAD,,27,2,205,121,84,0,0.69,40.98,0.0,119,86,0,0,,,,
27190400202,THE LITTAL PLANET ENGLISH SCHOOL AJAMPUR FATA,CLU3600517,KHULTABAD,,27,3,77,42,35,0,0.83,45.45,0.0,42,23,12,0,,,,
27190406601,TISGAON VIDYALAY,CLU3600517,KHULTABAD,,4,3,396,203,193,0,0.95,48.74,0.0,4,135,237,20,,,,
27190405808,UNIQUE PUBLIC SCHOOL AND JR COLLEGE,CLU3600514,KHULTABAD,,27,3,277,157,120,0,0.76,43.32,0.0,161,60,1,55,,,,
27190406407,URDU MADHYAMIK VIDYALAYA TAKLI R R,CLU3600518,KHULTABAD,,4,7,139,57,82,0,1.44,58.99,0.0,0,39,100,0,,,,
27190401503,VIDYA MANDIR ELLORA,CLU3600516,KHULTABAD,,4,6,1184,684,500,0,0.73,42.23,0.0,166,603,415,0,,,,
27190400502,Vidyaalankar Primary High School And Jr College Borwadi,CLU3600518,KHULTABAD,,27,3,228,141,87,0,0.62,38.16,0.0,45,19,21,143,,,,
27190405316,YASHODIP VIDYAMANDIR KHULTABAD,CLU3600512,KHULTABAD,,4,2,303,180,123,0,0.68,40.59,0.0,221,82,0,0,,,,
27190400606,Z P CPS BODKHA URDU,CLU3600515,KHULTABAD,,16,2,87,22,65,0,2.95,74.71,0.0,62,25,0,0,,,,
27190405809,Z P CPS SULTANPUR URDU,CLU3600514,KHULTABAD,,16,2,52,19,33,0,1.74,63.46,0.0,34,18,0,0,,,,
27190401003,Z P P S DEVLANA BK URDU,CLU3600514,KHULTABAD,,16,2,49,13,36,0,2.77,73.47,0.0,33,16,0,0,,,,
27190403105,Z P P S LONI URDU,CLU3600515,KHULTABAD,,16,2,85,26,59,0,2.27,69.41,0.0,62,23,0,0,,,,
27190404703,Z P P S RASULPURA URDU,CLU3600518,KHULTABAD,,16,2,63,19,44,0,2.32,69.84,0.0,47,16,0,0,,,,
27190406408,Z P P S TAKLI R R URDU,CLU3600518,KHULTABAD,,16,2,78,28,50,0,1.79,64.1,0.0,69,9,0,0,,,,
27190401511,ZAR BAKSH URDU PS VERUL,CLU3600516,KHULTABAD,,53,1,80,32,48,0,1.5,60.0,0.0,80,0,0,0,,,,
27190405503,"ZILLA PARISHAD PRASHALA, SAWANGI BAZAR",CLU3600513,KHULTABAD,,16,6,751,394,357,0,0.91,47.54,0.0,133,228,390,0,,,,
27190407405,ZOYA INTERNATIONAL ENGLISH SCHOOL ZARI TQ KHULTABAD DIST AURANGABAD,CLU3600515,KHULTABAD,,27,3,34,25,9,0,0.36,26.47,0.0,4,15,6,9,,,,
27190407404,ZOYA PRIMARY HIGH SCHOOL AND JR COLLEGE ZARI TQ KHULTABAD DIST AURANGABAD,CLU3600515,KHULTABAD,,27,3,4,0,4,0,4.0,100.0,0.0,0,0,3,1,,,,
27190400101,ZPPSKH AKHATWADA,CLU3600516,KHULTABAD,,16,1,44,20,24,0,1.2,54.55,0.0,44,0,0,0,,,,
27190400102,ZPPSKH AKHATWADA TANDA,CLU3600516,KHULTABAD,,16,1,17,9,8,0,0.89,47.06,0.0,17,0,0,0,,,,
27190401002,ZPPSKH AMBEDKAR NAGAR,CLU3600514,KHULTABAD,,16,1,21,12,9,0,0.75,42.86,0.0,21,0,0,0,,,,
27190402005,ZPPSKH ANDHARMALA,CLU3600517,KHULTABAD,,16,1,24,14,10,0,0.71,41.67,0.0,24,0,0,0,,,,
27190400201,ZPPSKH AZAMPUR,CLU3600517,KHULTABAD,,16,1,18,7,11,0,1.57,61.11,0.0,18,0,0,0,,,,
27190402604,ZPPSKH BHALERAO NAGAR,CLU3600514,KHULTABAD,,16,1,23,12,11,0,0.92,47.83,0.0,23,0,0,0,,,,
27190400501,ZPPSKH BORWADI,CLU3600518,KHULTABAD,,16,1,15,9,6,0,0.67,40.0,0.0,15,0,0,0,,,,
27190403502,ZPPSKH DALIT VASTI,CLU3600514,KHULTABAD,,16,1,20,16,4,0,0.25,20.0,0.0,20,0,0,0,,,,
27190401301,ZPPSKH DASAWADI,CLU3600518,KHULTABAD,,16,1,53,25,28,0,1.12,52.83,0.0,53,0,0,0,,,,
27190401201,ZPPSKH DHAMANGAON TANDA,CLU3600515,KHULTABAD,,16,1,26,11,15,0,1.36,57.69,0.0,26,0,0,0,,,,
27190403103,ZPPSKH DHAMNI VASTI,CLU3600515,KHULTABAD,,16,1,26,13,13,0,1.0,50.0,0.0,26,0,0,0,,,,
27190401501,ZPPSKH ELLORA,CLU3600516,KHULTABAD,,16,1,274,148,126,0,0.85,45.99,0.0,274,0,0,0,,,,
27190401502,ZPPSKH ELLORA TANDA,CLU3600516,KHULTABAD,,16,1,15,4,11,0,2.75,73.33,0.0,15,0,0,0,,,,
27190400702,ZPPSKH GAIKWAD VASTI,CLU3600517,KHULTABAD,,16,1,22,12,10,0,0.83,45.45,0.0,22,0,0,0,,,,
27190402001,ZPPSKH GALLEBORGAON,CLU3600517,KHULTABAD,,16,1,161,72,89,0,1.24,55.28,0.0,161,0,0,0,,,,
27190401901,ZPPSKH GANDHESHWAR,CLU3600515,KHULTABAD,,16,1,26,13,13,0,1.0,50.0,0.0,26,0,0,0,,,,
27190404702,ZPPSKH GOPAL CHAVDI,CLU3600518,KHULTABAD,,16,1,39,22,17,0,0.77,43.59,0.0,39,0,0,0,,,,
27190402101,ZPPSKH HANUMANWADI,CLU3600513,KHULTABAD,,16,1,26,14,12,0,0.86,46.15,0.0,26,0,0,0,,,,
27190401401,ZPPSKH INDAPUR,CLU3600515,KHULTABAD,,16,1,11,8,3,0,0.38,27.27,0.0,11,0,0,0,,,,
27190402201,ZPPSKH JAFFERWADI,CLU3600514,KHULTABAD,,16,1,28,16,12,0,0.75,42.86,0.0,28,0,0,0,,,,
27190406404,ZPPSKH JAMALWADI TANDA,CLU3600518,KHULTABAD,,16,1,23,14,9,0,0.64,39.13,0.0,23,0,0,0,,,,
27190402603,ZPPSKH JONWALWADI,CLU3600514,KHULTABAD,,16,1,23,11,12,0,1.09,52.17,0.0,23,0,0,0,,,,
27190402901,ZPPSKH KASABKHEDA,CLU3600516,KHULTABAD,,16,1,172,111,61,0,0.55,35.47,0.0,172,0,0,0,,,,
27190403001,ZPPSKH KAUTGAON,CLU3600517,KHULTABAD,,16,2,53,29,24,0,0.83,45.28,0.0,37,16,0,0,,,,
27190407608,ZPPSKH LINGAMALA VASTI,CLU3600512,KHULTABAD,,16,1,13,7,6,0,0.86,46.15,0.0,13,0,0,0,,,,
27190408101,ZPPSKH MALKAPUR NO. 1,CLU3600516,KHULTABAD,,16,1,24,7,17,0,2.43,70.83,0.0,24,0,0,0,,,,
27190408201,ZPPSKH MALKAPUR NO. 2,CLU3600516,KHULTABAD,,16,1,27,15,12,0,0.8,44.44,0.0,27,0,0,0,,,,
27190403801,ZPPSKH MAMBAPURWADI,CLU3600516,KHULTABAD,,16,1,18,10,8,0,0.8,44.44,0.0,18,0,0,0,,,,
27190403501,ZPPSKH MATARGAON,CLU3600514,KHULTABAD,,16,1,17,8,9,0,1.12,52.94,0.0,17,0,0,0,,,,
27190402703,ZPPSKH MENDHWADA VASTI,CLU3600512,KHULTABAD,,16,1,20,13,7,0,0.54,35.0,0.0,20,0,0,0,,,,
27190407702,ZPPSKH MENDWADA,CLU3600513,KHULTABAD,,16,1,23,12,11,0,0.92,47.83,0.0,23,0,0,0,,,,
27190403102,ZPPSKH MOMINABAD,CLU3600515,KHULTABAD,,16,1,53,28,25,0,0.89,47.17,0.0,53,0,0,0,,,,
27190404001,ZPPSKH NIRGUDI KH,CLU3600517,KHULTABAD,,16,1,14,6,8,0,1.33,57.14,0.0,14,0,0,0,,,,
27190407901,ZPPSKH NIRGUDI TANDA,CLU3600517,KHULTABAD,,16,1,36,9,27,0,3.0,75.0,0.0,36,0,0,0,,,,
27190404402,ZPPSKH PALASWADI TANDA,CLU3600516,KHULTABAD,,16,1,40,21,19,0,0.9,47.5,0.0,40,0,0,0,,,,
27190401509,ZPPSKH PRATAP TANDA,CLU3600516,KHULTABAD,,16,1,21,7,14,0,2.0,66.67,0.0,21,0,0,0,,,,
27190404601,ZPPSKH REL,CLU3600513,KHULTABAD,,16,1,27,12,15,0,1.25,55.56,0.0,27,0,0,0,,,,
27190401702,ZPPSKH RENUKANAGAR,CLU3600518,KHULTABAD,,16,1,32,16,16,0,1.0,50.0,0.0,32,0,0,0,,,,
27190402905,ZPPSKH RUTADI VASTI,CLU3600516,KHULTABAD,,16,1,24,14,10,0,0.71,41.67,0.0,24,0,0,0,,,,
27190406502,ZPPSKH SAHAJATPUR VASTI,CLU3600516,KHULTABAD,,16,1,17,12,5,0,0.42,29.41,0.0,17,0,0,0,,,,
27190406405,ZPPSKH SAKASAHAR VASTI,CLU3600518,KHULTABAD,,16,1,35,19,16,0,0.84,45.71,0.0,35,0,0,0,,,,
27190405901,ZPPSKH SALUKHEDA,CLU3600512,KHULTABAD,,16,1,13,3,10,0,3.33,76.92,0.0,13,0,0,0,,,,
27190406406,ZPPSKH SAMAN VASTI,CLU3600518,KHULTABAD,,16,1,22,10,12,0,1.2,54.55,0.0,22,0,0,0,,,,
27190406001,ZPPSKH SARAI,CLU3600512,KHULTABAD,,16,1,33,14,19,0,1.36,57.58,0.0,33,0,0,0,,,,
27190405601,ZPPSKH SAWKHEDA,CLU3600515,KHULTABAD,,16,1,34,23,11,0,0.48,32.35,0.0,34,0,0,0,,,,
27190404801,ZPPSKH SHANKARPURWADI,CLU3600518,KHULTABAD,,16,1,54,24,30,0,1.25,55.56,0.0,54,0,0,0,,,,
27190406201,ZPPSKH SHARDULWADI,CLU3600516,KHULTABAD,,16,1,26,13,13,0,1.0,50.0,0.0,26,0,0,0,,,,
27190406501,ZPPSKH TALAVWADI,CLU3600516,KHULTABAD,,16,1,12,4,8,0,2.0,66.67,0.0,12,0,0,0,,,,
27190406701,ZPPSKH THAKURWADI,CLU3600517,KHULTABAD,,16,1,147,81,66,0,0.81,44.9,0.0,147,0,0,0,,,,
27190407001,ZPPSKH VADOD BK,CLU3600514,KHULTABAD,,16,1,30,11,19,0,1.73,63.33,0.0,30,0,0,0,,,,
27190406801,ZPPSKH VADOD KH,CLU3600514,KHULTABAD,,16,1,29,14,15,0,1.07,51.72,0.0,29,0,0,0,,,,
27190403202,ZPPSKH VAJDARI,CLU3600512,KHULTABAD,,16,1,23,11,12,0,1.09,52.17,0.0,23,0,0,0,,,,
27190401507,ZPPSKH VETAL VASTI,CLU3600516,KHULTABAD,,16,1,23,10,13,0,1.3,56.52,0.0,23,0,0,0,,,,
27190408301,ZPPSKH WADGAON,CLU3600515,KHULTABAD,,16,1,22,12,10,0,0.83,45.45,0.0,22,0,0,0,,,,
27190408001,ZPPSKH YESGAON NO. 3,CLU3600513,KHULTABAD,,16,1,21,9,12,0,1.33,57.14,0.0,21,0,0,0,,,,
27190406901,ZPPUPS VIRAMGAON,CLU3600518,KHULTABAD,,16,2,64,36,28,0,0.78,43.75,0.0,37,27,0,0,,,,
27190400401,ZPPUPSKH BHADJI,CLU3600512,KHULTABAD,,16,2,110,67,43,0,0.64,39.09,0.0,83,27,0,0,,,,
27190400301,ZPPUPSKH BHANDEGAON,CLU3600514,KHULTABAD,,16,2,66,29,37,0,1.28,56.06,0.0,43,23,0,0,,,,
27190400601,ZPPUPSKH BODKHA,CLU3600515,KHULTABAD,,16,6,121,63,58,0,0.92,47.93,0.0,79,42,0,0,,,,
27190400701,ZPPUPSKH CHINCHOLI,CLU3600517,KHULTABAD,,16,2,104,48,56,0,1.17,53.85,0.0,41,63,0,0,,,,
27190401101,ZPPUPSKH DAREGAON,CLU3600513,KHULTABAD,,16,2,97,38,59,0,1.55,60.82,0.0,68,29,0,0,,,,
27190401001,ZPPUPSKH DEVLANA BK,CLU3600514,KHULTABAD,,16,1,27,24,3,0,0.12,11.11,0.0,27,0,0,0,,,,
27190400901,ZPPUPSKH DEVLANA KH,CLU3600514,KHULTABAD,,16,2,81,40,41,0,1.02,50.62,0.0,53,28,0,0,,,,
27190401202,ZPPUPSKH DHAMANGAON,CLU3600515,KHULTABAD,,16,6,199,103,96,0,0.93,48.24,0.0,101,98,0,0,,,,
27190401801,ZPPUPSKH GADANA,CLU3600518,KHULTABAD,,16,2,250,118,132,0,1.12,52.8,0.0,154,96,0,0,,,,
27190401601,ZPPUPSKH GHODEGAON,CLU3600518,KHULTABAD,,16,2,142,67,75,0,1.12,52.82,0.0,80,62,0,0,,,,
27190401701,ZPPUPSKH GOLEGAON,CLU3600518,KHULTABAD,,16,2,227,118,109,0,0.92,48.02,0.0,125,102,0,0,,,,
27190402801,ZPPUPSKH KAGJIPURA,CLU3600512,KHULTABAD,,16,2,178,84,94,0,1.12,52.81,0.0,116,62,0,0,,,,
27190402501,ZPPUPSKH KANADGAON,CLU3600514,KHULTABAD,,16,2,102,58,44,0,0.76,43.14,0.0,67,35,0,0,,,,
27190402401,ZPPUPSKH KANAKSHIL,CLU3600513,KHULTABAD,,16,2,136,63,73,0,1.16,53.68,0.0,78,58,0,0,,,,
27190402904,ZPPUPSKH KASABKHEDA,CLU3600516,KHULTABAD,,16,2,335,121,214,0,1.77,63.88,0.0,225,110,0,0,,,,
27190402601,ZPPUPSKH KHANDI PIMPALGAON,CLU3600514,KHULTABAD,,16,2,124,67,57,0,0.85,45.97,0.0,70,54,0,0,,,,
27190402701,ZPPUPSKH KHIRDI,CLU3600512,KHULTABAD,,16,2,131,65,66,0,1.02,50.38,0.0,74,57,0,0,,,,
27190405304,ZPPUPSKH KHULTABAD MARATHI,CLU3600512,KHULTABAD,,16,2,115,60,55,0,0.92,47.83,0.0,79,36,0,0,,,,
27190405303,ZPPUPSKH KHULTABAD URDU,CLU3600512,KHULTABAD,,16,2,50,29,21,0,0.72,42.0,0.0,28,22,0,0,,,,
27190403201,ZPPUPSKH LAMANGAON,CLU3600512,KHULTABAD,,16,2,112,61,51,0,0.84,45.54,0.0,52,60,0,0,,,,
27190403101,ZPPUPSKH LONI,CLU3600515,KHULTABAD,,16,2,164,96,68,0,0.71,41.46,0.0,65,99,0,0,,,,
27190403301,ZPPUPSKH MAMNAPUR,CLU3600518,KHULTABAD,,16,2,73,33,40,0,1.21,54.79,0.0,50,23,0,0,,,,
27190403401,ZPPUPSKH MAMURABAD,CLU3600513,KHULTABAD,,16,2,40,19,21,0,1.11,52.5,0.0,24,16,0,0,,,,
27190403701,ZPPUPSKH MAUSALA,CLU3600512,KHULTABAD,,16,2,106,58,48,0,0.83,45.28,0.0,65,41,0,0,,,,
27190403601,ZPPUPSKH MHAISMAL,CLU3600512,KHULTABAD,,16,2,94,43,51,0,1.19,54.26,0.0,63,31,0,0,,,,
27190403901,ZPPUPSKH NANDRABAD,CLU3600512,KHULTABAD,,16,2,85,37,48,0,1.3,56.47,0.0,60,25,0,0,,,,
27190407501,ZPPUPSKH NIRGUDI BK,CLU3600517,KHULTABAD,,16,2,94,54,40,0,0.74,42.55,0.0,44,50,0,0,,,,
27190407701,ZPPUPSKH PADALI,CLU3600513,KHULTABAD,,16,2,132,59,73,0,1.24,55.3,0.0,92,40,0,0,,,,
27190404501,ZPPUPSKH PALASGAON,CLU3600517,KHULTABAD,,16,2,114,67,47,0,0.7,41.23,0.0,62,52,0,0,,,,
27190404401,ZPPUPSKH PALASWADI,CLU3600516,KHULTABAD,,16,2,151,74,77,0,1.04,50.99,0.0,104,47,0,0,,,,
27190404201,ZPPUPSKH PIMPRI,CLU3600517,KHULTABAD,,16,2,139,55,84,0,1.53,60.43,0.0,77,62,0,0,,,,
27190404701,ZPPUPSKH RASULPURA,CLU3600518,KHULTABAD,,16,2,56,38,18,0,0.47,32.14,0.0,30,26,0,0,,,,
27190405101,ZPPUPSKH SHEKHPUR,CLU3600513,KHULTABAD,,16,2,41,22,19,0,0.86,46.34,0.0,30,11,0,0,,,,
27190406101,ZPPUPSKH SHULIBHANJAN,CLU3600512,KHULTABAD,,16,2,127,66,61,0,0.92,48.03,0.0,96,31,0,0,,,,
27190405001,ZPPUPSKH SOBALGAON,CLU3600513,KHULTABAD,,16,2,53,18,35,0,1.94,66.04,0.0,37,16,0,0,,,,
27190404901,ZPPUPSKH SONKHEDA,CLU3600518,KHULTABAD,,16,2,58,30,28,0,0.93,48.28,0.0,38,20,0,0,,,,
27190405801,ZPPUPSKH SULTANPUR,CLU3600514,KHULTABAD,,16,2,188,103,85,0,0.83,45.21,0.0,117,71,0,0,,,,
27190406301,ZPPUPSKH TAJNAPUR,CLU3600513,KHULTABAD,,16,2,107,36,71,0,1.97,66.36,0.0,53,54,0,0,,,,
27190406402,ZPPUPSKH TAKLI R R,CLU3600518,KHULTABAD,,16,2,70,54,16,0,0.3,22.86,0.0,70,0,0,0,,,,
27190406602,ZPPUPSKH TISGAON,CLU3600517,KHULTABAD,,16,2,221,113,108,0,0.96,48.87,0.0,145,76,0,0,,,,
27190407101,ZPPUPSKH YESGAON NO. 1,CLU3600514,KHULTABAD,,16,2,128,60,68,0,1.13,53.12,0.0,92,36,0,0,,,,
27190407201,ZPPUPSKH YESGAON NO. 2,CLU3600513,KHULTABAD,,16,2,44,22,22,0,1.0,50.0,0.0,28,16,0,0,,,,
27190407401,ZPPUPSKH ZARI,CLU3600515,KHULTABAD,,16,2,50,24,26,0,1.08,52.0,0.0,41,9,0,0,,,,
27190402002,ZPUPSKH GALLEBORGAON,CLU3600517,KHULTABAD,,16,6,500,257,243,0,0.95,48.6,0.0,51,225,224,0,,,,
27190402903,ZPUPtoSKH KASABKHEDA,CLU3600516,KHULTABAD,,16,6,376,232,144,0,0.62,38.3,0.0,45,168,163,0,,,,
27190406401,ZPUPtoSKH TAKLI R R,CLU3600518,KHULTABAD,,16,6,245,153,92,0,0.6,37.55,0.0,27,123,95,0,,,,
27190515316,ABDUL KADAR URDU HS PAITHAN,CLU3600530,PAITHAN,,4,7,123,102,21,0,0.21,17.07,0.0,0,31,92,0,,,,
27190502011,AL HIND URDU,CLU3600531,PAITHAN,,55,2,232,78,154,0,1.97,66.38,0.0,142,90,0,0,,,,
27190501502,ANUSAYADEVI PR ASHRAMSHALA,CLU3600521,PAITHAN,,42,2,111,70,41,0,0.59,36.94,0.0,61,50,0,0,,,,
27190508103,APANG NIWASI VIDYALAYA,CLU3600523,PAITHAN,,11,2,53,36,17,0,0.47,32.08,0.0,17,36,0,0,,,,
27190510203,APLE VIDYALAYA KADETHAN,CLU3600532,PAITHAN,,4,6,244,127,117,0,0.92,47.95,0.0,11,61,172,0,,,,
27190515314,ARYA CHANAKYA MADHYAMIK VIDYA MANDIR PAITHAN,CLU3600530,PAITHAN,,4,7,631,365,266,0,0.73,42.16,0.0,0,205,426,0,,,,
27190515330,ARYA CHANAKYA PRIMARY,CLU3600530,PAITHAN,,4,2,1301,737,564,0,0.77,43.35,0.0,812,489,0,0,,,,
27190504208,ARYANANDI GLOBAL SCHOOL GAT NO 8 DHORKEEN,CLU3600528,PAITHAN,,27,6,128,79,49,0,0.62,38.28,0.0,87,22,19,0,,,,
27190504204,ARYANANDI PUBLIC SCHOOL,CLU3600528,PAITHAN,,27,2,407,260,147,0,0.57,36.12,0.0,266,141,0,0,,,,
27190504206,ARYANANDI PUBLIC SCHOOL AND JR COLLEGE DHORKEEN,CLU3600528,PAITHAN,,27,3,88,68,20,0,0.29,22.73,0.0,0,0,78,10,,,,
27190520901,ASHISH CONVENT SCHOOL,CLU3600530,PAITHAN,,27,1,6,2,4,0,2.0,66.67,0.0,6,0,0,0,,,,
27190500802,ASHOK VID. ANTERWALIKHANDI,CLU3600527,PAITHAN,,4,6,135,69,66,0,0.96,48.89,0.0,0,40,95,0,,,,
27190515307,ASWAD PRASHALA PAITHAN,CLU3600530,PAITHAN,,4,2,100,63,37,0,0.59,37.0,0.0,68,32,0,0,,,,
27190520301,BHAGIRATHI S.S.VIDYAMANDIR,CLU3600524,PAITHAN,,4,6,218,117,101,0,0.86,46.33,0.0,17,89,112,0,,,,
27190509802,BHAGWAN BABA H.S.KEKATJALGAON,CLU3600536,PAITHAN,,4,7,131,51,80,0,1.57,61.07,0.0,0,33,98,0,,,,
27190502002,BHAGWATI GIRLS BIDKEEN,CLU3600531,PAITHAN,,4,6,234,130,104,0,0.8,44.44,0.0,7,102,125,0,,,,
27190517301,BHIMASHANKAR PS WAHEGAON,CLU3600523,PAITHAN,,4,1,159,75,84,0,1.12,52.83,0.0,159,0,0,0,,,,
27190519707,BHIMASHANKAR VIDYALAYA WAHEGAON,CLU3600523,PAITHAN,,4,6,872,472,400,0,0.85,45.87,0.0,68,270,534,0,,,,
27190505703,BLUE VALLEY ENGLISH SCHOOL ,CLU3600531,PAITHAN,,27,3,161,103,58,0,0.56,36.02,0.0,124,37,0,0,,,,
27190515402,CH. SAMBHAJI VIDYALAYA R.K.,CLU3600520,PAITHAN,,4,6,322,147,175,0,1.19,54.35,0.0,19,146,157,0,,,,
27190518603,DANYDIP VID. M. VIHAMANDVA,CLU3600536,PAITHAN,,4,3,483,240,243,0,1.01,50.31,0.0,17,107,150,209,,,,
27190502015,DIVINE CHILD CONVENT SENIOR SECONDARY SCHOOL,CLU3600531,PAITHAN,,27,6,679,395,284,0,0.72,41.83,0.0,342,160,33,0,,,,
27190505602,DNYANESHWAR VIDHYALAY EKTUNI,CLU3600519,PAITHAN,,4,3,294,154,140,0,0.91,47.62,0.0,10,111,141,32,,,,
27190502713,DNYANKUR VIDYA MANDIR MADHYAMIK,CLU3600521,PAITHAN,,4,7,75,31,44,0,1.42,58.67,0.0,0,17,58,0,,,,
27190502710,DR.BABASAHEB AMBEDKAR S.C. PRI & SEC NIVASI ASHRAM SCHOOL CHITTEGAON,CLU3600521,PAITHAN,,12,6,34,17,17,0,1.0,50.0,0.0,0,34,0,0,,,,
27190502017,DURGA ENGLISH PRIMARY SCHOOL,CLU3600531,PAITHAN,,27,2,23,13,10,0,0.77,43.48,0.0,19,4,0,0,,,,
27190502021,DURGA ENGLISH PS,CLU3600531,PAITHAN,,27,1,17,9,8,0,0.89,47.06,0.0,17,0,0,0,,,,
27190502608,DURGA ENGLISH SCHOOL BALANAGAR,CLU3600526,PAITHAN,,27,1,11,5,6,0,1.2,54.55,0.0,11,0,0,0,,,,
27190502022,DURGA HIGH SCHOOL BIDKEEN,CLU3600531,PAITHAN,,27,8,2,2,0,0,0.0,0.0,0.0,0,0,2,0,,,,
27190502609,DURGA JR COLLEGE BALANAGAR,CLU3600526,PAITHAN,,27,11,14,10,4,0,0.4,28.57,0.0,0,0,0,14,,,,
27190502023,DURGA JUNIOR COLLEGE BIDKEEN,CLU3600531,PAITHAN,,27,11,8,5,3,0,0.6,37.5,0.0,0,0,0,8,,,,
27190502612,DURGA MARATHI PRIMARY SECONDARY AND HIGHER SECONDARY SCHOOL BALANAGAR,CLU3600526,PAITHAN,,27,3,12,11,1,0,0.09,8.33,0.0,10,2,0,0,,,,
27190512907,DURGA PRIMARY ENGISH SCHOOL,CLU3600525,PAITHAN,,27,1,40,18,22,0,1.22,55.0,0.0,24,0,0,0,,,,
27190511104,"DURGA PRIMARY,HIGHSCHOOL & JR.COLLEGE",CLU3600522,PAITHAN,,27,3,38,25,13,0,0.52,34.21,0.0,0,6,2,30,,,,
27190502711,EKTA PUBLIC SCHOOL CHITTEGAON,CLU3600521,PAITHAN,,27,1,95,60,35,0,0.58,36.84,0.0,81,0,0,0,,,,
27190502035,EXCELLENT PUBLIC ENGLISH SCHOOL BIDKIN TQ PAITHAN DIST AURNAGABAD,CLU3600531,PAITHAN,,27,3,333,207,126,0,0.61,37.84,0.0,144,95,34,7,,,,
27190515325,FINIX ENGLISH SCHOOL,CLU3600530,PAITHAN,,27,2,284,173,111,0,0.64,39.08,0.0,210,74,0,0,,,,
27190502027,GEETAI JR COLLEGE BIDKEEN,CLU3600531,PAITHAN,,27,11,85,55,30,0,0.55,35.29,0.0,0,0,0,85,,,,
27190502026,GEETAI VIDYA MANDIR,CLU3600531,PAITHAN,,27,1,2,1,1,0,1.0,50.0,0.0,2,0,0,0,,,,
27190502709,GOGANATH BABA PUBLIC ENGLISH SCHOOL CHITTEGAON,CLU3600521,PAITHAN,,27,3,229,118,111,0,0.94,48.47,0.0,110,59,40,20,,,,
27190514903,GOLDEN ROCKS ENGLISH SCHOOL PATEGAON,CLU3600533,PAITHAN,,27,3,223,127,96,0,0.76,43.05,0.0,28,0,0,195,,,,
27190515332,GURUKUL ENGLISH SCHOOL,CLU3600530,PAITHAN,,27,3,202,121,81,0,0.67,40.1,0.0,112,46,11,33,,,,
27190514805,GURUKUL ENGLISH SCHOOL PACHOD,CLU3600527,PAITHAN,,27,3,255,157,98,0,0.62,38.43,0.0,164,67,12,12,,,,
27190502708,GURUKUL PRIMARY ENGLISH SCHOOL CHITEGAON,CLU3600521,PAITHAN,,27,2,276,171,105,0,0.61,38.04,0.0,252,24,0,0,,,,
27190515345,HI TECH ENGLISH SCHOOL PAITHAN,CLU3600530,PAITHAN,,27,2,207,118,89,0,0.75,43.0,0.0,170,37,0,0,,,,
27190513704,HIND SCHOLARS ACADEMY HIGH SCHOOL,CLU3600530,PAITHAN,,55,6,289,170,119,0,0.7,41.18,0.0,27,148,114,0,,,,
27190502715,HOLY KIDS ENGLISH SCHOOL CHITTEGAON,CLU3600521,PAITHAN,,27,3,233,147,86,0,0.59,36.91,0.0,157,62,14,0,,,,
27190502009,HOLY SPIRIT HS,CLU3600531,PAITHAN,,27,3,318,190,128,0,0.67,40.25,0.0,144,70,90,14,,,,
27190509003,HPL JR COLLEGE KRUSHNAPUR,CLU3600531,PAITHAN,,54,11,851,443,408,0,0.92,47.94,0.0,0,0,0,851,,,,
27190509002,HPL SECONDARY SCHOOL KRISHNAPUR,CLU3600531,PAITHAN,,4,6,444,266,178,0,0.67,40.09,0.0,36,174,234,0,,,,
27190515322,ICON PARADISE ENGLISH SCHOOL,CLU3600530,PAITHAN,,27,5,183,124,59,0,0.48,32.24,0.0,0,2,110,71,,,,
27190521001,ICON PARADISE PRIMARY ENGLISH SCHOOL PAITHAN,CLU3600530,PAITHAN,,27,2,172,120,52,0,0.43,30.23,0.0,108,64,0,0,,,,
27190502717,INDIAN ENGLISH SCHOOL CHITEGAON,CLU3600521,PAITHAN,,27,2,6,4,2,0,0.5,33.33,0.0,6,0,0,0,,,,
27190515326,INTERNATIONAL ENGLISH SCHOOL,CLU3600530,PAITHAN,,27,2,93,53,40,0,0.75,43.01,0.0,79,13,0,0,,,,
27190503002,JAGDAMBA ENGLISH P S CHONDHALA,CLU3600536,PAITHAN,,27,1,199,105,94,0,0.9,47.24,0.0,199,0,0,0,,,,
27194100261,JAGDAMBA VIDYANIKETAN SCHOOL & JR COLLEGE,CLU3600536,PAITHAN,,27,3,310,204,106,0,0.52,34.19,0.0,90,109,56,55,,,,
27190514804,JAIN ENGLISH SCHOOL,CLU3600527,PAITHAN,,27,2,358,231,127,0,0.55,35.47,0.0,219,139,0,0,,,,
27190514806,JAIN SEC.& HR.SEC ENGLISH SCHOOL PACHOD,CLU3600527,PAITHAN,,27,10,40,25,15,0,0.6,37.5,0.0,0,0,40,0,,,,
27190513505,JANTA MARATHI PRATHMIK SHALA NAVGAON,CLU3600535,PAITHAN,,4,2,237,159,78,0,0.49,32.91,0.0,169,68,0,0,,,,
27190514702,JAWAHAR VIDYALAY PACHOD,CLU3600527,PAITHAN,,4,3,1219,630,589,0,0.93,48.32,0.0,32,211,443,533,,,,
27190515310,JIJAMATA PRIMARY SCHOOL PAITHAN,CLU3600530,PAITHAN,,4,1,131,78,53,0,0.68,40.46,0.0,131,0,0,0,,,,
27190514103,JIJAU DNYAN MANDIR,CLU3600520,PAITHAN,,27,3,65,41,24,0,0.59,36.92,0.0,27,22,16,0,,,,
27190502033,"JINIUS PUBLIC SCHOOL,BIDKEEN TQ PAITHAN DIST AURANGABAD",CLU3600531,PAITHAN,,27,3,132,80,52,0,0.65,39.39,0.0,32,12,8,68,,,,
27190500603,KANYA VIDYALAY ADUL,CLU3600534,PAITHAN,,4,3,1056,248,808,0,3.26,76.52,0.0,61,263,253,479,,,,
27190514902,KAUSHALYA VIDYAMANDIR AND JUNIOR COLLEGE PATEGAON,CLU3600533,PAITHAN,,55,3,1105,633,472,0,0.75,42.71,0.0,54,333,338,380,,,,
27190502610,KHANDERAO MUKE PATIL JR COLLEGE BALANAGAR,CLU3600526,PAITHAN,,27,11,67,22,45,0,2.05,67.16,0.0,0,0,0,67,,,,
27190502010,KILBIL PRIMARY SCHOOL KRUSHNAPUR,CLU3600531,PAITHAN,,4,2,265,130,135,0,1.04,50.94,0.0,180,68,0,0,,,,
27190518502,LATE PANDHARINATH PATIL VIDYALAYA,CLU3600535,PAITHAN,,4,7,124,61,63,0,1.03,50.81,0.0,0,39,85,0,,,,
27190511103,LATE V.D PATIL PRE PRIMARY ENGLISH SCHOOL,CLU3600522,PAITHAN,,27,3,549,334,215,0,0.64,39.16,0.0,175,76,39,160,,,,
27190514302,LATE.KESARABAI SEC.& HR.SEC PORGAON,CLU3600528,PAITHAN,,4,3,950,554,396,0,0.71,41.68,0.0,19,179,290,462,,,,
27190510206,LAXMI JUNIOR COLLEGE KADETHAN,CLU3600532,PAITHAN,,27,11,30,18,12,0,0.67,40.0,0.0,0,0,0,30,,,,
27190510205,LAXMI PRIMARY ENGLISH SCHOOL,CLU3600532,PAITHAN,,27,1,6,4,2,0,0.5,33.33,0.0,6,0,0,0,,,,
27190512906,LAXMIBAI VIDYALAYA,CLU3600525,PAITHAN,,55,5,367,230,137,0,0.6,37.33,0.0,0,38,138,191,,,,
27190512204,LITTLE CAMPUS ENGLISH SCHOOL MUDHALWADI,CLU3600523,PAITHAN,,27,3,55,34,21,0,0.62,38.18,0.0,55,0,0,0,,,,
27190507504,LITTLE STAR ENGLISH SCHOOL HIRADPURI,CLU3600535,PAITHAN,,27,1,13,4,9,0,2.25,69.23,0.0,13,0,0,0,,,,
27194100726,M.S. DHONI PUBLIC SCHOOL & JR COLLEGE,CLU3600536,PAITHAN,,27,3,17,13,4,0,0.31,23.53,0.0,9,3,5,0,,,,
27190513504,MADHYAMIK VIDHYALAY HIRADPURI,CLU3600535,PAITHAN,,53,7,129,62,67,0,1.08,51.94,0.0,0,38,91,0,,,,
27190507102,MADHYAMIK VIDYALAYA HARSHI,CLU3600537,PAITHAN,,4,7,156,80,76,0,0.95,48.72,0.0,0,51,105,0,,,,
27190513102,MADHYAMIK VIDYALAYA NANDER,CLU3600537,PAITHAN,,4,3,291,143,148,0,1.03,50.86,0.0,21,107,120,43,,,,
27190502019,MAHARASHTRA BHUSHAN PUBLIC & JUNIOR COLLEGE BIDKIN,CLU3600531,PAITHAN,,27,3,687,383,304,0,0.79,44.25,0.0,287,178,91,131,,,,
27190515334,MAHARASHTRA BHUSHAN PUBLIC SCHOOL & JUNIOR COLLEGE PAITHAN,CLU3600530,PAITHAN,,27,3,321,188,133,0,0.71,41.43,0.0,43,31,15,232,,,,
27190515603,MANOMAY ENGLISH SCHOOL RAJAPUR,CLU3600519,PAITHAN,,27,3,227,153,74,0,0.48,32.6,0.0,107,14,1,105,,,,
27190515604,MANOMAY VIDYALAYA RAJAPUR,CLU3600519,PAITHAN,,27,3,8,3,5,0,1.67,62.5,0.0,0,0,0,8,,,,
27190514502,MANSINGH NAIK VIDYALAYA,CLU3600532,PAITHAN,,4,3,458,231,227,0,0.98,49.56,0.0,6,122,159,171,,,,
27190503403,MAROTRAO PATIL VID DHUPKHEDA,CLU3600522,PAITHAN,,4,3,408,205,203,0,0.99,49.75,0.0,14,78,101,215,,,,
27190515328,MAULANA AZAD URDU HIGH SCHOOL PAITHAN,CLU3600530,PAITHAN,,55,7,168,0,168,0,168.0,100.0,0.0,0,62,106,0,,,,
27190515323,MISHRILAL PAHADE JAIN ENGLISH SCHOOL,CLU3600530,PAITHAN,,27,2,492,269,223,0,0.83,45.33,0.0,305,187,0,0,,,,
27190515340,Mishrilal Pahade Secondary And Higher Secondary Jain English School,CLU3600530,PAITHAN,,27,10,148,87,61,0,0.7,41.22,0.0,0,0,117,31,,,,
27190519702,NAGNATH VIDYALAYA WAHEGAON,CLU3600523,PAITHAN,,4,6,211,96,115,0,1.2,54.5,0.0,4,67,140,0,,,,
27190501504,NANDADEEP PRIMARY SCHOOL B.JALGAON,CLU3600521,PAITHAN,,27,2,289,179,110,0,0.61,38.06,0.0,187,102,0,0,,,,
27190515108,NARMADA ARTS SCIENCE & COMMERCE JUNIOR COLLEGE,CLU3600523,PAITHAN,,54,11,346,143,203,0,1.42,58.67,0.0,0,0,0,346,,,,
27190515336,NATH CONVENT ENGLISH SCHOOL PAITHAN,CLU3600530,PAITHAN,,27,2,201,100,101,0,1.01,50.25,0.0,150,51,0,0,,,,
27190503701,NEW HIGHSCHOOL DAWARWADI,CLU3600537,PAITHAN,,4,3,867,469,398,0,0.85,45.91,0.0,62,303,366,136,,,,
27190515344,NIMBARK ENGLISH SCHOOL AND JR COLLEGE PAITHAN,CLU3600530,PAITHAN,,27,3,407,233,174,0,0.75,42.75,0.0,146,138,109,14,,,,
27190515106,OMKAR MUKABADHIR NIWASI VIDYALAYA JAYKWADI N,CLU3600523,PAITHAN,,12,2,71,48,23,0,0.48,32.39,0.0,48,10,0,0,,,,
27190515337,OYSTER ENGLISH SCHOOL PAITHAN,CLU3600530,PAITHAN,,27,1,69,30,39,0,1.3,56.52,0.0,69,0,0,0,,,,
27190502014,PHOENIX ENGLISH SCHOOL,CLU3600531,PAITHAN,,27,2,131,88,43,0,0.49,32.82,0.0,87,44,0,0,,,,
27190515331,PRATISHTHAN MAHAVIDHYALAY PAITHAN,CLU3600530,PAITHAN,,4,11,997,659,338,0,0.51,33.9,0.0,0,0,0,997,,,,
27190515101,PUNYASHLOK AHILYA ASHRAMSHALA,CLU3600523,PAITHAN,,42,2,298,167,131,0,0.78,43.96,0.0,190,108,0,0,,,,
27190502714,RAINBOW PUBLIC SCHOOL CHITTEGAON,CLU3600521,PAITHAN,,27,3,367,206,161,0,0.78,43.87,0.0,276,72,19,0,,,,
27190515343,RAJMATA AHILYABAI HOLKAR ASTHIVYANG NIWASI VIDYALAY,CLU3600530,PAITHAN,,12,2,7,3,4,0,1.33,57.14,0.0,1,6,0,0,,,,
27190501503,RAMDAS NAIK H.S. B.JALGAON,CLU3600521,PAITHAN,,4,6,108,61,47,0,0.77,43.52,0.0,0,24,84,0,,,,
27190518605,RASHTRAMATA JIJAU PS VIHAMANDVA,CLU3600536,PAITHAN,,55,2,408,224,184,0,0.82,45.1,0.0,248,160,0,0,,,,
27190518002,S.P. BAKLIWAL VID. TRIMBAKDASJI PATEL JR. COL. THERGAON,CLU3600527,PAITHAN,,4,5,434,207,227,0,1.1,52.3,0.0,0,50,129,255,,,,
27190502030,SAINT POP 2 ENGLISH SCHOOL BIDKEEN,CLU3600531,PAITHAN,,27,3,43,25,18,0,0.72,41.86,0.0,19,16,8,0,,,,
27190516102,SANDIPAN VIDYALAYA SHEKTA,CLU3600520,PAITHAN,,4,6,186,93,93,0,1.0,50.0,0.0,0,58,128,0,,,,
27190500102,SANT DYANDSHEAR VIDYALAY APEGAON,CLU3600524,PAITHAN,,4,6,338,199,139,0,0.7,41.12,0.0,29,142,167,0,,,,
27190506602,SANT EKNATH ASHRAM SHALA GEVRAI M.,CLU3600532,PAITHAN,,42,2,144,96,48,0,0.5,33.33,0.0,53,91,0,0,,,,
27190502704,SANT EKNATH HS CHITTEGAON,CLU3600521,PAITHAN,,4,3,1032,531,501,0,0.94,48.55,0.0,97,381,402,152,,,,
27190510502,SANT EKNATH KAWSAN NEW,CLU3600530,PAITHAN,,4,2,30,13,17,0,1.31,56.67,0.0,30,0,0,0,,,,
27190502707,SANT EKNATH PRIMARY SHAALA,CLU3600521,PAITHAN,,4,1,193,95,98,0,1.03,50.78,0.0,193,0,0,0,,,,
27190505605,SANT ESHWAR SINGH ASHRAM SHALA,CLU3600519,PAITHAN,,11,6,24,11,13,0,1.18,54.17,0.0,0,1,23,0,,,,
27190502601,SB HS BALANAGAR,CLU3600526,PAITHAN,,4,6,783,425,358,0,0.84,45.72,0.0,83,397,303,0,,,,
27190502003,SB VIDYALAY BIDKEEN,CLU3600531,PAITHAN,,4,3,1720,1009,711,0,0.7,41.34,0.0,137,794,760,29,,,,
27190518608,SECONDARY AND HIGHER SECONDARY SCHOOL VIHAMANDWA,CLU3600536,PAITHAN,,27,10,104,64,40,0,0.62,38.46,0.0,0,0,56,48,,,,
27190508101,SHAHU VIDYALAYA JAIKWADI,CLU3600523,PAITHAN,,4,6,450,236,214,0,0.91,47.56,0.0,4,155,291,0,,,,
27190515318,SHALIWAHAN VIDYALAYA PAITHAN,CLU3600530,PAITHAN,,4,6,298,242,56,0,0.23,18.79,0.0,29,112,157,0,,,,
27190511702,SHIREE MOHATA  DEVI  VIDYALAYA  MHAROLA,CLU3600520,PAITHAN,,55,3,413,234,179,0,0.76,43.34,0.0,16,132,153,112,,,,
27190514803,SHIV CHATRAPATI MA. VID. PACHO,CLU3600527,PAITHAN,,4,3,382,167,215,0,1.29,56.28,0.0,58,192,132,0,,,,
27190514802,SHIV CHATRAPATI PS SHIVAJINAGAR PACHOD,CLU3600527,PAITHAN,,4,2,137,68,69,0,1.01,50.36,0.0,94,43,0,0,,,,
27190504102,SHIVAJI PUBLIC SCHOOL DHANGAON,CLU3600528,PAITHAN,,27,3,79,37,42,0,1.14,53.16,0.0,64,15,0,0,,,,
27190500605,SHIVCHHATRAPATI PS ADUL,CLU3600534,PAITHAN,,55,1,37,24,13,0,0.54,35.14,0.0,37,0,0,0,,,,
27190502029,SHREE SARASWATI BHUWAN PRATHAMIK SHALA,CLU3600531,PAITHAN,,27,1,190,101,89,0,0.88,46.84,0.0,190,0,0,0,,,,
27190513702,SHRI BALAJI VIDYALAYA NARLA,CLU3600530,PAITHAN,,4,6,182,134,48,0,0.36,26.37,0.0,15,65,102,0,,,,
27190515320,SHRI BALAJI VIDYALAYA NATHNAGAR,CLU3600530,PAITHAN,,4,6,168,93,75,0,0.81,44.64,0.0,19,67,82,0,,,,
27190503101,SHRI CHANGDEV VIDYALAYA CHANGATPURI,CLU3600533,PAITHAN,,4,6,254,127,127,0,1.0,50.0,0.0,21,110,123,0,,,,
27190515315,SHRI KRUSHANA PRIMARY ASRAM SCHOOL,CLU3600521,PAITHAN,,42,6,137,88,49,0,0.56,35.77,0.0,75,45,17,0,,,,
27190504205,SHRI MANSING BHAU PAWAR JR. COLLEGE DHORKEEN,CLU3600528,PAITHAN,,54,11,445,263,182,0,0.69,40.9,0.0,0,0,0,445,,,,
27190515308,SHRI NATH HIGH SCHOOL PAITHAN,CLU3600530,PAITHAN,,4,3,3066,1774,1292,0,0.73,42.14,0.0,142,640,910,1374,,,,
27190515319,SHRI NATH PRIMARY SCHOOL PAITHAN,CLU3600530,PAITHAN,,4,1,439,237,202,0,0.85,46.01,0.0,439,0,0,0,,,,
27190502705,SHRI RAM HS ASHRAM SHAALA,CLU3600521,PAITHAN,,42,11,169,113,56,0,0.5,33.14,0.0,0,0,0,169,,,,
27190502034,SRUJAN MADHYAMIK VIDYALAY BIDKIN,CLU3600531,PAITHAN,,27,8,157,95,62,0,0.65,39.49,0.0,0,0,157,0,,,,
27190502012,SRUJAN PRIMARY SCHOOL,CLU3600531,PAITHAN,,25,2,473,245,228,0,0.93,48.2,0.0,250,223,0,0,,,,
27190512202,ST PAULS SCHOOL,CLU3600523,PAITHAN,,27,7,179,120,59,0,0.49,32.96,0.0,0,47,132,0,,,,
27190512203,"ST.PAUL'S PRIMARY ENGLISH SCHOOL ,M.I.D.C ,PAITHAN",CLU3600523,PAITHAN,,27,2,365,219,146,0,0.67,40.0,0.0,265,100,0,0,,,,
27190502032,SUDARSHAN PRIMARY HIGHSCHOOL AND JUNIOR COLLEGE BIDKIN,CLU3600531,PAITHAN,,27,3,163,91,72,0,0.79,44.17,0.0,0,18,135,10,,,,
27190502013,SUDARSHAN PRIMARY SCHOOL,CLU3600531,PAITHAN,,53,2,348,184,164,0,0.89,47.13,0.0,216,132,0,0,,,,
27190515333,SUN BRIGHT ENGLISH SCHOOL PAITHAN,CLU3600530,PAITHAN,,27,3,402,237,165,0,0.7,41.04,0.0,191,104,79,28,,,,
27190519902,SUNDARAM INTERNATIONAL SCHOOL DEVGAON THAPTI TANDA,CLU3600519,PAITHAN,,27,3,45,20,25,0,1.25,55.56,0.0,35,9,1,0,,,,
27190502706,SUREKHA SHANKARSING NAIK,CLU3600521,PAITHAN,,42,6,146,115,31,0,0.27,21.23,0.0,0,34,112,0,,,,
27190500303,SWAMI VIVEKANAND PUBLIC SCHOOL AWADE UNCHEGAON,CLU3600535,PAITHAN,,27,1,59,36,23,0,0.64,38.98,0.0,59,0,0,0,,,,
27190500607,SWAPNAPURTI ENGLISH PRIMARY,CLU3600534,PAITHAN,,27,2,22,16,6,0,0.38,27.27,0.0,22,0,0,0,,,,
27190505604,SWARAJ MADHYAMIK VIDYALAY,CLU3600519,PAITHAN,,55,6,286,181,105,0,0.58,36.71,0.0,31,122,133,0,,,,
27194100710,TARAI JUNIOR COLLEGE PAITHAN,CLU3600530,PAITHAN,,27,11,48,28,20,0,0.71,41.67,0.0,0,0,0,48,,,,
27190513502,TRIBAKSHWAR VID. NAVGAON,CLU3600535,PAITHAN,,4,7,267,157,110,0,0.7,41.2,0.0,0,89,178,0,,,,
27190515313,TRIMBAKDAS PATEL URDU PS,CLU3600530,PAITHAN,,4,2,282,132,150,0,1.14,53.19,0.0,200,82,0,0,,,,
27190503502,TUKARAM HS DHAKHEPHAL,CLU3600522,PAITHAN,,4,3,703,365,338,0,0.93,48.08,0.0,44,222,281,156,,,,
27190500608,URDU MADHYAMIK VIDYALAYA ADUL,CLU3600534,PAITHAN,,55,7,104,30,74,0,2.47,71.15,0.0,0,26,78,0,,,,
27190515311,URDU PRIMARY SCHOOL PAITHAN,CLU3600530,PAITHAN,,4,2,585,222,363,0,1.64,62.05,0.0,424,161,0,0,,,,
27190500302,VASANTRAO NAIK VID. AWADE UNCH,CLU3600535,PAITHAN,,4,5,232,99,133,0,1.34,57.33,0.0,0,42,115,75,,,,
27190515327,VIDHYADHAN ENGLISH SCHOOL,CLU3600530,PAITHAN,,27,2,3,3,0,0,0.0,0.0,0.0,3,0,0,0,,,,
27190500613,VIJETA ENGLISH SCHOOL ADUL,CLU3600534,PAITHAN,,27,2,21,11,10,0,0.91,47.62,0.0,19,2,0,0,,,,
27190513506,VISHAL PRIMARY ENGLISH SCHOOL NAVGAON,CLU3600535,PAITHAN,,27,2,29,22,7,0,0.32,24.14,0.0,8,21,0,0,,,,
27190512702,VISHWAKARMA MAULI PUBLIC SCHOOL,CLU3600531,PAITHAN,,27,2,4,4,0,0,0.0,0.0,0.0,4,0,0,0,,,,
27190518606,YASHWANT ENGLISH SCHOOL VIHAMANDWA,CLU3600536,PAITHAN,,27,1,16,4,12,0,3.0,75.0,0.0,16,0,0,0,,,,
27190500611,Z P C P S ADUL BK  URDU,CLU3600534,PAITHAN,,16,2,214,52,162,0,3.12,75.7,0.0,163,51,0,0,,,,
27190502611,Z P C P S BALANAGAR  URDU,CLU3600526,PAITHAN,,16,6,160,35,125,0,3.57,78.12,0.0,97,48,15,0,,,,
27190502036,Z P C P S BIDKEEN  URDU,CLU3600531,PAITHAN,,16,6,485,135,350,0,2.59,72.16,0.0,231,124,130,0,,,,
27190502716,Z P C P S CHITTEGAON  URDU,CLU3600521,PAITHAN,,16,6,315,104,211,0,2.03,66.98,0.0,162,94,59,0,,,,
27190504207,Z P C P S DHORKEEN  URDU,CLU3600528,PAITHAN,,16,6,249,86,163,0,1.9,65.46,0.0,108,71,70,0,,,,
27190511106,Z P C P S LOHGAON URDU,CLU3600522,PAITHAN,,16,2,52,36,16,0,0.44,30.77,0.0,27,25,0,0,,,,
27190513508,Z P C P S NAVGAON  URDU,CLU3600535,PAITHAN,,16,6,330,89,241,0,2.71,73.03,0.0,160,103,67,0,,,,
27190515342,Z P C P S PAITHAN NO.2 URDU,CLU3600530,PAITHAN,,16,1,29,10,19,0,1.9,65.52,0.0,29,0,0,0,,,,
27190515109,Z P C P S PIMPALWADI  URDU,CLU3600523,PAITHAN,,16,6,347,64,283,0,4.42,81.56,0.0,172,104,71,0,,,,
27190507505,Z P P S HIRADPURI URDU,CLU3600535,PAITHAN,,16,2,50,26,24,0,0.92,48.0,0.0,35,15,0,0,,,,
27190509504,Z P P S KARKEEN  URDU,CLU3600528,PAITHAN,,16,2,36,6,30,0,5.0,83.33,0.0,25,11,0,0,,,,
27190510302,Z P P S KOLI BODKHA  URDU,CLU3600527,PAITHAN,,16,6,174,73,101,0,1.38,58.05,0.0,67,55,52,0,,,,
27190516003,Z P P S SOMPURI  URDU,CLU3600531,PAITHAN,,16,2,107,31,76,0,2.45,71.03,0.0,72,35,0,0,,,,
27190515341,Z P PAITHAN BOYS  URDU,CLU3600530,PAITHAN,,16,3,117,38,79,0,2.08,67.52,0.0,6,29,28,54,,,,
27190511401,ZPPS LAKHEPHAL,CLU3600535,PAITHAN,,16,1,45,18,27,0,1.5,60.0,0.0,45,0,0,0,,,,
27190500901,ZPPSP ABDULLAPUR TANDA,CLU3600534,PAITHAN,,16,1,69,34,35,0,1.03,50.72,0.0,69,0,0,0,,,,
27190501101,ZPPSP ADUL KH,CLU3600534,PAITHAN,,16,1,193,105,88,0,0.84,45.6,0.0,193,0,0,0,,,,
27190501001,ZPPSP ADUL TANDA,CLU3600534,PAITHAN,,16,1,73,37,36,0,0.97,49.32,0.0,73,0,0,0,,,,
27190500501,ZPPSP AGAR NANDAR,CLU3600524,PAITHAN,,16,1,80,44,36,0,0.82,45.0,0.0,80,0,0,0,,,,
27190511203,ZPPSP ALIPUR,CLU3600525,PAITHAN,,16,1,13,8,5,0,0.62,38.46,0.0,13,0,0,0,,,,
27190501401,ZPPSP AMRAPUR WAGHUNDI,CLU3600522,PAITHAN,,16,1,66,34,32,0,0.94,48.48,0.0,66,0,0,0,,,,
27190501701,ZPPSP BABHULGAON,CLU3600521,PAITHAN,,16,1,37,13,24,0,1.85,64.86,0.0,37,0,0,0,,,,
27190502605,ZPPSP BALANAGAR TANDA,CLU3600526,PAITHAN,,16,1,21,6,15,0,2.5,71.43,0.0,21,0,0,0,,,,
27190503103,ZPPSP BALDAVA VASTI,CLU3600533,PAITHAN,,16,1,11,5,6,0,1.2,54.55,0.0,11,0,0,0,,,,
27190502004,ZPPSP BANGLA TANDA,CLU3600531,PAITHAN,,16,1,41,25,16,0,0.64,39.02,0.0,41,0,0,0,,,,
27190502101,ZPPSP BANNI TANDA,CLU3600525,PAITHAN,,16,1,26,8,18,0,2.25,69.23,0.0,26,0,0,0,,,,
27190502604,ZPPSP BELDARI TANDA,CLU3600526,PAITHAN,,16,1,10,6,4,0,0.67,40.0,0.0,10,0,0,0,,,,
27190502501,ZPPSP BHASUNAIK TANDA,CLU3600532,PAITHAN,,16,1,36,17,19,0,1.12,52.78,0.0,36,0,0,0,,,,
27190514202,ZPPSP BHIMNAGAR,CLU3600525,PAITHAN,,16,1,34,18,16,0,0.89,47.06,0.0,34,0,0,0,,,,
27190501601,ZPPSP BOKUDJALGAON TANDA,CLU3600521,PAITHAN,,16,1,13,4,9,0,2.25,69.23,0.0,13,0,0,0,,,,
27190501801,ZPPSP BRAMHAGAVHAN,CLU3600522,PAITHAN,,16,1,28,14,14,0,1.0,50.0,0.0,28,0,0,0,,,,
27190519801,ZPPSP BRAMHANGAON TANDA,CLU3600519,PAITHAN,,16,1,31,15,16,0,1.07,51.61,0.0,31,0,0,0,,,,
27190502301,ZPPSP BRAMHGAON,CLU3600536,PAITHAN,,16,1,25,11,14,0,1.27,56.0,0.0,25,0,0,0,,,,
27190503201,ZPPSP CHANAKWADI,CLU3600533,PAITHAN,,16,1,20,10,10,0,1.0,50.0,0.0,20,0,0,0,,,,
27190502801,ZPPSP CHINCHOLI,CLU3600531,PAITHAN,,16,2,70,35,35,0,1.0,50.0,0.0,50,20,0,0,,,,
27190503001,ZPPSP CHONDHALA,CLU3600536,PAITHAN,,16,1,14,7,7,0,1.0,50.0,0.0,14,0,0,0,,,,
27190504701,ZPPSP DADEGAON KH,CLU3600527,PAITHAN,,16,1,3,2,1,0,0.5,33.33,0.0,3,0,0,0,,,,
27190505101,ZPPSP DADEGAON OLD,CLU3600533,PAITHAN,,16,1,39,21,18,0,0.86,46.15,0.0,39,0,0,0,,,,
27190502703,ZPPSP DAGADKHAN KAMGAR VASTI,CLU3600521,PAITHAN,,16,1,34,19,15,0,0.79,44.12,0.0,34,0,0,0,,,,
27190514102,ZPPSP DARGA VASTI,CLU3600520,PAITHAN,,16,1,22,7,15,0,2.14,68.18,0.0,22,0,0,0,,,,
27190515602,ZPPSP DATTA NAGAR,CLU3600519,PAITHAN,,16,1,28,14,14,0,1.0,50.0,0.0,28,0,0,0,,,,
27190503702,ZPPSP DAWARWADI CPS,CLU3600537,PAITHAN,,16,1,244,109,135,0,1.24,55.33,0.0,244,0,0,0,,,,
27190504001,ZPPSP DAWARWADI TANDA,CLU3600537,PAITHAN,,16,1,8,2,6,0,3.0,75.0,0.0,8,0,0,0,,,,
27190504401,ZPPSP DEOGAON TANDA,CLU3600519,PAITHAN,,16,1,30,18,12,0,0.67,40.0,0.0,30,0,0,0,,,,
27190503801,ZPPSP DERA,CLU3600537,PAITHAN,,16,1,19,11,8,0,0.73,42.11,0.0,19,0,0,0,,,,
27190503501,ZPPSP DHAKEPHAL,CLU3600522,PAITHAN,,16,1,121,56,65,0,1.16,53.72,0.0,121,0,0,0,,,,
27190504301,ZPPSP DHORKEEN TANDA,CLU3600528,PAITHAN,,16,1,25,14,11,0,0.79,44.0,0.0,25,0,0,0,,,,
27190505301,ZPPSP DIYANATPUR,CLU3600523,PAITHAN,,16,1,41,21,20,0,0.95,48.78,0.0,41,0,0,0,,,,
27190505201,ZPPSP DONGAON TANDA,CLU3600526,PAITHAN,,16,1,46,21,25,0,1.19,54.35,0.0,46,0,0,0,,,,
27190503601,ZPPSP DONGARUNAIK TANDA,CLU3600525,PAITHAN,,16,1,21,10,11,0,1.1,52.38,0.0,21,0,0,0,,,,
27190505603,ZPPSP EKTUNI TANDA NO.2,CLU3600519,PAITHAN,,16,1,14,9,5,0,0.56,35.71,0.0,14,0,0,0,,,,
27190505801,ZPPSP FAROLA TANDA,CLU3600531,PAITHAN,,16,1,26,10,16,0,1.6,61.54,0.0,26,0,0,0,,,,
27190506101,ZPPSP GADHEGAON GANGAPUR,CLU3600520,PAITHAN,,16,1,15,5,10,0,2.0,66.67,0.0,15,0,0,0,,,,
27190507503,ZPPSP GANESH NAGAR,CLU3600535,PAITHAN,,16,1,18,6,12,0,2.0,66.67,0.0,18,0,0,0,,,,
27190512903,ZPPSP GANESHWADI,CLU3600525,PAITHAN,,16,1,21,11,10,0,0.91,47.62,0.0,21,0,0,0,,,,
27190515105,ZPPSP GAOTHAN VASTI,CLU3600523,PAITHAN,,16,1,27,13,14,0,1.08,51.85,0.0,27,0,0,0,,,,
27190502008,ZPPSP GAWARE VASTI,CLU3600531,PAITHAN,,16,1,28,18,10,0,0.56,35.71,0.0,28,0,0,0,,,,
27190506301,ZPPSP GEORAI KH,CLU3600534,PAITHAN,,16,1,13,6,7,0,1.17,53.85,0.0,13,0,0,0,,,,
27190506601,ZPPSP GEORAI MARDA,CLU3600532,PAITHAN,,16,1,42,28,14,0,0.5,33.33,0.0,42,0,0,0,,,,
27190506701,ZPPSP GHARI,CLU3600533,PAITHAN,,16,1,34,19,15,0,0.79,44.12,0.0,34,0,0,0,,,,
27190506001,ZPPSP GIDHADA,CLU3600520,PAITHAN,,16,1,35,13,22,0,1.69,62.86,0.0,35,0,0,0,,,,
27190515802,ZPPSP GORE VASTI,CLU3600530,PAITHAN,,16,1,25,13,12,0,0.92,48.0,0.0,25,0,0,0,,,,
27190507502,ZPPSP HANUMAN NAGAR HIRADPURI,CLU3600535,PAITHAN,,16,1,22,14,8,0,0.57,36.36,0.0,22,0,0,0,,,,
27190507702,ZPPSP HANUMAN NAGAR INDEGAON,CLU3600535,PAITHAN,,16,1,20,7,13,0,1.86,65.0,0.0,20,0,0,0,,,,
27190506901,ZPPSP HANUMANTGAON,CLU3600521,PAITHAN,,16,1,23,8,15,0,1.88,65.22,0.0,23,0,0,0,,,,
27190505102,ZPPSP HANUMANWADI DADEGAON,CLU3600533,PAITHAN,,16,1,19,10,9,0,0.9,47.37,0.0,19,0,0,0,,,,
27190506203,ZPPSP HANUMANWADI GEORAI BASHI,CLU3600528,PAITHAN,,16,1,15,9,6,0,0.67,40.0,0.0,15,0,0,0,,,,
27190507001,ZPPSP HARSHI KH,CLU3600537,PAITHAN,,16,1,48,23,25,0,1.09,52.08,0.0,48,0,0,0,,,,
27190507401,ZPPSP HINGNI,CLU3600535,PAITHAN,,16,1,37,21,16,0,0.76,43.24,0.0,37,0,0,0,,,,
27190507301,ZPPSP HIRAPUR,CLU3600519,PAITHAN,,16,1,25,11,14,0,1.27,56.0,0.0,25,0,0,0,,,,
27190507201,ZPPSP HONOBACHIWADI,CLU3600534,PAITHAN,,16,1,34,18,16,0,0.89,47.06,0.0,34,0,0,0,,,,
27190508001,ZPPSP IMAMPUR,CLU3600520,PAITHAN,,16,1,18,7,11,0,1.57,61.11,0.0,18,0,0,0,,,,
27190507901,ZPPSP INAYATPUR,CLU3600537,PAITHAN,,16,1,14,7,7,0,1.0,50.0,0.0,14,0,0,0,,,,
27190507801,ZPPSP ISMAILPUR,CLU3600533,PAITHAN,,16,1,20,11,9,0,0.82,45.0,0.0,20,0,0,0,,,,
27190517502,ZPPSP JAINPUR VASTI,CLU3600522,PAITHAN,,16,1,14,7,7,0,1.0,50.0,0.0,14,0,0,0,,,,
27190504602,ZPPSP JAISING NAIK TANDA,CLU3600519,PAITHAN,,16,1,29,15,14,0,0.93,48.28,0.0,29,0,0,0,,,,
27190508201,ZPPSP JAMBHLI TANDA,CLU3600525,PAITHAN,,16,1,37,15,22,0,1.47,59.46,0.0,37,0,0,0,,,,
27190508601,ZPPSP JAMWADI TANDA,CLU3600534,PAITHAN,,16,1,27,10,17,0,1.7,62.96,0.0,27,0,0,0,,,,
27190514503,ZPPSP KADAMWADI,CLU3600532,PAITHAN,,16,1,27,10,17,0,1.7,62.96,0.0,27,0,0,0,,,,
27190510101,ZPPSP KADETHAN KH,CLU3600532,PAITHAN,,16,1,19,10,9,0,0.9,47.37,0.0,19,0,0,0,,,,
27190509503,ZPPSP KAIKADI VASTI,CLU3600528,PAITHAN,,16,1,30,15,15,0,1.0,50.0,0.0,30,0,0,0,,,,
27190510001,ZPPSP KALYAN NAGAR,CLU3600527,PAITHAN,,16,1,167,81,86,0,1.06,51.5,0.0,167,0,0,0,,,,
27190520701,ZPPSP KAPUSWADI,CLU3600528,PAITHAN,,16,1,44,25,19,0,0.76,43.18,0.0,44,0,0,0,,,,
27190509901,ZPPSP KARANJKHEDA,CLU3600530,PAITHAN,,16,1,37,22,15,0,0.68,40.54,0.0,37,0,0,0,,,,
27190510801,ZPPSP KASAR PADLI,CLU3600526,PAITHAN,,16,1,31,11,20,0,1.82,64.52,0.0,31,0,0,0,,,,
27190502005,ZPPSP KAUDGAON,CLU3600531,PAITHAN,,16,1,38,21,17,0,0.81,44.74,0.0,38,0,0,0,,,,
27190509201,ZPPSP KAUNDAR,CLU3600537,PAITHAN,,16,1,26,14,12,0,0.86,46.15,0.0,26,0,0,0,,,,
27190510501,ZPPSP KAWSAN NEW,CLU3600530,PAITHAN,,16,1,56,28,28,0,1.0,50.0,0.0,56,0,0,0,,,,
27190510601,ZPPSP KAWSAN OLD,CLU3600530,PAITHAN,,16,1,28,19,9,0,0.47,32.14,0.0,28,0,0,0,,,,
27190508801,ZPPSP KESAPURI,CLU3600521,PAITHAN,,16,1,22,12,10,0,0.83,45.45,0.0,22,0,0,0,,,,
27190509701,ZPPSP KHANDALA,CLU3600536,PAITHAN,,16,1,52,21,31,0,1.48,59.62,0.0,52,0,0,0,,,,
27190509101,ZPPSP KHERDA TANDA,CLU3600537,PAITHAN,,16,1,20,12,8,0,0.67,40.0,0.0,20,0,0,0,,,,
27190506402,ZPPSP KHUTEKAR VASTI,CLU3600528,PAITHAN,,16,1,23,14,9,0,0.64,39.13,0.0,23,0,0,0,,,,
27190504203,ZPPSP MAMA COLONY,CLU3600528,PAITHAN,,16,1,43,17,26,0,1.53,60.47,0.0,43,0,0,0,,,,
27190511601,ZPPSP MAVAS GAVAN,CLU3600522,PAITHAN,,16,1,44,16,28,0,1.75,63.64,0.0,44,0,0,0,,,,
27190512001,ZPPSP MEHERBAN NAIK TANDA,CLU3600532,PAITHAN,,16,1,22,12,10,0,0.83,45.45,0.0,22,0,0,0,,,,
27190511901,ZPPSP MIRKHEDA,CLU3600536,PAITHAN,,16,1,37,17,20,0,1.18,54.05,0.0,37,0,0,0,,,,
27190512501,ZPPSP MOHAMMADPUR,CLU3600533,PAITHAN,,16,1,21,11,10,0,0.91,47.62,0.0,21,0,0,0,,,,
27190512101,ZPPSP MOTI TANDA,CLU3600526,PAITHAN,,16,1,19,9,10,0,1.11,52.63,0.0,19,0,0,0,,,,
27190511501,ZPPSP MULANI WADGAON,CLU3600522,PAITHAN,,16,1,151,92,59,0,0.64,39.07,0.0,151,0,0,0,,,,
27190517102,ZPPSP MULE VASTI,CLU3600524,PAITHAN,,16,1,35,9,26,0,2.89,74.29,0.0,35,0,0,0,,,,
27190511801,ZPPSP MURADBAD,CLU3600534,PAITHAN,,16,1,23,13,10,0,0.77,43.48,0.0,23,0,0,0,,,,
27190501802,ZPPSP NADIKATH WASTI BRAMHAGAVHAN,CLU3600522,PAITHAN,,16,1,46,26,20,0,0.77,43.48,0.0,46,0,0,0,,,,
27190512601,ZPPSP NAIGAVAN,CLU3600521,PAITHAN,,16,1,39,18,21,0,1.17,53.85,0.0,39,0,0,0,,,,
27190502102,ZPPSP NARSING TANDA,CLU3600525,PAITHAN,,16,1,6,1,5,0,5.0,83.33,0.0,6,0,0,0,,,,
27190513301,ZPPSP NATH PHARMA,CLU3600524,PAITHAN,,16,1,17,10,7,0,0.7,41.18,0.0,17,0,0,0,,,,
27190513401,ZPPSP NATKARWADI,CLU3600533,PAITHAN,,16,1,27,12,15,0,1.25,55.56,0.0,27,0,0,0,,,,
27190509502,ZPPSP NAVIN VASAHAT,CLU3600528,PAITHAN,,16,1,99,43,56,0,1.3,56.57,0.0,99,0,0,0,,,,
27190512801,ZPPSP NILAJGAON TANDA,CLU3600525,PAITHAN,,16,1,14,10,4,0,0.4,28.57,0.0,14,0,0,0,,,,
27190515201,ZPPSP PACHALGAON,CLU3600523,PAITHAN,,16,1,36,19,17,0,0.89,47.22,0.0,36,0,0,0,,,,
27190514801,ZPPSP PACHOD BK CPS,CLU3600527,PAITHAN,,16,1,162,81,81,0,1.0,50.0,0.0,162,0,0,0,,,,
27190514206,ZPPSP PADALI TANDA NO.2,CLU3600525,PAITHAN,,16,1,10,5,5,0,1.0,50.0,0.0,10,0,0,0,,,,
27190514203,ZPPSP PADALI TANDA NO.3,CLU3600525,PAITHAN,,16,1,19,11,8,0,0.73,42.11,0.0,19,0,0,0,,,,
27190515305,ZPPSP PAITHAN CPS NO.2,CLU3600530,PAITHAN,,16,1,20,10,10,0,1.0,50.0,0.0,20,0,0,0,,,,
27190515306,ZPPSP PAITHAN GIRLS,CLU3600530,PAITHAN,,16,1,30,20,10,0,0.5,33.33,0.0,30,0,0,0,,,,
27190515304,ZPPSP PAITHAN NO 1,CLU3600530,PAITHAN,,16,1,33,21,12,0,0.57,36.36,0.0,33,0,0,0,,,,
27190515301,ZPPSP PARDESHIPURA,CLU3600530,PAITHAN,,16,1,28,10,18,0,1.8,64.29,0.0,28,0,0,0,,,,
27190514601,ZPPSP PARUNDI TANDA,CLU3600532,PAITHAN,,16,1,56,29,27,0,0.93,48.21,0.0,56,0,0,0,,,,
27190513801,ZPPSP PATODE WADGAON,CLU3600521,PAITHAN,,16,1,10,2,8,0,4.0,80.0,0.0,10,0,0,0,,,,
27190515001,ZPPSP PORGAON TANDA,CLU3600526,PAITHAN,,16,1,16,12,4,0,0.33,25.0,0.0,16,0,0,0,,,,
27190514401,ZPPSP PUSEGAON,CLU3600537,PAITHAN,,16,1,12,6,6,0,1.0,50.0,0.0,12,0,0,0,,,,
27190502606,ZPPSP RAGHUNATH NAGAR,CLU3600526,PAITHAN,,16,1,152,89,63,0,0.71,41.45,0.0,152,0,0,0,,,,
27190510402,ZPPSP RAHUL NAGAR,CLU3600523,PAITHAN,,16,2,27,14,13,0,0.93,48.15,0.0,26,1,0,0,,,,
27190518703,ZPPSP RAM NAGAR,CLU3600525,PAITHAN,,16,1,15,11,4,0,0.36,26.67,0.0,15,0,0,0,,,,
27190515104,ZPPSP RAMESHWAR NAGAR,CLU3600523,PAITHAN,,16,1,24,11,13,0,1.18,54.17,0.0,24,0,0,0,,,,
27190512905,ZPPSP RAMGADH TANDA,CLU3600525,PAITHAN,,16,1,18,8,10,0,1.25,55.56,0.0,18,0,0,0,,,,
27190515701,ZPPSP RANJANGAON DANDGA,CLU3600532,PAITHAN,,16,2,327,154,173,0,1.12,52.91,0.0,222,105,0,0,,,,
27190504603,ZPPSP REKHA NAIK TANDA,CLU3600519,PAITHAN,,16,1,20,8,12,0,1.5,60.0,0.0,20,0,0,0,,,,
27190502007,ZPPSP SADAT NAGAR VASTI,CLU3600531,PAITHAN,,16,1,47,25,22,0,0.88,46.81,0.0,47,0,0,0,,,,
27190517201,ZPPSP SAIGAON,CLU3600533,PAITHAN,,16,1,20,12,8,0,0.67,40.0,0.0,20,0,0,0,,,,
27190510204,ZPPSP SAKRUNAIK TANDA,CLU3600532,PAITHAN,,16,1,16,9,7,0,0.78,43.75,0.0,16,0,0,0,,,,
27190516701,ZPPSP SALWADGAON,CLU3600536,PAITHAN,,16,1,26,9,17,0,1.89,65.38,0.0,26,0,0,0,,,,
27190516601,ZPPSP SANAPWADI,CLU3600536,PAITHAN,,16,1,21,8,13,0,1.62,61.9,0.0,21,0,0,0,,,,
27190516401,ZPPSP SHAHAPUR MANEGAON,CLU3600528,PAITHAN,,16,1,19,10,9,0,0.9,47.37,0.0,19,0,0,0,,,,
27190518604,ZPPSP SHIVAJI NAGAR,CLU3600536,PAITHAN,,16,1,19,10,9,0,0.9,47.37,0.0,19,0,0,0,,,,
27190516501,ZPPSP SHIVGAD TANDA,CLU3600534,PAITHAN,,16,1,18,8,10,0,1.25,55.56,0.0,18,0,0,0,,,,
27190516201,ZPPSP SHIVNI,CLU3600531,PAITHAN,,16,2,105,45,60,0,1.33,57.14,0.0,76,29,0,0,,,,
27190517001,ZPPSP SHRUNGARWADI,CLU3600524,PAITHAN,,16,1,33,15,18,0,1.2,54.55,0.0,33,0,0,0,,,,
27190516301,ZPPSP SONWADI BK,CLU3600537,PAITHAN,,16,1,74,34,40,0,1.18,54.05,0.0,74,0,0,0,,,,
27190516801,ZPPSP SULTANPUR,CLU3600532,PAITHAN,,16,1,39,19,20,0,1.05,51.28,0.0,39,0,0,0,,,,
27190516901,ZPPSP SUNDARWADI,CLU3600532,PAITHAN,,16,1,21,9,12,0,1.33,57.14,0.0,21,0,0,0,,,,
27190517601,ZPPSP TAHERPUR,CLU3600531,PAITHAN,,16,1,17,10,7,0,0.7,41.18,0.0,17,0,0,0,,,,
27190518401,ZPPSP TANDA BK,CLU3600526,PAITHAN,,16,1,77,43,34,0,0.79,44.16,0.0,77,0,0,0,,,,
27190518201,ZPPSP TANDULWADI,CLU3600530,PAITHAN,,16,2,83,44,39,0,0.89,46.99,0.0,83,0,0,0,,,,
27190517401,ZPPSP TARUPIMPALGAON,CLU3600522,PAITHAN,,16,2,176,94,82,0,0.87,46.59,0.0,95,81,0,0,,,,
27190518101,ZPPSP TELWADI,CLU3600533,PAITHAN,,16,1,71,31,40,0,1.29,56.34,0.0,71,0,0,0,,,,
27190519901,ZPPSP THAPTI TANDA,CLU3600519,PAITHAN,,16,1,26,17,9,0,0.53,34.62,0.0,26,0,0,0,,,,
27190504502,ZPPSP TULSHE VASTI,CLU3600526,PAITHAN,,16,1,11,4,7,0,1.75,63.64,0.0,11,0,0,0,,,,
27190517801,ZPPSP TUPEWADI,CLU3600532,PAITHAN,,16,1,40,21,19,0,0.9,47.5,0.0,40,0,0,0,,,,
27190517901,ZPPSP TUPEWADI TANDA,CLU3600532,PAITHAN,,16,1,28,16,12,0,0.75,42.86,0.0,28,0,0,0,,,,
27190518901,ZPPSP VADGAVAN_,CLU3600525,PAITHAN,,16,1,26,12,14,0,1.17,53.85,0.0,26,0,0,0,,,,
27190512902,ZPPSP VARVANDI KH,CLU3600525,PAITHAN,,16,1,22,12,10,0,0.83,45.45,0.0,22,0,0,0,,,,
27190515317,ZPPSP VEER VASTI,CLU3600530,PAITHAN,,16,1,33,15,18,0,1.2,54.55,0.0,33,0,0,0,,,,
27190518601,ZPPSP VIHAMANDWA,CLU3600536,PAITHAN,,16,1,283,123,160,0,1.3,56.54,0.0,283,0,0,0,,,,
27190519101,ZPPSP WADACHA TANDA,CLU3600519,PAITHAN,,16,1,25,15,10,0,0.67,40.0,0.0,25,0,0,0,,,,
27190519501,ZPPSP WADALA,CLU3600526,PAITHAN,,16,2,48,19,29,0,1.53,60.42,0.0,31,17,0,0,,,,
27190519301,ZPPSP WAGHADI,CLU3600524,PAITHAN,,16,1,63,37,26,0,0.7,41.27,0.0,63,0,0,0,,,,
27190519401,ZPPSP WAWA,CLU3600526,PAITHAN,,16,1,27,12,15,0,1.25,55.56,0.0,27,0,0,0,,,,
27190511202,ZPPSP ZOPADPATTI,CLU3600525,PAITHAN,,16,1,38,17,21,0,1.24,55.26,0.0,38,0,0,0,,,,
27190508501,ZPPUPSP 74 JALGAON,CLU3600528,PAITHAN,,16,2,120,54,66,0,1.22,55.0,0.0,63,57,0,0,,,,
27190500701,ZPPUPSP ADGAON,CLU3600527,PAITHAN,,16,2,135,73,62,0,0.85,45.93,0.0,92,43,0,0,,,,
27190500601,ZPPUPSP ADUL BK,CLU3600534,PAITHAN,,16,2,157,89,68,0,0.76,43.31,0.0,157,0,0,0,,,,
27190500401,ZPPUPSP AKHATWADA,CLU3600530,PAITHAN,,16,2,153,77,76,0,0.99,49.67,0.0,101,52,0,0,,,,
27190501201,ZPPUPSP ALIYABAD,CLU3600520,PAITHAN,,16,1,93,54,39,0,0.72,41.94,0.0,93,0,0,0,,,,
27190500201,ZPPUPSP ANANDPUR,CLU3600524,PAITHAN,,16,2,138,64,74,0,1.16,53.62,0.0,75,63,0,0,,,,
27190500801,ZPPUPSP ANTARWALI KHANDI,CLU3600527,PAITHAN,,16,2,148,80,68,0,0.85,45.95,0.0,94,54,0,0,,,,
27190500101,ZPPUPSP APEGAON CPS,CLU3600524,PAITHAN,,16,2,186,84,102,0,1.21,54.84,0.0,116,70,0,0,,,,
27190501301,ZPPUPSP AURANGPUR,CLU3600520,PAITHAN,,16,2,122,69,53,0,0.77,43.44,0.0,78,44,0,0,,,,
27190500301,ZPPUPSP AWADE UNCHEGAON,CLU3600535,PAITHAN,,16,2,132,65,67,0,1.03,50.76,0.0,67,65,0,0,,,,
27190502602,ZPPUPSP BALANAGAR CPS,CLU3600526,PAITHAN,,16,2,278,158,120,0,0.76,43.17,0.0,222,56,0,0,,,,
27190502001,ZPPUPSP BIDKEEN CPS,CLU3600531,PAITHAN,,16,2,504,289,215,0,0.74,42.66,0.0,413,91,0,0,,,,
27190501501,ZPPUPSP BOKUDJALGAON,CLU3600521,PAITHAN,,16,2,114,72,42,0,0.58,36.84,0.0,58,56,0,0,,,,
27190502201,ZPPUPSP BORGAON,CLU3600528,PAITHAN,,16,2,114,55,59,0,1.07,51.75,0.0,77,37,0,0,,,,
27190502401,ZPPUPSP BRAHMANGAON,CLU3600519,PAITHAN,,16,2,206,108,98,0,0.91,47.57,0.0,154,52,0,0,,,,
27190503102,ZPPUPSP CHANGATPURI,CLU3600533,PAITHAN,,16,2,166,76,90,0,1.18,54.22,0.0,125,41,0,0,,,,
27190502901,ZPPUPSP CHINCHALA,CLU3600536,PAITHAN,,16,2,93,53,40,0,0.75,43.01,0.0,50,43,0,0,,,,
27190502702,ZPPUPSP CHITTEGAON CPS,CLU3600521,PAITHAN,,16,2,306,147,159,0,1.08,51.96,0.0,204,102,0,0,,,,
27190504601,ZPPUPSP DABHROOL,CLU3600519,PAITHAN,,16,2,124,61,63,0,1.03,50.81,0.0,70,54,0,0,,,,
27190505001,ZPPUPSP DADEGAON NEW,CLU3600533,PAITHAN,,16,2,130,62,68,0,1.1,52.31,0.0,60,70,0,0,,,,
27190504801,ZPPUPSP DADEGAONN BK,CLU3600527,PAITHAN,,16,2,94,51,43,0,0.84,45.74,0.0,67,27,0,0,,,,
27190505401,ZPPUPSP DAREGAON,CLU3600526,PAITHAN,,16,2,92,33,59,0,1.79,64.13,0.0,61,31,0,0,,,,
27190504501,ZPPUPSP DEOGAON,CLU3600519,PAITHAN,,16,2,81,34,47,0,1.38,58.02,0.0,51,30,0,0,,,,
27190504101,ZPPUPSP DHANGAON,CLU3600528,PAITHAN,,16,2,189,82,107,0,1.3,56.61,0.0,128,61,0,0,,,,
27190503901,ZPPUPSP DHOOPKHEDA,CLU3600522,PAITHAN,,16,2,114,54,60,0,1.11,52.63,0.0,75,39,0,0,,,,
27190504201,ZPPUPSP DHORKEEN CPS,CLU3600528,PAITHAN,,16,1,107,56,51,0,0.91,47.66,0.0,107,0,0,0,,,,
27190503301,ZPPUPSP DINNAPUR,CLU3600522,PAITHAN,,16,2,97,47,50,0,1.06,51.55,0.0,57,40,0,0,,,,
27190504901,ZPPUPSP DNYANESHWARWADI,CLU3600524,PAITHAN,,16,2,69,37,32,0,0.86,46.38,0.0,39,30,0,0,,,,
27190505501,ZPPUPSP DONGAON,CLU3600526,PAITHAN,,16,6,341,161,180,0,1.12,52.79,0.0,144,111,86,0,,,,
27190505601,ZPPUPSP EKTUNI CPS,CLU3600519,PAITHAN,,16,2,227,114,113,0,0.99,49.78,0.0,145,82,0,0,,,,
27190505901,ZPPUPSP GADEGAON PAITHAN,CLU3600522,PAITHAN,,16,2,81,42,39,0,0.93,48.15,0.0,42,39,0,0,,,,
27190506201,ZPPUPSP GEORAI BASHI,CLU3600528,PAITHAN,,16,2,147,67,80,0,1.19,54.42,0.0,68,79,0,0,,,,
27190506401,ZPPUPSP GEORAI BK,CLU3600534,PAITHAN,,16,2,187,89,98,0,1.1,52.41,0.0,83,104,0,0,,,,
27190506501,ZPPUPSP GHAREGAON,CLU3600519,PAITHAN,,16,2,97,44,53,0,1.2,54.64,0.0,64,33,0,0,,,,
27190506801,ZPPUPSP GHEVARI,CLU3600535,PAITHAN,,16,2,78,35,43,0,1.23,55.13,0.0,59,19,0,0,,,,
27190507101,ZPPUPSP HARSHI BK,CLU3600537,PAITHAN,,16,2,154,75,79,0,1.05,51.3,0.0,87,67,0,0,,,,
27190507501,ZPPUPSP HIRADPURI,CLU3600535,PAITHAN,,16,2,150,70,80,0,1.14,53.33,0.0,100,50,0,0,,,,
27190507701,ZPPUPSP INDEGAON,CLU3600535,PAITHAN,,16,2,109,65,44,0,0.68,40.37,0.0,64,45,0,0,,,,
27190507601,ZPPUPSP ISARWADI,CLU3600523,PAITHAN,,16,2,324,143,181,0,1.27,55.86,0.0,208,116,0,0,,,,
27190508102,ZPPUPSP JAIKWADI (N),CLU3600523,PAITHAN,,16,2,192,110,82,0,0.75,42.71,0.0,147,45,0,0,,,,
27190508701,ZPPUPSP JAIKWADI (S),CLU3600530,PAITHAN,,16,2,36,12,24,0,2.0,66.67,0.0,25,11,0,0,,,,
27190520601,ZPPUPSP JAMBHALI,CLU3600525,PAITHAN,,16,2,158,74,84,0,1.14,53.16,0.0,101,57,0,0,,,,
27190508301,ZPPUPSP JAMBHALIWADI,CLU3600525,PAITHAN,,16,1,21,12,9,0,0.75,42.86,0.0,21,0,0,0,,,,
27190510201,ZPPUPSP KADETHAN BK,CLU3600532,PAITHAN,,16,2,213,104,109,0,1.05,51.17,0.0,133,80,0,0,,,,
27190509501,ZPPUPSP KARKEEN,CLU3600528,PAITHAN,,16,2,115,53,62,0,1.17,53.91,0.0,65,50,0,0,,,,
27190510401,ZPPUPSP KATPUR,CLU3600523,PAITHAN,,16,2,45,21,24,0,1.14,53.33,0.0,34,11,0,0,,,,
27190509801,ZPPUPSP KEKAT JALGAON,CLU3600536,PAITHAN,,16,2,275,154,121,0,0.79,44.0,0.0,174,101,0,0,,,,
27190510901,ZPPUPSP KHADGAON,CLU3600526,PAITHAN,,16,6,346,185,161,0,0.87,46.53,0.0,150,118,78,0,,,,
27190509601,ZPPUPSP KHAMJALGAON,CLU3600528,PAITHAN,,16,1,30,16,14,0,0.88,46.67,0.0,30,0,0,0,,,,
27190502603,ZPPUPSP KHERDA,CLU3600526,PAITHAN,,16,2,161,67,94,0,1.4,58.39,0.0,88,73,0,0,,,,
27190510301,ZPPUPSP KOLI BODKHA,CLU3600527,PAITHAN,,16,2,169,96,73,0,0.76,43.2,0.0,103,66,0,0,,,,
27190509001,ZPPUPSP KRISHNAPUR,CLU3600531,PAITHAN,,16,2,201,90,111,0,1.23,55.22,0.0,152,49,0,0,,,,
27190509301,ZPPUPSP KUTUBKHEDA,CLU3600537,PAITHAN,,16,2,102,44,58,0,1.32,56.86,0.0,66,36,0,0,,,,
27190511201,ZPPUPSP LAKHEGAON,CLU3600525,PAITHAN,,16,2,161,82,79,0,0.96,49.07,0.0,92,69,0,0,,,,
27190511001,ZPPUPSP LAMGAVAN,CLU3600522,PAITHAN,,16,2,74,30,44,0,1.47,59.46,0.0,64,10,0,0,,,,
27190511301,ZPPUPSP LIMBGAON,CLU3600527,PAITHAN,,16,2,147,84,63,0,0.75,42.86,0.0,105,42,0,0,,,,
27190511101,ZPPUPSP LOHGAON CPS,CLU3600522,PAITHAN,,16,2,195,97,98,0,1.01,50.26,0.0,195,0,0,0,,,,
27190512401,ZPPUPSP MAIGAON,CLU3600524,PAITHAN,,16,2,97,62,35,0,0.56,36.08,0.0,69,28,0,0,,,,
27190511701,ZPPUPSP MARHOLA,CLU3600520,PAITHAN,,16,2,178,92,86,0,0.93,48.31,0.0,114,64,0,0,,,,
27190512201,ZPPUPSP MUDHALWADI,CLU3600523,PAITHAN,,16,2,169,80,89,0,1.11,52.66,0.0,99,70,0,0,,,,
27190512301,ZPPUPSP MURMA,CLU3600527,PAITHAN,,16,2,148,72,76,0,1.06,51.35,0.0,104,44,0,0,,,,
27190513201,ZPPUPSP NAIGAON,CLU3600524,PAITHAN,,16,2,114,58,56,0,0.97,49.12,0.0,85,29,0,0,,,,
27190512701,ZPPUPSP NANDALGAON,CLU3600531,PAITHAN,,16,2,109,46,63,0,1.37,57.8,0.0,73,36,0,0,,,,
27190513101,ZPPUPSP NANDER,CLU3600537,PAITHAN,,16,2,278,144,134,0,0.93,48.2,0.0,188,90,0,0,,,,
27190513001,ZPPUPSP NANEGAON,CLU3600537,PAITHAN,,16,2,110,56,54,0,0.96,49.09,0.0,68,42,0,0,,,,
27190513701,ZPPUPSP NARALA,CLU3600530,PAITHAN,,16,2,157,76,81,0,1.07,51.59,0.0,121,36,0,0,,,,
27190513601,ZPPUPSP NARAYANGAON,CLU3600523,PAITHAN,,16,2,129,58,71,0,1.22,55.04,0.0,87,42,0,0,,,,
27190513501,ZPPUPSP NAVGAON,CLU3600535,PAITHAN,,16,2,157,71,86,0,1.21,54.78,0.0,106,51,0,0,,,,
27190512901,ZPPUPSP NILAJGAON CPS,CLU3600525,PAITHAN,,16,2,267,122,145,0,1.19,54.31,0.0,157,110,0,0,,,,
27190514701,ZPPUPSP PACHOD KH,CLU3600527,PAITHAN,,16,1,65,29,36,0,1.24,55.38,0.0,65,0,0,0,,,,
27190514201,ZPPUPSP PADLI,CLU3600525,PAITHAN,,16,2,34,15,19,0,1.27,55.88,0.0,24,10,0,0,,,,
27190513901,ZPPUPSP PAITHAN KHEDA,CLU3600521,PAITHAN,,16,2,104,45,59,0,1.31,56.73,0.0,59,45,0,0,,,,
27190514001,ZPPUPSP PANGRA,CLU3600521,PAITHAN,,16,2,160,75,85,0,1.13,53.12,0.0,110,50,0,0,,,,
27190514101,ZPPUPSP PANRANJANGAON CPS,CLU3600520,PAITHAN,,16,2,250,98,152,0,1.55,60.8,0.0,177,73,0,0,,,,
27190514501,ZPPUPSP PARUNDI,CLU3600532,PAITHAN,,16,2,105,53,52,0,0.98,49.52,0.0,74,31,0,0,,,,
27190514901,ZPPUPSP PATEGAON CPS,CLU3600533,PAITHAN,,16,2,194,95,99,0,1.04,51.03,0.0,138,56,0,0,,,,
27190505701,ZPPUPSP PHAROLA,CLU3600531,PAITHAN,,16,2,341,173,168,0,0.97,49.27,0.0,240,101,0,0,,,,
27190515102,ZPPUPSP PIMPALWADI MARATHI CPS,CLU3600523,PAITHAN,,16,2,198,126,72,0,0.57,36.36,0.0,136,62,0,0,,,,
27190514301,ZPPUPSP PORGAON,CLU3600528,PAITHAN,,16,2,122,66,56,0,0.85,45.9,0.0,77,45,0,0,,,,
27190515801,ZPPUPSP RAHATGAON,CLU3600530,PAITHAN,,16,6,290,151,139,0,0.92,47.93,0.0,143,147,0,0,,,,
27190515601,ZPPUPSP RAJAPUR,CLU3600519,PAITHAN,,16,2,119,52,67,0,1.29,56.3,0.0,75,44,0,0,,,,
27190515501,ZPPUPSP RAMNAGAR,CLU3600536,PAITHAN,,16,2,50,24,26,0,1.08,52.0,0.0,24,26,0,0,,,,
27190520401,ZPPUPSP SAKHAR KARKHANA,CLU3600523,PAITHAN,,16,2,103,44,59,0,1.34,57.28,0.0,69,34,0,0,,,,
27190516101,ZPPUPSP SHEKTA,CLU3600520,PAITHAN,,16,2,317,172,145,0,0.84,45.74,0.0,173,144,0,0,,,,
27190515901,ZPPUPSP SHEWTA,CLU3600522,PAITHAN,,16,2,104,49,55,0,1.12,52.88,0.0,68,36,0,0,,,,
27190513103,ZPPUPSP SHIVAJI NAGAR,CLU3600537,PAITHAN,,16,1,73,40,33,0,0.82,45.21,0.0,73,0,0,0,,,,
27190517101,ZPPUPSP SOLNAPUR,CLU3600524,PAITHAN,,16,2,176,88,88,0,1.0,50.0,0.0,115,61,0,0,,,,
27190516001,ZPPUPSP SOMPURI,CLU3600531,PAITHAN,,16,2,129,73,56,0,0.77,43.41,0.0,110,19,0,0,,,,
27190517701,ZPPUPSP TAKLI PAITHAN,CLU3600528,PAITHAN,,16,2,102,48,54,0,1.12,52.94,0.0,76,26,0,0,,,,
27190518501,ZPPUPSP TALKLI AMBAD,CLU3600535,PAITHAN,,16,2,129,58,71,0,1.22,55.04,0.0,89,40,0,0,,,,
27190518001,ZPPUPSP THERGAON,CLU3600527,PAITHAN,,16,2,274,143,131,0,0.92,47.81,0.0,175,99,0,0,,,,
27190517501,ZPPUPSP TONDOLI,CLU3600522,PAITHAN,,16,2,168,81,87,0,1.07,51.79,0.0,129,39,0,0,,,,
27190518301,ZPPUPSP TULJAPUR,CLU3600535,PAITHAN,,16,2,157,81,76,0,0.94,48.41,0.0,109,48,0,0,,,,
27190518701,ZPPUPSP VARVANDI TANDA NO.2,CLU3600525,PAITHAN,,16,6,379,194,185,0,0.95,48.81,0.0,143,173,63,0,,,,
27190519001,ZPPUPSP WADJI,CLU3600536,PAITHAN,,16,2,134,67,67,0,1.0,50.0,0.0,81,53,0,0,,,,
27190519201,ZPPUPSP WADWALI,CLU3600524,PAITHAN,,16,2,219,117,102,0,0.87,46.58,0.0,141,78,0,0,,,,
27190519701,ZPPUPSP WAHEGAON,CLU3600523,PAITHAN,,16,2,321,147,174,0,1.18,54.21,0.0,241,80,0,0,,,,
27190519601,ZPPUPSP WARUDI,CLU3600523,PAITHAN,,16,2,235,104,131,0,1.26,55.74,0.0,138,97,0,0,,,,
27190504202,ZPPtoSP DHORKEEN,CLU3600528,PAITHAN,,16,6,506,259,247,0,0.95,48.81,0.0,57,234,215,0,,,,
27190524901,ZPUPSP KURAN PIMPRI,CLU3600524,PAITHAN,,16,2,105,49,56,0,1.14,53.33,0.0,72,33,0,0,,,,
27190500604,ZPUPtoHSP ADUL BK,CLU3600534,PAITHAN,,16,6,451,423,28,0,0.07,6.21,0.0,38,184,229,0,,,,
27190511102,ZPUPtoHSP LOHGAON,CLU3600522,PAITHAN,,16,6,535,243,292,0,1.2,54.58,0.0,58,232,245,0,,,,
27190515312,ZPUPtoHSP PAITHAN BOYS,CLU3600530,PAITHAN,,16,3,199,198,1,0,0.01,0.5,0.0,26,105,68,0,,,,
27190515309,ZPUPtoHSP PAITHAN GIRLS,CLU3600530,PAITHAN,,16,3,436,0,436,0,436.0,100.0,0.0,16,143,225,52,,,,
27190518602,ZPUPtoHSP VIHAMANDWA,CLU3600536,PAITHAN,,16,6,552,227,325,0,1.43,58.88,0.0,87,267,198,0,,,,
27190900310,ADARSH PRATHMIK MADHYAMIK & U .MADHYAMIK  VIDYALAYA PIMPALGAON WALAN,CLU3600541,PHULAMBRI,,27,3,99,42,57,0,1.36,57.58,0.0,2,4,3,90,,,,
27190900162,ADARSH PRIMARY SCHOOL MATEWADI PHATA,CLU3600541,PHULAMBRI,,53,2,174,90,84,0,0.93,48.28,0.0,112,62,0,0,,,,
27190909305,ANAND ENGLISH PS TAKLI KOLTE,CLU3600544,PHULAMBRI,,27,2,9,5,4,0,0.8,44.44,0.0,9,0,0,0,,,,
27190909301,BABASAHEB BHAU AKAT ARTS COM SCI JR COLLEGE,CLU3600544,PHULAMBRI,,54,11,531,341,190,0,0.56,35.78,0.0,0,0,0,531,,,,
27190900113,BHARATMATA PRATHMIK VIDYALAYA PHULAMBRI,CLU3600539,PHULAMBRI,,19,1,3,1,2,0,2.0,66.67,0.0,3,0,0,0,,,,
27190900135,BHARATMATA VIDYALAYA FULAMBRI,CLU3600539,PHULAMBRI,,4,6,114,59,55,0,0.93,48.25,0.0,3,52,59,0,,,,
27190900602,BHARATRATNA RAJIV GANDHI JR COLLAGE BILDHA,CLU3600539,PHULAMBRI,,53,11,131,90,41,0,0.46,31.3,0.0,0,0,0,131,,,,
27190901208,DHYEYPRAPTEE  JUNIOR COLLEGE WANEGAON,CLU3600541,PHULAMBRI,,27,11,210,131,79,0,0.6,37.62,0.0,0,0,0,210,,,,
27190901207,DHYEYPRAPTEE PRIMARY ENGLISH SCHOOL WANEGAON,CLU3600541,PHULAMBRI,,27,2,133,66,67,0,1.02,50.38,0.0,71,43,0,0,,,,
27190900704,DNYANESHWARI GURUKUL MANDIR AND JR COLLEGE GANORI,CLU3600539,PHULAMBRI,,27,3,101,54,47,0,0.87,46.53,0.0,32,2,1,66,,,,
27190907530,DNYANSUDHA PRATHMIK VIDYALAY BABRA,CLU3600540,PHULAMBRI,,4,2,162,80,82,0,1.02,50.62,0.0,130,32,0,0,,,,
27190900158,Dr. M.A.AZIZ JR. COLLAGE PHULAMBRI,CLU3600539,PHULAMBRI,,53,11,191,111,80,0,0.72,41.88,0.0,0,0,0,191,,,,
27190900105,FAKIR MO KHAN URDU PRI SCHOOL,CLU3600539,PHULAMBRI,,4,2,225,63,162,0,2.57,72.0,0.0,158,67,0,0,,,,
27190900155,FAKIR MOHAMMAD HS PHULAMBRI,CLU3600539,PHULAMBRI,,55,5,160,54,106,0,1.96,66.25,0.0,0,35,72,53,,,,
27190900171,GEETA GURUKUL VIDYA MANDIR PHULAMBRI,CLU3600539,PHULAMBRI,,27,3,260,163,97,0,0.6,37.31,0.0,106,90,64,0,,,,
27190906704,GIRIGAN ENGLISH SCHOOL PIRBAWADA,CLU3600544,PHULAMBRI,,27,3,62,42,20,0,0.48,32.26,0.0,46,2,0,6,,,,
27190900106,GIRIJAMATA  PRATHMIK VIDYALAYA,CLU3600539,PHULAMBRI,,4,2,137,67,70,0,1.04,51.09,0.0,72,65,0,0,,,,
27190900136,GIRIJAMATA MADHYAMIK VIDYALAYA,CLU3600539,PHULAMBRI,,55,7,101,59,42,0,0.71,41.58,0.0,0,35,66,0,,,,
27190901602,GIRIJAMATA VIDYALAYA,CLU3600541,PHULAMBRI,,4,7,94,45,49,0,1.09,52.13,0.0,0,20,74,0,,,,
27190907838,GLOBAL PUBLIC SCHOOL WADOD BAZAR,CLU3600544,PHULAMBRI,,27,2,3,2,1,0,0.5,33.33,0.0,3,0,0,0,,,,
27190904604,GORAKSHA ENGLISH SCHOOL,CLU3600542,PHULAMBRI,,27,2,17,11,6,0,0.55,35.29,0.0,15,2,0,0,,,,
27190900309,GRAMGEETA SECONDARY SCHOOL PIMPALGAON MATEWADI PHATA,CLU3600541,PHULAMBRI,,53,7,114,48,66,0,1.38,57.89,0.0,0,32,82,0,,,,
27190907841,GURUKUL VIDHYA MANDIR  V KANISHTHA MAHAVIDHYALAYA WADODBAZAR,CLU3600544,PHULAMBRI,,27,3,22,17,5,0,0.29,22.73,0.0,0,0,0,22,,,,
27190900167,Genius English School,CLU3600539,PHULAMBRI,,27,3,165,99,66,0,0.67,40.0,0.0,40,28,0,97,,,,
27190907707,HANUMANWADI VASTI,CLU3600545,PHULAMBRI,,16,1,14,6,8,0,1.33,57.14,0.0,14,0,0,0,,,,
27190900163,INDRAYANI ARTS & SCIENCE HIGHER SECONDARY SCHOOL PHULABMRI,CLU3600539,PHULAMBRI,,19,11,60,41,19,0,0.46,31.67,0.0,0,0,0,60,,,,
27190901902,JAI BHAVANI VIDYA MANDIR,CLU3600544,PHULAMBRI,,4,3,326,200,126,0,0.63,38.65,0.0,22,108,96,100,,,,
27190907835,KALAWATI CHAVAN PS WADODBAZAR,CLU3600544,PHULAMBRI,,42,2,84,64,20,0,0.31,23.81,0.0,32,52,0,0,,,,
27190909303,LAL BAHADUR SHASHTRI HIGH SHCOOL,CLU3600544,PHULAMBRI,,4,6,287,146,141,0,0.97,49.13,0.0,21,97,169,0,,,,
27190907006,LATE RAMRAO PATIL HIGH SCHOOL,CLU3600544,PHULAMBRI,,55,7,85,38,47,0,1.24,55.29,0.0,0,22,63,0,,,,
27190907008,Late Ramrao patil ucch Madhyamic vidhyalaya,CLU3600544,PHULAMBRI,,27,11,92,60,32,0,0.53,34.78,0.0,0,0,0,92,,,,
27190903002,Late Shrikantji Thakare  Niwasi Apang Vidhyalay Girsawali,CLU3600538,PHULAMBRI,,12,2,21,12,9,0,0.75,42.86,0.0,10,11,0,0,,,,
27190903404,MADHYAMIK VIDYALAYA WAHEGAON,CLU3600545,PHULAMBRI,,27,7,3,1,2,0,2.0,66.67,0.0,0,3,0,0,,,,
27190908406,MANYAWAR KANSHIRAMJI SEC & HIGH. SEC SCHOOL ADGAON BK,CLU3600545,PHULAMBRI,,27,10,90,57,33,0,0.58,36.67,0.0,0,0,9,81,,,,
27190909306,MATOSHRI VENUBAI DADA PATIL KOLTE VIDYALAY  TAKALI KOLTE,CLU3600544,PHULAMBRI,,27,3,67,38,29,0,0.76,43.28,0.0,1,4,4,58,,,,
27190902006,MODERN NEW P S,CLU3600543,PHULAMBRI,,4,2,136,96,40,0,0.42,29.41,0.0,53,83,0,0,,,,
27190902007,NEW DNYANSAGAR VIDYA MANDIR ENGLISH SCHOOL,CLU3600543,PHULAMBRI,,27,6,4,4,0,0,0.0,0.0,0.0,2,2,0,0,,,,
27190907902,NEW HIGH SCHOOL ALAND,CLU3600542,PHULAMBRI,,4,3,672,327,345,0,1.06,51.34,0.0,34,217,335,86,,,,
27190901302,NEW HIGH SCHOOL KINGAON,CLU3600541,PHULAMBRI,,4,3,745,422,323,0,0.77,43.36,0.0,36,185,255,269,,,,
27190906702,NEW HIGH SCHOOL PIRBAWADA,CLU3600544,PHULAMBRI,,4,5,366,186,180,0,0.97,49.18,0.0,0,69,217,80,,,,
27190901203,NEW HIGHSCHOOL WANEGAON,CLU3600541,PHULAMBRI,,4,7,106,46,60,0,1.3,56.6,0.0,0,27,79,0,,,,
27190909108,NEW HS PAL,CLU3600543,PHULAMBRI,,4,3,666,351,315,0,0.9,47.3,0.0,61,226,274,105,,,,
27190900169,NEW OASIS ENGLISH SCHOOL,CLU3600539,PHULAMBRI,,27,3,546,352,194,0,0.55,35.53,0.0,291,182,73,0,,,,
27190907931,NEW VISION ENGLISH PRIMARY UPPERPROMARY & SEC  SCHOOL ALAND,CLU3600542,PHULAMBRI,,27,3,72,39,33,0,0.85,45.83,0.0,44,14,2,0,,,,
27190900168,NIWASI APANG VIDYALAY PHULAMBRI,CLU3600539,PHULAMBRI,,12,2,10,7,3,0,0.43,30.0,0.0,1,9,0,0,,,,
27190903503,NUTAN SEC&HSC VIDYALAYA VAVNA,CLU3600545,PHULAMBRI,,4,3,415,228,187,0,0.82,45.06,0.0,10,106,108,191,,,,
27190909104,OASIS ENG SCH PHULAMBRI,CLU3600539,PHULAMBRI,,27,6,88,58,30,0,0.52,34.09,0.0,49,31,8,0,,,,
27190901903,PADMAWATI JR COLLEGE SHELGAON,CLU3600541,PHULAMBRI,,27,11,130,72,58,0,0.81,44.62,0.0,0,0,0,130,,,,
27190901904,PADMAWATI MAD VID SHELGAON,CLU3600541,PHULAMBRI,,27,8,3,2,1,0,0.5,33.33,0.0,0,0,3,0,,,,
27190906601,PM SHRI ZPPSPH SHELGOAN KHURD,CLU3600544,PHULAMBRI,,16,1,32,20,12,0,0.6,37.5,0.0,32,0,0,0,,,,
27190907702,PRABHAT HIGHSCHOOL,CLU3600545,PHULAMBRI,,4,3,1146,635,511,0,0.8,44.59,0.0,46,300,353,447,,,,
27190900112,RACEME ENGLISH P S,CLU3600539,PHULAMBRI,,27,2,12,8,4,0,0.5,33.33,0.0,12,0,0,0,,,,
27190900114,RADHABAI WANKHEDE HIGHSCHOOL,CLU3600539,PHULAMBRI,,4,3,407,254,153,0,0.6,37.59,0.0,31,119,103,154,,,,
27190900110,RADHABAI WANKHEDE P S,CLU3600539,PHULAMBRI,,4,1,105,67,38,0,0.57,36.19,0.0,105,0,0,0,,,,
27190902005,RAJE CHATRAPATI MS DONGARGAON,CLU3600543,PHULAMBRI,,4,6,56,42,14,0,0.33,25.0,0.0,0,1,55,0,,,,
27190908602,RAJIV GANDHI HIGH SCHOOL WAREG,CLU3600541,PHULAMBRI,,4,6,146,74,72,0,0.97,49.32,0.0,19,70,57,0,,,,
27190909302,RAJURESHWAR APANG NIWASI VIDYALAYA,CLU3600544,PHULAMBRI,,11,2,25,18,7,0,0.39,28.0,0.0,18,7,0,0,,,,
27190908901,RAJYASHRI SAHU VIDYLAYA PATHRI,CLU3600543,PHULAMBRI,,4,3,787,478,309,0,0.65,39.26,0.0,31,177,305,274,,,,
27190902602,RAMESHWAR VIDYALAYA WAGHOLA,CLU3600538,PHULAMBRI,,4,7,143,74,69,0,0.93,48.25,0.0,0,26,117,0,,,,
27190907805,S B SEC & HIGH SEC VIDYLAYA WD,CLU3600544,PHULAMBRI,,4,3,650,310,340,0,1.1,52.31,0.0,45,183,217,205,,,,
27190900109,SAMATA VIDYAMANDIR PRIMARY SCHOOL,CLU3600539,PHULAMBRI,,54,2,270,146,124,0,0.85,45.93,0.0,129,141,0,0,,,,
27190900160,SAMTA VIDYA MANDIR HIGHER SECONDARY SCHOOL PHULAMBRI,CLU3600539,PHULAMBRI,,27,10,94,46,48,0,1.04,51.06,0.0,0,0,77,17,,,,
27190902103,SAMYAK PUBLIC SCHOOL  DAREGAON DARI,CLU3600543,PHULAMBRI,,27,11,80,52,28,0,0.54,35.0,0.0,0,0,0,80,,,,
27190903602,SANT SHRI PURNAGIRI VIDYALAYA PADLI,CLU3600544,PHULAMBRI,,55,7,76,33,43,0,1.3,56.58,0.0,0,22,54,0,,,,
27190907928,SARASWATI PRATHAMIK VIDYALAYA ALAND,CLU3600542,PHULAMBRI,,27,1,46,25,21,0,0.84,45.65,0.0,46,0,0,0,,,,
27190907930,SARASWATI U PRATHAMIK MADHAYMIK U-MADHYMIK  ARTS SCIIENCE & COMMERCE VIDHYLAY ALAND,CLU3600542,PHULAMBRI,,27,5,157,103,54,0,0.52,34.39,0.0,0,16,4,137,,,,
27190907927,SHANTINIKETAN PUBLIC SCHOOL ALAND,CLU3600542,PHULAMBRI,,27,2,101,76,25,0,0.33,24.75,0.0,77,24,0,0,,,,
27190900164,SHANTINIKETAN VIDYALAY KHULTABAD ROAD GAT NO 613 PHULAMBRI,CLU3600539,PHULAMBRI,,27,3,981,583,398,0,0.68,40.57,0.0,479,334,135,33,,,,
27190902102,SHIVAJI PUBLIC SCHOOL DAREGAON,CLU3600543,PHULAMBRI,,27,8,13,8,5,0,0.62,38.46,0.0,0,0,13,0,,,,
27190900165,SHREE SANT SAWATA GURUKUL HIGHER SECONDARY SCHOOL,CLU3600539,PHULAMBRI,,27,11,77,21,56,0,2.67,72.73,0.0,0,0,0,77,,,,
27190907529,SHRI BALAJI KANISHTA VIDYALAYA,CLU3600540,PHULAMBRI,,54,11,345,178,167,0,0.94,48.41,0.0,0,0,0,345,,,,
27190904609,SHRI GORAKSHA SECONDARY & HIGER SECONDARY VIDYALAY KHAMGAON,CLU3600542,PHULAMBRI,,4,3,1578,894,684,0,0.77,43.35,0.0,36,273,423,846,,,,
27190904602,SHRI GORAKSHA VIDYA MANDIR,CLU3600542,PHULAMBRI,,4,2,464,261,203,0,0.78,43.75,0.0,325,139,0,0,,,,
27190900154,SHRI SANT SAWATA GURUKUL HS,CLU3600539,PHULAMBRI,,55,6,595,342,253,0,0.74,42.52,0.0,96,294,205,0,,,,
27190900159,SHRI SANT SAWATA GURUKUL PRIMARY,CLU3600539,PHULAMBRI,,55,1,385,223,162,0,0.73,42.08,0.0,312,0,0,0,,,,
27190909114,SWAMI PERMANANDGIRIJI MAHARAJ MADHYAMIK VIDHYALYA,CLU3600543,PHULAMBRI,,54,6,150,107,43,0,0.4,28.67,0.0,0,50,100,0,,,,
27190904009,SWAMI VIVEKANAND  HIGHER SECONDARY SCHOOL BODHEGAON BK,CLU3600540,PHULAMBRI,,27,11,125,66,59,0,0.89,47.2,0.0,0,0,0,125,,,,
27190904302,SWAMI VIVEKANAND MADHYAMIK VIDYALAYA CHINCHOLI (N),CLU3600540,PHULAMBRI,,55,6,292,151,141,0,0.93,48.29,0.0,19,140,133,0,,,,
27190907933,SWAMI VIVEKANAND SCHOOL ALAND,CLU3600542,PHULAMBRI,,27,3,38,18,20,0,1.11,52.63,0.0,38,0,0,0,,,,
27190904002,SWAMI VIVEKANAND VIDYALAYA B.BK,CLU3600540,PHULAMBRI,,4,7,148,58,90,0,1.55,60.81,0.0,0,35,113,0,,,,
27190902104,Samyak public School,,PHULAMBRI,,19,8,14,8,6,0,0.75,42.86,0.0,0,0,14,0,,,,
27190908612,Sterling English School,CLU3600541,PHULAMBRI,,27,3,92,50,42,0,0.84,45.65,0.0,57,24,11,0,,,,
27190908912,VARUN P S PATHRI,CLU3600543,PHULAMBRI,,55,1,86,45,41,0,0.91,47.67,0.0,86,0,0,0,,,,
27190901209,VIDYA SANSKAR GURUKUL PRIMARY SECONDARY AND HIGHER SECONDARY,CLU3600541,PHULAMBRI,,27,3,21,14,7,0,0.5,33.33,0.0,0,1,3,17,,,,
27190901304,VIDYALANKAR JR COLLEGE KINGAON,,PHULAMBRI,,19,11,18,7,11,0,1.57,61.11,0.0,0,0,0,18,,,,
27194100703,"VIJIGEESHA GURUKUL, TALEGAON",CLU3600538,PHULAMBRI,,27,3,48,35,13,0,0.37,27.08,0.0,36,12,0,0,,,,
27190904603,YASHWANMT VIDY ASHRAM S,CLU3600542,PHULAMBRI,,12,7,0,0,0,0,0.0,0.0,0.0,0,0,0,0,,,,
27190909001,YASHWANT VIDYLAYA BORGAON ARJ,CLU3600542,PHULAMBRI,,4,3,882,517,365,0,0.71,41.38,0.0,23,167,278,414,,,,
27190907604,Z P P S  DHAMANGAON URDU,CLU3600538,PHULAMBRI,,16,6,144,53,91,0,1.72,63.19,0.0,83,48,13,0,,,,
27190907932,Z P P S ALAND  URDU,CLU3600542,PHULAMBRI,,16,2,119,43,76,0,1.77,63.87,0.0,79,40,0,0,,,,
27190906705,Z P P S PIRBAWDA URDU,CLU3600544,PHULAMBRI,,16,2,36,10,26,0,2.6,72.22,0.0,22,14,0,0,,,,
27190904906,Z P P S UMRAVATI  URDU,CLU3600542,PHULAMBRI,,16,2,108,34,74,0,2.18,68.52,0.0,81,27,0,0,,,,
27190907843,Z P P S WADOD BAZAR URDU,CLU3600544,PHULAMBRI,,16,2,120,46,74,0,1.61,61.67,0.0,71,49,0,0,,,,
27190900170,Z P U P S PHULAMBRI  URDU,CLU3600539,PHULAMBRI,,16,2,61,21,40,0,1.9,65.57,0.0,14,47,0,0,,,,
27190900115,ZPPSPH  WAGHDARI GANORI,CLU3600539,PHULAMBRI,,16,1,22,11,11,0,1.0,50.0,0.0,22,0,0,0,,,,
27190910001,ZPPSPH AAMNIWASTI DHAMANGAON,CLU3600538,PHULAMBRI,,16,1,22,11,11,0,1.0,50.0,0.0,22,0,0,0,,,,
27190907003,ZPPSPH AHERVADI GEORAIGUNGI,CLU3600544,PHULAMBRI,,16,1,16,9,7,0,0.78,43.75,0.0,16,0,0,0,,,,
27190901206,ZPPSPH AHILYAWASI WANEGAON,CLU3600541,PHULAMBRI,,16,1,15,5,10,0,2.0,66.67,0.0,15,0,0,0,,,,
27190907901,ZPPSPH ALAND CPS,CLU3600542,PHULAMBRI,,16,1,101,50,51,0,1.02,50.5,0.0,101,0,0,0,,,,
27190909401,ZPPSPH BABHULGAON TARTE,CLU3600538,PHULAMBRI,,16,1,18,9,9,0,1.0,50.0,0.0,18,0,0,0,,,,
27190907501,ZPPSPH BABRA CPS,CLU3600540,PHULAMBRI,,16,1,90,38,52,0,1.37,57.78,0.0,90,0,0,0,,,,
27190904003,ZPPSPH BADANAPURWADI,CLU3600540,PHULAMBRI,,16,1,8,4,4,0,1.0,50.0,0.0,8,0,0,0,,,,
27190904008,ZPPSPH BAIRAGI WADI BODHEGAON,CLU3600540,PHULAMBRI,,16,1,14,11,3,0,0.27,21.43,0.0,14,0,0,0,,,,
27190905802,ZPPSPH BANWADI VASTI,CLU3600544,PHULAMBRI,,16,1,20,11,9,0,0.82,45.0,0.0,20,0,0,0,,,,
27190907102,ZPPSPH BHAKARKHANEVASTI GEORAI PAIGA,CLU3600544,PHULAMBRI,,16,1,14,8,6,0,0.75,42.86,0.0,14,0,0,0,,,,
27190906101,ZPPSPH BHALGOAN,CLU3600544,PHULAMBRI,,16,1,31,14,17,0,1.21,54.84,0.0,31,0,0,0,,,,
27190909111,ZPPSPH BHIKANSHA VASTI,CLU3600543,PHULAMBRI,,16,1,15,8,7,0,0.88,46.67,0.0,15,0,0,0,,,,
27190901101,ZPPSPH BHIMWADI,CLU3600539,PHULAMBRI,,16,1,7,3,4,0,1.33,57.14,0.0,7,0,0,0,,,,
27190902403,ZPPSPH BHOIGAON,CLU3600543,PHULAMBRI,,16,1,13,8,5,0,0.62,38.46,0.0,13,0,0,0,,,,
27190900131,ZPPSPH BOLKAR VASTI BILDHA,CLU3600539,PHULAMBRI,,16,1,9,6,3,0,0.5,33.33,0.0,9,0,0,0,,,,
27190900146,ZPPSPH CHOPDE VASTI,CLU3600539,PHULAMBRI,,16,1,28,17,11,0,0.65,39.29,0.0,28,0,0,0,,,,
27190900305,ZPPSPH DABRI VASTI,CLU3600541,PHULAMBRI,,16,1,2,2,0,0,0.0,0.0,0.0,2,0,0,0,,,,
27190910801,ZPPSPH DAGADWADI,CLU3600538,PHULAMBRI,,16,1,32,19,13,0,0.68,40.62,0.0,32,0,0,0,,,,
27190907002,ZPPSPH DAKLEVASTI GEORAIGUNGI,CLU3600544,PHULAMBRI,,16,1,25,15,10,0,0.67,40.0,0.0,25,0,0,0,,,,
27190904303,ZPPSPH DANKE WASTI,CLU3600540,PHULAMBRI,,16,1,7,3,4,0,1.33,57.14,0.0,7,0,0,0,,,,
27190906502,ZPPSPH DATTANAGAR,CLU3600544,PHULAMBRI,,16,1,22,17,5,0,0.29,22.73,0.0,22,0,0,0,,,,
27190907105,ZPPSPH DATTANAGAR GEORAI PAIGA,CLU3600544,PHULAMBRI,,16,1,26,12,14,0,1.17,53.85,0.0,26,0,0,0,,,,
27190905104,ZPPSPH DATTAWADI,CLU3600542,PHULAMBRI,,16,1,8,2,6,0,3.0,75.0,0.0,8,0,0,0,,,,
27190904607,ZPPSPH DATTAWADI KHAMGAON,CLU3600542,PHULAMBRI,,16,1,21,9,12,0,1.33,57.14,0.0,21,0,0,0,,,,
27190905402,ZPPSPH DATTAWASTI NIMKHEDA,CLU3600542,PHULAMBRI,,16,1,7,5,2,0,0.4,28.57,0.0,7,0,0,0,,,,
27190906703,ZPPSPH DAYANANDNAGAR VASTI,CLU3600544,PHULAMBRI,,16,1,33,15,18,0,1.2,54.55,0.0,33,0,0,0,,,,
27190904905,ZPPSPH DEVACHI WADI,CLU3600542,PHULAMBRI,,16,1,22,12,10,0,0.83,45.45,0.0,22,0,0,0,,,,
27190908201,ZPPSPH DEVRE VASTI ALAND,CLU3600542,PHULAMBRI,,16,1,16,10,6,0,0.6,37.5,0.0,16,0,0,0,,,,
27190900123,ZPPSPH DHANGAR VASTI,CLU3600539,PHULAMBRI,,16,1,19,13,6,0,0.46,31.58,0.0,19,0,0,0,,,,
27190910605,ZPPSPH DHANGARWADI,CLU3600538,PHULAMBRI,,16,1,19,8,11,0,1.38,57.89,0.0,19,0,0,0,,,,
27190905503,ZPPSPH DHANSHI WASTI NAIGAON,CLU3600542,PHULAMBRI,,16,1,26,11,15,0,1.36,57.69,0.0,26,0,0,0,,,,
27190903901,ZPPSPH DHANWAT VASTI LEHA,CLU3600540,PHULAMBRI,,16,1,4,1,3,0,3.0,75.0,0.0,4,0,0,0,,,,
27190900117,ZPPSPH DHOKE VASTI,CLU3600539,PHULAMBRI,,16,1,11,6,5,0,0.83,45.45,0.0,11,0,0,0,,,,
27190903601,ZPPSPH EKGHAR PADALI,CLU3600545,PHULAMBRI,,16,1,7,1,6,0,6.0,85.71,0.0,7,0,0,0,,,,
27190905102,ZPPSPH GADEKAR VASTI BORGAON,CLU3600542,PHULAMBRI,,16,1,31,10,21,0,2.1,67.74,0.0,31,0,0,0,,,,
27190909106,ZPPSPH GAIKWAD WASTI,CLU3600543,PHULAMBRI,,16,1,9,4,5,0,1.25,55.56,0.0,9,0,0,0,,,,
27190900134,ZPPSPH GANESHPUR GANORI,CLU3600539,PHULAMBRI,,16,1,28,14,14,0,1.0,50.0,0.0,28,0,0,0,,,,
27190903403,ZPPSPH GANESHWADI,CLU3600545,PHULAMBRI,,16,1,9,2,7,0,3.5,77.78,0.0,9,0,0,0,,,,
27190902202,ZPPSPH GANGABAICHI WADI KANHORI,CLU3600543,PHULAMBRI,,16,1,27,10,17,0,1.7,62.96,0.0,27,0,0,0,,,,
27190900701,ZPPSPH GANORI,CLU3600539,PHULAMBRI,,16,1,133,64,69,0,1.08,51.88,0.0,133,0,0,0,,,,
27190910606,ZPPSPH GARGOTIWADI,CLU3600538,PHULAMBRI,,16,1,22,13,9,0,0.69,40.91,0.0,22,0,0,0,,,,
27190909701,ZPPSPH GAUTAM VASTI LAHANEWADI,CLU3600543,PHULAMBRI,,16,1,10,5,5,0,1.0,50.0,0.0,10,0,0,0,,,,
27190902805,ZPPSPH GAVHALI WASTI,CLU3600538,PHULAMBRI,,16,1,23,13,10,0,0.77,43.48,0.0,23,0,0,0,,,,
27190900130,ZPPSPH GOLAMBA VASTI,CLU3600539,PHULAMBRI,,16,1,21,8,13,0,1.62,61.9,0.0,21,0,0,0,,,,
27190904608,ZPPSPH GORAKSHWADI KHAMGAON,CLU3600542,PHULAMBRI,,16,1,19,10,9,0,0.9,47.37,0.0,19,0,0,0,,,,
27190907714,ZPPSPH GULJAR WASTI VAVNA,CLU3600545,PHULAMBRI,,16,1,29,12,17,0,1.42,58.62,0.0,29,0,0,0,,,,
27190905701,ZPPSPH GUMSATALA,CLU3600542,PHULAMBRI,,16,1,7,4,3,0,0.75,42.86,0.0,7,0,0,0,,,,
27190900120,ZPPSPH GUNJALWADI,CLU3600539,PHULAMBRI,,16,1,14,11,3,0,0.27,21.43,0.0,14,0,0,0,,,,
27190904304,ZPPSPH HANUMAN WADI CHINCHOLI N,CLU3600540,PHULAMBRI,,16,1,13,8,5,0,0.62,38.46,0.0,13,0,0,0,,,,
27190903702,ZPPSPH HANUMANNAGAR VASTI,CLU3600545,PHULAMBRI,,16,1,18,8,10,0,1.25,55.56,0.0,18,0,0,0,,,,
27190906603,ZPPSPH HANUMANNAGARVASTI,CLU3600544,PHULAMBRI,,16,1,33,16,17,0,1.06,51.52,0.0,33,0,0,0,,,,
27190906602,ZPPSPH HANUMANVASTI SHELGAON,CLU3600544,PHULAMBRI,,16,1,21,9,12,0,1.33,57.14,0.0,21,0,0,0,,,,
27190904606,ZPPSPH HANUMANWADI KHAMGAON,CLU3600542,PHULAMBRI,,16,1,28,18,10,0,0.56,35.71,0.0,28,0,0,0,,,,
27190900144,ZPPSPH HAPATVASTI PH,CLU3600539,PHULAMBRI,,16,1,16,7,9,0,1.29,56.25,0.0,16,0,0,0,,,,
27190901703,ZPPSPH HIRAJI VASTI,CLU3600545,PHULAMBRI,,16,1,18,8,10,0,1.25,55.56,0.0,18,0,0,0,,,,
27190909112,ZPPSPH INAM VASTI,CLU3600543,PHULAMBRI,,16,1,22,9,13,0,1.44,59.09,0.0,22,0,0,0,,,,
27190909110,ZPPSPH JADHAV WADI,CLU3600543,PHULAMBRI,,16,1,22,15,7,0,0.47,31.82,0.0,22,0,0,0,,,,
27190904903,ZPPSPH JADHAV WASTI UMRAVATI,CLU3600542,PHULAMBRI,,16,1,11,7,4,0,0.57,36.36,0.0,11,0,0,0,,,,
27190901801,ZPPSPH JANEPHAL KH,CLU3600541,PHULAMBRI,,16,1,26,12,14,0,1.17,53.85,0.0,26,0,0,0,,,,
27190902803,ZPPSPH JATEGAON,CLU3600538,PHULAMBRI,,16,1,94,44,50,0,1.14,53.19,0.0,94,0,0,0,,,,
27190901702,ZPPSPH JONWALWASTI DONGARGAON,CLU3600545,PHULAMBRI,,16,1,18,11,7,0,0.64,38.89,0.0,18,0,0,0,,,,
27190900104,ZPPSPH JUNA SAKHAR KARKHANA,CLU3600539,PHULAMBRI,,16,1,136,63,73,0,1.16,53.68,0.0,136,0,0,0,,,,
27190905103,ZPPSPH KALE VASTI,CLU3600542,PHULAMBRI,,16,1,19,5,14,0,2.8,73.68,0.0,19,0,0,0,,,,
27190907515,ZPPSPH KALE VASTI BABRA,CLU3600540,PHULAMBRI,,16,1,5,3,2,0,0.67,40.0,0.0,5,0,0,0,,,,
27190904401,ZPPSPH KANHEGAON,CLU3600540,PHULAMBRI,,16,1,25,16,9,0,0.56,36.0,0.0,25,0,0,0,,,,
27190904005,ZPPSPH KANHOBA VASTI,CLU3600540,PHULAMBRI,,16,1,27,18,9,0,0.5,33.33,0.0,27,0,0,0,,,,
27190906201,ZPPSPH KAVITKHEDA,CLU3600544,PHULAMBRI,,16,1,23,15,8,0,0.53,34.78,0.0,23,0,0,0,,,,
27190900307,ZPPSPH KEJBHAT WASTI,CLU3600541,PHULAMBRI,,16,1,19,12,7,0,0.58,36.84,0.0,19,0,0,0,,,,
27190900133,ZPPSPH KHANDI VASTI GANORI,CLU3600539,PHULAMBRI,,16,1,36,15,21,0,1.4,58.33,0.0,36,0,0,0,,,,
27190905403,ZPPSPH KHANDOBAVASTI NIMKHEDA,CLU3600542,PHULAMBRI,,16,1,16,9,7,0,0.78,43.75,0.0,16,0,0,0,,,,
27190901301,ZPPSPH KINGAON,CLU3600541,PHULAMBRI,,16,1,104,46,58,0,1.26,55.77,0.0,104,0,0,0,,,,
27190900128,ZPPSPH KUDALE VASTI,CLU3600539,PHULAMBRI,,16,1,24,14,10,0,0.71,41.67,0.0,24,0,0,0,,,,
27190904402,ZPPSPH LALBARDI VASTI,CLU3600540,PHULAMBRI,,16,1,27,14,13,0,0.93,48.15,0.0,27,0,0,0,,,,
27190900122,ZPPSPH LALPATI,CLU3600539,PHULAMBRI,,16,1,18,14,4,0,0.29,22.22,0.0,18,0,0,0,,,,
27190903801,ZPPSPH LALWAN,CLU3600545,PHULAMBRI,,16,1,28,13,15,0,1.15,53.57,0.0,28,0,0,0,,,,
27190907917,ZPPSPH MALVASTI ALAND,CLU3600542,PHULAMBRI,,16,1,22,12,10,0,0.83,45.45,0.0,22,0,0,0,,,,
27190900302,ZPPSPH MATEWADI,CLU3600541,PHULAMBRI,,16,1,21,11,10,0,0.91,47.62,0.0,21,0,0,0,,,,
27190900132,ZPPSPH MATHPATI VASTI BILDHA,CLU3600539,PHULAMBRI,,16,1,4,2,2,0,1.0,50.0,0.0,4,0,0,0,,,,
27190904802,ZPPSPH MAULINAGAR VASTI,CLU3600542,PHULAMBRI,,16,1,21,16,5,0,0.31,23.81,0.0,21,0,0,0,,,,
27190907516,ZPPSPH MEHETRE VASTI BABRA,CLU3600540,PHULAMBRI,,16,1,24,16,8,0,0.5,33.33,0.0,24,0,0,0,,,,
27190909901,ZPPSPH MHASALA,CLU3600539,PHULAMBRI,,16,1,26,19,7,0,0.37,26.92,0.0,26,0,0,0,,,,
27190907703,ZPPSPH MHASOBA WADI VASTI,CLU3600545,PHULAMBRI,,16,1,15,10,5,0,0.5,33.33,0.0,15,0,0,0,,,,
27190910002,ZPPSPH MOHAWADI,CLU3600538,PHULAMBRI,,16,1,21,18,3,0,0.17,14.29,0.0,21,0,0,0,,,,
27190900118,ZPPSPH MUNJAKHORA VASTI,CLU3600539,PHULAMBRI,,16,1,25,12,13,0,1.08,52.0,0.0,25,0,0,0,,,,
27190900145,ZPPSPH NAGRE VASTI,CLU3600539,PHULAMBRI,,16,1,13,7,6,0,0.86,46.15,0.0,13,0,0,0,,,,
27190906402,ZPPSPH NARLAWADI,CLU3600544,PHULAMBRI,,16,1,5,2,3,0,1.5,60.0,0.0,5,0,0,0,,,,
27190907701,ZPPSPH NIDHONA CPS,CLU3600545,PHULAMBRI,,16,1,129,67,62,0,0.93,48.06,0.0,129,0,0,0,,,,
27190907523,ZPPSPH NIMONI VASTI,CLU3600540,PHULAMBRI,,16,1,11,3,8,0,2.67,72.73,0.0,11,0,0,0,,,,
27190910702,ZPPSPH PACHWALAWASTI,CLU3600538,PHULAMBRI,,16,1,23,15,8,0,0.53,34.78,0.0,23,0,0,0,,,,
27190903603,ZPPSPH PADALI,CLU3600542,PHULAMBRI,,16,1,21,7,14,0,2.0,66.67,0.0,21,0,0,0,,,,
27190909109,ZPPSPH PAL CPS,CLU3600543,PHULAMBRI,,16,1,109,59,50,0,0.85,45.87,0.0,109,0,0,0,,,,
27190900501,ZPPSPH PANEWADI,CLU3600539,PHULAMBRI,,16,2,159,79,80,0,1.01,50.31,0.0,101,58,0,0,,,,
27190908911,ZPPSPH PATHRI,CLU3600543,PHULAMBRI,,16,1,56,31,25,0,0.81,44.64,0.0,56,0,0,0,,,,
27190907520,ZPPSPH PATHRI VASTI BABRA,CLU3600540,PHULAMBRI,,16,1,27,16,11,0,0.69,40.74,0.0,27,0,0,0,,,,
27190907521,ZPPSPH PAWAR VASTI BABRA,CLU3600540,PHULAMBRI,,16,1,23,16,7,0,0.44,30.43,0.0,23,0,0,0,,,,
27190905303,ZPPSPH PENDGAON,CLU3600542,PHULAMBRI,,16,1,22,11,11,0,1.0,50.0,0.0,22,0,0,0,,,,
27190910604,ZPPSPH PHALKENAGAR,CLU3600538,PHULAMBRI,,16,1,23,20,3,0,0.15,13.04,0.0,23,0,0,0,,,,
27190910603,ZPPSPH PHALKEWADI,CLU3600538,PHULAMBRI,,16,1,13,8,5,0,0.62,38.46,0.0,13,0,0,0,,,,
27190900102,ZPPSPH PHULAMBRi CPS,CLU3600539,PHULAMBRI,,16,1,76,40,36,0,0.9,47.37,0.0,76,0,0,0,,,,
27190908701,ZPPSPH PIMPALGAON DEO,CLU3600541,PHULAMBRI,,16,1,16,6,10,0,1.67,62.5,0.0,16,0,0,0,,,,
27190900119,ZPPSPH PINJARI VASTI,CLU3600539,PHULAMBRI,,16,1,17,10,7,0,0.7,41.18,0.0,17,0,0,0,,,,
27190907103,ZPPSPH PUNDALIKNAGAR GEORAI PAIGA,CLU3600544,PHULAMBRI,,16,1,33,15,18,0,1.2,54.55,0.0,33,0,0,0,,,,
27190904006,ZPPSPH RAJPUTWADI BODHEGAON,CLU3600540,PHULAMBRI,,16,1,22,13,9,0,0.69,40.91,0.0,22,0,0,0,,,,
27190900308,ZPPSPH RAMNAGAR WASTI PIP,CLU3600541,PHULAMBRI,,16,1,10,7,3,0,0.43,30.0,0.0,10,0,0,0,,,,
27190904104,ZPPSPH RAMPURWADI KH,CLU3600540,PHULAMBRI,,16,1,10,2,8,0,4.0,80.0,0.0,10,0,0,0,,,,
27190900306,ZPPSPH RAMPURWADI P.W,CLU3600541,PHULAMBRI,,16,1,20,10,10,0,1.0,50.0,0.0,20,0,0,0,,,,
27190909601,ZPPSPH RIDHORA,CLU3600544,PHULAMBRI,,16,2,69,32,37,0,1.16,53.62,0.0,69,0,0,0,,,,
27190901901,ZPPSPH SHELGAON,CLU3600541,PHULAMBRI,,16,1,19,5,14,0,2.8,73.68,0.0,19,0,0,0,,,,
27190900116,ZPPSPH SHERKAR VASTI,CLU3600539,PHULAMBRI,,16,1,5,2,3,0,1.5,60.0,0.0,5,0,0,0,,,,
27190905901,ZPPSPH SHEVTA BK,CLU3600544,PHULAMBRI,,16,1,23,13,10,0,0.77,43.48,0.0,23,0,0,0,,,,
27190908404,ZPPSPH SHIV VASTI ADGAON B,CLU3600545,PHULAMBRI,,16,1,25,9,16,0,1.78,64.0,0.0,25,0,0,0,,,,
27190904803,ZPPSPH SHIVNAGAR VASTI,CLU3600542,PHULAMBRI,,16,1,10,3,7,0,2.33,70.0,0.0,10,0,0,0,,,,
27190904904,ZPPSPH SHIVRAMBABA WASTI,CLU3600542,PHULAMBRI,,16,1,15,12,3,0,0.25,20.0,0.0,15,0,0,0,,,,
27190900153,ZPPSPH SHRIRAMNAGARWASTI,CLU3600539,PHULAMBRI,,16,1,23,14,9,0,0.64,39.13,0.0,23,0,0,0,,,,
27190902405,ZPPSPH SINDADI  WASTI  L WADI,CLU3600543,PHULAMBRI,,16,1,7,7,0,0,0.0,0.0,0.0,7,0,0,0,,,,
27190900401,ZPPSPH SITABAICHI WADI,CLU3600545,PHULAMBRI,,16,1,7,3,4,0,1.33,57.14,0.0,7,0,0,0,,,,
27190903701,ZPPSPH SONARI,CLU3600545,PHULAMBRI,,16,1,11,5,6,0,1.2,54.55,0.0,11,0,0,0,,,,
27190907005,ZPPSPH TAMBEWADI,CLU3600544,PHULAMBRI,,16,1,20,11,9,0,0.82,45.0,0.0,20,0,0,0,,,,
27190900127,ZPPSPH TIN NADYA VASTI GANORI,CLU3600539,PHULAMBRI,,16,1,14,6,8,0,1.33,57.14,0.0,14,0,0,0,,,,
27190904103,ZPPSPH TIWAS WADI,CLU3600540,PHULAMBRI,,16,1,14,8,6,0,0.75,42.86,0.0,14,0,0,0,,,,
27190903502,ZPPSPH VAVANA,CLU3600545,PHULAMBRI,,16,1,22,9,13,0,1.44,59.09,0.0,22,0,0,0,,,,
27190904201,ZPPSPH VIRAMGAON,CLU3600540,PHULAMBRI,,16,1,21,12,9,0,0.75,42.86,0.0,21,0,0,0,,,,
27190908403,ZPPSPH WADACHI WADI,CLU3600545,PHULAMBRI,,16,1,21,11,10,0,0.91,47.62,0.0,21,0,0,0,,,,
27190907836,ZPPSPH WADOD KH,CLU3600544,PHULAMBRI,,16,2,102,50,52,0,1.04,50.98,0.0,60,42,0,0,,,,
27190907803,ZPPSPH WADOD VASTI,CLU3600544,PHULAMBRI,,16,1,131,67,64,0,0.96,48.85,0.0,131,0,0,0,,,,
27190907511,ZPPSPH WAGH VASTI,CLU3600540,PHULAMBRI,,16,1,5,4,1,0,0.25,20.0,0.0,5,0,0,0,,,,
27190908405,ZPPSPH WAGHADI VASTI NO. 2 ADGAON,CLU3600545,PHULAMBRI,,16,1,7,3,4,0,1.33,57.14,0.0,7,0,0,0,,,,
27190908501,ZPPSPH WAGHADI WASTI,CLU3600540,PHULAMBRI,,16,1,15,7,8,0,1.14,53.33,0.0,15,0,0,0,,,,
27190900121,ZPPSPH WAGHDARA,CLU3600539,PHULAMBRI,,16,1,22,12,10,0,0.83,45.45,0.0,22,0,0,0,,,,
27190900303,ZPPSPH WAHUL VASTI,CLU3600541,PHULAMBRI,,16,1,12,8,4,0,0.5,33.33,0.0,12,0,0,0,,,,
27190908611,ZPPSPH WAREGAON CPS,CLU3600541,PHULAMBRI,,16,1,66,31,35,0,1.13,53.03,0.0,66,0,0,0,,,,
27190907522,ZPPSPH ZOPADPATTI VASTI BABRA,CLU3600540,PHULAMBRI,,16,1,49,21,28,0,1.33,57.14,0.0,49,0,0,0,,,,
27190908702,ZPPSPH ZOPADPATTI VASTI PIP,CLU3600538,PHULAMBRI,,16,1,17,4,13,0,3.25,76.47,0.0,17,0,0,0,,,,
27190908402,ZPPUPSPH ADGAON BK,CLU3600545,PHULAMBRI,,16,2,72,38,34,0,0.89,47.22,0.0,44,28,0,0,,,,
27190906501,ZPPUPSPH ADGAON KH,CLU3600544,PHULAMBRI,,16,2,53,31,22,0,0.71,41.51,0.0,35,18,0,0,,,,
27190902902,ZPPUPSPH BABULGAON KH,CLU3600540,PHULAMBRI,,16,2,47,19,28,0,1.47,59.57,0.0,33,14,0,0,,,,
27190907201,ZPPUPSPH BHAVDI,CLU3600544,PHULAMBRI,,16,1,15,5,10,0,2.0,66.67,0.0,15,0,0,0,,,,
27190900601,ZPPUPSPH BILDA,CLU3600539,PHULAMBRI,,16,2,72,34,38,0,1.12,52.78,0.0,53,19,0,0,,,,
27190904001,ZPPUPSPH BODHEGAON BK,CLU3600540,PHULAMBRI,,16,2,79,39,40,0,1.03,50.63,0.0,27,52,0,0,,,,
27190904101,ZPPUPSPH BODHEGAON KH,CLU3600540,PHULAMBRI,,16,1,17,6,11,0,1.83,64.71,0.0,17,0,0,0,,,,
27190905101,ZPPUPSPH BORGAON ARJA,CLU3600542,PHULAMBRI,,16,1,28,15,13,0,0.87,46.43,0.0,28,0,0,0,,,,
27190900901,ZPPUPSPH CHINCHOLI,CLU3600539,PHULAMBRI,,16,2,70,28,42,0,1.5,60.0,0.0,36,34,0,0,,,,
27190904301,ZPPUPSPH CHINCHOLI N,CLU3600540,PHULAMBRI,,16,2,67,34,33,0,0.97,49.25,0.0,44,23,0,0,,,,
27190902101,ZPPUPSPH DAREGAON,CLU3600543,PHULAMBRI,,16,2,84,40,44,0,1.1,52.38,0.0,41,43,0,0,,,,
27190907601,ZPPUPSPH DHAMANGAON CPS,CLU3600538,PHULAMBRI,,16,2,256,140,116,0,0.83,45.31,0.0,142,114,0,0,,,,
27190909501,ZPPUPSPH DHANORA,CLU3600544,PHULAMBRI,,16,2,76,35,41,0,1.17,53.95,0.0,56,20,0,0,,,,
27190901701,ZPPUPSPH DONGARGAON,CLU3600545,PHULAMBRI,,16,2,62,30,32,0,1.07,51.61,0.0,32,30,0,0,,,,
27190902002,ZPPUPSPH DONGARGAON K,CLU3600543,PHULAMBRI,,16,2,85,43,42,0,0.98,49.41,0.0,58,27,0,0,,,,
27190907001,ZPPUPSPH GEORAI GUNGI,CLU3600544,PHULAMBRI,,16,2,146,68,78,0,1.15,53.42,0.0,100,46,0,0,,,,
27190907101,ZPPUPSPH GEORAI PAIGA,CLU3600544,PHULAMBRI,,16,2,94,39,55,0,1.41,58.51,0.0,53,41,0,0,,,,
27190903001,ZPPUPSPH GIRSAVLI,CLU3600538,PHULAMBRI,,16,2,51,23,28,0,1.22,54.9,0.0,33,18,0,0,,,,
27190904501,ZPPUPSPH HIVRA,CLU3600540,PHULAMBRI,,16,2,67,34,33,0,0.97,49.25,0.0,47,20,0,0,,,,
27190905201,ZPPUPSPH JALGAON METE,CLU3600542,PHULAMBRI,,16,6,275,146,129,0,0.88,46.91,0.0,132,106,37,0,,,,
27190904801,ZPPUPSPH JATWA,CLU3600542,PHULAMBRI,,16,2,70,29,41,0,1.41,58.57,0.0,32,38,0,0,,,,
27190902201,ZPPUPSPH KANHORI,CLU3600543,PHULAMBRI,,16,2,132,67,65,0,0.97,49.24,0.0,75,57,0,0,,,,
27190904601,ZPPUPSPH KHAMGAON,CLU3600542,PHULAMBRI,,16,2,209,103,106,0,1.03,50.72,0.0,153,56,0,0,,,,
27190902501,ZPPUPSPH LAHANYACHI WADI,CLU3600543,PHULAMBRI,,16,2,99,42,57,0,1.36,57.58,0.0,51,48,0,0,,,,
27190903902,ZPPUPSPH LEHA J,CLU3600540,PHULAMBRI,,16,2,207,107,100,0,0.93,48.31,0.0,119,88,0,0,,,,
27190902701,ZPPUPSPH LOHAGADNANDRA,CLU3600538,PHULAMBRI,,16,2,100,54,46,0,0.85,46.0,0.0,68,32,0,0,,,,
27190905601,ZPPUPSPH MAHALKINHOLA,CLU3600542,PHULAMBRI,,16,2,94,46,48,0,1.04,51.06,0.0,74,20,0,0,,,,
27190909801,ZPPUPSPH MALODYACHI WADI,CLU3600543,PHULAMBRI,,16,1,40,19,21,0,1.11,52.5,0.0,40,0,0,0,,,,
27190908801,ZPPUPSPH MAMNABAD,CLU3600540,PHULAMBRI,,16,2,43,20,23,0,1.15,53.49,0.0,24,19,0,0,,,,
27190903301,ZPPUPSPH MARSAVLI,CLU3600538,PHULAMBRI,,16,2,151,63,88,0,1.4,58.28,0.0,86,65,0,0,,,,
27190907104,ZPPUPSPH MHASOBA WADI GEORAI PAIGA,CLU3600544,PHULAMBRI,,16,1,23,13,10,0,0.77,43.48,0.0,23,0,0,0,,,,
27190900801,ZPPUPSPH MURSHIDABADWADI,CLU3600539,PHULAMBRI,,16,2,35,16,19,0,1.19,54.29,0.0,21,14,0,0,,,,
27190905501,ZPPUPSPH NAIGAON  ALAND,CLU3600542,PHULAMBRI,,16,2,111,44,67,0,1.52,60.36,0.0,65,46,0,0,,,,
27190905502,ZPPUPSPH NAIGAON  NIDHONA,CLU3600545,PHULAMBRI,,16,2,70,31,39,0,1.26,55.71,0.0,41,29,0,0,,,,
27190906401,ZPPUPSPH NARLA,CLU3600544,PHULAMBRI,,16,2,78,35,43,0,1.23,55.13,0.0,27,51,0,0,,,,
27190905401,ZPPUPSPH NIMKHEDA,CLU3600542,PHULAMBRI,,16,2,87,44,43,0,0.98,49.43,0.0,55,32,0,0,,,,
27190903201,ZPPUPSPH PIMPALGAON GANG,CLU3600538,PHULAMBRI,,16,2,87,42,45,0,1.07,51.72,0.0,53,34,0,0,,,,
27190900301,ZPPUPSPH PIMPALGAON WALAN,CLU3600541,PHULAMBRI,,16,2,88,37,51,0,1.38,57.95,0.0,32,56,0,0,,,,
27190906701,ZPPUPSPH PIRBAWADA,CLU3600544,PHULAMBRI,,16,2,159,66,93,0,1.41,58.49,0.0,94,65,0,0,,,,
27190901401,ZPPUPSPH RAILGAON,CLU3600541,PHULAMBRI,,16,1,18,9,9,0,1.0,50.0,0.0,18,0,0,0,,,,
27190906801,ZPPUPSPH RANJANGAON,CLU3600544,PHULAMBRI,,16,2,95,40,55,0,1.38,57.89,0.0,50,45,0,0,,,,
27190901001,ZPPUPSPH SANJUL,CLU3600539,PHULAMBRI,,16,2,69,31,38,0,1.23,55.07,0.0,43,26,0,0,,,,
27190905003,ZPPUPSPH SATALA BK,CLU3600542,PHULAMBRI,,16,2,168,78,90,0,1.15,53.57,0.0,99,69,0,0,,,,
27190905004,ZPPUPSPH SATALA P,CLU3600542,PHULAMBRI,,16,2,85,34,51,0,1.5,60.0,0.0,48,37,0,0,,,,
27190905801,ZPPUPSPH SHEVTA KH,CLU3600544,PHULAMBRI,,16,2,70,36,34,0,0.94,48.57,0.0,32,38,0,0,,,,
27190901501,ZPPUPSPH SHIRODI  BK,CLU3600541,PHULAMBRI,,16,2,165,92,73,0,0.79,44.24,0.0,85,80,0,0,,,,
27190901601,ZPPUPSPH SHIRODI KH,CLU3600541,PHULAMBRI,,16,2,89,29,60,0,2.07,67.42,0.0,56,33,0,0,,,,
27190903101,ZPPUPSPH SULTANWADI,CLU3600538,PHULAMBRI,,16,2,56,21,35,0,1.67,62.5,0.0,28,28,0,0,,,,
27190909304,ZPPUPSPH TAKLI KLOTE,CLU3600544,PHULAMBRI,,16,2,137,66,71,0,1.08,51.82,0.0,109,28,0,0,,,,
27190904901,ZPPUPSPH UMRAVATI,CLU3600542,PHULAMBRI,,16,2,266,160,106,0,0.66,39.85,0.0,148,118,0,0,,,,
27190904701,ZPPUPSPH VAKOD,CLU3600542,PHULAMBRI,,16,2,147,77,70,0,0.91,47.62,0.0,85,62,0,0,,,,
27190907801,ZPPUPSPH WADOD BAZAR CPS,CLU3600544,PHULAMBRI,,16,1,45,29,16,0,0.55,35.56,0.0,45,0,0,0,,,,
27190906901,ZPPUPSPH WAGHALGAON,CLU3600544,PHULAMBRI,,16,2,80,55,25,0,0.45,31.25,0.0,35,45,0,0,,,,
27190902601,ZPPUPSPH WAGHOLA,CLU3600538,PHULAMBRI,,16,2,99,55,44,0,0.8,44.44,0.0,61,38,0,0,,,,
27190903401,ZPPUPSPH WAHEGAON,CLU3600545,PHULAMBRI,,16,2,108,58,50,0,0.86,46.3,0.0,79,29,0,0,,,,
27190901202,ZPPUPSPH WANEGAON,CLU3600541,PHULAMBRI,,16,2,81,42,39,0,0.93,48.15,0.0,53,28,0,0,,,,
27190910601,ZPUPSPH TALEGAON,CLU3600538,PHULAMBRI,,16,2,156,88,68,0,0.77,43.59,0.0,100,56,0,0,,,,
27190910602,ZPUPSPH TALEGAON URDU,CLU3600538,PHULAMBRI,,16,2,163,66,97,0,1.47,59.51,0.0,117,46,0,0,,,,
27190910701,ZPUPSPH TALEGAON WADI URDU,CLU3600538,PHULAMBRI,,16,2,99,46,53,0,1.15,53.54,0.0,82,17,0,0,,,,
27190907502,ZPUPtoHSPH BABRA,CLU3600540,PHULAMBRI,,16,6,317,134,183,0,1.37,57.73,0.0,34,140,143,0,,,,
27190900702,ZPUPtoHSPH GANORI,CLU3600539,PHULAMBRI,,16,3,572,297,275,0,0.93,48.08,0.0,37,216,247,72,,,,
27190902804,ZPUPtoHSPH JATEGAON,CLU3600538,PHULAMBRI,,16,3,514,253,261,0,1.03,50.78,0.0,39,137,178,160,,,,
27190900103,ZPUPtoHSPH PHULAMBRI,CLU3600539,PHULAMBRI,,16,3,479,225,254,0,1.13,53.03,0.0,24,184,231,40,,,,
27190605708,AADARSH ARTS & SCIENCE JR. COLLEGE HATTI,CLU3600549,SILLOD,,27,11,94,46,48,0,1.04,51.06,0.0,0,0,0,94,,,,
27190614305,ABDUL G HS UNDANGAON,CLU3600549,SILLOD,,4,7,92,51,41,0,0.8,44.57,0.0,0,22,70,0,,,,
27190613436,ABDUL GAFUR URDU PS. SILLOD,CLU3600546,SILLOD,,4,2,409,187,222,0,1.19,54.28,0.0,306,103,0,0,,,,
27190613458,ABDULRAHEEM URDU PRIMARY SCHOOL MUGALPURA SILLOD,CLU3600546,SILLOD,,55,2,249,137,112,0,0.82,44.98,0.0,194,55,0,0,,,,
27194100431,ADARSH ARTS SCIENCE HIGH. SEC. SCHOOL HATTI,CLU3600549,SILLOD,,27,11,51,35,16,0,0.46,31.37,0.0,0,0,0,51,,,,
27194100266,ADARSH SECONDARY AND HIGHER SECONDARY SCHOOL KAIGAON,CLU3600548,SILLOD,,27,10,195,111,84,0,0.76,43.08,0.0,0,0,46,149,,,,
27190605902,AIDED ADIWASI ASHRAMSHALA,CLU3600556,SILLOD,,14,2,149,88,61,0,0.69,40.94,0.0,116,33,0,0,,,,
27190600320,AJANTA LEARNING HUB ENGLISH SCHOOL,CLU3600557,SILLOD,,27,6,504,341,163,0,0.48,32.34,0.0,284,152,68,0,,,,
27190615402,AMBIKA MATA MAD VID WADOD CHATHA,CLU3600552,SILLOD,,55,6,232,123,109,0,0.89,46.98,0.0,16,98,118,0,,,,
27190613426,APANG NIVASI VID. SILLOD,CLU3600546,SILLOD,,11,1,23,14,9,0,0.64,39.13,0.0,23,0,0,0,,,,
27190610404,APEX ENGLISH SCHOOL PANGRI,CLU3600554,SILLOD,,27,1,128,88,40,0,0.45,31.25,0.0,75,0,0,0,,,,
27190610406,APEX JUNIOR COLLEGE PANGRI,CLU3600554,SILLOD,,27,11,3,2,1,0,0.5,33.33,0.0,0,0,0,3,,,,
27190610405,APEX SECONDARY SCHOOL,CLU3600554,SILLOD,,27,8,2,1,1,0,1.0,50.0,0.0,0,0,2,0,,,,
27190610407,APEX VIDYALAYA PAGRI,CLU3600554,SILLOD,,27,4,6,5,1,0,0.2,16.67,0.0,0,6,0,0,,,,
27190600319,BABURAO KALE ARTS COLLEGE AJINTHA,CLU3600557,SILLOD,,53,11,130,87,43,0,0.49,33.08,0.0,0,0,0,130,,,,
27190613427,BALKRISHN MUK BAD. NIV.VID.SILLOD,CLU3600546,SILLOD,,11,1,21,9,12,0,1.33,57.14,0.0,20,0,0,0,,,,
27190611903,CAMBRIDGE ENGLISH SCHOOL RAJALWADI,CLU3600546,SILLOD,,27,3,383,216,167,0,0.77,43.6,0.0,230,116,37,0,,,,
27190613408,CHATRAPATI SHIVAJI  VIDYALAY SILLOD,CLU3600546,SILLOD,,4,6,864,580,284,0,0.49,32.87,0.0,65,356,443,0,,,,
27190613433,CHATRAPATI SHVI.PRIMARY.SILLOD,CLU3600546,SILLOD,,55,2,524,291,233,0,0.8,44.47,0.0,415,68,0,0,,,,
27190600622,CHHATRAPATI JR COLLEGE AMTHANA,CLU3600547,SILLOD,,27,11,205,151,54,0,0.36,26.34,0.0,0,0,0,205,,,,
27190606802,DAYANAND  VIDYALAYA GHATAMBRI,CLU3600554,SILLOD,,4,6,231,126,105,0,0.83,45.45,0.0,13,98,120,0,,,,
27190609304,DNYANDEEP ENGLISH SCHOOL MHASLA KH,CLU3600550,SILLOD,,27,2,139,92,47,0,0.51,33.81,0.0,112,27,0,0,,,,
27190613452,DNYANDEEP MAD VID SHISHKNAGAR SILLOD,CLU3600546,SILLOD,,55,7,231,119,112,0,0.94,48.48,0.0,0,77,154,0,,,,
27190616501,DNYANDEEP PRIMARY SCHOOL SILLOD,CLU3600546,SILLOD,,4,2,402,215,187,0,0.87,46.52,0.0,263,139,0,0,,,,
27190613485,DNYANDEEP UCCHAMADHYAMIK VIDYALAYA SILLOD,CLU3600546,SILLOD,,27,11,3,0,3,0,3.0,100.0,0.0,0,0,0,3,,,,
27190608004,DNYANSAGAR ENGLISH SCHOOL LIHA KHEDI,CLU3600551,SILLOD,,27,1,80,45,35,0,0.78,43.75,0.0,80,0,0,0,,,,
27190602034,DNYANVIKAS PRI SCHOOL BHARADI,CLU3600552,SILLOD,,4,2,1156,740,416,0,0.56,35.99,0.0,594,523,0,0,,,,
27190602039,DYANVIKAS MADHYAMIK VID BHARADI,CLU3600552,SILLOD,,27,8,305,188,117,0,0.62,38.36,0.0,0,0,305,0,,,,
27190605306,EKATA URDU PRI SCH GHATNANDRA,CLU3600547,SILLOD,,53,2,331,153,178,0,1.16,53.78,0.0,261,70,0,0,,,,
27190613454,ERA INTERNATIONAL SCHOOL SILLOD,CLU3600546,SILLOD,,27,2,541,311,230,0,0.74,42.51,0.0,396,145,0,0,,,,
27194100074,ERA NEXUS INTERNATIONAL SILLOD,CLU3600546,SILLOD,,27,3,428,259,169,0,0.65,39.49,0.0,228,102,98,0,,,,
27190614329,G M INTERNATIONAL ENGLISH SCHOOL & JR COLLEGE UNDANGAON,CLU3600549,SILLOD,,27,3,81,48,33,0,0.69,40.74,0.0,62,2,0,17,,,,
27190610809,GAJANAN VID. GOLEGAON,CLU3600553,SILLOD,,4,3,646,325,321,0,0.99,49.69,0.0,16,129,138,363,,,,
27190600902,GAJANAN VIDYALAYA ASADI,CLU3600559,SILLOD,,4,3,423,234,189,0,0.81,44.68,0.0,0,32,222,169,,,,
27190610016,GANPATI ENG PRI SCH NILLOD,CLU3600548,SILLOD,,27,2,289,171,118,0,0.69,40.83,0.0,201,88,0,0,,,,
27190602616,GOLDEN STAR ENGLISH SCHOOL,,SILLOD,,19,6,0,0,0,0,0.0,0.0,0.0,0,0,0,0,,,,
27190602615,GORAKSHA ART & SCI JR COL BORGAON BAZAR,CLU3600555,SILLOD,,54,11,544,331,213,0,0.64,39.15,0.0,0,0,0,544,,,,
27190614322,GOVT. MADHYAMIK ASHRAMSHALA HATTI,CLU3600549,SILLOD,,13,6,299,169,130,0,0.77,43.48,0.0,93,121,85,0,,,,
27190613461,GURUKUL PRI. ENGLISH SCHOOL SILLOD,CLU3600546,SILLOD,,27,1,10,6,4,0,0.67,40.0,0.0,10,0,0,0,,,,
27190604503,"Ganpati English School,deulgaon bazar",CLU3600555,SILLOD,,27,1,52,30,22,0,0.73,42.31,0.0,52,0,0,0,,,,
27190600807,HINDUSTAN URDE PS ANDHARI,CLU3600550,SILLOD,,4,2,160,54,106,0,1.96,66.25,0.0,117,43,0,0,,,,
27190600821,HINDUSTAN URDU HS ANDHARI,CLU3600550,SILLOD,,4,7,121,35,86,0,2.46,71.07,0.0,0,39,82,0,,,,
27190602035,HOLLY FAITH ENG PRI SCH BHARADI,CLU3600552,SILLOD,,27,6,956,645,311,0,0.48,32.53,0.0,429,296,231,0,,,,
27190605605,IDEAL ENGLISH SCHOOL GOLEGAON,CLU3600553,SILLOD,,27,1,69,33,36,0,1.09,52.17,0.0,69,0,0,0,,,,
27190602705,INAM ULUM URD HS BORGON SARWANI,CLU3600555,SILLOD,,4,7,225,88,137,0,1.56,60.89,0.0,0,44,181,0,,,,
27190609202,"INDIRA GANDHI VIDYALAY, MHASLA BK.",CLU3600550,SILLOD,,4,7,166,83,83,0,1.0,50.0,0.0,0,45,121,0,,,,
27190602002,INDIRA MEMOREAL URDU HS BHARADI,CLU3600552,SILLOD,,4,7,145,62,83,0,1.34,57.24,0.0,0,32,113,0,,,,
27190602033,INDIRA MEMOREAL URDU PRI SCHOOL BHARADI,CLU3600552,SILLOD,,4,2,100,41,59,0,1.44,59.0,0.0,54,46,0,0,,,,
27190605305,INDRAGADHI PRIMARY SCHOOL,CLU3600547,SILLOD,,55,2,490,274,216,0,0.79,44.08,0.0,305,185,0,0,,,,
27190613465,INDRARAJ ARTS & SCI JR COLLEGE SILLOD,CLU3600546,SILLOD,,11,11,46,33,13,0,0.39,28.26,0.0,0,0,0,46,,,,
27190613703,JAMALSHAHA BABA URDU HS TANDA BAZAR,CLU3600548,SILLOD,,4,7,142,79,63,0,0.8,44.37,0.0,0,37,105,0,,,,
27190613702,JAMALSHAHA BABA URDU PS TANDA BAZAR,CLU3600548,SILLOD,,55,2,205,112,93,0,0.83,45.37,0.0,146,59,0,0,,,,
27190602602,JAWAHAR VIDYALAYA BORGAON BAZAR,CLU3600555,SILLOD,,4,6,206,128,78,0,0.61,37.86,0.0,10,71,125,0,,,,
27190613478,JIJAMATA ENGLISH SCHOOL SILLOD,CLU3600546,SILLOD,,27,1,11,6,5,0,0.83,45.45,0.0,11,0,0,0,,,,
27190613420,JIJAMATA KANYA VIDYALAYA SILLO,CLU3600546,SILLOD,,4,6,318,0,318,0,318.0,100.0,0.0,37,132,149,0,,,,
27190600603,JOGESHORI MAD.VID.GHATNADRA,CLU3600547,SILLOD,,55,3,515,278,237,0,0.85,46.02,0.0,21,109,135,250,,,,
27190610505,JOGESHWARI VIDYALAY PALSHI,CLU3600558,SILLOD,,4,3,889,462,427,0,0.92,48.03,0.0,71,275,293,250,,,,
27190613206,KAI. LAXIMAN PATIL VID. SHIVNA,CLU3600556,SILLOD,,4,3,215,122,93,0,0.76,43.26,0.0,12,73,130,0,,,,
27190600305,KHAIRUNISS URDU P S AJINTHA,CLU3600557,SILLOD,,55,2,593,267,326,0,1.22,54.97,0.0,396,197,0,0,,,,
27190600822,LATE  PUNDLIKRAO TAYADE PS ENG ANDHARI,CLU3600550,SILLOD,,27,2,168,102,66,0,0.65,39.29,0.0,95,10,0,0,,,,
27190613425,LITTLE WONDERS ENG. SCH. SILLO,CLU3600546,SILLOD,,27,6,1850,1135,715,0,0.63,38.65,0.0,1079,442,329,0,,,,
27190617003,LOKNETE GOPINATHRAO MUNDE ARTS COMM & SCI COLLEGE BANKINOHALA,CLU3600548,SILLOD,,27,11,106,60,46,0,0.77,43.4,0.0,0,0,0,106,,,,
27190615602,Lakshmi Mata Madyamik vidyalay wangi khurd,CLU3600552,SILLOD,,27,8,17,7,10,0,1.43,58.82,0.0,0,0,17,0,,,,
27190601003,M G M WASTANVI PS ANVI,CLU3600559,SILLOD,,19,2,17,8,9,0,1.12,52.94,0.0,6,11,0,0,,,,
27190609603,M G M WASTANVI URDU PS NANEGAON,CLU3600554,SILLOD,,19,2,83,53,30,0,0.57,36.14,0.0,55,28,0,0,,,,
27190613460,M.P.PRI & UP PRI ENGLICH SCHOOL SILLOD,CLU3600546,SILLOD,,27,2,191,122,69,0,0.57,36.13,0.0,89,53,0,0,,,,
27190604502,M.V.R. SHINDE HS DEOLGAON BAZA,CLU3600555,SILLOD,,4,3,343,171,172,0,1.01,50.15,0.0,27,73,89,154,,,,
27190602028,MADHYAMIK VID. DHANORA,CLU3600552,SILLOD,,4,6,120,58,62,0,1.07,51.67,0.0,7,37,76,0,,,,
27190609002,MADHYAMIK VID. MODHA BK.,CLU3600552,SILLOD,,4,6,96,66,30,0,0.45,31.25,0.0,2,22,72,0,,,,
27190604903,MAHARANA PRATAP MAD VID GAWHALI,CLU3600548,SILLOD,,55,6,205,106,99,0,0.93,48.29,0.0,1,101,103,0,,,,
27190601006,MAHATMA GANDHI PRI SCHOOL,CLU3600559,SILLOD,,27,1,36,19,17,0,0.89,47.22,0.0,36,0,0,0,,,,
27190601002,MAHATMA GANDHI V. ANVI,CLU3600559,SILLOD,,4,3,350,188,162,0,0.86,46.29,0.0,27,125,118,80,,,,
27190600317,MAHATMA JYOTIBA PHULE MAD VID AJT,CLU3600557,SILLOD,,4,3,761,419,342,0,0.82,44.94,0.0,59,181,197,324,,,,
27190600306,MAHATMA JYOTIBA PHULE PS AJT,CLU3600557,SILLOD,,4,1,205,131,74,0,0.56,36.1,0.0,205,0,0,0,,,,
27190614403,MAHATMA PHULE VID. UPLI,CLU3600558,SILLOD,,55,7,118,68,50,0,0.74,42.37,0.0,0,25,93,0,,,,
27190608702,MANDODARI MADHYAMIK VIDYALAYA MANGRUL,CLU3600551,SILLOD,,4,6,158,85,73,0,0.86,46.2,0.0,0,39,119,0,,,,
27190613486,MANIKRAO PALODKAR ENGLISH HIGH SCHOOL,CLU3600546,SILLOD,,27,8,21,13,8,0,0.62,38.1,0.0,0,0,21,0,,,,
27190600321,MANIKRO PALODKAR ENGLISH SCHOOL AJINTHA,CLU3600557,SILLOD,,27,2,116,74,42,0,0.57,36.21,0.0,83,13,0,0,,,,
27194100764,MASOOM ENGLISH SCHOOL,CLU3600553,SILLOD,,27,1,0,0,0,0,0.0,0.0,0.0,0,0,0,0,,,,
27190605302,MAULANA ABDUL K A URDU HS GHATNANDRA,CLU3600547,SILLOD,,4,6,337,135,202,0,1.5,59.94,0.0,6,128,203,0,,,,
27190613422,MMAJ URDU HS VIDYALAYA SILLOD,CLU3600546,SILLOD,,4,3,1449,619,830,0,1.34,57.28,0.0,163,549,436,301,,,,
27190613467,MMAJ URDU PRIMARY SCHOOL SILLOD,CLU3600546,SILLOD,,4,1,468,202,266,0,1.32,56.84,0.0,468,0,0,0,,,,
27190602103,MODERN ENGLISH SCHOOL SILLOD,CLU3600546,SILLOD,,27,2,53,28,25,0,0.89,47.17,0.0,47,6,0,0,,,,
27190608002,MURDESHWAR HS LIHA KH PALOD,CLU3600551,SILLOD,,4,7,170,86,84,0,0.98,49.41,0.0,0,41,129,0,,,,
27190600316,N M URDU PS AJINTHA,CLU3600557,SILLOD,,4,1,303,116,187,0,1.61,61.72,0.0,303,0,0,0,,,,
27190600303,N.M. URDU HS AJINTHA,CLU3600557,SILLOD,,4,3,1178,501,677,0,1.35,57.47,0.0,106,369,388,315,,,,
27190608301,NATESHWAR VIDYALAYA MADNI,CLU3600556,SILLOD,,4,3,391,196,195,0,0.99,49.87,0.0,14,104,167,106,,,,
27190600314,NATIONAL ENGLISH HS AJINTHA,CLU3600557,SILLOD,,27,7,55,43,12,0,0.28,21.82,0.0,0,19,36,0,,,,
27190613481,NATIONAL ENGLISH PRIMARY SCHOOL SILLOD,CLU3600546,SILLOD,,27,1,14,11,3,0,0.27,21.43,0.0,14,0,0,0,,,,
27190600315,NATIONAL ENGLISH PS AJINTHA,CLU3600557,SILLOD,,27,2,165,115,50,0,0.43,30.3,0.0,122,43,0,0,,,,
27190600820,NATIONAL MARATHI HS ANDHARI,CLU3600550,SILLOD,,55,3,691,415,276,0,0.67,39.94,0.0,30,91,125,445,,,,
27190604804,NATIONAL MARATHI HS DONGARGAON,CLU3600559,SILLOD,,4,6,305,197,108,0,0.55,35.41,0.0,25,103,177,0,,,,
27190613438,NATIONAL MARATHI MADHYAMIK & UPS SILLOD,CLU3600546,SILLOD,,4,3,539,331,208,0,0.63,38.59,0.0,32,125,123,259,,,,
27190605309,NATIONAL MARATHI PRI SCHOOL GHATNANDRA,CLU3600547,SILLOD,,4,2,204,128,76,0,0.59,37.25,0.0,145,59,0,0,,,,
27190604806,NATIONAL MARATHI PS DONGARGAON,CLU3600559,SILLOD,,4,2,270,150,120,0,0.8,44.44,0.0,170,100,0,0,,,,
27190606803,NATIONAL MARATHI PS KAYGAON,CLU3600548,SILLOD,,4,2,279,161,118,0,0.73,42.29,0.0,158,121,0,0,,,,
27190613421,NATIONAL MARATHI PS SILLOD,CLU3600546,SILLOD,,4,2,277,149,128,0,0.86,46.21,0.0,213,64,0,0,,,,
27190613451,NATIONAL MARATHI PS SNEHNAGR SILLOD,CLU3600546,SILLOD,,4,2,302,178,124,0,0.7,41.06,0.0,204,98,0,0,,,,
27190611603,NATIONAL MARATHI VID PIMPALDARI,CLU3600557,SILLOD,,55,6,257,127,130,0,1.02,50.58,0.0,17,107,133,0,,,,
27190600322,NATIONAL URDU HIGH SCHOOL AJINTHA,CLU3600557,SILLOD,,53,7,114,70,44,0,0.63,38.6,0.0,0,26,88,0,,,,
27190607023,NATIONAL URDU HS KERHALA,CLU3600558,SILLOD,,53,2,74,46,28,0,0.61,37.84,0.0,46,28,0,0,,,,
27190613407,NATIONAL URDU HS SILLOD,CLU3600546,SILLOD,,4,3,3097,1361,1736,0,1.28,56.05,0.0,348,1041,952,756,,,,
27190613471,NATIONAL URDU PRI SCHOOL ABDALSHAH NAGAR SILLOD,CLU3600546,SILLOD,,4,2,707,309,398,0,1.29,56.29,0.0,553,154,0,0,,,,
27190613470,NATIONAL URDU PRI SCHOOL DR ZAKIR HUSSIAN NAGAR SILLOD,CLU3600546,SILLOD,,4,2,861,379,482,0,1.27,55.98,0.0,735,110,0,0,,,,
27190605308,NATIONAL URDU PRI SCHOOL GHATNANDRA,CLU3600547,SILLOD,,55,2,307,146,161,0,1.1,52.44,0.0,195,112,0,0,,,,
27190613476,NATIONAL URDU PS JHOPADPATTI BEHIND YASHWANT COLLEGE SILLOD,CLU3600546,SILLOD,,25,1,81,40,41,0,1.02,50.62,0.0,81,0,0,0,,,,
27190613477,NATIONAL URDU PS MUGALPURA MIRZA COLONY SILLOD,CLU3600546,SILLOD,,53,1,103,34,69,0,2.03,66.99,0.0,103,0,0,0,,,,
27190613220,NATIONAL URDU PS SHIVNA,CLU3600556,SILLOD,,55,2,273,136,137,0,1.01,50.18,0.0,163,110,0,0,,,,
27190613409,NATIONAL URDU PS SILLOD,CLU3600546,SILLOD,,4,2,649,281,368,0,1.31,56.7,0.0,529,120,0,0,,,,
27190613475,NATIONAL URDU PS ZAINUDDIN COLONY SILLOD,CLU3600546,SILLOD,,53,1,106,31,75,0,2.42,70.75,0.0,106,0,0,0,,,,
27190601602,NETAJI SUBASH VIDYLAYA BALAPUR,CLU3600557,SILLOD,,4,6,264,136,128,0,0.94,48.48,0.0,36,131,97,0,,,,
27190613417,NEW  HSCHOOL SILLOD,CLU3600546,SILLOD,,4,6,158,94,64,0,0.68,40.51,0.0,23,76,59,0,,,,
27190600502,NEW HS AMBHAI,CLU3600554,SILLOD,,4,3,881,529,352,0,0.67,39.95,0.0,83,349,350,99,,,,
27190600602,NEW HS AMTHANA,CLU3600547,SILLOD,,4,6,532,289,243,0,0.84,45.68,0.0,19,204,309,0,,,,
27190617002,NEW HS BANKINOHALA,CLU3600548,SILLOD,,4,6,404,216,188,0,0.87,46.53,0.0,28,162,214,0,,,,
27190610002,NEW HS NILLOD,CLU3600548,SILLOD,,4,6,217,93,124,0,1.33,57.14,0.0,6,114,97,0,,,,
27194100724,NEXUS SEMI  SCHOOL  SILLOD ,CLU3600546,SILLOD,,27,6,109,65,44,0,0.68,40.37,0.0,61,31,17,0,,,,
27190608602,NIVASI MUK BADHIR VID MANDNA,CLU3600549,SILLOD,,11,1,24,10,14,0,1.4,58.33,0.0,20,0,0,0,,,,
27190613468,NIWASI MATIMAND VIDYALAY SILLOD,CLU3600546,SILLOD,,11,1,100,67,33,0,0.49,33.0,0.0,95,0,0,0,,,,
27190613403,NPPSSI PABALWADI SILLOD,CLU3600546,SILLOD,,18,1,28,15,13,0,0.87,46.43,0.0,28,0,0,0,,,,
27190613416,NPPSSI YESHWANTWADI,CLU3600546,SILLOD,,18,1,43,24,19,0,0.79,44.19,0.0,43,0,0,0,,,,
27190611901,NPUPSSI RAJALWADI,CLU3600546,SILLOD,,18,2,155,73,82,0,1.12,52.9,0.0,93,62,0,0,,,,
27190613418,NPUPSSI SAPAKALWADI SILLOD,CLU3600546,SILLOD,,18,2,110,68,42,0,0.62,38.18,0.0,82,28,0,0,,,,
27190613402,NPUPSSI SILLOD CPS,CLU3600546,SILLOD,,18,1,177,98,79,0,0.81,44.63,0.0,177,0,0,0,,,,
27190613414,NPUPtoSSI H S SILLOD,CLU3600546,SILLOD,,18,6,263,164,99,0,0.6,37.64,0.0,43,90,130,0,,,,
27190605806,NUTAN ART COMM & SCI JR COLLEGE HALDA,CLU3600549,SILLOD,,27,11,3,3,0,0,0.0,0.0,0.0,0,0,0,3,,,,
27190606805,NUTAN ART COMM & SCI JR COLLEGE KAYGAON,CLU3600548,SILLOD,,27,11,130,90,40,0,0.44,30.77,0.0,0,0,0,130,,,,
27190613423,OXFORD ENGLISH SCHOOL SILLOD,CLU3600546,SILLOD,,27,6,294,196,98,0,0.5,33.33,0.0,190,50,54,0,,,,
27194100598,OYESTAR ENGLISH SCHOOL AND JR. COLLEGE GEVRAI ROAD BANKINHOLA,CLU3600548,SILLOD,,27,3,122,71,51,0,0.72,41.8,0.0,11,0,4,107,,,,
27190607702,PANJABRAO ZALTE PRIMARY SECONDARY AND HIGHER SECONDARY SCHOOL ,CLU3600556,SILLOD,,27,3,81,52,29,0,0.56,35.8,0.0,0,0,2,79,,,,
27190600621,PRADNYA JAGRUTI PS AMTHANA,CLU3600547,SILLOD,,4,2,590,296,294,0,0.99,49.83,0.0,424,166,0,0,,,,
27190612605,PRAGATI ENGLISH SCHOOL SAVKHEDA,CLU3600555,SILLOD,,27,2,18,7,11,0,1.57,61.11,0.0,18,0,0,0,,,,
27190607025,PRAGATI JR COLLEGE KERHALA,CLU3600558,SILLOD,,27,11,241,134,107,0,0.8,44.4,0.0,0,0,0,241,,,,
27190612604,PRAGATI JR. COLLEGE SAVKHEDA BK,CLU3600555,SILLOD,,53,11,101,55,46,0,0.84,45.54,0.0,0,0,0,101,,,,
27190609302,PRAGATI JUNIOR COLLEGE MHASLA KH,CLU3600550,SILLOD,,27,11,149,95,54,0,0.57,36.24,0.0,0,0,0,149,,,,
27190612603,PRAGATI MADHYAMIK VID. SAVKHEDA,CLU3600555,SILLOD,,55,6,312,165,147,0,0.89,47.12,0.0,32,161,119,0,,,,
27190607024,PRAGATI PRATHMIK SHALA KERHALA,CLU3600558,SILLOD,,27,1,74,43,31,0,0.72,41.89,0.0,74,0,0,0,,,,
27190604807,PRAGATI PS DONGARGAON,CLU3600559,SILLOD,,53,1,180,71,109,0,1.54,60.56,0.0,180,0,0,0,,,,
27190605312,PRAGATI URDU HIGH SCHOOL GHATNANDRA,CLU3600547,SILLOD,,27,8,42,19,23,0,1.21,54.76,0.0,0,0,42,0,,,,
27190613221,PRAGATI URDU HIGH SCHOOL SHIVNA,CLU3600556,SILLOD,,27,8,58,31,27,0,0.87,46.55,0.0,0,0,58,0,,,,
27190604805,PRAGATI URDU HS DONGARGAON,CLU3600559,SILLOD,,55,6,418,197,221,0,1.12,52.87,0.0,39,147,232,0,,,,
27190605002,PS ASHRAM SHALA GEORAISEMI,CLU3600548,SILLOD,,42,6,299,180,119,0,0.66,39.8,0.0,117,117,65,0,,,,
27190613205,PS GAJANAN VIDYALAY SHIVNA,CLU3600556,SILLOD,,4,2,225,102,123,0,1.21,54.67,0.0,153,72,0,0,,,,
27190614328,RAJARSHI SHAHU JR. COLLEGE UNDANGAON,CLU3600549,SILLOD,,27,11,143,95,48,0,0.51,33.57,0.0,0,0,0,143,,,,
27190613411,RAMKRUSHNA PS SILLOD,CLU3600546,SILLOD,,4,2,246,154,92,0,0.6,37.4,0.0,210,36,0,0,,,,
27190613430,RAMKRUSHNA VID. SILLOD,CLU3600546,SILLOD,,4,3,583,285,298,0,1.05,51.11,0.0,25,107,149,302,,,,
27190605705,RANESHWAR VIDYLAYA HATTI,CLU3600549,SILLOD,,4,6,292,129,163,0,1.26,55.82,0.0,22,134,136,0,,,,
27190613406,RASHTRAMATA INDIRA GANDHI VIDY,CLU3600546,SILLOD,,4,6,104,0,104,0,104.0,100.0,0.0,3,45,56,0,,,,
27190605604,RIZING STAR ENG SCH GOLEGAON,CLU3600553,SILLOD,,27,2,150,88,62,0,0.7,41.33,0.0,104,32,0,0,,,,
27190610803,S.S.LATE GANGARAMJI MANKAR MADHYAMIK VIDHYALAY,CLU3600553,SILLOD,,4,6,67,47,20,0,0.43,29.85,0.0,1,14,52,0,,,,
27190601501,SAHAKAR MAHARSHI MANIKRAO PALODKAR HS &   JR COLLEGE PALOD,CLU3600551,SILLOD,,4,3,984,529,455,0,0.86,46.24,0.0,42,331,362,249,,,,
27190613203,SALEEM URDU HS SHIVNA,CLU3600556,SILLOD,,4,3,796,423,373,0,0.88,46.86,0.0,107,288,209,192,,,,
27190605502,SANSKAR VIDYALAYA GOLEGAON BK,CLU3600553,SILLOD,,27,1,60,36,24,0,0.67,40.0,0.0,60,0,0,0,,,,
27190610021,SANT DNYANESHWAR MADHYAMIK VIDYALAYA,CLU3600548,SILLOD,,19,6,208,208,0,0,0.0,0.0,0.0,27,105,76,0,,,,
27190613419,SANT EAKNATH P V SILLOD,CLU3600546,SILLOD,,55,2,319,162,157,0,0.97,49.22,0.0,199,120,0,0,,,,
27190613473,SANT EKNATH MADHYAMIK VIDYALAY SILLOD,CLU3600546,SILLOD,,55,6,263,138,125,0,0.91,47.53,0.0,0,66,197,0,,,,
27190617202,SANT KABIR VIDYLAYA RELGAON,CLU3600554,SILLOD,,4,3,695,392,303,0,0.77,43.6,0.0,34,139,227,295,,,,
27190600617,SARASWATI MADHYAMIK & UPS VID.,CLU3600547,SILLOD,,4,3,1616,932,684,0,0.73,42.33,0.0,43,282,382,909,,,,
27190602004,SARSWATI  BHUWAN H.S. BHARADI,CLU3600552,SILLOD,,4,3,1106,546,560,0,1.03,50.63,0.0,41,350,466,249,,,,
27190602041,SARSWATI BHUWAN PS BHARADI,CLU3600552,SILLOD,,4,1,21,14,7,0,0.5,33.33,0.0,21,0,0,0,,,,
27190607904,SAVITRIBAI PHULE HS KERHALA,CLU3600558,SILLOD,,4,7,194,108,86,0,0.8,44.33,0.0,0,40,154,0,,,,
27190614324,SAVITRIBAI PHULE KANYA HS UNDANGAON,CLU3600549,SILLOD,,4,6,528,256,272,0,1.06,51.52,0.0,0,211,317,0,,,,
27190614320,SAVITRIBAI PHULE PS UNDANGAON,CLU3600549,SILLOD,,4,2,473,213,260,0,1.22,54.97,0.0,325,148,0,0,,,,
27190611506,SAVITRIBAI PHULE RESI - PRI SCHOOL PIMPALGAON PETH,CLU3600546,SILLOD,,12,2,12,7,5,0,0.71,41.67,0.0,12,0,0,0,,,,
27190606904,SHREE MURDESHWAR VIDYALAYA KELGAON,CLU3600547,SILLOD,,4,5,475,259,216,0,0.83,45.47,0.0,0,65,137,273,,,,
27190609003,SHREE SWAMI VIVEKANAND SCHOOL MODHA,CLU3600552,SILLOD,,27,3,139,92,47,0,0.51,33.81,0.0,53,17,9,55,,,,
27190614333,SHRI GAJANAN MAHARAJ MADHYAMIIK VIDYALAY UNDANGAON ,CLU3600549,SILLOD,,27,6,59,31,28,0,0.9,47.46,0.0,0,23,36,0,,,,
27190613803,SHRI SHIVCHATRPATI MAD VID TAKLI JI,CLU3600548,SILLOD,,4,3,333,146,187,0,1.28,56.16,0.0,5,96,94,138,,,,
27190602102,SIDDHESHWAR H.S. MANIK NAGAR,CLU3600546,SILLOD,,4,6,1002,487,515,0,1.06,51.4,0.0,98,443,461,0,,,,
27190610204,SIDHESHWAR VIDYALAYA,CLU3600553,SILLOD,,4,7,148,78,70,0,0.9,47.3,0.0,0,37,111,0,,,,
27190613463,SINDHU MEMORIAL HIGH SCHHOL SILLOD,CLU3600546,SILLOD,,55,7,139,75,64,0,0.85,46.04,0.0,0,46,93,0,,,,
27190613455,SINDHU MEMORIAL PS SCH SILLOD,CLU3600546,SILLOD,,55,2,396,240,156,0,0.65,39.39,0.0,254,142,0,0,,,,
27190613453,SPARKAL ENG SCH SILLOD,CLU3600546,SILLOD,,27,2,110,57,53,0,0.93,48.18,0.0,87,23,0,0,,,,
27190613488,SUNRISE ENGLISH PRIMARY SCHOOL SILLOD,CLU3600546,SILLOD,,27,1,6,2,4,0,2.0,66.67,0.0,3,0,0,0,,,,
27190600620,SUNRISE ENGLISH SCHOOL AMTHANA,CLU3600547,SILLOD,,27,2,255,152,103,0,0.68,40.39,0.0,185,70,0,0,,,,
27190613450,SWA GANGARAMJI MAD VIDYALAYA PIMPALGAON PETH,CLU3600546,SILLOD,,55,7,90,63,27,0,0.43,30.0,0.0,0,0,90,0,,,,
27190613472,SWAMI VIVEKANAND MADHYAMIK VIDYALAY SILLOD,CLU3600546,SILLOD,,27,8,193,126,67,0,0.53,34.72,0.0,0,0,193,0,,,,
27190613219,SWAMI VIVEKANAND PS ENG SC SHIVNA,CLU3600556,SILLOD,,27,3,934,597,337,0,0.56,36.08,0.0,491,225,143,74,,,,
27190602044,SWAMI VIVEKANAND VIDYALAYA BHARADI,CLU3600552,SILLOD,,27,3,557,367,190,0,0.52,34.11,0.0,245,198,114,0,,,,
27190613424,SWAMI VIVEKNAND VID SILLOD,CLU3600546,SILLOD,,27,2,1125,712,413,0,0.58,36.71,0.0,578,547,0,0,,,,
27190604902,Shiv Chatrapati madhyamik Uccha madhymik vidyalay borgaon kasari,CLU3600548,SILLOD,,55,5,255,158,97,0,0.61,38.04,0.0,0,24,102,129,,,,
27190613490,Swami Vivekanand Junior College Sr No 373 Jalgaon Road Sillod dist Aurangabad,,SILLOD,,27,11,0,0,0,0,0.0,0.0,0.0,0,0,0,0,,,,
27190613410,TAKSHASHILA PRIMARY SCHOOL SILLOD,CLU3600546,SILLOD,,4,2,54,38,16,0,0.42,29.63,0.0,40,14,0,0,,,,
27190611902,UNIQUE BRAIN ENGLISH SCHOOL,CLU3600546,SILLOD,,27,2,22,15,7,0,0.47,31.82,0.0,18,4,0,0,,,,
27190600505,URDU HS AMBHAI,CLU3600554,SILLOD,,4,6,389,141,248,0,1.76,63.75,0.0,21,175,193,0,,,,
27190600524,URDU PRIMARY SCHOOL AMBHAI,CLU3600554,SILLOD,,53,1,63,37,26,0,0.7,41.27,0.0,63,0,0,0,,,,
27190609604,URDU PRIMARY SCHOOL NANEGAON TAL SILLOD,CLU3600554,SILLOD,,25,1,43,18,25,0,1.39,58.14,0.0,43,0,0,0,,,,
27190605807,VASANTDADA PATIL HS  SCHOOL HALDA,CLU3600549,SILLOD,,27,11,61,39,22,0,0.56,36.07,0.0,0,0,0,61,,,,
27190605803,VASANTDADA PATIL VID. HALDA,CLU3600549,SILLOD,,4,6,286,141,145,0,1.03,50.7,0.0,32,109,145,0,,,,
27190616702,VASANTRAO NAIK ASHRAM SHALA TANDA SIR,CLU3600554,SILLOD,,42,2,275,157,118,0,0.75,42.91,0.0,171,104,0,0,,,,
27190616703,VASANTRAO NAIK MAD ASH SC TANDASIRSALA,CLU3600554,SILLOD,,4,5,992,561,431,0,0.77,43.45,0.0,0,78,202,712,,,,
27190610018,VENKATESH HIGH SCHOOL & JR COLLEGE NILLOD,CLU3600548,SILLOD,,27,3,309,177,132,0,0.75,42.72,0.0,55,62,59,133,,,,
27190612503,VIDYA VIKAS MADHYAMIK VIDYALAY SAROLA,CLU3600559,SILLOD,,27,8,21,7,14,0,2.0,66.67,0.0,0,0,21,0,,,,
27190613439,VINAYAKRAO PATIL PS SILLOD,CLU3600546,SILLOD,,4,1,87,49,38,0,0.78,43.68,0.0,87,0,0,0,,,,
27190602040,VISHWANATH ENGLISH SCHOOL BHARADI,CLU3600552,SILLOD,,27,1,139,77,62,0,0.81,44.6,0.0,139,0,0,0,,,,
27190600522,WADESHWAR PRATHMIK VIDYA MANDIR,CLU3600554,SILLOD,,27,1,4,4,0,0,0.0,0.0,0.0,4,0,0,0,,,,
27190610811,WONDER KIDS ENGLISH SCHOOL PANWADOD,CLU3600553,SILLOD,,27,1,22,13,9,0,0.69,40.91,0.0,22,0,0,0,,,,
27190607502,YESHWANT UPS ASHRAM SCHOOL KHEDILIHA,CLU3600551,SILLOD,,12,2,1,1,0,0,0.0,0.0,0.0,1,0,0,0,,,,
27190613464,YESHWANTRAO CHAVAN COLLEGE SILLOD,CLU3600546,SILLOD,,4,11,899,500,399,0,0.8,44.38,0.0,0,0,0,899,,,,
27190600623,Z P C P S AMTHANA URDU,CLU3600547,SILLOD,,16,2,74,24,50,0,2.08,67.57,0.0,37,37,0,0,,,,
27190602043,Z P C P S BHARADI URDU,CLU3600552,SILLOD,,16,1,125,61,64,0,1.05,51.2,0.0,125,0,0,0,,,,
27190610812,Z P C P S PANWADOD BK URDU,CLU3600553,SILLOD,,16,1,24,11,13,0,1.18,54.17,0.0,24,0,0,0,,,,
27190600324,Z P CPS AJINTHA URDU,CLU3600557,SILLOD,,16,2,215,82,133,0,1.62,61.86,0.0,153,62,0,0,,,,
27190600525,Z P CPS AMBHAI URDU,CLU3600554,SILLOD,,16,2,337,142,195,0,1.37,57.86,0.0,255,82,0,0,,,,
27190602617,Z P CPS BORGAON BAZAR URDU,CLU3600555,SILLOD,,16,2,194,69,125,0,1.81,64.43,0.0,130,64,0,0,,,,
27190607026,Z P CPS KERHALA URDU,CLU3600558,SILLOD,,16,2,211,65,146,0,2.25,69.19,0.0,132,79,0,0,,,,
27190610213,Z P CPS PALOD URDU,CLU3600551,SILLOD,,16,2,61,29,32,0,1.1,52.46,0.0,44,17,0,0,,,,
27190613222,Z P CPS SHIVNA URDU,CLU3600556,SILLOD,,16,1,334,162,172,0,1.06,51.5,0.0,334,0,0,0,,,,
27190614332,Z P CPS UNDANGAON URDU,CLU3600549,SILLOD,,16,2,231,124,107,0,0.86,46.32,0.0,163,68,0,0,,,,
27190602707,Z P P S BORGAON SARWANI URDU,CLU3600555,SILLOD,,16,2,490,225,265,0,1.18,54.08,0.0,341,149,0,0,,,,
27190603205,Z P P S CHARNER URDU,CLU3600547,SILLOD,,16,2,72,19,53,0,2.79,73.61,0.0,40,32,0,0,,,,
27190603302,Z P P S CHINCHWAN URDU,CLU3600547,SILLOD,,16,1,13,7,6,0,0.86,46.15,0.0,13,0,0,0,,,,
27190604808,Z P P S DONGARGAON URDU,CLU3600559,SILLOD,,16,2,399,164,235,0,1.43,58.9,0.0,287,112,0,0,,,,
27190605403,Z P P S GHATAMBRI URDU,CLU3600554,SILLOD,,16,1,34,6,28,0,4.67,82.35,0.0,34,0,0,0,,,,
27190605313,Z P P S GHATNANDRA URDU,CLU3600547,SILLOD,,16,2,128,63,65,0,1.03,50.78,0.0,108,20,0,0,,,,
27190605503,Z P P S GOLEGAON BK URDU,CLU3600553,SILLOD,,16,2,153,63,90,0,1.43,58.82,0.0,96,57,0,0,,,,
27190605606,Z P P S GOLEGAON KH URDU,CLU3600553,SILLOD,,16,1,16,7,9,0,1.29,56.25,0.0,16,0,0,0,,,,
27190606303,Z P P S JANJALA URDU,CLU3600554,SILLOD,,16,1,31,2,29,0,14.5,93.55,0.0,31,0,0,0,,,,
27190608303,Z P P S MADNI URDU,CLU3600556,SILLOD,,16,2,57,21,36,0,1.71,63.16,0.0,41,16,0,0,,,,
27190608703,Z P P S MANGRUL URDU,CLU3600551,SILLOD,,16,2,41,22,19,0,0.86,46.34,0.0,30,11,0,0,,,,
27190609104,Z P P S MODHA KH URDU,CLU3600546,SILLOD,,16,2,51,15,36,0,2.4,70.59,0.0,38,13,0,0,,,,
27190609605,Z P P S NANEGAON URDU,CLU3600554,SILLOD,,16,2,389,146,243,0,1.66,62.47,0.0,250,139,0,0,,,,
27190610506,Z P P S PALSHI URDU,CLU3600558,SILLOD,,16,2,37,16,21,0,1.31,56.76,0.0,28,9,0,0,,,,
27190611605,Z P P S PIMPALDARI URDU,CLU3600557,SILLOD,,16,2,62,22,40,0,1.82,64.52,0.0,46,16,0,0,,,,
27190613705,Z P P S TANDA BAZAR URDU,CLU3600548,SILLOD,,16,2,85,40,45,0,1.12,52.94,0.0,48,37,0,0,,,,
27190615502,Z P P S WANGI BK URDU,CLU3600552,SILLOD,,16,1,18,6,12,0,2.0,66.67,0.0,18,0,0,0,,,,
27190615603,Z P P S WANGI KH URDU,CLU3600552,SILLOD,,16,2,48,21,27,0,1.29,56.25,0.0,33,15,0,0,,,,
27190610202,ZPPS PALODWASTI,CLU3600551,SILLOD,,16,1,67,43,24,0,0.56,35.82,0.0,67,0,0,0,,,,
27190602029,ZPPSSI ANDHARBANWADI MODHA BK,CLU3600552,SILLOD,,16,1,17,10,7,0,0.7,41.18,0.0,17,0,0,0,,,,
27190600803,ZPPSSI ANDHARI CPS,CLU3600550,SILLOD,,16,1,133,75,58,0,0.77,43.61,0.0,133,0,0,0,,,,
27190607013,ZPPSSI BADAKWASTI,CLU3600558,SILLOD,,16,1,33,17,16,0,0.94,48.48,0.0,33,0,0,0,,,,
27190603702,ZPPSSI BAHIROBAWADI,CLU3600549,SILLOD,,16,1,21,8,13,0,1.62,61.9,0.0,21,0,0,0,,,,
27190602006,ZPPSSI BALAJINAGAR,CLU3600552,SILLOD,,16,1,19,7,12,0,1.71,63.16,0.0,19,0,0,0,,,,
27190601601,ZPPSSI BALAPUR,CLU3600557,SILLOD,,16,1,85,39,46,0,1.18,54.12,0.0,85,0,0,0,,,,
27190614502,ZPPSSI BALDEOWADI WARUD KH,CLU3600546,SILLOD,,16,1,4,0,4,0,4.0,100.0,0.0,4,0,0,0,,,,
27190600813,ZPPSSI BARADWASTI,CLU3600550,SILLOD,,16,1,10,2,8,0,4.0,80.0,0.0,10,0,0,0,,,,
27190604702,ZPPSSI BHAGWATWASTI,CLU3600555,SILLOD,,16,1,13,5,8,0,1.6,61.54,0.0,13,0,0,0,,,,
27190602001,ZPPSSI BHARADI CPS,CLU3600552,SILLOD,,16,1,105,62,43,0,0.69,40.95,0.0,105,0,0,0,,,,
27190602101,ZPPSSI BHAVAN,CLU3600546,SILLOD,,16,1,150,84,66,0,0.79,44.0,0.0,150,0,0,0,,,,
27190608603,ZPPSSI BHAVSINGWADI,CLU3600549,SILLOD,,16,1,36,20,16,0,0.8,44.44,0.0,36,0,0,0,,,,
27190600806,ZPPSSI BHAWANINAGAR,CLU3600550,SILLOD,,16,1,44,19,25,0,1.32,56.82,0.0,44,0,0,0,,,,
27190613211,ZPPSSI BHOPLEWADI,CLU3600556,SILLOD,,16,1,11,6,5,0,0.83,45.45,0.0,11,0,0,0,,,,
27190613209,ZPPSSI BIBADWADI,CLU3600556,SILLOD,,16,1,3,3,0,0,0.0,0.0,0.0,3,0,0,0,,,,
27190602014,ZPPSSI BIROBA WASTI,CLU3600552,SILLOD,,16,1,22,10,12,0,1.2,54.55,0.0,22,0,0,0,,,,
27190603001,ZPPSSI BOJGAON,CLU3600554,SILLOD,,16,1,18,7,11,0,1.57,61.11,0.0,18,0,0,0,,,,
27190602704,ZPPSSI BORGAONWADI,CLU3600555,SILLOD,,16,1,12,7,5,0,0.71,41.67,0.0,12,0,0,0,,,,
27190605707,ZPPSSI CHAWDI BARAD,CLU3600549,SILLOD,,16,1,35,16,19,0,1.19,54.29,0.0,35,0,0,0,,,,
27190603402,ZPPSSI CHINCHKHEDA WASTI,CLU3600558,SILLOD,,16,1,20,12,8,0,0.67,40.0,0.0,20,0,0,0,,,,
27190601005,ZPPSSI CHINCHOLAWASTI ANVI,CLU3600559,SILLOD,,16,1,23,10,13,0,1.3,56.52,0.0,23,0,0,0,,,,
27190603502,ZPPSSI CHINCHPUR NAVE,CLU3600551,SILLOD,,16,1,17,11,6,0,0.55,35.29,0.0,17,0,0,0,,,,
27190610007,ZPPSSI DABHADEWADI KAYGAON,CLU3600548,SILLOD,,16,1,18,11,7,0,0.64,38.89,0.0,18,0,0,0,,,,
27190603701,ZPPSSI DAKLA,CLU3600549,SILLOD,,16,1,32,13,19,0,1.46,59.38,0.0,32,0,0,0,,,,
27190600508,ZPPSSI DANGACHA MALA,CLU3600554,SILLOD,,16,1,29,17,12,0,0.71,41.38,0.0,29,0,0,0,,,,
27190610207,ZPPSSI DATTAWADI PALOD,CLU3600551,SILLOD,,16,1,22,9,13,0,1.44,59.09,0.0,22,0,0,0,,,,
27190614002,ZPPSSI DEREWADI,CLU3600550,SILLOD,,16,1,6,4,2,0,0.5,33.33,0.0,6,0,0,0,,,,
27190604501,ZPPSSI DEULGAON BAZAR,CLU3600555,SILLOD,,16,1,45,19,26,0,1.37,57.78,0.0,45,0,0,0,,,,
27190604601,ZPPSSI DEULGAONWADI,CLU3600555,SILLOD,,16,1,27,12,15,0,1.25,55.56,0.0,27,0,0,0,,,,
27190604301,ZPPSSI DHAMNI,CLU3600552,SILLOD,,16,1,33,15,18,0,1.2,54.55,0.0,33,0,0,0,,,,
27190602902,ZPPSSI DHANGARWADI BORGAON,CLU3600548,SILLOD,,16,1,15,10,5,0,0.5,33.33,0.0,15,0,0,0,,,,
27190607903,ZPPSSI DHANGARWADI KERHALA,CLU3600558,SILLOD,,16,1,20,10,10,0,1.0,50.0,0.0,20,0,0,0,,,,
27190613804,ZPPSSI DHANGARWADI TAKLI,CLU3600548,SILLOD,,16,1,18,11,7,0,0.64,38.89,0.0,18,0,0,0,,,,
27190604101,ZPPSSI DHARLA,CLU3600547,SILLOD,,16,1,66,32,34,0,1.06,51.52,0.0,66,0,0,0,,,,
27190602015,ZPPSSI DHOBIGHAT,CLU3600552,SILLOD,,16,1,12,4,8,0,2.0,66.67,0.0,12,0,0,0,,,,
27190604701,ZPPSSI DOIPHODA,CLU3600555,SILLOD,,16,1,9,3,6,0,2.0,66.67,0.0,9,0,0,0,,,,
27190610017,ZPPSSI GANESHWADI KAYGAON,CLU3600548,SILLOD,,16,1,23,15,8,0,0.53,34.78,0.0,23,0,0,0,,,,
27190611502,ZPPSSI GANESHWADI PIMPALGAON PETH,CLU3600546,SILLOD,,16,1,10,6,4,0,0.67,40.0,0.0,10,0,0,0,,,,
27190602025,ZPPSSI GAYRANWADI,CLU3600552,SILLOD,,16,1,21,11,10,0,0.91,47.62,0.0,21,0,0,0,,,,
27190605601,ZPPSSI GOLEGAON KH,CLU3600553,SILLOD,,16,1,66,42,24,0,0.57,36.36,0.0,66,0,0,0,,,,
27190600810,ZPPSSI GOPALMALA,CLU3600550,SILLOD,,16,1,13,5,8,0,1.6,61.54,0.0,13,0,0,0,,,,
27190614102,ZPPSSI GURUDATTAWADI,CLU3600547,SILLOD,,16,1,21,12,9,0,0.75,42.86,0.0,21,0,0,0,,,,
27190607017,ZPPSSI HADOLEWASTI KERHALA,CLU3600558,SILLOD,,16,1,12,5,7,0,1.4,58.33,0.0,12,0,0,0,,,,
27190610208,ZPPSSI HASEWADI MANGROOL,CLU3600551,SILLOD,,16,1,14,8,6,0,0.75,42.86,0.0,14,0,0,0,,,,
27190607601,ZPPSSI HATTI PHATA,CLU3600549,SILLOD,,16,1,31,12,19,0,1.58,61.29,0.0,31,0,0,0,,,,
27190613216,ZPPSSI IDGAHWADI M,CLU3600556,SILLOD,,16,1,21,11,10,0,0.91,47.62,0.0,21,0,0,0,,,,
27190613212,ZPPSSI IDGAHWADI U,CLU3600556,SILLOD,,16,1,23,10,13,0,1.3,56.52,0.0,23,0,0,0,,,,
27190610805,ZPPSSI IJALAPURWADI,CLU3600553,SILLOD,,16,1,22,10,12,0,1.2,54.55,0.0,22,0,0,0,,,,
27190617204,ZPPSSI INAMWASTI RELGAON,CLU3600554,SILLOD,,16,1,28,11,17,0,1.55,60.71,0.0,28,0,0,0,,,,
27190600312,ZPPSSI INDIRANAGAR M,CLU3600557,SILLOD,,16,1,60,42,18,0,0.43,30.0,0.0,60,0,0,0,,,,
27190600313,ZPPSSI INDIRANAGAR U,CLU3600557,SILLOD,,16,2,264,107,157,0,1.47,59.47,0.0,196,68,0,0,,,,
27190600509,ZPPSSI JADHAVWADI,CLU3600554,SILLOD,,16,1,12,7,5,0,0.71,41.67,0.0,12,0,0,0,,,,
27190600815,ZPPSSI JHADIWASTI,CLU3600550,SILLOD,,16,2,125,67,58,0,0.87,46.4,0.0,77,48,0,0,,,,
27190603203,ZPPSSI JOGESHWARI WASTI,CLU3600547,SILLOD,,16,1,9,6,3,0,0.5,33.33,0.0,9,0,0,0,,,,
27190608003,ZPPSSI JUNA PANI LIHAKHEDI,CLU3600551,SILLOD,,16,1,13,6,7,0,1.17,53.85,0.0,13,0,0,0,,,,
27190602027,ZPPSSI KALEWADI,CLU3600552,SILLOD,,16,1,18,6,12,0,2.0,66.67,0.0,18,0,0,0,,,,
27190614309,ZPPSSI KANHOBAWADI,CLU3600549,SILLOD,,16,1,33,20,13,0,0.65,39.39,0.0,33,0,0,0,,,,
27190602605,ZPPSSI KHANDOBAWADI,CLU3600555,SILLOD,,16,1,36,17,19,0,1.12,52.78,0.0,36,0,0,0,,,,
27190607019,ZPPSSI KHORAWADI PALSHI,CLU3600558,SILLOD,,16,1,15,7,8,0,1.14,53.33,0.0,15,0,0,0,,,,
27190602019,ZPPSSI KOLIWADI BHARADI,CLU3600552,SILLOD,,16,1,9,3,6,0,2.0,66.67,0.0,9,0,0,0,,,,
27190605307,ZPPSSI KOLIWADI GHATNANDRA,CLU3600547,SILLOD,,16,1,17,6,11,0,1.83,64.71,0.0,17,0,0,0,,,,
27190617301,ZPPSSI KORHALA,CLU3600547,SILLOD,,16,1,53,26,27,0,1.04,50.94,0.0,53,0,0,0,,,,
27190604803,ZPPSSI KOTHALWADI,CLU3600559,SILLOD,,16,1,10,6,4,0,0.67,40.0,0.0,10,0,0,0,,,,
27190602604,ZPPSSI KOTNANDRAWADI,CLU3600555,SILLOD,,16,1,13,10,3,0,0.3,23.08,0.0,13,0,0,0,,,,
27190602032,ZPPSSI KURANWADI SISARKHEDA,CLU3600552,SILLOD,,16,1,11,6,5,0,0.83,45.45,0.0,11,0,0,0,,,,
27190608202,ZPPSSI LAXMINAGAR,CLU3600550,SILLOD,,16,1,18,13,5,0,0.38,27.78,0.0,18,0,0,0,,,,
27190602702,ZPPSSI LODHAWALWADI,CLU3600555,SILLOD,,16,1,21,12,9,0,0.75,42.86,0.0,21,0,0,0,,,,
27190602022,ZPPSSI MADHYAMELWADI,CLU3600552,SILLOD,,16,1,7,5,2,0,0.4,28.57,0.0,7,0,0,0,,,,
27190614306,ZPPSSI MAHADEVWADI MANDNA,CLU3600549,SILLOD,,16,1,11,6,5,0,0.83,45.45,0.0,11,0,0,0,,,,
27190610206,ZPPSSI MALHARWADI PALOD,CLU3600551,SILLOD,,16,1,15,7,8,0,1.14,53.33,0.0,15,0,0,0,,,,
27190612003,ZPPSSI MALHARWADI RAHIMABAD,CLU3600559,SILLOD,,16,1,4,3,1,0,0.33,25.0,0.0,4,0,0,0,,,,
27190613456,ZPPSSI MALWADI BHAVAN,CLU3600546,SILLOD,,16,1,15,11,4,0,0.36,26.67,0.0,15,0,0,0,,,,
27190613102,ZPPSSI MEWATNAGAR SHEKHPUR,CLU3600554,SILLOD,,16,1,22,7,15,0,2.14,68.18,0.0,22,0,0,0,,,,
27190609301,ZPPSSI MHASLA KH,CLU3600550,SILLOD,,16,1,20,11,9,0,0.82,45.0,0.0,20,0,0,0,,,,
27190606202,ZPPSSI MHASOBANAGAR JAMBHAI,CLU3600554,SILLOD,,16,1,19,6,13,0,2.17,68.42,0.0,19,0,0,0,,,,
27190609102,ZPPSSI MODHAWADI,CLU3600546,SILLOD,,16,1,24,16,8,0,0.5,33.33,0.0,24,0,0,0,,,,
27190608901,ZPPSSI MOHAL,CLU3600549,SILLOD,,16,1,63,33,30,0,0.91,47.62,0.0,63,0,0,0,,,,
27190601004,ZPPSSI MOHANDARIWASTI ANVI,CLU3600559,SILLOD,,16,1,20,9,11,0,1.22,55.0,0.0,20,0,0,0,,,,
27190602024,ZPPSSI MOHOMBAWADI,CLU3600552,SILLOD,,16,1,9,4,5,0,1.25,55.56,0.0,9,0,0,0,,,,
27190610010,ZPPSSI MUKUNDWADI,CLU3600548,SILLOD,,16,1,10,4,6,0,1.5,60.0,0.0,10,0,0,0,,,,
27190605804,ZPPSSI NAVNATHWADI HALDA,CLU3600549,SILLOD,,16,1,19,12,7,0,0.58,36.84,0.0,19,0,0,0,,,,
27190607004,ZPPSSI NIKAMWASTI,CLU3600558,SILLOD,,16,1,15,9,6,0,0.67,40.0,0.0,15,0,0,0,,,,
27190610001,ZPPSSI NILLOD CPS,CLU3600548,SILLOD,,16,1,97,44,53,0,1.2,54.64,0.0,97,0,0,0,,,,
27190607010,ZPPSSI PABALWADI KERHALA,CLU3600558,SILLOD,,16,1,19,11,8,0,0.73,42.11,0.0,19,0,0,0,,,,
27190600811,ZPPSSI PACHONDAWASTI,CLU3600550,SILLOD,,16,1,10,5,5,0,1.0,50.0,0.0,10,0,0,0,,,,
27190602609,ZPPSSI PAKALWADI,CLU3600555,SILLOD,,16,1,16,9,7,0,0.78,43.75,0.0,16,0,0,0,,,,
27190602012,ZPPSSI PALSHAMAL,CLU3600552,SILLOD,,16,1,15,8,7,0,0.88,46.67,0.0,15,0,0,0,,,,
27190605603,ZPPSSI PANAS,CLU3600553,SILLOD,,16,1,27,16,11,0,0.69,40.74,0.0,27,0,0,0,,,,
27190610801,ZPPSSI PANWADOD BK CPS,CLU3600553,SILLOD,,16,1,128,68,60,0,0.88,46.88,0.0,128,0,0,0,,,,
27190610808,ZPPSSI PANWADOD KHURDWADI,CLU3600553,SILLOD,,16,1,11,5,6,0,1.2,54.55,0.0,11,0,0,0,,,,
27190607014,ZPPSSI PARDESHIWADI,CLU3600558,SILLOD,,16,1,16,11,5,0,0.45,31.25,0.0,16,0,0,0,,,,
27190617203,ZPPSSI PARDESHIWADI RELGAON,CLU3600554,SILLOD,,16,1,23,14,9,0,0.64,39.13,0.0,23,0,0,0,,,,
27190602013,ZPPSSI PAZAR TALAV,CLU3600552,SILLOD,,16,1,13,8,5,0,0.62,38.46,0.0,13,0,0,0,,,,
27190611201,ZPPSSI PIMPRI,CLU3600546,SILLOD,,16,2,171,76,95,0,1.25,55.56,0.0,119,52,0,0,,,,
27190602023,ZPPSSI PIRACHI WADI,CLU3600552,SILLOD,,16,1,12,5,7,0,1.4,58.33,0.0,12,0,0,0,,,,
27190611505,ZPPSSI PIRWADI,CLU3600546,SILLOD,,16,1,21,15,6,0,0.4,28.57,0.0,21,0,0,0,,,,
27190612401,ZPPSSI PIRWADI SASURWADA,CLU3600549,SILLOD,,16,1,25,13,12,0,0.92,48.0,0.0,25,0,0,0,,,,
27190611503,ZPPSSI PURNANAGAR,CLU3600546,SILLOD,,16,1,26,14,12,0,0.86,46.15,0.0,26,0,0,0,,,,
27190604003,ZPPSSI PURNAWADI DHANORA,CLU3600552,SILLOD,,16,1,20,11,9,0,0.82,45.0,0.0,20,0,0,0,,,,
27190600801,ZPPSSI RAJIVNAGAR,CLU3600550,SILLOD,,16,1,21,16,5,0,0.31,23.81,0.0,21,0,0,0,,,,
27190614319,ZPPSSI RAMKUNDWADI,CLU3600549,SILLOD,,16,1,34,21,13,0,0.62,38.24,0.0,34,0,0,0,,,,
27190612602,ZPPSSI RANMALA SAWKHEDA BK,CLU3600555,SILLOD,,16,1,3,1,2,0,2.0,66.67,0.0,3,0,0,0,,,,
27190606905,ZPPSSI SAPKALWADI KELGAON,CLU3600547,SILLOD,,16,1,11,4,7,0,1.75,63.64,0.0,11,0,0,0,,,,
27190607020,ZPPSSI SAPKALWADI PALSHI,CLU3600558,SILLOD,,16,1,5,2,3,0,1.5,60.0,0.0,5,0,0,0,,,,
27190612801,ZPPSSI SARATI,CLU3600557,SILLOD,,16,1,20,6,14,0,2.33,70.0,0.0,20,0,0,0,,,,
27190612402,ZPPSSI SASURWADA,CLU3600549,SILLOD,,16,1,33,11,22,0,2.0,66.67,0.0,33,0,0,0,,,,
27190613210,ZPPSSI SATI AAIWADI,CLU3600556,SILLOD,,16,1,8,4,4,0,1.0,50.0,0.0,8,0,0,0,,,,
27190603802,ZPPSSI SATIAIWADI (DIGRAS),CLU3600557,SILLOD,,16,1,6,2,4,0,2.0,66.67,0.0,6,0,0,0,,,,
27190607005,ZPPSSI SATWAIWADI PALSHI,CLU3600558,SILLOD,,16,1,19,7,12,0,1.71,63.16,0.0,19,0,0,0,,,,
27190600802,ZPPSSI SAVTANAGAR,CLU3600550,SILLOD,,16,1,30,16,14,0,0.88,46.67,0.0,30,0,0,0,,,,
27190614311,ZPPSSI SHEKHNATTUWADI,CLU3600549,SILLOD,,16,1,30,20,10,0,0.5,33.33,0.0,30,0,0,0,,,,
27190613103,ZPPSSI SHEKHPUR,CLU3600554,SILLOD,,16,1,51,25,26,0,1.04,50.98,0.0,51,0,0,0,,,,
27190604005,ZPPSSI SHIVESHWAR WADI,CLU3600552,SILLOD,,16,1,26,13,13,0,1.0,50.0,0.0,26,0,0,0,,,,
27190613204,ZPPSSI SHIVNAWADI,CLU3600556,SILLOD,,16,1,31,17,14,0,0.82,45.16,0.0,31,0,0,0,,,,
27190611504,ZPPSSI SHIVWADI PIMPALGAON PETH,CLU3600546,SILLOD,,16,1,19,8,11,0,1.38,57.89,0.0,19,0,0,0,,,,
27190614504,ZPPSSI SHRIKRUSHNAWADI WARUD KH,CLU3600546,SILLOD,,16,1,10,5,5,0,1.0,50.0,0.0,10,0,0,0,,,,
27190611602,ZPPSSI SIDDHESHWAR NAGAR,CLU3600557,SILLOD,,16,1,19,9,10,0,1.11,52.63,0.0,19,0,0,0,,,,
27190607009,ZPPSSI TAKAWASTI KERHALA,CLU3600558,SILLOD,,16,1,10,3,7,0,2.33,70.0,0.0,10,0,0,0,,,,
27190613208,ZPPSSI TAKAWASTI SHIVNA,CLU3600556,SILLOD,,16,1,30,17,13,0,0.76,43.33,0.0,30,0,0,0,,,,
27190614101,ZPPSSI TALNI,CLU3600547,SILLOD,,16,1,45,25,20,0,0.8,44.44,0.0,45,0,0,0,,,,
27190606903,ZPPSSI TANDA ADHARWADI,CLU3600547,SILLOD,,16,1,29,16,13,0,0.81,44.83,0.0,29,0,0,0,,,,
27190600805,ZPPSSI TAPOWANWADI ANDHARI,CLU3600550,SILLOD,,16,1,24,11,13,0,1.18,54.17,0.0,24,0,0,0,,,,
27190610504,ZPPSSI TAPOWANWASTI,CLU3600558,SILLOD,,16,1,10,7,3,0,0.43,30.0,0.0,10,0,0,0,,,,
27190602021,ZPPSSI UMRYAMAL WADI,CLU3600552,SILLOD,,16,1,18,9,9,0,1.0,50.0,0.0,18,0,0,0,,,,
27190613302,ZPPSSI WADARWADI SHINDEPHAL,CLU3600547,SILLOD,,16,1,21,9,12,0,1.33,57.14,0.0,21,0,0,0,,,,
27190606902,ZPPSSI WADI KORHALA,CLU3600547,SILLOD,,16,1,33,17,16,0,0.94,48.48,0.0,33,0,0,0,,,,
27190614702,ZPPSSI WASAI WADI,CLU3600549,SILLOD,,16,1,28,15,13,0,0.87,46.43,0.0,28,0,0,0,,,,
27190603201,ZPPtoSSI CHARNER WADI,CLU3600547,SILLOD,,16,1,24,11,13,0,1.18,54.17,0.0,24,0,0,0,,,,
27190605303,ZPPtoSSI GHATNANDRA H S,CLU3600547,SILLOD,,16,6,178,102,76,0,0.75,42.7,0.0,7,46,125,0,,,,
27190609201,ZPPtoSSI MHASLA BK,CLU3600550,SILLOD,,16,2,135,61,74,0,1.21,54.81,0.0,83,52,0,0,,,,
27190614323,ZPPtoSSI UNDANGAON H S,CLU3600549,SILLOD,,16,6,180,93,87,0,0.94,48.33,0.0,16,76,88,0,,,,
27190600302,ZPUPSSI AJINTHA CPS,CLU3600557,SILLOD,,16,1,94,66,28,0,0.42,29.79,0.0,94,0,0,0,,,,
27190600501,ZPUPSSI AMBHAI CPS,CLU3600554,SILLOD,,16,2,216,129,87,0,0.67,40.28,0.0,216,0,0,0,,,,
27190601101,ZPUPSSI AMSARI,CLU3600556,SILLOD,,16,2,158,68,90,0,1.32,56.96,0.0,88,70,0,0,,,,
27190600601,ZPUPSSI AMTHANA CPS,CLU3600547,SILLOD,,16,2,55,30,25,0,0.83,45.45,0.0,42,13,0,0,,,,
27190600701,ZPUPSSI ANAD,CLU3600557,SILLOD,,16,2,116,52,64,0,1.23,55.17,0.0,84,32,0,0,,,,
27190601001,ZPUPSSI ANVI,CLU3600559,SILLOD,,16,2,146,72,74,0,1.03,50.68,0.0,104,42,0,0,,,,
27190600901,ZPUPSSI ASADI,CLU3600559,SILLOD,,16,2,175,90,85,0,0.94,48.57,0.0,107,68,0,0,,,,
27190616301,ZPUPSSI BABHULGAON,CLU3600548,SILLOD,,16,1,28,14,14,0,1.0,50.0,0.0,28,0,0,0,,,,
27190602401,ZPUPSSI BAHULI,CLU3600549,SILLOD,,16,1,23,12,11,0,0.92,47.83,0.0,23,0,0,0,,,,
27190617001,ZPUPSSI BANKINHOLA,CLU3600548,SILLOD,,16,2,76,41,35,0,0.85,46.05,0.0,55,21,0,0,,,,
27190601901,ZPUPSSI BHAIGAON,CLU3600548,SILLOD,,16,1,21,13,8,0,0.62,38.1,0.0,21,0,0,0,,,,
27190610008,ZPUPSSI BHAMWASTI,CLU3600548,SILLOD,,16,1,26,15,11,0,0.73,42.31,0.0,26,0,0,0,,,,
27190613806,ZPUPSSI BHANUSEWASTI,CLU3600548,SILLOD,,16,1,13,7,6,0,0.86,46.15,0.0,13,0,0,0,,,,
27190602501,ZPUPSSI BODHWAD,CLU3600557,SILLOD,,16,2,68,30,38,0,1.27,55.88,0.0,48,20,0,0,,,,
27190602601,ZPUPSSI BORGAON BAZAR CPS,CLU3600555,SILLOD,,16,2,134,74,60,0,0.81,44.78,0.0,87,47,0,0,,,,
27190602901,ZPUPSSI BORGAON KASARI,CLU3600548,SILLOD,,16,2,147,67,80,0,1.19,54.42,0.0,90,57,0,0,,,,
27190602701,ZPUPSSI BORGAON SARWANI,CLU3600555,SILLOD,,16,2,40,26,14,0,0.54,35.0,0.0,40,0,0,0,,,,
27190603101,ZPUPSSI CHANDAPUR,CLU3600551,SILLOD,,16,2,63,31,32,0,1.03,50.79,0.0,44,19,0,0,,,,
27190603202,ZPUPSSI CHARNER,CLU3600547,SILLOD,,16,2,102,55,47,0,0.85,46.08,0.0,72,30,0,0,,,,
27190603401,ZPUPSSI CHINCHKHEDA,CLU3600558,SILLOD,,16,2,26,12,14,0,1.17,53.85,0.0,26,0,0,0,,,,
27190603501,ZPUPSSI CHINCHPUR,CLU3600551,SILLOD,,16,2,63,32,31,0,0.97,49.21,0.0,33,30,0,0,,,,
27190603301,ZPUPSSI CHINCHWAN,CLU3600547,SILLOD,,16,2,100,48,52,0,1.08,52.0,0.0,65,35,0,0,,,,
27190603601,ZPUPSSI DAHIGAON,CLU3600559,SILLOD,,16,2,52,21,31,0,1.48,59.62,0.0,37,15,0,0,,,,
27190604001,ZPUPSSI DHANORA,CLU3600552,SILLOD,,16,2,89,46,43,0,0.93,48.31,0.0,59,30,0,0,,,,
27190604401,ZPUPSSI DHAWDA,CLU3600547,SILLOD,,16,2,101,50,51,0,1.02,50.5,0.0,67,34,0,0,,,,
27190604201,ZPUPSSI DHOTRA,CLU3600553,SILLOD,,16,2,163,97,66,0,0.68,40.49,0.0,95,68,0,0,,,,
27190603901,ZPUPSSI DIDGAON,CLU3600555,SILLOD,,16,2,47,19,28,0,1.47,59.57,0.0,33,14,0,0,,,,
27190603801,ZPUPSSI DIGRAS,CLU3600557,SILLOD,,16,2,175,93,82,0,0.88,46.86,0.0,92,83,0,0,,,,
27190613805,ZPUPSSI FUKEWADI TAKLI,CLU3600548,SILLOD,,16,1,19,11,8,0,0.73,42.11,0.0,19,0,0,0,,,,
27190610003,ZPUPSSI GAJANAN NAGAR NILLOD,CLU3600548,SILLOD,,16,1,29,15,14,0,0.93,48.28,0.0,29,0,0,0,,,,
27190607012,ZPUPSSI GANESHPANDHRI,CLU3600558,SILLOD,,16,1,13,3,10,0,3.33,76.92,0.0,13,0,0,0,,,,
27190610006,ZPUPSSI GANESHWADI NILLOD,CLU3600548,SILLOD,,16,1,34,16,18,0,1.12,52.94,0.0,34,0,0,0,,,,
27190604901,ZPUPSSI GAWHALI,CLU3600548,SILLOD,,16,2,141,68,73,0,1.07,51.77,0.0,83,58,0,0,,,,
27190605001,ZPUPSSI GEORAI SHEMI,CLU3600548,SILLOD,,16,2,87,42,45,0,1.07,51.72,0.0,48,39,0,0,,,,
27190605401,ZPUPSSI GHATAMBRI,CLU3600554,SILLOD,,16,2,321,160,161,0,1.01,50.16,0.0,209,112,0,0,,,,
27190605301,ZPUPSSI GHATNANDRA,CLU3600547,SILLOD,,16,1,56,27,29,0,1.07,51.79,0.0,56,0,0,0,,,,
27190615403,ZPUPSSI GHATTHADI WASTI,CLU3600552,SILLOD,,16,1,11,2,9,0,4.5,81.82,0.0,11,0,0,0,,,,
27190606906,ZPUPSSI GOKULWADI,CLU3600547,SILLOD,,16,1,12,5,7,0,1.4,58.33,0.0,12,0,0,0,,,,
27190605501,ZPUPSSI GOLEGAON BK,CLU3600553,SILLOD,,16,2,129,68,61,0,0.9,47.29,0.0,79,50,0,0,,,,
27190605802,ZPUPSSI HALDA,CLU3600549,SILLOD,,16,2,362,178,184,0,1.03,50.83,0.0,235,127,0,0,,,,
27190607011,ZPUPSSI HANUMANWADI KERHALA,CLU3600558,SILLOD,,16,1,8,4,4,0,1.0,50.0,0.0,8,0,0,0,,,,
27190606907,ZPUPSSI HANUMANWADI KORHALA,CLU3600547,SILLOD,,16,1,12,4,8,0,2.0,66.67,0.0,12,0,0,0,,,,
27190605702,ZPUPSSI HATTI,CLU3600549,SILLOD,,16,2,73,30,43,0,1.43,58.9,0.0,69,4,0,0,,,,
27190602008,ZPUPSSI ISHWARWADI,CLU3600552,SILLOD,,16,1,11,7,4,0,0.57,36.36,0.0,11,0,0,0,,,,
27190606501,ZPUPSSI JALKI,CLU3600549,SILLOD,,16,2,219,103,116,0,1.13,52.97,0.0,149,70,0,0,,,,
27190605901,ZPUPSSI JALKI BAZAR,CLU3600556,SILLOD,,16,2,104,42,62,0,1.48,59.62,0.0,94,10,0,0,,,,
27190606002,ZPUPSSI JALKI GHAT,CLU3600554,SILLOD,,16,1,32,14,18,0,1.29,56.25,0.0,32,0,0,0,,,,
27190606201,ZPUPSSI JAMBHAI,CLU3600554,SILLOD,,16,2,113,41,72,0,1.76,63.72,0.0,59,54,0,0,,,,
27190606301,ZPUPSSI JANJALA,CLU3600554,SILLOD,,16,1,62,40,22,0,0.55,35.48,0.0,62,0,0,0,,,,
27190604002,ZPUPSSI KAKDEWADI,CLU3600552,SILLOD,,16,2,29,17,12,0,0.71,41.38,0.0,17,12,0,0,,,,
27190606602,ZPUPSSI KASOD,CLU3600552,SILLOD,,16,2,123,61,62,0,1.02,50.41,0.0,61,62,0,0,,,,
27190606801,ZPUPSSI KAYGAON,CLU3600548,SILLOD,,16,2,96,47,49,0,1.04,51.04,0.0,66,30,0,0,,,,
27190610804,ZPUPSSI KAZIPURA,CLU3600553,SILLOD,,16,2,26,18,8,0,0.44,30.77,0.0,18,8,0,0,,,,
27190606901,ZPUPSSI KELGAON,CLU3600547,SILLOD,,16,2,249,115,134,0,1.17,53.82,0.0,139,110,0,0,,,,
27190607001,ZPUPSSI KERHALA CPS,CLU3600558,SILLOD,,16,2,547,316,231,0,0.73,42.23,0.0,314,233,0,0,,,,
27190607202,ZPUPSSI KHANDALA,CLU3600553,SILLOD,,16,2,106,46,60,0,1.3,56.6,0.0,73,33,0,0,,,,
27190607401,ZPUPSSI KHATKHEDA,CLU3600555,SILLOD,,16,2,42,19,23,0,1.21,54.76,0.0,31,11,0,0,,,,
27190607501,ZPUPSSI KHEDI LIHA,CLU3600551,SILLOD,,16,2,83,37,46,0,1.24,55.42,0.0,65,18,0,0,,,,
27190613413,ZPUPSSI KHODKAIWADI,CLU3600546,SILLOD,,16,1,36,15,21,0,1.4,58.33,0.0,36,0,0,0,,,,
27190607602,ZPUPSSI KHULLOD,CLU3600549,SILLOD,,16,2,189,82,107,0,1.3,56.61,0.0,125,64,0,0,,,,
27190607801,ZPUPSSI KHUPTA JUNA,CLU3600556,SILLOD,,16,1,14,8,6,0,0.75,42.86,0.0,14,0,0,0,,,,
27190607701,ZPUPSSI KHUPTA NAVA,CLU3600556,SILLOD,,16,2,110,46,64,0,1.39,58.18,0.0,67,43,0,0,,,,
27190607101,ZPUPSSI KOTNANDRA,CLU3600555,SILLOD,,16,2,144,74,70,0,0.95,48.61,0.0,90,54,0,0,,,,
27190608001,ZPUPSSI LIHA KHEDI,CLU3600551,SILLOD,,16,2,159,78,81,0,1.04,50.94,0.0,93,66,0,0,,,,
27190608201,ZPUPSSI LONWADI,CLU3600550,SILLOD,,16,2,128,62,66,0,1.06,51.56,0.0,76,52,0,0,,,,
27190608302,ZPUPSSI MADNI,CLU3600556,SILLOD,,16,2,175,68,107,0,1.57,61.14,0.0,136,39,0,0,,,,
27190608501,ZPUPSSI MANDGAON,CLU3600550,SILLOD,,16,2,63,34,29,0,0.85,46.03,0.0,33,30,0,0,,,,
27190608601,ZPUPSSI MANDNA,CLU3600549,SILLOD,,16,2,165,71,94,0,1.32,56.97,0.0,110,55,0,0,,,,
27190608701,ZPUPSSI MANGRUL,CLU3600551,SILLOD,,16,2,178,91,87,0,0.96,48.88,0.0,118,60,0,0,,,,
27190607016,ZPUPSSI MAYAMBAWASTI PALSHI,CLU3600558,SILLOD,,16,1,30,17,13,0,0.76,43.33,0.0,30,0,0,0,,,,
27190607015,ZPUPSSI MEHERWASTI PALSHI,CLU3600558,SILLOD,,16,1,9,5,4,0,0.8,44.44,0.0,9,0,0,0,,,,
27190609001,ZPUPSSI MODHA BK,CLU3600552,SILLOD,,16,2,209,105,104,0,0.99,49.76,0.0,124,85,0,0,,,,
27190609101,ZPUPSSI MODHA KH,CLU3600546,SILLOD,,16,2,128,58,70,0,1.21,54.69,0.0,79,49,0,0,,,,
27190604904,ZPUPSSI MORWADI GAVHALI,CLU3600548,SILLOD,,16,1,35,17,18,0,1.06,51.43,0.0,35,0,0,0,,,,
27190600309,ZPUPSSI MUKPATH,CLU3600557,SILLOD,,16,2,47,13,34,0,2.62,72.34,0.0,33,14,0,0,,,,
27190606909,ZPUPSSI MURDHESHWAR WASTI,CLU3600547,SILLOD,,16,1,13,3,10,0,3.33,76.92,0.0,13,0,0,0,,,,
27190609602,ZPUPSSI NANEGAON,CLU3600554,SILLOD,,16,2,121,91,30,0,0.33,24.79,0.0,121,0,0,0,,,,
27190609701,ZPUPSSI NATVI,CLU3600556,SILLOD,,16,1,28,10,18,0,1.8,64.29,0.0,28,0,0,0,,,,
27190610201,ZPUPSSI PALOD CPS,CLU3600551,SILLOD,,16,2,100,49,51,0,1.04,51.0,0.0,100,0,0,0,,,,
27190610203,ZPUPSSI PALODWADI,CLU3600551,SILLOD,,16,1,21,10,11,0,1.1,52.38,0.0,21,0,0,0,,,,
27190610501,ZPUPSSI PALSHI,CLU3600558,SILLOD,,16,2,101,53,48,0,0.91,47.52,0.0,71,30,0,0,,,,
27190610401,ZPUPSSI PANGRI,CLU3600554,SILLOD,,16,2,189,94,95,0,1.01,50.26,0.0,107,82,0,0,,,,
27190610901,ZPUPSSI PANWADOD KH,CLU3600553,SILLOD,,16,2,42,14,28,0,2.0,66.67,0.0,24,18,0,0,,,,
27190617101,ZPUPSSI PENDGAON,CLU3600547,SILLOD,,16,2,109,52,57,0,1.1,52.29,0.0,64,45,0,0,,,,
27190611601,ZPUPSSI PIMPALDARI,CLU3600557,SILLOD,,16,2,151,75,76,0,1.01,50.33,0.0,108,43,0,0,,,,
27190611401,ZPUPSSI PIMPALGAON GHAT,CLU3600554,SILLOD,,16,2,89,45,44,0,0.98,49.44,0.0,66,23,0,0,,,,
27190611501,ZPUPSSI PIMPALGAON PETH,CLU3600546,SILLOD,,16,2,123,60,63,0,1.05,51.22,0.0,71,52,0,0,,,,
27190611301,ZPUPSSI PIROLA,CLU3600552,SILLOD,,16,1,16,8,8,0,1.0,50.0,0.0,16,0,0,0,,,,
27190602026,ZPUPSSI PRATAPWADI,CLU3600552,SILLOD,,16,1,27,9,18,0,2.0,66.67,0.0,27,0,0,0,,,,
27190612001,ZPUPSSI RAHIMABAD CPS,CLU3600559,SILLOD,,16,2,289,121,168,0,1.39,58.13,0.0,171,118,0,0,,,,
27190617201,ZPUPSSI RELGAON,CLU3600554,SILLOD,,16,2,178,71,107,0,1.51,60.11,0.0,130,48,0,0,,,,
27190612501,ZPUPSSI SAROLA,CLU3600559,SILLOD,,16,2,318,160,158,0,0.99,49.69,0.0,209,109,0,0,,,,
27190612601,ZPUPSSI SAVKHEDA BK,CLU3600555,SILLOD,,16,2,57,30,27,0,0.9,47.37,0.0,40,17,0,0,,,,
27190612701,ZPUPSSI SAVKHEDA KH,CLU3600555,SILLOD,,16,1,32,17,15,0,0.88,46.88,0.0,32,0,0,0,,,,
27190613301,ZPUPSSI SHINDEPHAL,CLU3600547,SILLOD,,16,2,136,65,71,0,1.09,52.21,0.0,78,58,0,0,,,,
27190613202,ZPUPSSI SHIVNA CPS,CLU3600556,SILLOD,,16,1,107,61,46,0,0.75,42.99,0.0,107,0,0,0,,,,
27190613601,ZPUPSSI SIRSALA,CLU3600554,SILLOD,,16,2,203,95,108,0,1.14,53.2,0.0,142,61,0,0,,,,
27190613501,ZPUPSSI SISARKHEDA,CLU3600552,SILLOD,,16,2,51,24,27,0,1.12,52.94,0.0,26,25,0,0,,,,
27190602703,ZPUPSSI SONAPPAWADI,CLU3600555,SILLOD,,16,1,68,29,39,0,1.34,57.35,0.0,68,0,0,0,,,,
27190613801,ZPUPSSI TAKLI JIVRAG,CLU3600548,SILLOD,,16,2,36,19,17,0,0.89,47.22,0.0,25,11,0,0,,,,
27190614001,ZPUPSSI TAKLI KH,CLU3600550,SILLOD,,16,2,114,49,65,0,1.33,57.02,0.0,76,38,0,0,,,,
27190613901,ZPUPSSI TALWADA,CLU3600548,SILLOD,,16,2,58,23,35,0,1.52,60.34,0.0,37,21,0,0,,,,
27190613701,ZPUPSSI TANDA BAZAR,CLU3600548,SILLOD,,16,2,20,14,6,0,0.43,30.0,0.0,20,0,0,0,,,,
27190614301,ZPUPSSI UNDANGAON CPS,CLU3600549,SILLOD,,16,2,64,34,30,0,0.88,46.88,0.0,64,0,0,0,,,,
27190614401,ZPUPSSI UPALI,CLU3600558,SILLOD,,16,2,101,37,64,0,1.73,63.37,0.0,75,26,0,0,,,,
27190614801,ZPUPSSI VADALI,CLU3600556,SILLOD,,16,2,125,53,72,0,1.36,57.6,0.0,68,57,0,0,,,,
27190615001,ZPUPSSI VIRGAON,CLU3600549,SILLOD,,16,1,35,12,23,0,1.92,65.71,0.0,35,0,0,0,,,,
27190602005,ZPUPSSI WADALA,CLU3600552,SILLOD,,16,2,106,43,63,0,1.47,59.43,0.0,62,44,0,0,,,,
27190615401,ZPUPSSI WADODCHATHA,CLU3600552,SILLOD,,16,2,155,67,88,0,1.31,56.77,0.0,84,71,0,0,,,,
27190615901,ZPUPSSI WAGHERA,CLU3600556,SILLOD,,16,2,128,61,67,0,1.1,52.34,0.0,70,58,0,0,,,,
27190615501,ZPUPSSI WANGI BK,CLU3600552,SILLOD,,16,2,95,54,41,0,0.76,43.16,0.0,63,32,0,0,,,,
27190615601,ZPUPSSI WANGI KH,CLU3600552,SILLOD,,16,2,171,93,78,0,0.84,45.61,0.0,90,81,0,0,,,,
27190604004,ZPUPSSI WANJOLA,CLU3600558,SILLOD,,16,1,23,14,9,0,0.64,39.13,0.0,23,0,0,0,,,,
27190614601,ZPUPSSI WARKHEDI,CLU3600548,SILLOD,,16,1,23,13,10,0,0.77,43.48,0.0,23,0,0,0,,,,
27190614501,ZPUPSSI WARUD KH,CLU3600546,SILLOD,,16,2,82,35,47,0,1.34,57.32,0.0,58,24,0,0,,,,
27190614701,ZPUPSSI WASAI,CLU3600549,SILLOD,,16,2,151,76,75,0,0.99,49.67,0.0,94,57,0,0,,,,
27190600804,ZPUPtoHSSI ANDHARI,CLU3600550,SILLOD,,16,6,602,317,285,0,0.9,47.34,0.0,67,288,247,0,,,,
27190610802,ZPUPtoHSSI PANWADOD BK,CLU3600553,SILLOD,,16,6,379,181,198,0,1.09,52.24,0.0,51,169,159,0,,,,
27190613218,ZPUPtoHSSI SHIVNA,CLU3600556,SILLOD,,16,6,444,224,220,0,0.98,49.55,0.0,51,176,217,0,,,,
27190600304,ZPUPtoSSI AJINTHA H S,CLU3600557,SILLOD,,16,6,167,97,70,0,0.72,41.92,0.0,22,87,58,0,,,,
27190600825,national urdu primary school andhari,CLU3600550,SILLOD,,25,1,19,14,5,0,0.36,26.32,0.0,19,0,0,0,,,,
27190602042,national urdu primary school bharadi,CLU3600552,SILLOD,,25,1,75,31,44,0,1.42,58.67,0.0,75,0,0,0,,,,
27190613489,national urdu primary school eid gaah parisar sillod,CLU3600546,SILLOD,,25,1,170,78,92,0,1.18,54.12,0.0,170,0,0,0,,,,
27190611604,national urdu primary school pimpaldari,CLU3600557,SILLOD,,53,1,46,22,24,0,1.09,52.17,0.0,46,0,0,0,,,,
27190613704,national urdu primary school tanda bazar,CLU3600548,SILLOD,,25,1,36,17,19,0,1.12,52.78,0.0,36,0,0,0,,,,
27190610212,pragati urdu primary school palod,CLU3600551,SILLOD,,53,1,46,24,22,0,0.92,47.83,0.0,46,0,0,0,,,,
27190614331,pragati urdu primary school undangaon,CLU3600549,SILLOD,,25,1,58,32,26,0,0.81,44.83,0.0,58,0,0,0,,,,
27190602706,urdu primary school borgaon sarawani tq sillod,CLU3600555,SILLOD,,25,1,121,50,71,0,1.42,58.68,0.0,121,0,0,0,,,,
27190603204,urdu primary school charner tq sillod,CLU3600547,SILLOD,,53,1,93,38,55,0,1.45,59.14,0.0,93,0,0,0,,,,
27190606302,urdu primary school janjala tq sillod,CLU3600554,SILLOD,,25,1,60,24,36,0,1.5,60.0,0.0,60,0,0,0,,,,
27190706711,AJANTA VALLY ENG PRI SOEGAON,CLU3600566,SOEGAON,,27,2,103,51,52,0,1.02,50.49,0.0,82,21,0,0,,,,
27190700507,ANU POST BASIC ASHRAM SHALA BANOTI,CLU3600563,SOEGAON,,14,7,105,76,29,0,0.38,27.62,0.0,0,32,73,0,,,,
27190700503,ANU PRATHMIK ASHRAM SHALA BANOTI,CLU3600563,SOEGAON,,14,2,250,174,76,0,0.44,30.4,0.0,156,94,0,0,,,,
27190700513,BHARTIYA MAD VID BANOTI,CLU3600563,SOEGAON,,27,8,5,3,2,0,0.67,40.0,0.0,0,0,5,0,,,,
27190700516,CHHATRAPATI SHIVAJI MAHARAJ ARTS SCIENCE & COMMERCE JR.COLLEGE BANOTI.,CLU3600563,SOEGAON,,27,11,97,66,31,0,0.47,31.96,0.0,0,0,0,97,,,,
27190706716,DHARMARAJ PRIMARY SECONDARY AND HIGHER SECONDARY SCHOOL SOEGAON,CLU3600566,SOEGAON,,27,3,56,30,26,0,0.87,46.43,0.0,56,0,0,0,,,,
27190700509,JAYHIND MATIMAND NIWASI SCHOOL BANOTI,,SOEGAON,,12,1,0,0,0,0,0.0,0.0,0.0,0,0,0,0,,,,
27190700511,"JMS HIGHER  MADHYAMIK VIDHYALAYA, BANOTI",CLU3600563,SOEGAON,,53,11,289,185,104,0,0.56,35.99,0.0,0,0,0,289,,,,
27190700515,JMS MADHYAMIK VIDYALAY BANOTI,CLU3600563,SOEGAON,,27,8,36,21,15,0,0.71,41.67,0.0,0,0,36,0,,,,
27190706603,KAI L B KOLTE PATIL ENG PRI SCHOOL,CLU3600562,SOEGAON,,27,1,29,18,11,0,0.61,37.93,0.0,29,0,0,0,,,,
27190704302,KAI. VASANTRAO NA. MA. V. NIM.TANDA,CLU3600561,SOEGAON,,4,7,205,107,98,0,0.92,47.8,0.0,0,74,131,0,,,,
27190708502,KAVIVARYA SHRI N.D.MAHANOHAR V,CLU3600567,SOEGAON,,4,3,642,346,296,0,0.86,46.11,0.0,33,115,88,406,,,,
27190700512,"LATE A.K. ENGLISH SCHOOL, BANOTI",CLU3600563,SOEGAON,,27,2,230,145,85,0,0.59,36.96,0.0,218,12,0,0,,,,
27190709901,LATE BABURAOJI KALE MARATHI SCH,CLU3600566,SOEGAON,,27,6,304,163,141,0,0.87,46.38,0.0,136,96,72,0,,,,
27190703502,MAD.VID.MOLKHEDA,CLU3600562,SOEGAON,,55,5,573,337,236,0,0.7,41.19,0.0,0,18,180,375,,,,
27194100520,MADHYAMIK VIDYALAYA BANOTI,CLU3600563,SOEGAON,,27,7,227,137,90,0,0.66,39.65,0.0,0,127,100,0,,,,
27190702502,MADHYAMIK VIDYALAYA JAMTHI,CLU3600560,SOEGAON,,4,6,224,133,91,0,0.68,40.62,0.0,10,97,117,0,,,,
27190708202,MADHYAMIK VIDYALAYA VANGAON,CLU3600565,SOEGAON,,54,3,622,360,262,0,0.73,42.12,0.0,44,292,210,76,,,,
27190702802,MAHATMA JYOTIRAO PHULE VIDYALAYA JARANDI,CLU3600561,SOEGAON,,4,6,294,146,148,0,1.01,50.34,0.0,30,135,129,0,,,,
27190701304,MANIKRAO PALODKAR VIDHYALAYA FARDAPUR,CLU3600560,SOEGAON,,4,3,741,409,332,0,0.81,44.8,0.0,10,132,291,308,,,,
27190704402,MGM VASTANVI URDU PS NIMBAYATI,CLU3600561,SOEGAON,,19,2,25,16,9,0,0.56,36.0,0.0,12,13,0,0,,,,
27190706706,NATIONAL MARATHI HS SOEGAON,CLU3600566,SOEGAON,,4,6,317,228,89,0,0.39,28.08,0.0,30,110,177,0,,,,
27190706607,NATIONAL MARATHI PS SAWALADBARA,CLU3600562,SOEGAON,,55,2,150,87,63,0,0.72,42.0,0.0,96,54,0,0,,,,
27190706704,NATIONAL MARATHI PS SOEGAON,CLU3600566,SOEGAON,,55,2,186,110,76,0,0.69,40.86,0.0,135,51,0,0,,,,
27190701306,NEHRU MEMORIAL URDU HS FARDAPUR,CLU3600560,SOEGAON,,4,7,179,69,110,0,1.59,61.45,0.0,0,63,116,0,,,,
27190706714,PRAGATI PS SOEGAON,CLU3600566,SOEGAON,,53,1,46,21,25,0,1.19,54.35,0.0,46,0,0,0,,,,
27190706707,PRAGATI URDU HS SOEGAON,CLU3600566,SOEGAON,,55,6,219,99,120,0,1.21,54.79,0.0,36,97,86,0,,,,
27190701307,RAJKUNWAR MADHYAMIK AND UCHCHA MADHYAMIK FARDAPUR,CLU3600560,SOEGAON,,19,3,781,531,250,0,0.47,32.01,0.0,72,27,70,612,,,,
27190705502,RAJKUNWAR PRIMARY SECONDARY AND HIGHER SECONDARY SCHOOL PIMPALA,CLU3600560,SOEGAON,,27,3,279,174,105,0,0.6,37.63,0.0,0,0,0,279,,,,
27190700517,RAJKUWAR HIGHER SCHOOL AND JR COLLEGE BANOTI,CLU3600563,SOEGAON,,27,3,185,86,99,0,1.15,53.51,0.0,0,0,0,185,,,,
27190702203,S S S S D  RATHOD M.V. .HANUMANTKHEDA,CLU3600567,SOEGAON,,4,6,211,107,104,0,0.97,49.29,0.0,26,92,93,0,,,,
27190706712,"SANT DNYNESHWAR MAHAVIDHYALAYA, SOYGAON",CLU3600566,SOEGAON,,4,11,597,308,289,0,0.94,48.41,0.0,0,0,0,597,,,,
27190708102,SANT KABIR MAD VID WARTHAN,CLU3600563,SOEGAON,,54,6,198,82,116,0,1.41,58.59,0.0,16,47,135,0,,,,
27190700702,SANT SEVALAL MA. MA. VID. DEVHARI,CLU3600562,SOEGAON,,55,7,196,133,63,0,0.47,32.14,0.0,0,32,164,0,,,,
27190701802,SB HIGHSCHOOL GONDEGAON,CLU3600565,SOEGAON,,4,3,1156,655,501,0,0.76,43.34,0.0,117,368,351,320,,,,
27190706602,SHIVAJI VIDYALAY SAWALADBARA,CLU3600562,SOEGAON,,4,3,2031,1244,787,0,0.63,38.75,0.0,37,176,322,1496,,,,
27190701803,SHRI S B PS GONDEGAON,CLU3600565,SOEGAON,,27,1,125,75,50,0,0.67,40.0,0.0,125,0,0,0,,,,
27190708203,SUSHIL MURLI PRIMARY ENGLISH SCHOOL,CLU3600565,SOEGAON,,27,1,189,101,88,0,0.87,46.56,0.0,189,0,0,0,,,,
27190707302,SWAMI DAYANAND M VIDYLAY TIDKA,CLU3600564,SOEGAON,,4,7,179,87,92,0,1.06,51.4,0.0,0,70,109,0,,,,
27190701302,URDU GIRLS PS FARDAPUR,CLU3600560,SOEGAON,,4,2,352,165,187,0,1.13,53.12,0.0,182,170,0,0,,,,
27190700906,VI JA MAD  ASHRAM GHANEGAON TANDA,CLU3600562,SOEGAON,,42,7,117,60,57,0,0.95,48.72,0.0,0,15,102,0,,,,
27190700902,"VIMUKTA JATI PRI ASHRAM SCHOOL, GHANEGAON TANDA",CLU3600562,SOEGAON,,42,2,89,35,54,0,1.54,60.67,0.0,67,22,0,0,,,,
27190703103,YASHWANTRAO CHAVHAN M.V. KINHI,CLU3600567,SOEGAON,,4,7,151,83,68,0,0.82,45.03,0.0,0,47,104,0,,,,
27190706715,Z P  C P S SOYGAON URDU,CLU3600566,SOEGAON,,16,1,45,22,23,0,1.05,51.11,0.0,45,0,0,0,,,,
27190701308,Z P C P S FARDAPUR URDU,CLU3600560,SOEGAON,,16,1,165,63,102,0,1.62,61.82,0.0,165,0,0,0,,,,
27190708602,Z P P S DHANWAT URDU,CLU3600560,SOEGAON,,16,1,79,37,42,0,1.14,53.16,0.0,79,0,0,0,,,,
27190702503,Z P P S JAMTHI URDU,CLU3600560,SOEGAON,,16,1,15,8,7,0,0.88,46.67,0.0,15,0,0,0,,,,
27190707202,Z P P S THANA URDU,CLU3600560,SOEGAON,,16,1,41,18,23,0,1.28,56.1,0.0,41,0,0,0,,,,
27190708003,Z P P S VETALWADI URDU,CLU3600566,SOEGAON,,16,1,46,12,34,0,2.83,73.91,0.0,46,0,0,0,,,,
27190700201,ZPPSSO AMKHEDA,CLU3600566,SOEGAON,,16,1,88,37,51,0,1.38,57.95,0.0,88,0,0,0,,,,
27190700501,ZPPSSO BANOTI CPS,CLU3600563,SOEGAON,,16,1,147,71,76,0,1.07,51.7,0.0,147,0,0,0,,,,
27190700602,ZPPSSO BANOTI TANDA,CLU3600563,SOEGAON,,16,1,38,22,16,0,0.73,42.11,0.0,38,0,0,0,,,,
27190701101,ZPPSSO DASTAPUR,CLU3600567,SOEGAON,,16,1,63,34,29,0,0.85,46.03,0.0,63,0,0,0,,,,
27190701001,ZPPSSO DATTAWADI,CLU3600566,SOEGAON,,16,1,16,10,6,0,0.6,37.5,0.0,16,0,0,0,,,,
27190708601,ZPPSSO DHANWAT,CLU3600560,SOEGAON,,16,1,29,17,12,0,0.71,41.38,0.0,29,0,0,0,,,,
27190701201,ZPPSSO DHAP ANTUR,CLU3600567,SOEGAON,,16,1,52,26,26,0,1.0,50.0,0.0,52,0,0,0,,,,
27190701401,ZPPSSO FARDAPUR TANDA,CLU3600560,SOEGAON,,16,1,73,40,33,0,0.82,45.21,0.0,73,0,0,0,,,,
27190702001,ZPPSSO GALWADA B,CLU3600565,SOEGAON,,16,1,15,4,11,0,2.75,73.33,0.0,15,0,0,0,,,,
27190700904,ZPPSSO GHANEGAON TANDA,CLU3600562,SOEGAON,,16,1,36,14,22,0,1.57,61.11,0.0,36,0,0,0,,,,
27190708701,ZPPSSO GHANEGAON VASTI,CLU3600562,SOEGAON,,16,1,15,9,6,0,0.67,40.0,0.0,15,0,0,0,,,,
27190701901,ZPPSSO GHORKUND,CLU3600565,SOEGAON,,16,1,20,8,12,0,1.5,60.0,0.0,20,0,0,0,,,,
27190701801,ZPPSSO GONDEGAON CPS,CLU3600565,SOEGAON,,16,1,92,44,48,0,1.09,52.17,0.0,92,0,0,0,,,,
27190701701,ZPPSSO GOVINDNAGAR VARTHAN,CLU3600563,SOEGAON,,16,1,60,20,40,0,2.0,66.67,0.0,60,0,0,0,,,,
27190702101,ZPPSSO HIVARI,CLU3600562,SOEGAON,,16,1,20,14,6,0,0.43,30.0,0.0,20,0,0,0,,,,
27190702301,ZPPSSO INDIRANAGAR BANOTI,CLU3600563,SOEGAON,,16,1,53,23,30,0,1.3,56.6,0.0,53,0,0,0,,,,
27190702401,ZPPSSO INDIRANAGAR GONDEGAON,CLU3600565,SOEGAON,,16,1,32,15,17,0,1.13,53.12,0.0,32,0,0,0,,,,
27190702602,ZPPSSO JAWALA,CLU3600560,SOEGAON,,16,1,6,5,1,0,0.2,16.67,0.0,6,0,0,0,,,,
27190709601,ZPPSSO JONDHALE WASTI,CLU3600567,SOEGAON,,16,1,12,8,4,0,0.5,33.33,0.0,12,0,0,0,,,,
27190709801,ZPPSSO JUNA PANI,CLU3600567,SOEGAON,,16,1,9,3,6,0,2.0,66.67,0.0,9,0,0,0,,,,
27190709101,ZPPSSO JUNA TANDA JARANDI,CLU3600561,SOEGAON,,16,1,11,3,8,0,2.67,72.73,0.0,11,0,0,0,,,,
27190703201,ZPPSSO KALDARI,CLU3600567,SOEGAON,,16,1,32,18,14,0,0.78,43.75,0.0,32,0,0,0,,,,
27190702901,ZPPSSO KANKRALA,CLU3600561,SOEGAON,,16,1,28,11,17,0,1.55,60.71,0.0,28,0,0,0,,,,
27190709501,ZPPSSO KARVANDEWADI,CLU3600567,SOEGAON,,16,1,11,5,6,0,1.2,54.55,0.0,11,0,0,0,,,,
27190703001,ZPPSSO KAWALI,CLU3600561,SOEGAON,,16,1,30,18,12,0,0.67,40.0,0.0,30,0,0,0,,,,
27190703301,ZPPSSO LENAPUR,CLU3600566,SOEGAON,,16,1,35,19,16,0,0.84,45.71,0.0,35,0,0,0,,,,
27190703401,ZPPSSO MAHALABDHA,CLU3600562,SOEGAON,,16,1,23,10,13,0,1.3,56.52,0.0,23,0,0,0,,,,
27190703701,ZPPSSO MALEGAON,CLU3600561,SOEGAON,,16,1,31,17,14,0,0.82,45.16,0.0,31,0,0,0,,,,
27190703901,ZPPSSO MHASHIKOTHA,CLU3600565,SOEGAON,,16,1,13,7,6,0,0.86,46.15,0.0,13,0,0,0,,,,
27190703801,ZPPSSO MUKHED,CLU3600563,SOEGAON,,16,1,42,23,19,0,0.83,45.24,0.0,42,0,0,0,,,,
27190704901,ZPPSSO NAIGAON,CLU3600563,SOEGAON,,16,1,29,19,10,0,0.53,34.48,0.0,29,0,0,0,,,,
27190704701,ZPPSSO NANDGAON TANDA,CLU3600564,SOEGAON,,16,1,151,79,72,0,0.91,47.68,0.0,151,0,0,0,,,,
27190704601,ZPPSSO NANDGAON TIDKA,CLU3600564,SOEGAON,,16,1,48,23,25,0,1.09,52.08,0.0,48,0,0,0,,,,
27190704501,ZPPSSO NHAVI TANDA,CLU3600561,SOEGAON,,16,1,77,49,28,0,0.57,36.36,0.0,77,0,0,0,,,,
27190704401,ZPPSSO NIMBAYATIGAON,CLU3600561,SOEGAON,,16,1,94,48,46,0,0.96,48.94,0.0,94,0,0,0,,,,
27190705001,ZPPSSO NIMCHOUKI,CLU3600563,SOEGAON,,16,1,22,12,10,0,0.83,45.45,0.0,22,0,0,0,,,,
27190708801,ZPPSSO NIMCHOUKI KHORE,CLU3600563,SOEGAON,,16,1,9,4,5,0,1.25,55.56,0.0,9,0,0,0,,,,
27190704802,ZPPSSO NIMKHEDI TIDKA,CLU3600564,SOEGAON,,16,1,24,12,12,0,1.0,50.0,0.0,24,0,0,0,,,,
27190709701,ZPPSSO NIMKHEDI WASTI WAD TI,CLU3600567,SOEGAON,,16,1,39,23,16,0,0.7,41.03,0.0,39,0,0,0,,,,
27190705801,ZPPSSO PALASHI TANDA,CLU3600563,SOEGAON,,16,1,28,15,13,0,0.87,46.43,0.0,28,0,0,0,,,,
27190705301,ZPPSSO PALASKHEDA SAWALADBARA,CLU3600562,SOEGAON,,16,1,37,15,22,0,1.47,59.46,0.0,37,0,0,0,,,,
27190705501,ZPPSSO PIMPALA,CLU3600560,SOEGAON,,16,1,21,8,13,0,1.62,61.9,0.0,21,0,0,0,,,,
27190705201,ZPPSSO PIMPALWADI,CLU3600562,SOEGAON,,16,1,23,9,14,0,1.56,60.87,0.0,23,0,0,0,,,,
27190705601,ZPPSSO PIMPRI,CLU3600561,SOEGAON,,16,1,23,9,14,0,1.56,60.87,0.0,23,0,0,0,,,,
27190706101,ZPPSSO PIMPRI ANTUR,CLU3600567,SOEGAON,,16,1,17,10,7,0,0.7,41.18,0.0,17,0,0,0,,,,
27190705901,ZPPSSO POHARI BK,CLU3600565,SOEGAON,,16,1,24,12,12,0,1.0,50.0,0.0,24,0,0,0,,,,
27190709201,ZPPSSO POHARI KH,CLU3600565,SOEGAON,,16,1,33,20,13,0,0.65,39.39,0.0,33,0,0,0,,,,
27190706301,ZPPSSO RAMJI NAGAR,CLU3600566,SOEGAON,,16,1,33,18,15,0,0.83,45.45,0.0,33,0,0,0,,,,
27190706401,ZPPSSO RAMPURA,CLU3600561,SOEGAON,,16,1,35,20,15,0,0.75,42.86,0.0,35,0,0,0,,,,
27190706501,ZPPSSO RAMPURWADI,CLU3600561,SOEGAON,,16,1,29,13,16,0,1.23,55.17,0.0,29,0,0,0,,,,
27190709401,ZPPSSO SAWANTWADI,CLU3600567,SOEGAON,,16,1,10,6,4,0,0.67,40.0,0.0,10,0,0,0,,,,
27190706801,ZPPSSO SAWARKHEDA A,CLU3600566,SOEGAON,,16,1,28,13,15,0,1.15,53.57,0.0,28,0,0,0,,,,
27190707001,ZPPSSO SHINDOL,CLU3600567,SOEGAON,,16,1,53,27,26,0,0.96,49.06,0.0,53,0,0,0,,,,
27190707201,ZPPSSO THANA,CLU3600560,SOEGAON,,16,1,38,23,15,0,0.65,39.47,0.0,38,0,0,0,,,,
27190707401,ZPPSSO TIKHI,CLU3600564,SOEGAON,,16,1,14,8,6,0,0.75,42.86,0.0,14,0,0,0,,,,
27190707501,ZPPSSO TITUR,CLU3600565,SOEGAON,,16,1,43,19,24,0,1.26,55.81,0.0,43,0,0,0,,,,
27190707601,ZPPSSO UMARVIHIRE,CLU3600564,SOEGAON,,16,1,31,15,16,0,1.07,51.61,0.0,31,0,0,0,,,,
27190708201,ZPPSSO VANGAON,CLU3600565,SOEGAON,,16,1,19,13,6,0,0.46,31.58,0.0,19,0,0,0,,,,
27190708501,ZPPSSO WADGAON TIGJI CPS,CLU3600567,SOEGAON,,16,1,60,31,29,0,0.94,48.33,0.0,60,0,0,0,,,,
27190700301,ZPPUPSSO BAHULKHEDA,CLU3600561,SOEGAON,,16,2,166,81,85,0,1.05,51.2,0.0,101,65,0,0,,,,
27190700401,ZPPUPSSO BORMAL TANDA,CLU3600564,SOEGAON,,16,2,164,89,75,0,0.84,45.73,0.0,110,54,0,0,,,,
27190700801,ZPPUPSSO DABHA,CLU3600562,SOEGAON,,16,2,74,32,42,0,1.31,56.76,0.0,52,22,0,0,,,,
27190700701,ZPPUPSSO DEVHARI,CLU3600562,SOEGAON,,16,2,195,113,82,0,0.73,42.05,0.0,131,64,0,0,,,,
27190701301,ZPPUPSSO FARDAPUR CPS,CLU3600560,SOEGAON,,16,2,471,263,208,0,0.79,44.16,0.0,288,183,0,0,,,,
27190701501,ZPPUPSSO GALWADA A,CLU3600566,SOEGAON,,16,2,113,49,64,0,1.31,56.64,0.0,76,37,0,0,,,,
27190701601,ZPPUPSSO GHOSLA,CLU3600564,SOEGAON,,16,2,68,31,37,0,1.19,54.41,0.0,47,21,0,0,,,,
27190702201,ZPPUPSSO HANUMANTKHEDA,CLU3600567,SOEGAON,,16,2,199,79,120,0,1.52,60.3,0.0,162,37,0,0,,,,
27190702501,ZPPUPSSO JAMTHI,CLU3600560,SOEGAON,,16,2,190,92,98,0,1.07,51.58,0.0,143,47,0,0,,,,
27190702701,ZPPUPSSO JANGLA TANDA,CLU3600566,SOEGAON,,16,2,225,131,94,0,0.72,41.78,0.0,139,86,0,0,,,,
27190702801,ZPPUPSSO JARANDI CPS,CLU3600561,SOEGAON,,16,2,225,97,128,0,1.32,56.89,0.0,149,76,0,0,,,,
27190703101,ZPPUPSSO KINHI,CLU3600567,SOEGAON,,16,2,325,161,164,0,1.02,50.46,0.0,210,115,0,0,,,,
27190704001,ZPPUPSSO MOHALAI,CLU3600567,SOEGAON,,16,2,115,51,64,0,1.25,55.65,0.0,81,34,0,0,,,,
27190703501,ZPPUPSSO MOLKHEDA,CLU3600562,SOEGAON,,16,2,26,11,15,0,1.36,57.69,0.0,25,1,0,0,,,,
27190703601,ZPPUPSSO MURTI,CLU3600562,SOEGAON,,16,2,103,41,62,0,1.51,60.19,0.0,65,38,0,0,,,,
27190704201,ZPPUPSSO NANDA-TANDA,CLU3600562,SOEGAON,,16,2,178,82,96,0,1.17,53.93,0.0,132,46,0,0,,,,
27190704301,ZPPUPSSO NIMBAYATI TANDA,CLU3600561,SOEGAON,,16,2,261,106,155,0,1.46,59.39,0.0,121,140,0,0,,,,
27190705101,ZPPUPSSO NIMBHORA,CLU3600565,SOEGAON,,16,2,124,65,59,0,0.91,47.58,0.0,78,46,0,0,,,,
27190705701,ZPPUPSSO PALASHI,CLU3600563,SOEGAON,,16,2,196,92,104,0,1.13,53.06,0.0,142,54,0,0,,,,
27190705401,ZPPUPSSO PALASKHEDA,CLU3600560,SOEGAON,,16,2,215,101,114,0,1.13,53.02,0.0,119,96,0,0,,,,
27190706201,ZPPUPSSO RAWALA,CLU3600560,SOEGAON,,16,1,20,9,11,0,1.22,55.0,0.0,20,0,0,0,,,,
27190706601,ZPPUPSSO SAWALADBARA CPS,CLU3600562,SOEGAON,,16,2,110,43,67,0,1.56,60.91,0.0,86,24,0,0,,,,
27190706901,ZPPUPSSO SAWARKHEDA B,CLU3600566,SOEGAON,,16,2,53,26,27,0,1.04,50.94,0.0,24,29,0,0,,,,
27190706702,ZPPUPSSO SOEGAON CPS,CLU3600566,SOEGAON,,16,2,326,146,180,0,1.23,55.21,0.0,196,130,0,0,,,,
27190707301,ZPPUPSSO TIDKA CPS,CLU3600564,SOEGAON,,16,2,187,77,110,0,1.43,58.82,0.0,135,52,0,0,,,,
27190707101,ZPPUPSSO TITVI,CLU3600562,SOEGAON,,16,2,130,73,57,0,0.78,43.85,0.0,96,34,0,0,,,,
27190707701,ZPPUPSSO UPPALKHEDA,CLU3600567,SOEGAON,,16,1,173,86,87,0,1.01,50.29,0.0,173,0,0,0,,,,
27190707901,ZPPUPSSO VARKHEDI BK.,CLU3600560,SOEGAON,,16,2,309,157,152,0,0.97,49.19,0.0,187,122,0,0,,,,
27190707801,ZPPUPSSO VARKHEDI KH.,CLU3600560,SOEGAON,,16,2,77,41,36,0,0.88,46.75,0.0,56,21,0,0,,,,
27190708101,ZPPUPSSO VARTHAN,CLU3600563,SOEGAON,,16,2,106,54,52,0,0.96,49.06,0.0,61,45,0,0,,,,
27190708001,ZPPUPSSO VETALWADI,CLU3600566,SOEGAON,,16,2,38,33,5,0,0.15,13.16,0.0,38,0,0,0,,,,
27190708401,ZPPUPSSO WADI,CLU3600563,SOEGAON,,16,2,209,102,107,0,1.05,51.2,0.0,158,51,0,0,,,,
27190709301,ZPPUPSSO WAKDI,CLU3600564,SOEGAON,,16,2,105,37,68,0,1.84,64.76,0.0,75,30,0,0,,,,
27190706703,ZPUPtoHSSO SOEGAON,CLU3600566,SOEGAON,,16,6,470,212,258,0,1.22,54.89,0.0,9,167,294,0,,,,
27190700504,ZPUPtoSSO BANOTI,CLU3600563,SOEGAON,,16,6,617,329,288,0,0.88,46.68,0.0,76,270,271,0,,,,
27191004605,A R E S English School,CLU3605034,URC1,URC-1,27,2,1,1,0,0,0.0,0.0,0.0,0,1,0,0,9.0,0.0,9.0,0.0
27191007999,AASAWA BROTHERS BUSINESS SCHOOL,CLU3605027,URC1,URC-1,27,11,135,70,65,0,0.93,48.15,0.0,0,0,0,135,151.0,151.0,0.0,100.0
27191001506,ABHIJYOT VIDYALAYA ROJABAG,CLU3605034,URC1,URC-1,4,6,114,62,52,0,0.84,45.61,0.0,2,41,71,0,118.0,118.0,0.0,100.0
27191007814,ABHINAV INTERNATIONAL SCHOOL CHIKHALTHANA,CLU3605027,URC1,URC-1,27,2,195,115,80,0,0.7,41.03,0.0,128,62,0,0,187.0,187.0,0.0,100.0
27191002310,"ACE ACADEMY, CHIKALTHANA MIDC",CLU3605028,URC1,URC-1,27,6,960,515,445,0,0.86,46.35,0.0,501,291,168,0,845.0,845.0,0.0,100.0
27194100585,ADARSH MADHYAMIK VIDYALAYA N2 CIDCO CHHATRAPATI SAMBHJINAGAR,CLU3605027,URC1,URC-1,27,8,61,32,29,0,0.91,47.54,0.0,0,0,61,0,44.0,44.0,0.0,100.0
27191008501,ADARSH MARATHI PRIMARY SCHOOL GARKHEDA,CLU3605027,URC1,URC-1,54,2,475,266,209,0,0.79,44.0,0.0,269,206,0,0,548.0,403.0,145.0,73.54
27191007312,ADARSH PRATHMIK VIDYALYA N-2,CLU3605027,URC1,URC-1,55,2,357,199,158,0,0.79,44.26,0.0,234,123,0,0,349.0,349.0,0.0,100.0
27191007017,ADARSHA PS,CLU3605027,URC1,URC-1,19,2,169,102,67,0,0.66,39.64,0.0,130,39,0,0,196.0,196.0,0.0,100.0
27191000126,AGASTI PS HARSUL,CLU3605031,URC1,URC-1,55,2,472,269,203,0,0.75,43.01,0.0,320,152,0,0,479.0,479.0,0.0,100.0
27194100712,AHMED ARBI MADARSA,CLU3605028,URC1,,97,6,1,1,0,0,0.0,0.0,0.0,1,0,0,0,,,,
27191005503,AL ASGARI URDU HIGH SCHOOL,CLU3605032,URC1,URC-1,4,7,82,33,49,0,1.48,59.76,0.0,0,0,82,0,129.0,129.0,0.0,100.0
27191004118,AL FAROOQUE URUDE PRIMARY SCHOOL,CLU3605032,URC1,URC-1,4,2,563,283,280,0,0.99,49.73,0.0,472,91,0,0,527.0,527.0,0.0,100.0
27191004722,AL HUDA ENGLISH PRIMARY SCHOOL CENTRAL NAKA,CLU3605034,URC1,URC-1,27,3,173,120,53,0,0.44,30.64,0.0,123,37,13,0,120.0,120.0,0.0,100.0
27191002235,AL HUDA ENGLISH SCHOOL NAREGAON,CLU3605028,URC1,URC-1,27,3,35,26,9,0,0.35,25.71,0.0,32,3,0,0,34.0,34.0,0.0,100.0
27191004417,AL TEHERIM ENGLISH PRIMARY HIGHSCHOOL AND JR COLLEGE,CLU3605032,URC1,URC-1,27,2,43,38,5,0,0.13,11.63,0.0,35,8,0,0,29.0,29.0,0.0,100.0
27191004414,AL-HIDAYAH PUBLIC SCHOOL,CLU3605031,URC1,URC-1,27,6,665,437,228,0,0.52,34.29,0.0,413,175,77,0,628.0,628.0,0.0,100.0
27191002218,AL-HUDA URDU PRIMARY SCHOOL,CLU3605028,URC1,URC-1,53,2,510,181,329,0,1.82,64.51,0.0,389,121,0,0,516.0,516.0,0.0,100.0
27191000135,AL-MADNI URDU HIGH SCHOOL,CLU3605031,URC1,URC-1,27,8,29,11,18,0,1.64,62.07,0.0,0,0,29,0,45.0,0.0,45.0,0.0
27191001403,ALFALAH INTERNATIONAL SCHOOL,CLU3605027,URC1,URC-1,27,2,509,316,193,0,0.61,37.92,0.0,350,159,0,0,437.0,437.0,0.0,100.0
27191004503,ALIMIYA NADVI PS,CLU3605032,URC1,URC-1,4,2,473,182,291,0,1.6,61.52,0.0,363,110,0,0,461.0,461.0,0.0,100.0
27191004004,ALLAMA SHIBALI URDU PS,CLU3605032,URC1,URC-1,4,2,676,274,402,0,1.47,59.47,0.0,465,211,0,0,768.0,768.0,0.0,100.0
27191004007,ALLAMA SHIBLI URDU HS NAWABPURA,CLU3605032,URC1,URC-1,4,6,460,187,273,0,1.46,59.35,0.0,10,176,274,0,522.0,522.0,0.0,100.0
27191000114,ALMADANI PS,CLU3605031,URC1,URC-1,55,2,136,63,73,0,1.16,53.68,0.0,90,46,0,0,97.0,97.0,0.0,100.0
27191004119,ALMIR PS SHAHABAZAR,CLU3605032,URC1,URC-1,4,2,1368,651,717,0,1.1,52.41,0.0,977,339,0,0,1415.0,1415.0,0.0,100.0
27191004205,ALMIR SECONDARY SCHOOL ROSHANGATE,CLU3605032,URC1,URC-1,4,6,931,457,474,0,1.04,50.91,0.0,25,390,516,0,926.0,926.0,0.0,100.0
27191005507,ALMOBIN URDU PS KAISAR COLONY,CLU3605032,URC1,URC-1,4,2,249,117,132,0,1.13,53.01,0.0,156,54,0,0,263.0,263.0,0.0,100.0
27191002830,AMANULLAH MOTIWALA HS,CLU3605032,URC1,URC-1,4,7,172,54,118,0,2.19,68.6,0.0,0,58,114,0,181.0,181.0,0.0,100.0
27191002834,AMANULLAH MOTIWALA PS,CLU3605032,URC1,URC-1,4,2,451,166,285,0,1.72,63.19,0.0,302,126,0,0,505.0,505.0,0.0,100.0
27191005322,AN NABA ENG PS BARI COLONY,CLU3605032,URC1,URC-1,27,3,191,128,63,0,0.49,32.98,0.0,120,46,25,0,185.0,185.0,0.0,100.0
27191000144,AN-NOOR ENGLISH SCHOOL,CLU3605031,URC1,URC-1,27,1,2,0,2,0,2.0,100.0,0.0,2,0,0,0,1.0,1.0,0.0,100.0
27191007235,ANAND VIDYA MANDIR,CLU3605027,URC1,URC-1,4,2,152,81,71,0,0.88,46.71,0.0,108,44,0,0,183.0,183.0,0.0,100.0
27191004212,ANISA HIGH SCHOOL,CLU3605032,URC1,URC-1,55,7,245,97,148,0,1.53,60.41,0.0,0,69,176,0,238.0,238.0,0.0,100.0
27191004206,ANISA URDU PS RAVINDRANAGAR,CLU3605032,URC1,URC-1,4,2,723,293,430,0,1.47,59.47,0.0,516,207,0,0,671.0,671.0,0.0,100.0
27191002211,ANJUMAN URDU PS NAREGAON,CLU3605028,URC1,URC-1,55,2,283,123,160,0,1.3,56.54,0.0,209,74,0,0,275.0,275.0,0.0,100.0
27190219493,"ARISE INTERNATIONAL  SCHOOL._x000D_
CIDCO.CHH.SAMBHAJINAGR",CLU3605034,URC1,URC-1,27,2,224,128,96,0,0.75,42.86,0.0,153,32,0,0,132.0,132.0,0.0,100.0
27194100763,ARJUNA HIGH SCHOOL & JUNIOR COLLEGE,CLU3605028,URC1,,27,3,0,0,0,0,0.0,0.0,0.0,0,0,0,0,,,,
27191002710,AURANGABAD POLICE PUBLIC HIGH SCHOOL,CLU3605034,URC1,URC-1,27,8,126,68,58,0,0.85,46.03,0.0,0,0,126,0,257.0,257.0,0.0,100.0
27191002709,AURANGABAD POLICE PUBLIC SCHOOL N-9,CLU3605034,URC1,URC-1,27,2,1340,730,610,0,0.84,45.52,0.0,931,409,0,0,1321.0,1321.0,0.0,100.0
27191002835,AURANGABAD PUBLIC HS,CLU3605032,URC1,URC-1,4,6,316,249,67,0,0.27,21.2,0.0,5,140,171,0,360.0,360.0,0.0,100.0
27191002708,AURANGABAD URDU PS,CLU3605034,URC1,URC-1,4,2,227,130,97,0,0.75,42.73,0.0,172,55,0,0,336.0,336.0,0.0,100.0
27191004415,AUXIN ENGLISH SCHOOL,CLU3605032,URC1,URC-1,27,2,120,92,28,0,0.3,23.33,0.0,98,22,0,0,125.0,125.0,0.0,100.0
27191001508,AZEEM URDU PS N-12,CLU3605034,URC1,URC-1,4,2,220,99,121,0,1.22,55.0,0.0,152,68,0,0,238.0,0.0,238.0,0.0
27191002508,BAL VIDYA MANDIR CIDCO 7,CLU3605028,URC1,URC-1,4,2,68,28,40,0,1.43,58.82,0.0,64,4,0,0,72.0,72.0,0.0,100.0
27191007802,BALAJI PS CHIKALTHANA,CLU3605027,URC1,URC-1,4,1,437,255,182,0,0.71,41.65,0.0,393,0,0,0,449.0,449.0,0.0,100.0
27191001910,BALIRAM PATIL PS N-9,CLU3605034,URC1,URC-1,4,1,295,186,109,0,0.59,36.95,0.0,295,0,0,0,372.0,180.0,192.0,48.0
27191001909,BALIRAM PATIL SEC. AND HIGH SEC. SCHOOL,CLU3605034,URC1,URC-1,4,3,872,516,356,0,0.69,40.83,0.0,127,397,348,0,954.0,773.0,181.0,81.03
27191001702,BALVIKAS VIDYA MANDIR HUDCO,CLU3605034,URC1,URC-1,4,2,449,203,246,0,1.21,54.79,0.0,274,175,0,0,520.0,355.0,165.0,68.27
27191007615,BHAGWAN MAHAVIR PRIMARY SCHOOL MARATHI,CLU3605027,URC1,URC-1,53,2,451,281,170,0,0.6,37.69,0.0,281,170,0,0,521.0,521.0,0.0,100.0
27191007618,BHAGWAN MAHAVIR SCHOOL (MARATHI),CLU3605027,URC1,URC-1,27,8,21,14,7,0,0.5,33.33,0.0,0,0,21,0,16.0,16.0,0.0,100.0
27191007614,BHAGWAN MAHAVIR SCHOOL RAMNAGAR,CLU3605027,URC1,URC-1,19,2,22,11,11,0,1.0,50.0,0.0,8,14,0,0,26.0,26.0,0.0,100.0
27191007617,BHAGWAN MAHAVIR SCHOOL(ENGLISH MEDIUM),CLU3605027,URC1,URC-1,27,2,48,28,20,0,0.71,41.67,0.0,36,12,0,0,49.0,49.0,0.0,100.0
27191008092,BHAGWATI PRATHMIK VIDYAMANDIR N-2,CLU3605027,URC1,URC-1,55,2,354,195,159,0,0.82,44.92,0.0,225,129,0,0,308.0,308.0,0.0,100.0
27191007264,BHAGYALAXMI SARLA GURU SAHANI MEMORIAL JR. COLLEGE,CLU3605027,URC1,URC-1,27,11,15,11,4,0,0.36,26.67,0.0,0,0,0,15,11.0,11.0,0.0,100.0
27191007236,BHAGYALAXMI SARLA GURU SAHANI MEMORIAL SCHOOL,CLU3605027,URC1,URC-1,27,2,689,355,334,0,0.94,48.48,0.0,478,211,0,0,702.0,702.0,0.0,100.0
27191007253,BHAGYALAXMI SARLA GURU SAHANI MOMORIAL SCHOOL,CLU3605027,URC1,URC-1,27,7,374,212,162,0,0.76,43.32,0.0,0,126,248,0,372.0,372.0,0.0,100.0
27191000312,BHARATIYA VIDYALAYA PS N-11 HUDCO,CLU3605031,URC1,URC-1,4,2,146,93,53,0,0.57,36.3,0.0,117,29,0,0,124.0,124.0,0.0,100.0
27191004309,BHARTIYA  P.S. SHARIF COLONY,CLU3605032,URC1,URC-1,4,2,427,331,96,0,0.29,22.48,0.0,304,123,0,0,440.0,440.0,0.0,100.0
27191000310,BHARTIYA VIDYALAYA AND JR. COLLEGE HUDCO N-11,CLU3605031,URC1,URC-1,4,3,201,150,51,0,0.34,25.37,0.0,10,50,81,60,189.0,189.0,0.0,100.0
27191007027,BHASKARACHARYA ENG SCHOOL GARKHEDA PARISAR,CLU3605027,URC1,URC-1,27,2,199,109,90,0,0.83,45.23,0.0,129,70,0,0,213.0,187.0,26.0,87.79
27191007316,BHASKARACHARYA HIGHER SECONDARY SCHOOL,CLU3605027,URC1,URC-1,27,11,63,35,28,0,0.8,44.44,0.0,0,0,0,63,72.0,72.0,0.0,100.0
27191007313,BHASKARACHARYA VIDYANIKETAN N-2,CLU3605027,URC1,URC-1,27,7,43,29,14,0,0.48,32.56,0.0,0,18,25,0,32.0,32.0,0.0,100.0
27191002102,BODHI PS MISARWADI,CLU3605028,URC1,URC-1,4,2,235,127,108,0,0.85,45.96,0.0,157,78,0,0,222.0,222.0,0.0,100.0
27191000130,BOON ENGLISH  H S,CLU3605031,URC1,URC-1,27,7,180,100,80,0,0.8,44.44,0.0,0,69,111,0,178.0,178.0,0.0,100.0
27191000101,BOON ENGLISH PS,CLU3605031,URC1,URC-1,27,2,334,166,168,0,1.01,50.3,0.0,240,94,0,0,346.0,346.0,0.0,100.0
27191007816,BRIGHT STAR ENGLISH SCHOOL AND JUNIOR COLLEGE,CLU3605027,URC1,URC-1,27,3,571,338,233,0,0.69,40.81,0.0,269,127,42,18,369.0,369.0,0.0,100.0
27191001911,CAMPION ENGLISH SCHOOL,CLU3605034,URC1,URC-1,27,2,29,18,11,0,0.61,37.93,0.0,29,0,0,0,25.0,0.0,25.0,0.0
27191002203,CHAITANYA KANIFNATH APANG VIDYALAYA,CLU3605028,URC1,URC-1,11,2,42,25,17,0,0.68,40.48,0.0,32,10,0,0,50.0,50.0,0.0,100.0
27191002236,CHAITANYA KANIFNATH NIWASI MATIMAND VIDYALAY,CLU3605028,URC1,URC-1,12,2,44,41,3,0,0.07,6.82,0.0,23,21,0,0,46.0,0.0,46.0,0.0
27191007012,CHATRAPATI HIGH SCHOOL GARKHEDA,CLU3605027,URC1,URC-1,4,6,81,45,36,0,0.8,44.44,0.0,1,40,40,0,97.0,97.0,0.0,100.0
27191002005,CHETANA ANIVASI PS,CLU3605028,URC1,URC-1,11,2,104,59,45,0,0.76,43.27,0.0,85,19,0,0,107.0,107.0,0.0,100.0
27191007247,CHHATRAPATI MARATHI PRIMARY VIDYALAY,CLU3605027,URC1,URC-1,4,2,162,97,65,0,0.67,40.12,0.0,123,39,0,0,171.0,171.0,0.0,100.0
27191004708,CLOVER DALE SCHOOL,CLU3605034,URC1,URC-1,27,6,533,316,217,0,0.69,40.71,0.0,249,149,135,0,589.0,60.0,529.0,0.0
27191002604,CPS CIDCO N-7,CLU3605028,URC1,URC-1,17,2,339,189,150,0,0.79,44.25,0.0,215,124,0,0,338.0,338.0,0.0,100.0
27191000103,CPS HARSUL,CLU3605031,URC1,URC-1,17,2,315,172,143,0,0.83,45.4,0.0,187,128,0,0,370.0,370.0,0.0,100.0
27191005315,CPS KIRADPURA NO.1,CLU3605032,URC1,URC-1,17,2,1001,485,516,0,1.06,51.55,0.0,589,243,0,0,888.0,888.0,0.0,100.0
27191007988,CPS MUKUNDWADI,CLU3605027,URC1,URC-1,17,2,352,184,168,0,0.91,47.73,0.0,190,162,0,0,398.0,398.0,0.0,100.0
27194100723,CPS MUKUNDWADI,CLU3605027,URC1,,17,1,16,7,9,0,1.29,56.25,0.0,16,0,0,0,,,,
27191005327,CRESCENT INTERNATIONAL SCHOOL,CLU3605032,URC1,URC-1,27,6,442,226,216,0,0.96,48.87,0.0,224,151,67,0,537.0,537.0,0.0,100.0
27191000105,DADOJI KONDDEV HS,CLU3605031,URC1,URC-1,4,6,197,114,83,0,0.73,42.13,0.0,18,74,105,0,198.0,198.0,0.0,100.0
27191000157,DAR AL ARQAM PUBLIC SCHOOL,CLU3605031,URC1,URC-1,27,3,403,204,199,0,0.98,49.38,0.0,261,137,5,0,444.0,444.0,0.0,100.0
27191002832,DAULAT URDU PS NEHRU NAGAR,CLU3605032,URC1,URC-1,4,2,327,133,194,0,1.46,59.33,0.0,217,110,0,0,328.0,328.0,0.0,100.0
27191004809,DHARMAVEER SAMBHAJI SEC. AND HIGH SEC. SCHOOL N-5,CLU3605028,URC1,URC-1,4,3,578,347,231,0,0.67,39.97,0.0,61,245,181,91,602.0,408.0,194.0,67.77
27191004808,DHARMVEER SAMBHAJI PS N-5,CLU3605028,URC1,URC-1,4,1,303,167,136,0,0.81,44.88,0.0,218,0,0,0,317.0,317.0,0.0,100.0
27194100682,DIVINE ENGLISH SCHOOL GARKHEDA PARISAR CHH.SAMBHAJINAGAR,CLU3605027,URC1,,27,2,31,15,16,0,1.07,51.61,0.0,31,0,0,0,,,,
27191008201,DNYAN GANGA PS,CLU3605027,URC1,URC-1,4,2,73,35,38,0,1.09,52.05,0.0,43,30,0,0,89.0,89.0,0.0,100.0
27191000125,DNYANAI PUBLIC SCHOOL,CLU3605031,URC1,URC-1,53,2,235,128,107,0,0.84,45.53,0.0,144,91,0,0,232.0,147.0,85.0,63.36
27191002513,DNYANDA ENGLISH SCHOOL,CLU3605028,URC1,URC-1,27,2,354,179,175,0,0.98,49.44,0.0,237,117,0,0,377.0,377.0,0.0,100.0
27191007602,DNYANDEEP MADHYAMIK VIDYALAYA N2,CLU3605027,URC1,URC-1,4,7,116,62,54,0,0.87,46.55,0.0,0,27,89,0,136.0,136.0,0.0,100.0
27191007605,DNYANDIP PS CIDCO PRAKASHNAGAR,CLU3605027,URC1,URC-1,4,2,325,168,157,0,0.93,48.31,0.0,236,89,0,0,289.0,289.0,0.0,100.0
27191007307,DNYANESH VIDYAMANDIR N-2 CIDCO,CLU3605027,URC1,URC-1,4,6,698,392,306,0,0.78,43.84,0.0,81,309,308,0,742.0,742.0,0.0,100.0
27191007809,DNYANGANGA ENG PS CHIKALTHANA,CLU3605027,URC1,URC-1,27,2,9,3,6,0,2.0,66.67,0.0,9,0,0,0,10.0,10.0,0.0,100.0
27191008090,DNYANJYOT ENG SCHOOL MUKUNDWADI,CLU3605027,URC1,URC-1,27,2,97,52,45,0,0.87,46.39,0.0,76,21,0,0,126.0,126.0,0.0,100.0
27191008089,DNYANJYOT SCHOOL MUKUNDWADI (MARATHI),CLU3605027,URC1,URC-1,55,2,517,269,248,0,0.92,47.97,0.0,326,191,0,0,504.0,504.0,0.0,100.0
27191007991,DNYANJYOT SECONDARY SCHOOL,CLU3605027,URC1,URC-1,27,8,74,39,35,0,0.9,47.3,0.0,0,0,74,0,66.0,66.0,0.0,100.0
27191007304,DNYANKIRAN PS THAKRENAGAR,CLU3605027,URC1,URC-1,4,2,297,150,147,0,0.98,49.49,0.0,195,102,0,0,351.0,351.0,0.0,100.0
27191002311,DNYANPRABODHINI  JR. COLLEGE,CLU3605028,URC1,URC-1,19,11,0,0,0,0,0.0,0.0,0.0,0,0,0,0,1.0,0.0,1.0,0.0
27191002301,DNYANPRABODHINI HS,CLU3605028,URC1,URC-1,4,6,288,164,124,0,0.76,43.06,0.0,18,142,128,0,301.0,301.0,0.0,100.0
27191007009,DNYANPRAKASH VIDYA MANDIR,CLU3605027,URC1,URC-1,4,6,262,168,94,0,0.56,35.88,0.0,0,76,186,0,406.0,255.0,151.0,62.81
27191008106,DNYANSAGAR PS,CLU3605027,URC1,URC-1,4,2,53,25,28,0,1.12,52.83,0.0,42,11,0,0,62.0,62.0,0.0,100.0
27191002115,DNYANSANDIP MADHYAMIC VIDYALAYA,CLU3605028,URC1,URC-1,27,8,17,11,6,0,0.55,35.29,0.0,0,0,17,0,32.0,21.0,11.0,65.63
27191002109,DNYANSANDIP PS MISARWADI,CLU3605028,URC1,URC-1,4,2,218,140,78,0,0.56,35.78,0.0,134,84,0,0,193.0,193.0,0.0,100.0
27191000155,DR APJ ABDUL KALAM PRIMARY HIGH SCHOOL AND JR COLLEGE HARSUL,CLU3605031,URC1,URC-1,27,3,182,113,69,0,0.61,37.91,0.0,134,42,6,0,171.0,171.0,0.0,100.0
27191000116,DR PATANGRAO KADAM URDU PS HARSUL,CLU3605031,URC1,URC-1,55,2,267,105,162,0,1.54,60.67,0.0,185,82,0,0,270.0,270.0,0.0,100.0
27191004715,DR Y S KHEDKAR SRI CHAITANYA TECHNO SCHOOL,CLU3605034,URC1,URC-1,27,6,934,560,374,0,0.67,40.04,0.0,417,304,213,0,1083.0,1083.0,0.0,100.0
27191007265,DR. SARVAPALLI RADHAKRISHNAN WORLD SCHOOL,CLU3605027,URC1,URC-1,27,2,218,127,91,0,0.72,41.74,0.0,143,75,0,0,179.0,179.0,0.0,100.0
27191004005,DR. ZAKIR HUSAIN HS AND JR.COLLEGE,CLU3605032,URC1,URC-1,4,3,853,585,268,0,0.46,31.42,0.0,29,210,383,231,1033.0,1033.0,0.0,100.0
27191004207,DR. ZAKIR HUSAIN PS MUJEEB COLONY,CLU3605032,URC1,URC-1,4,2,350,164,186,0,1.13,53.14,0.0,257,93,0,0,352.0,352.0,0.0,100.0
27191002416,DREAMLAND ENGLISH SCHOOL,CLU3605031,URC1,URC-1,27,2,607,346,261,0,0.75,43.0,0.0,397,210,0,0,590.0,590.0,0.0,100.0
27191001811,"Diamond English School CIDCO, N9",CLU3605034,URC1,URC-1,27,2,212,127,85,0,0.67,40.09,0.0,187,25,0,0,202.0,202.0,0.0,100.0
27191008404,"Dr. R.P. NATH HIGH SCHOOL, GARKHEDA PARISAR",CLU3605027,URC1,URC-1,4,3,542,356,186,0,0.52,34.32,0.0,5,74,122,341,476.0,440.0,36.0,92.44
27191000113,EKNATH VIDYA MANDIR HARSOOL,CLU3605031,URC1,URC-1,4,2,133,90,43,0,0.48,32.33,0.0,76,57,0,0,168.0,103.0,65.0,61.31
27191002117,EKTA MADHYAMIC VIDYALAY,CLU3605028,URC1,URC-1,27,8,33,19,14,0,0.74,42.42,0.0,0,0,33,0,22.0,22.0,0.0,100.0
27191002110,EKTA PS MIDC MISARWADI,CLU3605028,URC1,URC-1,4,2,297,183,114,0,0.62,38.38,0.0,194,103,0,0,306.0,306.0,0.0,100.0
27191007317,ERA INTERNATIONAL SCHOOL CIDCO AURANGABAD,CLU3605027,URC1,URC-1,27,2,15,10,5,0,0.5,33.33,0.0,11,4,0,0,17.0,0.0,17.0,0.0
27191004006,FAIZAL ULULOOM PS,CLU3605032,URC1,URC-1,4,2,288,128,160,0,1.25,55.56,0.0,209,79,0,0,287.0,287.0,0.0,100.0
27191002404,FATEMA GIRLS PS PAWARLOOM,CLU3605028,URC1,URC-1,4,2,392,203,189,0,0.93,48.21,0.0,297,95,0,0,383.0,383.0,0.0,100.0
27191004115,FATEMA GIRLS PS SHAHABAZAR,CLU3605032,URC1,URC-1,4,1,684,0,684,0,684.0,100.0,0.0,684,0,0,0,769.0,769.0,0.0,100.0
27191005506,FATEMA GIRLS SEC. AND HIGH SEC. SCHOOL,CLU3605032,URC1,URC-1,4,3,2454,0,2454,0,2454.0,100.0,0.0,262,956,917,319,2427.0,2427.0,0.0,100.0
27191005320,FATIMA GIRLS PS BARI COLONY,CLU3605032,URC1,URC-1,4,2,508,205,303,0,1.48,59.65,0.0,381,127,0,0,578.0,578.0,0.0,100.0
27191004906,FOSTER DEVELOPMENT VOCA & TECH. COLLEGE,CLU3605028,URC1,URC-1,4,11,10,4,6,0,1.5,60.0,0.0,0,0,0,10,10.0,0.0,10.0,0.0
27191004409,FOSTER ENGLISH HS,CLU3605032,URC1,URC-1,27,7,76,55,21,0,0.38,27.63,0.0,0,23,53,0,86.0,86.0,0.0,100.0
27191007810,G D PS CHIKALTHANA,CLU3605027,URC1,URC-1,54,2,471,274,197,0,0.72,41.83,0.0,258,159,0,0,465.0,465.0,0.0,100.0
27191007405,G Y P PRI SCHOOL MUKUNDWADI,CLU3605027,URC1,URC-1,19,1,30,16,14,0,0.88,46.67,0.0,30,0,0,0,48.0,48.0,0.0,100.0
27191007002,GAJANAN BAHU UDDESIYA PS GARKHEDA,CLU3605027,URC1,URC-1,4,2,112,59,53,0,0.9,47.32,0.0,76,36,0,0,139.0,139.0,0.0,100.0
27191007003,GAJANAN BAHU. MADHYAMIK SCHOOL,CLU3605027,URC1,URC-1,55,6,95,56,39,0,0.7,41.05,0.0,0,34,61,0,106.0,72.0,34.0,67.92
27191007020,GANGAGIRI MAHARAJ MADHYAMIK VID,CLU3605027,URC1,URC-1,19,6,137,79,58,0,0.73,42.34,0.0,0,79,58,0,172.0,22.0,150.0,0.0
27191002418,GDPS PUBLIC SCHOOL,CLU3605028,URC1,URC-1,27,6,19,8,11,0,1.38,57.89,0.0,10,6,0,0,28.0,28.0,0.0,100.0
27191002204,GEETA BAL VIDYA MANDIR,CLU3605028,URC1,URC-1,54,2,560,317,243,0,0.77,43.39,0.0,344,216,0,0,504.0,504.0,0.0,100.0
27191000134,GIRISH DNYANSANSKAR VIDYALAYA HARSUL,CLU3605031,URC1,URC-1,19,1,122,75,47,0,0.63,38.52,0.0,122,0,0,0,122.0,122.0,0.0,100.0
27191002319,GLOBAL STAR SCHOOL,CLU3605028,URC1,URC-1,27,2,3,2,1,0,0.5,33.33,0.0,0,3,0,0,5.0,5.0,0.0,100.0
27191001503,GODAVARI PUBLIC SCHOOL (HIGHER SECONDARY),CLU3605034,URC1,URC-1,4,3,1343,756,587,0,0.78,43.71,0.0,123,412,414,394,1600.0,1600.0,0.0,100.0
27191001507,GODAVARI PUBLIC SCHOOL (PRIMARY SECTION),CLU3605034,URC1,URC-1,4,1,472,238,234,0,0.98,49.58,0.0,472,0,0,0,501.0,489.0,12.0,97.6
27191007819,GOPINATH MADHYAMIK VIDYALAYA HINANAGAR CHIKHALTHANA,CLU3605027,URC1,URC-1,27,8,26,14,12,0,0.86,46.15,0.0,0,0,26,0,24.0,13.0,11.0,54.1
27191001407,GROOVY (AS-SIRAAT)ENGLISH SCHOOL N 12,CLU3605034,URC1,URC-1,27,2,45,19,26,0,1.37,57.78,0.0,38,7,0,0,47.0,45.0,2.0,95.74
27191005511,GULISTA URDU PRIMARY SCHOOL JAHANGIR COLONY,CLU3605031,URC1,URC-1,4,2,688,267,421,0,1.58,61.19,0.0,561,127,0,0,635.0,635.0,0.0,100.0
27191002906,GULSHAN E USMAN URDU PS GANESH,CLU3605034,URC1,URC-1,55,2,223,101,122,0,1.21,54.71,0.0,172,51,0,0,291.0,291.0,0.0,100.0
27191001604,"GURUKUL GLOBLE ENGLISH SCHOOL , CIDCO",CLU3605031,URC1,URC-1,27,2,31,9,22,0,2.44,70.97,0.0,25,6,0,0,23.0,23.0,0.0,100.0
27191000226,GURUKUL JUNIOR COLLEGE JADHAVWADI,CLU3605031,URC1,URC-1,53,11,412,212,200,0,0.94,48.54,0.0,0,0,0,412,383.0,383.0,0.0,100.0
27191000156,GURUKUL MARATHI PRATHAMIK SHALA,CLU3605031,URC1,URC-1,19,2,83,37,46,0,1.24,55.42,0.0,31,52,0,0,100.0,100.0,0.0,100.0
27191007824,GURUKUL OLYMPIAD SCHOOL,CLU3605027,URC1,URC-1,27,3,842,475,367,0,0.77,43.59,0.0,485,283,74,0,579.0,579.0,0.0,100.0
27191004604,HABIBA JUNIOR COLLEGE OF ARTS JASWANTPURA,CLU3605032,URC1,URC-1,19,11,75,10,65,0,6.5,86.67,0.0,0,0,0,75,59.0,59.0,0.0,100.0
27191007805,HAKAM URDU PS CHIKALTHANA,CLU3605027,URC1,URC-1,53,2,295,70,225,0,3.21,76.27,0.0,213,82,0,0,276.0,276.0,0.0,100.0
27191000318,"HALLMARK ENGLISH SCHOOL, HUDCO",CLU3605034,URC1,URC-1,27,2,301,177,124,0,0.7,41.2,0.0,219,82,0,0,306.0,0.0,306.0,0.0
27191004407,"HAMIDIYA URDU SEC. AND HIGH SEC. SCHOOL,KIRADPURA",CLU3605032,URC1,URC-1,4,5,313,51,262,0,5.14,83.71,0.0,0,65,138,110,303.0,303.0,0.0,100.0
27191004908,HAP INTERNATIONAL SCHOOL,CLU3605028,URC1,URC-1,27,2,89,49,40,0,0.82,44.94,0.0,54,3,0,0,83.0,83.0,0.0,100.0
27191007823,HAP INTERNATIONAL SCHOOL CHIKALTHANA,CLU3605027,URC1,URC-1,27,3,385,246,139,0,0.57,36.1,0.0,154,150,71,10,374.0,345.0,29.0,92.25
27191000117,HARSUL URDU HS AMAR JOYTHI,CLU3605031,URC1,URC-1,55,7,253,92,161,0,1.75,63.64,0.0,0,68,185,0,237.0,237.0,0.0,100.0
27191000118,HARSUL URDU PS  AMAR JYOTHI,CLU3605031,URC1,URC-1,4,2,504,199,305,0,1.53,60.52,0.0,334,170,0,0,522.0,522.0,0.0,100.0
27191002101,HAZRAT AAYESHA URDU PS MISARWADI,CLU3605028,URC1,URC-1,4,2,461,171,290,0,1.7,62.91,0.0,327,134,0,0,451.0,451.0,0.0,100.0
27191004011,HAZRAT NIZAMUDDIN ENGLISH SCHOOL SHAHAGUNJ,CLU3605032,URC1,URC-1,27,1,159,104,55,0,0.53,34.59,0.0,159,0,0,0,153.0,153.0,0.0,100.0
27191007303,HERAMB PRATHMIK VIDYA MANDIR,CLU3605027,URC1,URC-1,53,1,216,118,98,0,0.83,45.37,0.0,216,0,0,0,250.0,250.0,0.0,100.0
27191002711,HIS HOLINES HAZRAT MANSOOR SHAH WALI URDU SCHOOL,CLU3605034,URC1,URC-1,19,2,141,77,64,0,0.83,45.39,0.0,92,49,0,0,166.0,166.0,0.0,100.0
27191002845,HIS HOLINES HAZRAT MANSOOR SHAHWALI URDU PRIMARY SCHOOL KATKAT GATE,CLU3605032,URC1,URC-1,19,2,120,71,49,0,0.69,40.83,0.0,65,55,0,0,141.0,141.0,0.0,100.0
27191002214,INDIRA NIVASI MUKHBADHIR VIDYALYA NAREGAON,CLU3605028,URC1,URC-1,12,2,66,36,30,0,0.83,45.45,0.0,33,33,0,0,75.0,75.0,0.0,100.0
27191005316,IQRA URDU BOYS HS KIRADPURA,CLU3605032,URC1,URC-1,4,5,496,495,1,0,0.0,0.2,0.0,0,111,211,174,594.0,594.0,0.0,100.0
27191005317,IQRA URDU GIRLS HS KIRADPURA,CLU3605032,URC1,URC-1,4,7,592,0,592,0,592.0,100.0,0.0,0,209,383,0,555.0,555.0,0.0,100.0
27191002839,IQRA URDU PS KATKATGATE,CLU3605032,URC1,URC-1,4,2,2324,850,1474,0,1.73,63.43,0.0,1626,698,0,0,2413.0,2413.0,0.0,100.0
27191007010,JAGDAMBA PS GARKHEDA,CLU3605027,URC1,URC-1,4,2,332,170,162,0,0.95,48.8,0.0,230,102,0,0,371.0,371.0,0.0,100.0
27191008402,JAI AMBIKA VIDYA MANDIR,CLU3605027,URC1,URC-1,4,2,205,103,102,0,0.99,49.76,0.0,141,57,0,0,223.0,203.0,20.0,91.03
27191002510,JIGISHA INTERNATIONAL SCHOOL (H.S) N-7,CLU3605028,URC1,URC-1,27,7,123,74,49,0,0.66,39.84,0.0,0,0,123,0,197.0,197.0,0.0,100.0
27191002511,JIGISHA INTERNATIONAL SCHOOL (P.S) N-7,CLU3605028,URC1,URC-1,27,2,461,249,212,0,0.85,45.99,0.0,315,146,0,0,513.0,513.0,0.0,100.0
27191004902,JIJAMATA KANYA VIDYALAYA AND JR. COLLEGE,CLU3605028,URC1,URC-1,4,3,550,285,265,0,0.93,48.18,0.0,42,236,216,56,553.0,553.0,0.0,100.0
27191004907,JIJAMATA PS CIDCO,CLU3605028,URC1,URC-1,4,1,142,69,73,0,1.06,51.41,0.0,142,0,0,0,143.0,143.0,0.0,100.0
27191000136,JYOTI VIDYA MANDIR HIGH SCHOOL,CLU3605031,URC1,URC-1,27,8,50,28,22,0,0.79,44.0,0.0,0,0,50,0,49.0,49.0,0.0,100.0
27191000112,JYOTI VIDYA MANDIR PS SARAFA,CLU3605031,URC1,URC-1,4,2,168,112,56,0,0.5,33.33,0.0,120,48,0,0,183.0,183.0,0.0,100.0
27191008308,K. VILAS BHAMRE VIDYAMANDIR,CLU3605027,URC1,URC-1,19,2,197,118,79,0,0.67,40.1,0.0,114,83,0,0,262.0,201.0,61.0,76.72
27191008113,KAI JANABAI WAGHMARE HS MUKUNDWADI,CLU3605027,URC1,URC-1,27,3,20,11,9,0,0.82,45.0,0.0,0,0,20,0,15.0,15.0,0.0,100.0
27191007502,KARUNA PS SANJAYNAGAR,CLU3605027,URC1,URC-1,4,2,29,16,13,0,0.81,44.83,0.0,22,7,0,0,28.0,28.0,0.0,100.0
27191004408,KHAIRUL MOMINEEN PS KIRADPURA,CLU3605032,URC1,URC-1,4,2,477,207,270,0,1.3,56.6,0.0,322,136,0,0,528.0,528.0,0.0,100.0
27191004413,KHAIRUL MOMINEEN URDU HS KIRADPURA,CLU3605032,URC1,URC-1,55,7,192,71,121,0,1.7,63.02,0.0,0,59,133,0,198.0,198.0,0.0,100.0
27191007808,KHATUN ZUBEDA YASEEN URDU HS CHIKALTHANA,CLU3605027,URC1,URC-1,55,7,139,31,108,0,3.48,77.7,0.0,0,40,99,0,151.0,151.0,0.0,100.0
27191007803,KHWAJA URDU PS,CLU3605027,URC1,URC-1,25,2,95,50,45,0,0.9,47.37,0.0,67,28,0,0,206.0,206.0,0.0,100.0
27191007249,KIDS CAPITAL ENG SCHOOL JAIBHAVANI NGR,CLU3605027,URC1,URC-1,27,2,196,106,90,0,0.85,45.92,0.0,155,41,0,0,191.0,191.0,0.0,100.0
27191007322,KIDS GALAXY GLOBAL  SCHOOL CIDCO AREA,CLU3605027,URC1,URC-1,27,3,225,121,104,0,0.86,46.22,0.0,160,65,0,0,241.0,241.0,0.0,100.0
27191008306,KIDS KINGDOM ENGLISH PS,CLU3605027,URC1,URC-1,27,2,375,194,181,0,0.93,48.27,0.0,257,118,0,0,416.0,416.0,0.0,100.0
27191008110,KIDS PRIDE ENG SCHOOL SHASTRI NAGAR,CLU3605027,URC1,URC-1,27,6,1528,892,636,0,0.71,41.62,0.0,641,501,386,0,1750.0,1750.0,0.0,100.0
27191007314,KIDS VALLY English School,CLU3605031,URC1,URC-1,27,6,84,36,48,0,1.33,57.14,0.0,47,27,10,0,108.0,108.0,0.0,100.0
27191008309,KIDS ZONE ENGLISH AND JUNIOR COLLEGE,CLU3605027,URC1,URC-1,27,3,556,318,238,0,0.75,42.81,0.0,364,158,34,0,505.0,505.0,0.0,100.0
27191007246,KILBIL PS,CLU3605027,URC1,URC-1,4,1,110,63,47,0,0.75,42.73,0.0,110,0,0,0,115.0,115.0,0.0,100.0
27191007029,KULBHUSHAN JUNIOR COLLEGE,CLU3605027,URC1,URC-1,19,11,274,155,119,0,0.77,43.43,0.0,0,0,0,274,343.0,0.0,343.0,0.0
27191004603,LAL BAHADUR SHASTRI MARATHI PS,CLU3605032,URC1,URC-1,19,2,18,10,8,0,0.8,44.44,0.0,13,5,0,0,22.0,22.0,0.0,100.0
27191005324,LAL BHADUR SHASTRI URDU PS RAHIM NAGAR,CLU3605032,URC1,URC-1,4,2,73,32,41,0,1.28,56.16,0.0,43,30,0,0,87.0,87.0,0.0,100.0
27191002403,LAL BHAHADUR SHASTRI URDU HS,CLU3605028,URC1,URC-1,4,7,154,48,106,0,2.21,68.83,0.0,0,40,114,0,162.0,162.0,0.0,100.0
27191002114,LALBAHADUR SHASTRI P VIDYALAYA,CLU3605028,URC1,URC-1,4,2,313,156,157,0,1.01,50.16,0.0,228,85,0,0,299.0,254.0,45.0,84.95
27191008086,LATE LAXMANRAO DANGE ENG. SCHOOL,CLU3605027,URC1,URC-1,27,2,95,51,44,0,0.86,46.32,0.0,62,33,0,0,102.0,102.0,0.0,100.0
27191008107,LATE MATOSHRI JIVABEN PATEL MADHHYAMIK VIDYALAYA,CLU3605027,URC1,URC-1,55,7,191,92,99,0,1.08,51.83,0.0,0,70,121,0,167.0,117.0,50.0,70.06
27191007022,LATE SHANKARRAOJI KAMBLE MADYAMIK VIDYALYA N-13,CLU3605034,URC1,URC-1,55,6,198,124,74,0,0.6,37.37,0.0,7,53,138,0,256.0,256.0,0.0,100.0
27191007403,LATE. GANPATRAO JAGTAP PRIMARY SCHOOL,CLU3605027,URC1,URC-1,4,2,756,373,383,0,1.03,50.66,0.0,529,227,0,0,812.0,812.0,0.0,100.0
27191000110,LAXMIKANT VIDYALAYA N-11 HUDCO,CLU3605031,URC1,URC-1,4,2,213,114,99,0,0.87,46.48,0.0,131,82,0,0,171.0,141.0,30.0,82.46
27191007997,LITTLE ANGEL GURUKUL ,CLU3605027,URC1,URC-1,27,1,28,16,12,0,0.75,42.86,0.0,13,0,0,0,24.0,21.0,3.0,87.5
27191007321,LITTLE GANESHA SCHOOL N2 MUKUNDWADI AREA,CLU3605027,URC1,URC-1,27,2,19,14,5,0,0.36,26.32,0.0,17,2,0,0,20.0,20.0,0.0,100.0
27191000123,LITTLE MASTER ENG HS HARSUL,CLU3605031,URC1,URC-1,27,3,60,42,18,0,0.43,30.0,0.0,34,20,6,0,111.0,111.0,0.0,100.0
27191004713,LITTLE STAR ENG PS N-6,CLU3605034,URC1,URC-1,27,2,40,24,16,0,0.67,40.0,0.0,30,10,0,0,43.0,23.0,20.0,53.0
27191002913,"LITTLE STAR HIGH SCHOOL, FAZILPURA",CLU3605034,URC1,URC-1,27,7,387,257,130,0,0.51,33.59,0.0,0,137,250,0,377.0,252.0,125.0,66.84
27191007008,LOKSEVA P.S. GARKHEDA,CLU3605027,URC1,URC-1,4,2,232,92,140,0,1.52,60.34,0.0,165,67,0,0,229.0,229.0,0.0,100.0
27191004416,M R DREAM ENGLISH SCHOOL RAHIM NAGAR JASWANTPURA,CLU3605032,URC1,URC-1,27,6,60,37,23,0,0.62,38.33,0.0,52,8,0,0,46.0,46.0,0.0,100.0
27191007252,M S PUBLIC SCHOOL ENG N-4,CLU3605027,URC1,URC-1,27,1,65,40,25,0,0.62,38.46,0.0,65,0,0,0,96.0,96.0,0.0,100.0
27191008405,M TAJBI PATEL URDU PS,CLU3605027,URC1,URC-1,4,2,212,79,133,0,1.68,62.74,0.0,148,64,0,0,242.0,242.0,0.0,100.0
27191007232,M.I.T.HIGHSCHOOL N4,CLU3605027,URC1,URC-1,4,6,224,139,85,0,0.61,37.95,0.0,11,82,131,0,251.0,251.0,0.0,100.0
27191000147,M.R.S. INERNATIONAL ENGLISH PS HUDCO PARISAR,CLU3605031,URC1,URC-1,27,2,21,7,14,0,2.0,66.67,0.0,12,9,0,0,23.0,23.0,0.0,100.0
27191007233,M.S. PUBLIC SCHOOL,CLU3605027,URC1,URC-1,55,2,470,245,225,0,0.92,47.87,0.0,245,225,0,0,532.0,532.0,0.0,100.0
27191007266,M.S.P. SECONDARY SCHOOL CIDCO N-4,CLU3605027,URC1,URC-1,27,8,135,71,64,0,0.9,47.41,0.0,0,0,135,0,124.0,124.0,0.0,100.0
27191008304,MA SHARADA PS,CLU3605027,URC1,URC-1,53,2,258,128,130,0,1.02,50.39,0.0,164,94,0,0,240.0,240.0,0.0,100.0
27191004705,MADHUR MATIMAND VIDYALAY,CLU3605034,URC1,URC-1,12,1,0,0,0,0,0.0,0.0,0.0,0,0,0,0,26.0,0.0,26.0,0.0
27191008401,MADHYAMIK VIDYALAYA NATH PRANGAN GARKHEDA,CLU3605027,URC1,URC-1,4,6,166,89,77,0,0.87,46.39,0.0,3,85,78,0,209.0,209.0,0.0,100.0
27191007248,MADYAMIK VIDYALYA GANESH NAGAR N-4,CLU3605027,URC1,URC-1,54,7,114,63,51,0,0.81,44.74,0.0,0,43,71,0,106.0,106.0,0.0,100.0
27191008088,MADYAMIK VIDYALYA MUKUNDWADI,CLU3605027,URC1,URC-1,55,7,387,197,190,0,0.96,49.1,0.0,0,101,286,0,438.0,438.0,0.0,100.0
27191002509,MAEER'S VISHWASHANTI GURUKUL SCHOOL,CLU3605028,URC1,URC-1,27,6,469,290,179,0,0.62,38.17,0.0,220,116,133,0,512.0,512.0,0.0,100.0
27191004010,MAHARASHTRA HINDI VID. SHAHAGU,CLU3605032,URC1,URC-1,4,6,503,391,112,0,0.29,22.27,0.0,63,232,208,0,541.0,541.0,0.0,100.0
27191004008,MAHARASHTRA HINDI VIDYALAYA,CLU3605032,URC1,URC-1,4,1,222,163,59,0,0.36,26.58,0.0,222,0,0,0,238.0,238.0,0.0,100.0
27191002219,MAHARASHTRA URDU HIGH SCHOOL,CLU3605028,URC1,URC-1,27,10,101,35,66,0,1.89,65.35,0.0,0,0,101,0,120.0,120.0,0.0,100.0
27191002216,MAHARASHTRA URDU PS,CLU3605028,URC1,URC-1,4,2,866,380,486,0,1.28,56.12,0.0,533,333,0,0,848.0,848.0,0.0,100.0
27191007243,MAHARSHI VIDYALAY N-4,CLU3605027,URC1,URC-1,4,6,297,171,126,0,0.74,42.42,0.0,30,156,111,0,317.0,317.0,0.0,100.0
27191004704,MAHATMA GANDHI MISSION SANSKAR VID.,CLU3605034,URC1,URC-1,27,1,123,72,51,0,0.71,41.46,0.0,123,0,0,0,163.0,118.0,45.0,72.39
27191007244,MAHATMA PHULE PS,CLU3605027,URC1,URC-1,54,2,150,93,57,0,0.61,38.0,0.0,97,53,0,0,270.0,235.0,35.0,87.04
27191004116,MALIK AMBAR URDU MADHYAMIK SCHOOL,CLU3605032,URC1,URC-1,4,7,131,63,68,0,1.08,51.91,0.0,0,50,81,0,122.0,122.0,0.0,100.0
27191004117,MALIKAMBER URDU PS DAMDI MAHAL,CLU3605032,URC1,URC-1,4,2,263,117,146,0,1.25,55.51,0.0,177,86,0,0,252.0,252.0,0.0,100.0
27191002313,MARHUM SANDU PATEL URDU PRIMARY SCHOOL,CLU3605028,URC1,URC-1,19,2,90,51,39,0,0.76,43.33,0.0,39,51,0,0,158.0,158.0,0.0,100.0
27191002838,MARIUM UL ULUM PS ABAD,CLU3605032,URC1,URC-1,4,2,554,288,266,0,0.92,48.01,0.0,386,168,0,0,555.0,555.0,0.0,100.0
27191007903,MASIHA URDU HIGH SCHOOL KIREDPRA,CLU3605032,URC1,URC-1,27,8,31,13,18,0,1.38,58.06,0.0,0,0,31,0,36.0,36.0,0.0,100.0
27191007508,"MASIHA URDU PRIMARY SCHOOL KIRADPURA, CHHATRAPATI SAMBHAJINAGAR",CLU3605032,URC1,URC-1,53,2,270,97,173,0,1.78,64.07,0.0,166,94,0,0,275.0,275.0,0.0,100.0
27191002908,MATOSHRI JIJAMATA PULBIC SHCOOL GANESH COLONY,CLU3605034,URC1,URC-1,54,2,213,102,111,0,1.09,52.11,0.0,162,51,0,0,205.0,205.0,0.0,100.0
27191007103,MATOSHRI NARSAI MADHYAMIK VID.,CLU3605027,URC1,URC-1,4,7,76,47,29,0,0.62,38.16,0.0,0,14,62,0,65.0,65.0,0.0,100.0
27191002605,MATOSHRI RAMABAI AMBEDKAR,CLU3605028,URC1,URC-1,4,7,52,36,16,0,0.44,30.77,0.0,0,8,44,0,74.0,74.0,0.0,100.0
27191000122,MAULANA AZAD MAHAVIDYALYA,CLU3605031,URC1,URC-1,4,11,2522,1393,1129,0,0.81,44.77,0.0,0,0,0,2522,2731.0,2099.0,632.0,76.86
27191004406,MD. MUSTHQ AHMAD URDU HS,CLU3605032,URC1,URC-1,4,6,211,108,103,0,0.95,48.82,0.0,24,101,86,0,225.0,225.0,0.0,100.0
27191008403,MEHARSING NAIK VIDYALAYA,CLU3605027,URC1,URC-1,4,3,290,168,122,0,0.73,42.07,0.0,20,64,60,146,318.0,242.0,76.0,76.1
27191002226,MEHER ENGLISH PRIMARY SCHOOL,CLU3605028,URC1,URC-1,27,1,123,74,49,0,0.66,39.84,0.0,121,0,0,0,6.0,6.0,0.0,100.0
27191002116,MEHER ENGLISH PRIMARY SCHOOL MISARWADI,CLU3605028,URC1,URC-1,27,1,3,2,1,0,0.5,33.33,0.0,0,0,0,0,3.0,3.0,0.0,100.0
27191004716,MGM SANSKAR VIDYALAY CIDCO N-6,CLU3605034,URC1,URC-1,19,3,415,249,166,0,0.67,40.0,0.0,42,147,104,122,462.0,412.0,50.0,89.18
27191002112,MILLENNIUM ENGLISH PS,CLU3605028,URC1,URC-1,27,2,370,249,121,0,0.49,32.7,0.0,275,95,0,0,304.0,304.0,0.0,100.0
27191002118,MILLENNIUM ENGLISH SCHOOL,CLU3605028,URC1,URC-1,27,8,64,53,11,0,0.21,17.19,0.0,0,0,64,0,42.0,42.0,0.0,100.0
27191000128,MNC HS  HARSUL GAON,CLU3605031,URC1,URC-1,17,8,62,38,24,0,0.63,38.71,0.0,0,0,62,0,108.0,108.0,0.0,100.0
27191002317,MNC HS ASHOKNAGAR,CLU3605028,URC1,URC-1,17,8,119,54,65,0,1.2,54.62,0.0,0,0,119,0,126.0,126.0,0.0,100.0
27191007815,MNC HS CHIKHALTHANA,CLU3605027,URC1,URC-1,17,8,77,48,29,0,0.6,37.66,0.0,0,0,77,0,73.0,73.0,0.0,100.0
27191002617,MNC HS CIDCO N-7,CLU3605028,URC1,URC-1,17,8,107,78,29,0,0.37,27.1,0.0,0,0,107,0,98.0,98.0,0.0,100.0
27191005326,MNC HS KIRADPURA NO 1,CLU3605032,URC1,URC-1,17,8,177,84,93,0,1.11,52.54,0.0,0,0,177,0,160.0,160.0,0.0,100.0
27191007989,MNC HS MUKUNDWADI,CLU3605027,URC1,URC-1,17,8,110,47,63,0,1.34,57.27,0.0,0,0,110,0,114.0,114.0,0.0,100.0
27191002213,MNC HS NAREGAON,CLU3605028,URC1,URC-1,17,8,228,171,57,0,0.33,25.0,0.0,0,0,228,0,220.0,116.0,104.0,52.0
27191002223,MNC HS NAREGAON URDU,CLU3605028,URC1,URC-1,17,8,361,131,230,0,1.76,63.71,0.0,0,0,361,0,353.0,353.0,0.0,100.0
27191004120,MNC HS SHAHBAZAR,CLU3605032,URC1,URC-1,17,8,99,42,57,0,1.36,57.58,0.0,0,0,99,0,98.0,40.0,58.0,40.0
27191004511,MNC HS YASHODHARA COLONY,CLU3605032,URC1,URC-1,17,8,58,25,33,0,1.32,56.9,0.0,0,0,58,0,57.0,57.0,0.0,100.0
27191007406,MODERN ENG SCHOOL CIDCO,CLU3605027,URC1,URC-1,27,2,423,228,195,0,0.86,46.1,0.0,286,137,0,0,396.0,396.0,0.0,100.0
27191007005,MODERN KANYA HS AND JR. COLLEGE,CLU3605027,URC1,URC-1,4,3,174,0,174,0,174.0,100.0,0.0,0,39,49,86,185.0,76.0,109.0,41.0
27191005313,MODERN SHISHAN GIRLS HS ROSHANGATE,CLU3605032,URC1,URC-1,4,6,147,18,129,0,7.17,87.76,0.0,9,51,87,0,123.0,123.0,0.0,100.0
27191004410,MODERN URDU PS KIRADPURA,CLU3605032,URC1,URC-1,4,2,160,73,87,0,1.19,54.37,0.0,111,47,0,0,172.0,172.0,0.0,100.0
27191007015,MOHAMMADIYA URDU H.S.,CLU3605027,URC1,URC-1,55,7,182,48,134,0,2.79,73.63,0.0,0,72,110,0,161.0,161.0,0.0,100.0
27191007014,MOHAMMADIYA URDU P.S.,CLU3605027,URC1,URC-1,54,2,261,77,184,0,2.39,70.5,0.0,179,82,0,0,247.0,247.0,0.0,100.0
27191002222,MOHD ABDUL HAFIZ PATNI URDU PS NAREGAON,CLU3605028,URC1,URC-1,54,2,636,324,312,0,0.96,49.06,0.0,375,260,0,0,612.0,612.0,0.0,100.0
27191005504,MOHSIN AHMED URDU PS KAISAR COLONY,CLU3605032,URC1,URC-1,4,2,239,119,120,0,1.01,50.21,0.0,183,56,0,0,234.0,234.0,0.0,100.0
27191000164,MOONSTAR GLOBAL SCHOOL ,CLU3605031,URC1,URC-1,27,2,1,0,1,0,1.0,100.0,0.0,1,0,0,0,1.0,1.0,0.0,100.0
27191004226,MOUNT FORT ELEMENTARY SCHOOL ROSHANGATE,CLU3605032,URC1,URC-1,27,2,151,107,44,0,0.41,29.14,0.0,106,45,0,0,124.0,124.0,0.0,100.0
27190219474,MOUNT VALLEY TECHNO SCHOOL,CLU3605027,URC1,URC-1,27,2,41,18,23,0,1.28,56.1,0.0,21,0,0,0,44.0,44.0,0.0,100.0
27191004216,MUJIB ALAM SHAH URDU HIGH SCHOOL,CLU3605032,URC1,URC-1,27,8,88,24,64,0,2.67,72.73,0.0,0,0,88,0,84.0,84.0,0.0,100.0
27191004202,MUJIB-ALAM-SHAH URDU PS,CLU3605032,URC1,URC-1,19,2,727,234,493,0,2.11,67.81,0.0,488,239,0,0,713.0,472.0,241.0,66.2
27191007505,MUKTESHWAR PS,CLU3605027,URC1,URC-1,4,1,80,42,38,0,0.9,47.5,0.0,80,0,0,0,119.0,119.0,0.0,100.0
27191002503,MUKUL MANDIR CIDCO,CLU3605028,URC1,URC-1,4,7,532,271,261,0,0.96,49.06,0.0,0,174,358,0,529.0,529.0,0.0,100.0
27191002506,MUKUL MANDIR N-7 CIDCO,CLU3605028,URC1,URC-1,4,2,806,401,405,0,1.01,50.25,0.0,534,272,0,0,929.0,929.0,0.0,100.0
27191007308,MURDESHWAR P VIDYALAYA N-2,CLU3605027,URC1,URC-1,4,2,147,81,66,0,0.81,44.9,0.0,98,49,0,0,148.0,148.0,0.0,100.0
27191004405,MUSTAFA URDU NIGHT HS,CLU3605032,URC1,URC-1,4,7,118,79,39,0,0.49,33.05,0.0,0,32,86,0,128.0,128.0,0.0,100.0
27191000159,Matoshree jijau prathmik vidyalay,CLU3605031,URC1,URC-1,54,2,227,122,105,0,0.86,46.26,0.0,172,55,0,0,241.0,241.0,0.0,100.0
27191007018,NARENDRA ENGLISH SCHOOL,CLU3605027,URC1,URC-1,27,6,153,96,57,0,0.59,37.25,0.0,69,47,36,0,172.0,74.0,98.0,43.0
27191007019,NARENDRA VIDYA MANDIR,CLU3605027,URC1,URC-1,19,2,100,51,49,0,0.96,49.0,0.0,59,41,0,0,130.0,130.0,0.0,100.0
27191007033,NARENDRA VIDYA MANDIR HIGH SCHOOL,CLU3605027,URC1,URC-1,27,8,46,20,26,0,1.3,56.52,0.0,0,0,46,0,61.0,61.0,0.0,100.0
27191007310,NARMADA CONVENT SCHOOL N-2 (ENG),CLU3605027,URC1,URC-1,27,2,92,42,50,0,1.19,54.35,0.0,72,20,0,0,40.0,35.0,5.0,87.5
27191007311,NARMADA CONVENT SCHOOL N-2 (MARATHI),CLU3605027,URC1,URC-1,4,2,506,248,258,0,1.04,50.99,0.0,337,169,0,0,677.0,568.0,109.0,83.9
27191007104,NARSAI PS N-4,CLU3605027,URC1,URC-1,4,2,130,78,52,0,0.67,40.0,0.0,92,38,0,0,115.0,115.0,0.0,100.0
27191000108,NATH ACADEMY PS,,URC1,,27,1,8,5,3,0,0.6,37.5,0.0,8,0,0,0,,,,
27191002907,NATIONAL INTEGRATION ENG PS GANESH COLONY,CLU3605034,URC1,URC-1,27,2,109,71,38,0,0.54,34.86,0.0,84,25,0,0,117.0,117.0,0.0,100.0
27191002914,NATIONAL INTERGRATION ENG HIGH SCHOOL,CLU3605034,URC1,URC-1,27,7,18,8,10,0,1.25,55.56,0.0,0,0,18,0,28.0,0.0,28.0,0.0
27191000127,NAVBHARAT MADHYAMIK VIDYALAY,CLU3605031,URC1,URC-1,54,7,250,154,96,0,0.62,38.4,0.0,0,83,167,0,235.0,235.0,0.0,100.0
27191002205,NAVJEEVAN MATIMAND SCHOOL,CLU3605028,URC1,URC-1,11,2,42,23,19,0,0.83,45.24,0.0,38,4,0,0,49.0,49.0,0.0,100.0
27191004224,NEHRU MEMORIAL ENGLISH PRIMARY SCHOOL,CLU3605032,URC1,URC-1,27,2,251,160,91,0,0.57,36.25,0.0,171,80,0,0,237.0,237.0,0.0,100.0
27191005323,NEHRU MEMORIAL URDU PS BARI COLONY,CLU3605032,URC1,URC-1,19,2,76,41,35,0,0.85,46.05,0.0,71,5,0,0,69.0,69.0,0.0,100.0
27191008202,NETAJI SUBHASH HS,CLU3605027,URC1,URC-1,4,6,33,20,13,0,0.65,39.39,0.0,0,5,28,0,41.0,41.0,0.0,100.0
27191004012,NEW ENGLISH PRIMARY SCHOOL,CLU3605032,URC1,URC-1,27,1,7,4,3,0,0.75,42.86,0.0,7,0,0,0,9.0,9.0,0.0,100.0
27191002233,NEW FALAH DAREN VIDYALAYA NAREGAON,,URC1,,27,3,46,45,1,0,0.02,2.17,0.0,14,19,13,0,,,,
27191001404,NEW HORIZON ENGLISH HS,CLU3605034,URC1,URC-1,27,7,14,10,4,0,0.4,28.57,0.0,0,0,14,0,43.0,4.0,39.0,0.0
27191001406,NEW HORIZON ENGLISH PRIMARY SCHOOL,CLU3605034,URC1,URC-1,27,1,12,6,6,0,1.0,50.0,0.0,12,0,0,0,28.0,25.0,3.0,89.29
27191000111,NEW HS AND JR.COLLEGE,CLU3605031,URC1,URC-1,4,3,1168,716,452,0,0.63,38.7,0.0,78,412,518,160,1092.0,814.0,278.0,74.54
27191002406,NEW HS CHIKHALTHANA,CLU3605028,URC1,URC-1,4,3,614,358,256,0,0.72,41.69,0.0,29,214,264,107,636.0,636.0,0.0,100.0
27194100643,NEW IQRA ENGLISH PRIMARY HIGH SCHOOL,CLU3605032,URC1,,27,6,62,34,28,0,0.82,45.16,0.0,24,1,7,0,,,,
27191004717,NEW KIDS PARADISE ENGLISH SCHOOL,CLU3605034,URC1,URC-1,27,6,40,20,20,0,1.0,50.0,0.0,40,0,0,0,352.0,352.0,0.0,100.0
27191004721,NEW KIDS PARADISE ENGLISH SCHOOL N-6 CIDCO,CLU3605034,URC1,URC-1,27,3,394,293,101,0,0.34,25.63,0.0,203,122,69,0,70.0,32.0,38.0,45.0
27191007611,NEW LITTLE STAR ENG PS MAHADA COLONY,CLU3605027,URC1,URC-1,27,2,140,81,59,0,0.73,42.14,0.0,139,1,0,0,100.0,0.0,100.0,0.0
27191000133,NEW SYMBIOSIS ENGLISH SCHOOL,CLU3605031,URC1,URC-1,27,2,124,72,52,0,0.72,41.94,0.0,94,30,0,0,90.0,90.0,0.0,100.0
27191004310,NOOR-A-AZIZ URDU HS,CLU3605032,URC1,URC-1,55,7,106,30,76,0,2.53,71.7,0.0,0,32,74,0,119.0,119.0,0.0,100.0
27191007011,NURSINHA PUBLIC SCHOOL GARKHEDA,CLU3605027,URC1,URC-1,4,2,174,83,91,0,1.1,52.3,0.0,124,50,0,0,183.0,183.0,0.0,100.0
27191000306,"NUTAN BAHUDDESHIYA H.SEC. COLLEGE, N-11 CIDCO",CLU3605031,URC1,URC-1,19,11,5,0,5,0,5.0,100.0,0.0,0,0,0,5,5.0,5.0,0.0,100.0
27191000308,NUTAN BAHUDDESHIYA VIDYALAYA,CLU3605031,URC1,URC-1,4,6,93,61,32,0,0.52,34.41,0.0,8,30,55,0,97.0,97.0,0.0,100.0
27191000311,NUTAN BAHUUDDESHIYA PRIMARY SCHOOL N 11,CLU3605031,URC1,URC-1,4,1,5,5,0,0,0.0,0.0,0.0,5,0,0,0,12.0,12.0,0.0,100.0
27191002229,New Icon English Primary School Naregaon,CLU3605028,URC1,URC-1,27,3,23,18,5,0,0.28,21.74,0.0,19,4,0,0,23.0,23.0,0.0,100.0
27191000315,OM INTERNATIONAL TECHNO SCHOOL,CLU3605031,URC1,URC-1,55,2,441,244,197,0,0.81,44.67,0.0,288,153,0,0,418.0,418.0,0.0,100.0
27191004710,OM PS N-6,CLU3605034,URC1,URC-1,4,2,131,62,69,0,1.11,52.67,0.0,91,40,0,0,170.0,170.0,0.0,100.0
27191000214,ORIENT ENG SCHOOL MAYUR PARK,CLU3605031,URC1,URC-1,27,3,327,189,138,0,0.73,42.2,0.0,159,94,62,12,353.0,353.0,0.0,100.0
27191002217,OXFORD PUBLIC SCHOOL,CLU3605028,URC1,URC-1,54,2,543,328,215,0,0.66,39.59,0.0,338,205,0,0,542.0,542.0,0.0,100.0
27191007023,P K ANNA PATIL PS BHARAT NAGAR,CLU3605027,URC1,URC-1,55,2,583,304,279,0,0.92,47.86,0.0,346,237,0,0,748.0,748.0,0.0,100.0
27191000119,PA PU BHARATRATNA BABASAHEB AMBEDKAR INTERNATINAL SCHOOL,CLU3605031,URC1,URC-1,27,2,4,2,2,0,1.0,50.0,0.0,4,0,0,0,8.0,0.0,8.0,0.0
27191007025,PANDIT JAWAHARLAL NEHRU MHAVIDYALAYA,CLU3605027,URC1,URC-1,4,11,280,183,97,0,0.53,34.64,0.0,0,0,0,280,211.0,131.0,80.0,62.09
27191008091,PARTH VIDYAMANDIR NEW S.T. COLONY N2,CLU3605027,URC1,URC-1,54,2,242,137,105,0,0.77,43.39,0.0,154,88,0,0,249.0,249.0,0.0,100.0
27191001809,PARVATI KANYA HS AND JR. COLLEGE,CLU3605034,URC1,URC-1,4,3,304,15,289,0,19.27,95.07,0.0,42,121,93,48,320.0,320.0,0.0,100.0
27191001808,PARVATI PRATHMIK VIDYALAYA CIDCO N-9,CLU3605034,URC1,URC-1,4,1,124,27,97,0,3.59,78.23,0.0,124,0,0,0,135.0,135.0,0.0,100.0
27191000403,PATEL INTERNATIONAL MADHYAMIK SCHOOL,CLU3605031,URC1,URC-1,27,8,23,6,17,0,2.83,73.91,0.0,0,0,23,0,28.0,28.0,0.0,100.0
27191007318,PINAKESHWAR ENGLISH HIGHSCHOOL,CLU3605027,URC1,URC-1,27,8,26,16,10,0,0.62,38.46,0.0,0,0,26,0,30.0,30.0,0.0,100.0
27191007503,PINAKESHWAR ENGLISH SCHOOL,CLU3605027,URC1,URC-1,27,2,116,62,54,0,0.87,46.55,0.0,77,39,0,0,94.0,94.0,0.0,100.0
27191007510,PINAKESHWAR HIGH SCHOOL,CLU3605027,URC1,URC-1,27,8,23,13,10,0,0.77,43.48,0.0,0,0,23,0,34.0,34.0,0.0,100.0
27191007504,PINAKESHWAR MARATHI SCHOOL,CLU3605027,URC1,URC-1,19,2,46,25,21,0,0.84,45.65,0.0,26,20,0,0,49.0,49.0,0.0,100.0
27191001804,PIONEERS SECONDARY SCHOOL,CLU3605034,URC1,URC-1,55,7,256,126,130,0,1.03,50.78,0.0,0,86,170,0,257.0,171.0,86.0,66.54
27191007028,PODAR INTERNATIONAL SCHOOL GARKHEDA,CLU3605027,URC1,URC-1,27,6,708,403,305,0,0.76,43.08,0.0,333,208,167,0,810.0,537.0,273.0,66.3
27194100507,PRADNYA JUNIOR COLLEGE OF ARTS COMMERCE & SCIENCE,CLU3605028,URC1,URC-1,27,11,39,23,16,0,0.7,41.03,0.0,0,0,0,39,52.0,52.0,0.0,100.0
27191002507,PRAGATI PS N-7 CIDCO,CLU3605028,URC1,URC-1,4,2,200,97,103,0,1.06,51.5,0.0,95,105,0,0,247.0,210.0,37.0,85.02
27191000313,PRATIBHATAI PATIL P.S.,CLU3605031,URC1,URC-1,4,2,662,424,238,0,0.56,35.95,0.0,443,208,0,0,720.0,720.0,0.0,100.0
27191004215,PRIME JUNIOR COLLEGE,CLU3605032,URC1,URC-1,27,11,9,6,3,0,0.5,33.33,0.0,0,0,0,9,9.0,9.0,0.0,100.0
27191004210,PRIME STAR ENG HS,CLU3605032,URC1,URC-1,27,7,462,303,159,0,0.52,34.42,0.0,0,127,335,0,456.0,456.0,0.0,100.0
27191000142,PRIME STAR ENGLISH HIGH SCHOOL & JR COLLEGE,CLU3605031,URC1,URC-1,27,10,87,54,33,0,0.61,37.93,0.0,0,0,87,0,83.0,83.0,0.0,100.0
27191004203,PRIME STAR ENGLISH PS KATKAT G,CLU3605032,URC1,URC-1,27,2,1246,810,436,0,0.54,34.99,0.0,936,310,0,0,1218.0,1218.0,0.0,100.0
27191000141,PRIME STAR ENGLISH SCHOOL,CLU3605031,URC1,URC-1,27,2,476,300,176,0,0.59,36.97,0.0,352,124,0,0,446.0,446.0,0.0,100.0
27191002106,PRIYA PS CIDCO,CLU3605028,URC1,URC-1,4,1,21,14,7,0,0.5,33.33,0.0,21,0,0,0,27.0,27.0,0.0,100.0
27191002305,PS ASHOKNAGAR,CLU3605028,URC1,URC-1,17,2,467,215,252,0,1.17,53.96,0.0,275,192,0,0,505.0,505.0,0.0,100.0
27191002202,PS BRIJWADI,CLU3605028,URC1,URC-1,17,2,148,64,84,0,1.31,56.76,0.0,89,23,0,0,163.0,78.0,85.0,47.0
27191004003,PS CHELIPURA URDU,CLU3605032,URC1,URC-1,17,2,300,187,113,0,0.6,37.67,0.0,296,3,0,0,335.0,335.0,0.0,100.0
27191007801,PS CHIKHALTHANA,CLU3605027,URC1,URC-1,17,2,266,137,129,0,0.94,48.5,0.0,136,108,0,0,282.0,282.0,0.0,100.0
27191001602,PS CIDCO-11,CLU3605034,URC1,URC-1,17,2,235,110,125,0,1.14,53.19,0.0,234,1,0,0,188.0,188.0,0.0,100.0
27191002909,PS GANESH COLONY URDU,CLU3605034,URC1,URC-1,17,2,52,24,28,0,1.17,53.85,0.0,35,12,0,0,53.0,53.0,0.0,100.0
27191000106,PS HARSUL URDU,CLU3605031,URC1,URC-1,17,2,57,31,26,0,0.84,45.61,0.0,33,24,0,0,47.0,47.0,0.0,100.0
27191002833,PS KIRADPURA NO.3,CLU3605032,URC1,URC-1,17,2,124,72,52,0,0.72,41.94,0.0,86,26,0,0,135.0,135.0,0.0,100.0
27191005312,PS KIRADPURA URDU NO 2,CLU3605032,URC1,URC-1,17,2,129,59,70,0,1.19,54.26,0.0,77,52,0,0,154.0,154.0,0.0,100.0
27191002105,PS MISARWADI,CLU3605028,URC1,URC-1,17,1,83,50,33,0,0.66,39.76,0.0,83,0,0,0,97.0,97.0,0.0,100.0
27191002201,PS NAREGAON,CLU3605028,URC1,URC-1,17,2,1698,1093,605,0,0.55,35.63,0.0,945,520,0,0,1655.0,1655.0,0.0,100.0
27191002209,PS NAREGAON URDU,CLU3605028,URC1,URC-1,17,2,1699,584,1115,0,1.91,65.63,0.0,1077,622,0,0,1659.0,1659.0,0.0,100.0
27191000104,PS NAVIN VASAHAT HARSUL,CLU3605031,URC1,URC-1,17,2,152,71,81,0,1.14,53.29,0.0,109,43,0,0,154.0,136.0,18.0,88.31
27191001402,PS ROZEBAG URDU,CLU3605034,URC1,URC-1,17,2,5,1,4,0,4.0,80.0,0.0,5,0,0,0,5.0,5.0,0.0,100.0
27191007501,PS SANJAYNAGAR,CLU3605027,URC1,URC-1,17,2,3,3,0,0,0.0,0.0,0.0,3,0,0,0,3.0,3.0,0.0,100.0
27191004114,PS SHAHABAZAR,CLU3605032,URC1,URC-1,17,2,263,123,140,0,1.14,53.23,0.0,160,103,0,0,279.0,279.0,0.0,100.0
27191007804,PS VISHRANTINAGAR,CLU3605027,URC1,URC-1,17,2,82,48,34,0,0.71,41.46,0.0,69,13,0,0,75.0,75.0,0.0,100.0
27191004505,PS YASHODHRA COLONY,CLU3605032,URC1,URC-1,17,2,279,124,155,0,1.25,55.56,0.0,153,88,0,0,293.0,293.0,0.0,100.0
27191004507,PS YASHODHRA COLONY MARATHI,CLU3605032,URC1,URC-1,17,2,92,67,25,0,0.37,27.17,0.0,59,24,0,0,84.0,84.0,0.0,100.0
27191007320,Parth Secondary School & Jr College,CLU3605027,URC1,URC-1,27,10,67,32,35,0,1.09,52.24,0.0,0,0,67,0,41.0,41.0,0.0,100.0
27191002230,Phoenix Educare English School Naregaon,CLU3605028,URC1,URC-1,27,3,85,46,39,0,0.85,45.88,0.0,66,1,0,0,112.0,78.0,34.0,69.64
27191008108,RADHAKRISHNA MADHY. VID. JAIBHAVANINAGA,CLU3605027,URC1,URC-1,55,7,320,157,163,0,1.04,50.94,0.0,0,7,313,0,446.0,446.0,0.0,100.0
27191007239,RADHAKRUSHNA PS,CLU3605027,URC1,URC-1,4,2,533,274,259,0,0.95,48.59,0.0,354,179,0,0,595.0,595.0,0.0,100.0
27191002842,"RAHI ENGLISH PS, NEHRU NAGAR, KATKAT GATE",CLU3605032,URC1,URC-1,27,2,19,9,10,0,1.11,52.63,0.0,19,0,0,0,3.0,0.0,3.0,0.0
27191004711,RAJARAM PS,CLU3605034,URC1,URC-1,4,2,242,180,62,0,0.34,25.62,0.0,173,69,0,0,302.0,302.0,0.0,100.0
27191004602,RAJDHANI URDU HS JASWANTPURA,CLU3605032,URC1,URC-1,4,6,169,62,107,0,1.73,63.31,0.0,8,90,71,0,206.0,206.0,0.0,100.0
27191000121,RAJE CHHATRAPATI SHIVAJI PRA. VIDYALAYA SHIVESHWAR COL,CLU3605031,URC1,URC-1,19,1,43,24,19,0,0.79,44.19,0.0,43,0,0,0,61.0,22.0,39.0,36.0
27191007021,RAJESHRI PS GARKHEDA PARISAR,CLU3605027,URC1,URC-1,19,2,11,9,2,0,0.22,18.18,0.0,7,4,0,0,12.0,12.0,0.0,100.0
27191007007,RAJESHRI SHAHU PS,CLU3605027,URC1,URC-1,4,1,72,40,32,0,0.8,44.44,0.0,72,0,0,0,96.0,96.0,0.0,100.0
27191007260,RAJHANS MADHYAMIK VIDYALAYA CIDCO N-2,CLU3605027,URC1,URC-1,27,8,188,96,92,0,0.96,48.94,0.0,0,0,188,0,258.0,121.0,137.0,46.0
27191005318,RAJIV GANDHI ENGLISH PS,CLU3605032,URC1,URC-1,27,2,114,81,33,0,0.41,28.95,0.0,79,34,0,0,121.0,121.0,0.0,100.0
27191005314,RAJIV GANDHI URDU HIGH SCHOOL,CLU3605032,URC1,URC-1,53,7,135,57,78,0,1.37,57.78,0.0,0,48,87,0,135.0,135.0,0.0,100.0
27191001401,RAJIV GANDHI URDU PS,CLU3605031,URC1,URC-1,55,2,313,124,189,0,1.52,60.38,0.0,214,99,0,0,348.0,348.0,0.0,100.0
27191005319,RAJIV GANDHI URDU PS,CLU3605032,URC1,URC-1,4,2,332,155,177,0,1.14,53.31,0.0,268,63,0,0,361.0,361.0,0.0,100.0
27191000124,RAJMATA JIJAU PUBLIC SCHOOL HARSUL,CLU3605031,URC1,URC-1,55,2,366,207,159,0,0.77,43.44,0.0,228,138,0,0,475.0,368.0,107.0,77.47
27191002221,"RAMANAND ENGLISH SCHOOL, GARKHEDA AREA, SAMBHAJINAGAR",CLU3605028,URC1,URC-1,27,2,70,30,40,0,1.33,57.14,0.0,70,0,0,0,47.0,47.0,0.0,100.0
27191008311,RAMCHANDRA NAIK HIGH SCHOOL,CLU3605027,URC1,URC-1,27,8,131,68,63,0,0.93,48.09,0.0,0,0,131,0,110.0,110.0,0.0,100.0
27191007240,RAMCHANDRA NAIK PS CIDCO N 4,CLU3605027,URC1,URC-1,4,2,877,460,417,0,0.91,47.55,0.0,423,242,0,0,815.0,815.0,0.0,100.0
27191002111,RASHIDA BEGUM DESHMUKH URDU H.S.,CLU3605028,URC1,URC-1,55,7,190,65,125,0,1.92,65.79,0.0,0,60,130,0,189.0,189.0,0.0,100.0
27191004308,RASHIDA URDU PS,CLU3605032,URC1,URC-1,4,2,186,55,131,0,2.38,70.43,0.0,123,63,0,0,248.0,248.0,0.0,100.0
27191000206,RASHTRAKUT PRATHAMIK VIDYALAYA,CLU3605031,URC1,URC-1,4,2,686,320,366,0,1.14,53.35,0.0,468,218,0,0,671.0,671.0,0.0,100.0
27191007006,RASHTRIYA VIDYALAYA AND JR.COLLEGE,CLU3605027,URC1,URC-1,4,3,207,118,89,0,0.75,43.0,0.0,31,76,59,41,207.0,207.0,0.0,100.0
27191007309,RASHTRYA PRATHMIK VIDYALYA N-2,CLU3605027,URC1,URC-1,4,1,78,28,50,0,1.79,64.1,0.0,77,0,0,0,91.0,91.0,0.0,100.0
27191004208,"RAYYAN INTERNATIONAL ENGLISH SCHOOL, ROSHAN GATE, CHHATRAPATI SAMBHAJINAGAR",CLU3605032,URC1,URC-1,27,2,70,44,26,0,0.59,37.14,0.0,35,14,0,0,41.0,41.0,0.0,100.0
27191002836,RAZIYA FATEMA URDU HS,CLU3605032,URC1,URC-1,4,7,164,59,105,0,1.78,64.02,0.0,0,52,112,0,165.0,165.0,0.0,100.0
27191001505,RAZIYA SULTANA URDU HS,CLU3605034,URC1,URC-1,4,7,196,66,130,0,1.97,66.33,0.0,0,75,121,0,189.0,189.0,0.0,100.0
27191004509,RESIDENCIAL ORTHOPAEDIC SCHOOL,CLU3605032,URC1,URC-1,12,2,2,1,1,0,1.0,50.0,0.0,0,2,0,0,2.0,2.0,0.0,100.0
27191001805,REVIVAL ENGLISH SCHOOL,CLU3605034,URC1,URC-1,27,2,62,25,37,0,1.48,59.68,0.0,54,8,0,0,66.0,28.0,38.0,42.0
27191001807,REVIVAL MARATHI PS,CLU3605034,URC1,URC-1,53,2,327,183,144,0,0.79,44.04,0.0,213,114,0,0,344.0,344.0,0.0,100.0
27191000215,RISING STAR BALAK MANDIR PS JADHAV WADI,CLU3605031,URC1,URC-1,55,2,675,336,339,0,1.01,50.22,0.0,388,284,0,0,781.0,781.0,0.0,100.0
27191000216,RISING STAR ENG SCHOOL JADHAV  WADI,CLU3605031,URC1,URC-1,27,6,184,87,96,1,1.1,52.17,0.543,112,19,43,0,208.0,5.0,203.0,2.4
27191000219,RISING STAR MADHYAMIK VIDYALAYA,CLU3605031,URC1,URC-1,27,8,114,55,59,0,1.07,51.75,0.0,0,0,114,0,39.0,0.0,39.0,0.0
27191004506,ROYAL ENG PS RAHEMANIYA COL,CLU3605032,URC1,URC-1,27,2,173,127,46,0,0.36,26.59,0.0,54,87,0,0,207.0,207.0,0.0,100.0
27191004510,ROYAL STAR ENGLISH HIGH SCHOOL,CLU3605032,URC1,URC-1,27,10,126,73,53,0,0.73,42.06,0.0,0,0,91,35,233.0,233.0,0.0,100.0
27194100008,RUDRA INTERNATIONAL ENGLISH SCHOOL,CLU3605027,URC1,URC-1,27,2,48,28,20,0,0.71,41.67,0.0,46,2,0,0,37.0,37.0,0.0,100.0
27191002843,RYP JUNIOR COLLEGE ARTS & SCIENCE,CLU3605032,URC1,URC-1,19,11,228,71,157,0,2.21,68.86,0.0,0,0,0,228,189.0,189.0,0.0,100.0
27191007822,Reliable English School,CLU3605027,URC1,URC-1,27,6,291,191,100,0,0.52,34.36,0.0,149,71,71,0,268.0,268.0,0.0,100.0
27191006502,SAI PRATHAMIK SHALA CHIKALTHANA,CLU3605027,URC1,URC-1,19,2,113,74,39,0,0.53,34.51,0.0,84,29,0,0,157.0,157.0,0.0,100.0
27191007820,"SAI PRIMARY SCHOOL, CHIKALTHANA",CLU3605028,URC1,URC-1,19,2,370,194,176,0,0.91,47.57,0.0,253,116,0,0,196.0,127.0,69.0,64.8
27191002607,SAI PRIMARY SCHOOLS HARSUL PARISAR,CLU3605031,URC1,URC-1,27,2,33,20,13,0,0.65,39.39,0.0,28,5,0,0,43.0,43.0,0.0,100.0
27191007257,SAINT MEERA ENGLISH HIGH SCHOOL,CLU3605027,URC1,URC-1,27,7,83,57,26,0,0.46,31.33,0.0,0,13,70,0,109.0,109.0,0.0,100.0
27191007237,SAINT MEERA ENGLISH SCHOOL,CLU3605027,URC1,URC-1,27,2,17,9,8,0,0.89,47.06,0.0,0,17,0,0,25.0,25.0,0.0,100.0
27191000211,SAIRAM ENG PS (GOODWORD ENG SCHOOL),CLU3605031,URC1,URC-1,27,2,88,39,49,0,1.26,55.68,0.0,80,8,0,0,93.0,93.0,0.0,100.0
27191000222,SAMBHAJINAGAR PUBLIC SCHOOL AND JUNIOR COLLEGE,CLU3605034,URC1,URC-1,27,3,188,93,95,0,1.02,50.53,0.0,145,28,0,15,178.0,178.0,0.0,100.0
27191002207,SAMRAT ASHOK PS BRIJWADI,CLU3605028,URC1,URC-1,4,2,113,60,53,0,0.88,46.9,0.0,73,40,0,0,124.0,113.0,11.0,91.13
27191002208,SAMRAT ASHOK VIDHYALAYA,CLU3605028,URC1,URC-1,4,7,218,138,80,0,0.58,36.7,0.0,0,0,218,0,292.0,42.0,250.0,0.0
27191001603,SAMYAK NIVASI MUKBADHIR VIDYALAYA,CLU3605034,URC1,URC-1,12,2,32,18,14,0,0.78,43.75,0.0,24,8,0,0,19.0,19.0,0.0,100.0
27191004214,SANA URDU HS AZAM COLONY  ROSHAN GATE,CLU3605032,URC1,URC-1,53,7,85,39,46,0,1.18,54.12,0.0,0,0,85,0,134.0,0.0,134.0,0.0
27191008203,SANE GURJI MADYAMIK VIDYALYA BHARAT NGR,CLU3605027,URC1,URC-1,53,7,154,92,62,0,0.67,40.26,0.0,0,47,107,0,139.0,0.0,139.0,0.0
27191002410,SANIT XAVIERS HS N-1,CLU3605028,URC1,URC-1,27,7,232,147,85,0,0.58,36.64,0.0,0,51,181,0,314.0,314.0,0.0,100.0
27191004703,SANIYA ENGLISH PRIMARY SCHOOL,CLU3605034,URC1,URC-1,27,6,96,62,34,0,0.55,35.42,0.0,53,35,8,0,107.0,100.0,7.0,93.46
27191007106,SANIYA URDU HIGH SCHOOL,CLU3605027,URC1,URC-1,27,8,2,0,2,0,2.0,100.0,0.0,0,0,2,0,15.0,15.0,0.0,100.0
27191008307,SANIYA URDU PS,CLU3605027,URC1,URC-1,55,2,437,172,265,0,1.54,60.64,0.0,269,168,0,0,493.0,225.0,268.0,45.0
27191007238,SANJIVANI MADHYAMIK VIDYALAYA,CLU3605027,URC1,URC-1,4,6,146,91,55,0,0.6,37.67,0.0,0,74,72,0,70.0,70.0,0.0,100.0
27191000209,SANSKAR BALAK MANDIR,CLU3605031,URC1,URC-1,4,2,1063,552,511,0,0.93,48.07,0.0,592,471,0,0,1021.0,1021.0,0.0,100.0
27191000223,SANSKAR ENGLISH HIGH SCHOOL,CLU3605031,URC1,URC-1,27,8,253,146,107,0,0.73,42.29,0.0,0,0,253,0,216.0,216.0,0.0,100.0
27191008206,SANSKAR HS AND ARTS SCIENCE JR COLLEGE MUKUNDWADI PARISAR,CLU3605027,URC1,URC-1,27,3,1,0,1,0,1.0,100.0,0.0,1,0,0,0,1.0,1.0,0.0,100.0
27191000218,SANSKAR MADHYAMIC VIDYALAYA,CLU3605031,URC1,URC-1,27,8,513,268,245,0,0.91,47.76,0.0,0,0,513,0,484.0,484.0,0.0,100.0
27191000210,SANSKAR PS,CLU3605031,URC1,URC-1,4,2,822,440,382,0,0.87,46.47,0.0,452,370,0,0,926.0,848.0,78.0,91.58
27191000163,SANSKARS SHANTINIKETAN ACADEMY,CLU3605031,URC1,URC-1,27,2,60,35,25,0,0.71,41.67,0.0,52,8,0,0,48.0,0.0,48.0,0.0
27191007609,SANT DNYANESHWAR ACADEMY CHIKALTHANA,CLU3605027,URC1,URC-1,27,2,173,95,78,0,0.82,45.09,0.0,100,73,0,0,166.0,166.0,0.0,100.0
27191000107,SANT DNYANESHWAR P.S. HARSUL,CLU3605031,URC1,URC-1,4,1,264,136,128,0,0.94,48.48,0.0,264,0,0,0,275.0,235.0,40.0,85.45
27191007306,SANT MAULI VIDYA MANDIR N-2,CLU3605027,URC1,URC-1,4,2,0,0,0,0,0.0,0.0,0.0,0,0,0,0,25.0,25.0,0.0,100.0
27191007234,SANT MEERA PS N-3,CLU3605027,URC1,URC-1,4,1,185,101,84,0,0.83,45.41,0.0,185,0,0,0,254.0,254.0,0.0,100.0
27191007245,SANT MIRA HS AND JR.COLLEGE,CLU3605027,URC1,URC-1,4,3,866,469,397,0,0.85,45.84,0.0,65,274,258,269,969.0,613.0,356.0,63.26
27191002006,SANT TUKARAM PRIMARY VID.AMBEDKAR NAGAR,CLU3605028,URC1,URC-1,4,2,229,127,102,0,0.8,44.54,0.0,142,87,0,0,200.0,200.0,0.0,100.0
27191000402,SARASWATI  MADHYAMIK SCHOOL JATWADA ROAD,CLU3605031,URC1,URC-1,27,8,51,32,19,0,0.59,37.25,0.0,0,0,51,0,26.0,26.0,0.0,100.0
27191000401,SARASWATI  PRIMARY SCHOOL JATWADA ROAD,CLU3605031,URC1,URC-1,27,1,2,2,0,0,0.0,0.0,0.0,2,0,0,0,2.0,2.0,0.0,100.0
27191007509,SARASWATI MADHYAMIC VIDYALAYA,CLU3605027,URC1,URC-1,27,8,32,16,16,0,1.0,50.0,0.0,0,0,32,0,42.0,42.0,0.0,100.0
27191005513,SAROSH JUNIOR COLLEGE NAGSEN COLONY,CLU3605032,URC1,URC-1,53,11,373,250,123,0,0.49,32.98,0.0,0,0,0,373,402.0,402.0,0.0,100.0
27191005509,SAROSH URDU HS KAISAR COLONY,CLU3605032,URC1,URC-1,55,7,420,166,254,0,1.53,60.48,0.0,0,139,281,0,442.0,442.0,0.0,100.0
27191005505,SAROSH URDU PS NAGSEN COLONY,CLU3605032,URC1,URC-1,4,2,1293,511,782,0,1.53,60.48,0.0,924,369,0,0,1296.0,1296.0,0.0,100.0
27191000138,SAVITRIBAI PHULE MUKBADHIR NIVASI VIDYALAY,CLU3605031,URC1,URC-1,11,1,23,14,9,0,0.64,39.13,0.0,22,0,0,0,26.0,26.0,0.0,100.0
27191000305,"SBOA PUBLIC HS, N-11",CLU3605031,URC1,URC-1,27,6,1927,1038,889,0,0.86,46.13,0.0,314,971,642,0,1941.0,1941.0,0.0,100.0
27191000309,SBOA PUBLIC SCHOOL,CLU3605031,URC1,URC-1,27,1,1131,635,496,0,0.78,43.85,0.0,962,0,0,0,1195.0,1195.0,0.0,100.0
27191002844,SCHOLAR'S ENGLISH PRIMARY SCHOOL,CLU3605032,URC1,URC-1,27,2,342,199,143,0,0.72,41.81,0.0,235,107,0,0,437.0,24.0,413.0,0.0
27191002841,SCHOLARS ENG BOYS HS KAT KAT GATE,CLU3605032,URC1,URC-1,27,7,84,84,0,0,0.0,0.0,0.0,0,0,84,0,146.0,105.0,41.0,71.92
27191002840,SCHOLARS ENG GIRLS HS KAT KAT GATE,CLU3605032,URC1,URC-1,27,7,50,0,50,0,50.0,100.0,0.0,0,2,48,0,70.0,22.0,48.0,3.0
27191002904,SCOTTISH ENG PS FAZILPURA,CLU3605034,URC1,URC-1,27,2,41,27,14,0,0.52,34.15,0.0,21,11,0,0,48.0,0.0,48.0,0.0
27191008111,SECONDARY & HIGHER SECONDARY SCHOOL,CLU3605027,URC1,URC-1,27,11,2,2,0,0,0.0,0.0,0.0,0,0,0,2,10.0,0.0,10.0,0.0
27191004504,SHAHID ASHFAQULLAH MARATHI PS,CLU3605032,URC1,URC-1,55,2,288,224,64,0,0.29,22.22,0.0,204,84,0,0,304.0,304.0,0.0,100.0
27191002120,SHARDA BALAK MANDIR PISADEVI ROAD AURANGABAD,CLU3605028,URC1,URC-1,27,6,61,38,23,0,0.61,37.7,0.0,49,10,2,0,61.0,61.0,0.0,100.0
27191002502,SHARDA HINDI HS,CLU3605028,URC1,URC-1,4,6,105,61,44,0,0.72,41.9,0.0,5,56,44,0,91.0,91.0,0.0,100.0
27191002113,SHARDA MATA PRATH. VIDYALYA PISA DEVI,CLU3605028,URC1,URC-1,27,2,295,161,134,0,0.83,45.42,0.0,208,87,0,0,257.0,0.0,257.0,0.0
27191002303,SHARDA SUMAN PS CHIKALTHANA,CLU3605028,URC1,URC-1,55,2,253,120,133,0,1.11,52.57,0.0,177,76,0,0,260.0,0.0,260.0,0.0
27191002616,SHISHU VIKAS KENDRA H.S. N 7,CLU3605028,URC1,URC-1,27,8,16,10,6,0,0.6,37.5,0.0,0,0,16,0,30.0,0.0,30.0,0.0
27191001703,SHISHU VIKAS KENDRA N-9,CLU3605034,URC1,URC-1,4,1,38,18,20,0,1.11,52.63,0.0,38,0,0,0,41.0,41.0,0.0,100.0
27191002609,SHISHU VIKAS KENDRA PS N-7,CLU3605028,URC1,URC-1,4,2,152,85,67,0,0.79,44.08,0.0,93,59,0,0,148.0,148.0,0.0,100.0
27191007255,SHIV CHATRAPATI COLLEGE N-3,CLU3605027,URC1,URC-1,54,11,2102,1149,953,0,0.83,45.34,0.0,0,0,0,2102,1734.0,1734.0,0.0,100.0
27191002304,SHIVTEJ VIDYA MANDIR,CLU3605028,URC1,URC-1,54,2,477,271,206,0,0.76,43.19,0.0,260,217,0,0,461.0,461.0,0.0,100.0
27191002315,SHIVTEJ VIDYA MANDIR HS,CLU3605028,URC1,URC-1,27,8,104,56,48,0,0.86,46.15,0.0,0,0,104,0,81.0,40.0,41.0,49.0
27191008310,SHREE GAJANAN MAHARAJ BAL VIDYAMANDIR,CLU3605027,URC1,URC-1,55,1,51,24,27,0,1.12,52.94,0.0,51,0,0,0,63.0,63.0,0.0,100.0
27191007507,SHREE PUBLIC SCHOOL MUKUNDWADI,CLU3605027,URC1,URC-1,53,2,405,236,169,0,0.72,41.73,0.0,262,143,0,0,382.0,338.0,44.0,88.48
27191000208,SHREE TULJABHAWANI PRIMARY VIDYALAYA,CLU3605027,URC1,URC-1,55,2,472,244,228,0,0.93,48.31,0.0,278,194,0,0,468.0,297.0,171.0,63.46
27191000213,SHREE VENKATESH PS JADHAVWADI,CLU3605034,URC1,URC-1,55,2,258,119,139,0,1.17,53.88,0.0,156,102,0,0,244.0,137.0,107.0,56.0
27191002309,SHRI BABANRAO DHAKNE PRIMARY SCHOOL,CLU3605028,URC1,URC-1,53,1,101,56,45,0,0.8,44.55,0.0,101,0,0,0,96.0,74.0,22.0,77.08
27191002306,SHRI BABANRAO DHAKNE VIDYALAYA AND JR.COLLEGE,CLU3605028,URC1,URC-1,4,3,428,243,185,0,0.76,43.22,0.0,23,143,115,147,433.0,287.0,146.0,66.28
27191007807,SHRI BALAJI HIGH SCHOOL & JR. COLLEGE CHIKHALTHANA,CLU3605027,URC1,URC-1,4,3,1053,561,492,0,0.88,46.72,0.0,97,411,332,213,1107.0,963.0,144.0,86.99
27191008087,SHRI RAJARSHI SHAHU VIDYALAYA,CLU3605027,URC1,URC-1,4,6,269,154,115,0,0.75,42.75,0.0,30,103,136,0,286.0,115.0,171.0,40.0
27191007613,SHRI RAM MADHYAMIK VIDYALAY,CLU3605027,URC1,URC-1,55,7,328,158,170,0,1.08,51.83,0.0,0,104,224,0,346.0,346.0,0.0,100.0
27191007608,SHRI RAM PS SHRIRAM NAGAR,CLU3605027,URC1,URC-1,4,2,735,391,344,0,0.88,46.8,0.0,475,260,0,0,770.0,622.0,148.0,80.78
27191002608,SHRI SAIBABA VIDYALAY SWARAJNAGAR,CLU3605027,URC1,URC-1,4,6,81,37,44,0,1.19,54.32,0.0,0,15,66,0,73.0,54.0,19.0,73.97
27191000204,SHRI SANT BHAGWAN BABA PS,CLU3605031,URC1,URC-1,25,2,340,194,146,0,0.75,42.94,0.0,203,131,0,0,340.0,340.0,0.0,100.0
27191002512,SHRI SANTAJI JR COLLEGE N 7,CLU3605028,URC1,URC-1,27,11,69,30,39,0,1.3,56.52,0.0,0,0,0,69,65.0,65.0,0.0,100.0
27191008109,SHRI SWAMI SAMARTH PS MUKUNDWADI,CLU3605027,URC1,URC-1,4,2,526,268,258,0,0.96,49.05,0.0,360,166,0,0,556.0,556.0,0.0,100.0
27191007995,SHRI TULJA BHAVANI MADHYAMIK VIDYALAYA MUKUNDWADI,CLU3605027,URC1,URC-1,27,8,105,51,54,0,1.06,51.43,0.0,0,0,105,0,108.0,60.0,48.0,55.5
27191007813,SHRI VENKATESH ENGLISH PRIMARY SCHOOL,CLU3605027,URC1,URC-1,27,1,49,32,17,0,0.53,34.69,0.0,49,0,0,0,34.0,34.0,0.0,100.0
27191007305,SHRI VENKATESH HIGH SCHOOL & JR COLLEGE,CLU3605027,URC1,URC-1,4,5,377,187,190,0,1.02,50.4,0.0,0,44,202,131,427.0,427.0,0.0,100.0
27191004712,SHRI VENKATESH PS N-6,CLU3605034,URC1,URC-1,19,2,91,37,54,0,1.46,59.34,0.0,44,47,0,0,122.0,122.0,0.0,100.0
27191007612,SHRI VYANKATESH PRIMARY SCHOOL,CLU3605027,URC1,URC-1,55,1,223,107,116,0,1.08,52.02,0.0,223,0,0,0,231.0,231.0,0.0,100.0
27191007302,SHRI VYANKATESH PUBLIC SCHOOL,CLU3605027,URC1,URC-1,55,2,247,131,116,0,0.89,46.96,0.0,144,103,0,0,247.0,0.0,247.0,0.0
27191005325,SHRUTI VANI VIKAS VIDYALYA RAM MANDIR,CLU3605032,URC1,URC-1,11,1,39,26,13,0,0.5,33.33,0.0,39,0,0,0,47.0,47.0,0.0,100.0
27191002613,SHUBHAMKAROTI PS,CLU3605028,URC1,URC-1,4,2,86,53,33,0,0.62,38.37,0.0,62,24,0,0,96.0,96.0,0.0,100.0
27191004211,SIR SAYYED COLLEGE ROSHAN GATE,CLU3605032,URC1,URC-1,4,11,624,150,474,0,3.16,75.96,0.0,0,0,0,624,564.0,500.0,64.0,88.65
27191001908,SONAMATA BALAK MANDIR (PS) CIDCO N-9,CLU3605034,URC1,URC-1,4,2,490,261,229,0,0.88,46.73,0.0,313,177,0,0,571.0,335.0,236.0,58.0
27191001906,SONAMATA MADHY. VIDYALAYA,CLU3605034,URC1,URC-1,4,7,250,126,124,0,0.98,49.6,0.0,0,55,195,0,320.0,0.0,320.0,0.0
27191004222,SPRING DALES ENGLISH PRIMARY SCHOOL ROSHAN GATE,CLU3605032,URC1,URC-1,27,2,61,36,25,0,0.69,40.98,0.0,31,30,0,0,39.0,39.0,0.0,100.0
27191004219,SPRING DALES HIGH SCHOOL ROSHAN GATE,CLU3605032,URC1,URC-1,27,7,33,22,11,0,0.5,33.33,0.0,0,15,18,0,17.0,17.0,0.0,100.0
27191002408,SPRING DALES JR COLLEGE N-1,CLU3605028,URC1,URC-1,27,11,345,184,161,0,0.88,46.67,0.0,0,0,0,345,276.0,276.0,0.0,100.0
27191002409,ST.  LAWRENCE MARATHI HS,CLU3605028,URC1,URC-1,27,7,532,317,215,0,0.68,40.41,0.0,0,152,380,0,579.0,579.0,0.0,100.0
27191000217,ST. JOHN ENGLISH HIGH SCHOOL,CLU3605031,URC1,URC-1,27,8,52,35,17,0,0.49,32.69,0.0,0,0,52,0,114.0,114.0,0.0,100.0
27191000203,ST. JOHN PS,CLU3605031,URC1,URC-1,27,2,238,123,115,0,0.93,48.32,0.0,132,106,0,0,265.0,265.0,0.0,100.0
27191002415,ST. LAWRENCE MARATHI PS,CLU3605028,URC1,URC-1,27,2,766,415,351,0,0.85,45.82,0.0,455,311,0,0,823.0,823.0,0.0,100.0
27191002316,ST. MERRY ENGLISH PS HEENA NAGAR CHIKHALTHANA,CLU3605028,URC1,URC-1,27,6,110,59,51,0,0.86,46.36,0.0,55,37,18,0,104.0,104.0,0.0,100.0
27191002405,ST.XAVIER'S PRIMARY SCHOOL,CLU3605028,URC1,URC-1,27,2,185,110,75,0,0.68,40.54,0.0,93,85,0,0,227.0,227.0,0.0,100.0
27191007004,SUBHASHITAM PS,CLU3605027,URC1,URC-1,19,2,6,4,2,0,0.5,33.33,0.0,6,0,0,0,11.0,11.0,0.0,100.0
27191002103,SUBHEDAR RAMJI AMBEDKAR HS,CLU3605028,URC1,URC-1,4,7,105,68,37,0,0.54,35.24,0.0,0,30,75,0,130.0,130.0,0.0,100.0
27191002206,SUDARSHAN PRATHMIK VIDYALAYA,CLU3605028,URC1,URC-1,4,2,402,203,199,0,0.98,49.5,0.0,264,132,0,0,443.0,443.0,0.0,100.0
27191002234,SUDARSHAN SECONDARY AND HIGHER SECONDARY SCHOOL NAREGAON,CLU3605028,URC1,URC-1,27,5,26,16,10,0,0.62,38.46,0.0,0,0,25,1,18.0,18.0,0.0,100.0
27191007101,SUDHAKARRAO NAIK HS AND JR.COLLEGE NEW HANUMAN NAGAR,CLU3605027,URC1,URC-1,4,3,419,224,195,0,0.87,46.54,0.0,33,151,99,136,432.0,370.0,62.0,85.65
27191007102,SUDHAKARRAO NAIK PS NEW HANUMA,CLU3605027,URC1,URC-1,55,1,128,63,65,0,1.03,50.78,0.0,128,0,0,0,142.0,142.0,0.0,100.0
27191001806,SUNRISE ENGLISH MEDIUM SCHOOL,CLU3605034,URC1,URC-1,27,2,144,84,60,0,0.71,41.67,0.0,90,0,0,0,172.0,172.0,0.0,100.0
27191000129,SUPER THIRTY ENG PS JATWADA ROAD,CLU3605031,URC1,URC-1,27,6,764,412,352,0,0.85,46.07,0.0,426,228,110,0,879.0,879.0,0.0,100.0
27191004209,SUPREME GLOBAL SCHOOL ROSHAN GATE,CLU3605032,URC1,URC-1,27,2,214,131,83,0,0.63,38.79,0.0,122,92,0,0,232.0,232.0,0.0,100.0
27191007607,SUSHILADEVI DESHMUKH PRIMARY SCHOOL N-2 RAMNA,CLU3605027,URC1,URC-1,4,2,345,176,169,0,0.96,48.99,0.0,250,95,0,0,401.0,401.0,0.0,100.0
27191007606,SUSHILADEVI DESHMUKH VIDYALAY,CLU3605027,URC1,URC-1,4,6,526,282,244,0,0.87,46.39,0.0,17,197,312,0,570.0,473.0,97.0,82.98
27191000139,SW. INDIRA GANDHI ASTHIVYANG NIVASI VIDYALAY,CLU3605031,URC1,URC-1,11,1,22,13,9,0,0.69,40.91,0.0,22,0,0,0,27.0,27.0,0.0,100.0
27191007001,SW. SHIVNARAYANJI JAISWAL PS,CLU3605027,URC1,URC-1,4,2,260,143,117,0,0.82,45.0,0.0,185,75,0,0,245.0,245.0,0.0,100.0
27191000205,SW. SINDHU MEMORIAL MADH. VIDYALAY,CLU3605031,URC1,URC-1,4,7,366,191,175,0,0.92,47.81,0.0,0,119,247,0,385.0,385.0,0.0,100.0
27191002514,SWAMI RAMKRISHNA PARAMHANS ENGLISH SCHOOL,CLU3605028,URC1,URC-1,27,2,72,44,28,0,0.64,38.89,0.0,61,11,0,0,65.0,65.0,0.0,100.0
27191007241,SWAMI VIVEKANAND P S GANESHNAGAR,CLU3605027,URC1,URC-1,4,2,241,119,122,0,1.03,50.62,0.0,151,71,0,0,283.0,283.0,0.0,100.0
27191002307,SWAYAMBHU PS,CLU3605028,URC1,URC-1,4,2,235,105,130,0,1.24,55.32,0.0,149,86,0,0,247.0,247.0,0.0,100.0
27190114211,SYED KALEEMUDDIN URDU HIGH SCHOOL MISARWADI AURANGABAD ,CLU3605028,URC1,URC-1,53,7,168,54,114,0,2.11,67.86,0.0,0,60,108,0,160.0,160.0,0.0,100.0
27191002107,SYED KALEEMUDDIN URDU PS MISARWADI,CLU3605028,URC1,URC-1,55,2,455,177,278,0,1.57,61.1,0.0,326,129,0,0,491.0,491.0,0.0,100.0
27191002903,TAJ UL ULOOM URDU HS FAZILPURA,CLU3605034,URC1,URC-1,19,7,109,58,51,0,0.88,46.79,0.0,0,2,107,0,144.0,62.0,82.0,43.0
27191002515,TALENT PUBLIC HIGH SCHOOL CIDCO N-7,CLU3605028,URC1,URC-1,27,3,96,47,49,0,1.04,51.04,0.0,65,23,8,0,89.0,89.0,0.0,100.0
27191007242,TANASHRI PS VIDYAMANDIR JAIBHA,CLU3605027,URC1,URC-1,4,2,16,9,7,0,0.78,43.75,0.0,8,8,0,0,16.0,16.0,0.0,100.0
27191004009,TANVIR UL ATFAL URDU NABABPURA,CLU3605032,URC1,URC-1,4,2,92,35,57,0,1.63,61.96,0.0,73,19,0,0,68.0,68.0,0.0,100.0
27191002402,TARAMATI BAFANA ANDH VIDYALAY,CLU3605028,URC1,URC-1,11,2,45,45,0,0,0.0,0.0,0.0,21,24,0,0,54.0,54.0,0.0,100.0
27191007821,TEJASVI ENGLISH SCHOOL CHIKHALTHANA,CLU3605027,URC1,URC-1,27,3,146,67,79,0,1.18,54.11,0.0,136,10,0,0,164.0,164.0,0.0,100.0
27191007037,TEJASWINI ENGLISH SCHOOL GARKHEDA,CLU3605027,URC1,URC-1,27,3,399,207,192,0,0.93,48.12,0.0,225,147,27,0,324.0,324.0,0.0,100.0
27191004806,TERNA HS CIDCO,CLU3605028,URC1,URC-1,4,6,71,44,27,0,0.61,38.03,0.0,12,39,20,0,74.0,74.0,0.0,100.0
27191004807,TERNA P VIDYAMANDIR CIDCO,CLU3605028,URC1,URC-1,4,1,34,13,21,0,1.62,61.76,0.0,34,0,0,0,39.0,39.0,0.0,100.0
27191000160,TOPPERS ACADEMY ENGLISH SCHOOL AND JR COLLEGE HARSUL,CLU3605031,URC1,URC-1,27,3,146,78,68,0,0.87,46.58,0.0,121,0,0,25,96.0,96.0,0.0,100.0
27191002007,TUKARAM SONWANE MADH. VIDYALAYA,CLU3605028,URC1,URC-1,27,8,33,13,20,0,1.54,60.61,0.0,0,0,33,0,24.0,24.0,0.0,100.0
27191007506,TULJA BHAVANI VIDYALAYA MUKUND,CLU3605027,URC1,URC-1,4,6,146,66,80,0,1.21,54.79,0.0,22,64,60,0,133.0,133.0,0.0,100.0
27191007610,UJWALATAI PAWAR PRI. ENG SCHOOL RAMNAGAR,CLU3605027,URC1,URC-1,27,2,366,194,172,0,0.89,46.99,0.0,289,77,0,0,363.0,363.0,0.0,100.0
27191007601,UJWALATAI PAWAR PRI. VIDYA MANDIR,CLU3605027,URC1,URC-1,4,2,371,193,178,0,0.92,47.98,0.0,242,129,0,0,425.0,425.0,0.0,100.0
27191002417,UNIVERSAL HIGH SCHOOL,CLU3605028,URC1,URC-1,27,6,658,377,281,0,0.75,42.71,0.0,380,163,115,0,589.0,589.0,0.0,100.0
27191002831,URDU HIGH SCHOOL KAKATGATE,CLU3605032,URC1,URC-1,4,7,33,31,2,0,0.06,6.06,0.0,0,0,33,0,119.0,94.0,25.0,78.99
27194100377,URDU HIGH SCHOOL MHADA COLONY,CLU3605032,URC1,URC-1,27,7,111,94,17,0,0.18,15.32,0.0,0,35,76,0,115.0,115.0,0.0,100.0
27191002910,URDU MADHYAMIC VIDYALAYA RASHIDPURA,CLU3605034,URC1,URC-1,4,6,236,102,134,0,1.31,56.78,0.0,29,106,101,0,246.0,246.0,0.0,100.0
27191002837,URDU PRIMARY SCHOOL,CLU3605032,URC1,URC-1,4,2,29,11,18,0,1.64,62.07,0.0,20,9,0,0,23.0,23.0,0.0,100.0
27191002314,URDU PRIMARY SCHOOL HEENA NAGAR CHIKHALTHANA,CLU3605028,URC1,URC-1,53,2,253,76,177,0,2.33,69.96,0.0,148,92,0,0,268.0,268.0,0.0,100.0
27191001915,V.R.SCHOLARDEN SCHOOL N9,CLU3605034,URC1,URC-1,27,3,301,175,126,0,0.72,41.86,0.0,155,98,48,0,305.0,305.0,0.0,100.0
27191007036,VANDEMATARAM HIGH SCHOOL PUNDLIKNAGAR GARKHEDA AREA,CLU3605027,URC1,URC-1,27,8,58,28,30,0,1.07,51.72,0.0,0,0,58,0,49.0,49.0,0.0,100.0
27191007013,VANDEMATRAM P. VIDYALAY P.NAGAR,CLU3605027,URC1,URC-1,55,2,370,202,168,0,0.83,45.41,0.0,240,130,0,0,372.0,372.0,0.0,100.0
27191007254,VARAD ENG SCHOOL N-2,CLU3605027,URC1,URC-1,27,3,134,80,54,0,0.68,40.3,0.0,61,31,30,12,140.0,120.0,20.0,85.71
27191008305,VARAD VIDYA MANDIR,CLU3605027,URC1,URC-1,55,2,789,447,342,0,0.77,43.35,0.0,455,301,0,0,767.0,767.0,0.0,100.0
27191007604,VASANTDADA PATIL HS & JR. COLLEGE,CLU3605027,URC1,URC-1,4,3,845,474,371,0,0.78,43.91,0.0,37,188,261,359,912.0,912.0,0.0,100.0
27191000307,VATSALABAI PATIL HS N11,CLU3605031,URC1,URC-1,4,7,363,215,148,0,0.69,40.77,0.0,0,109,254,0,370.0,370.0,0.0,100.0
27191002610,VENUTAI CHAVAN KANYA HS AND JR. COLLEGE N-8,CLU3605028,URC1,URC-1,4,3,659,0,659,0,659.0,100.0,0.0,28,161,227,243,646.0,646.0,0.0,100.0
27191002912,VIBE HERITAGE SCHOOL,CLU3605034,URC1,URC-1,27,2,758,489,269,0,0.55,35.49,0.0,549,209,0,0,874.0,874.0,0.0,100.0
27191007250,VIDYA NIKETAN ENG PS N-3,CLU3605027,URC1,URC-1,27,2,12,5,7,0,1.4,58.33,0.0,3,9,0,0,15.0,0.0,15.0,0.0
27191001405,VIDYALANKAR KIDS WORLD ENG PS (DURGA MATA  ENG SCHOOL),CLU3605034,URC1,URC-1,27,2,22,17,5,0,0.29,22.73,0.0,16,6,0,0,41.0,41.0,0.0,100.0
27191007258,VIDYANIKETAN HIGH SCHOOL,CLU3605027,URC1,URC-1,27,8,22,13,9,0,0.69,40.91,0.0,0,0,22,0,41.0,17.0,24.0,41.0
27191007251,VIDYANIKETAN P.S.,CLU3605027,URC1,URC-1,55,2,261,137,124,0,0.91,47.51,0.0,161,100,0,0,285.0,129.0,156.0,45.0
27191008085,VIDYASAGAR PS GARKHEDA PARISAR,CLU3605027,URC1,URC-1,4,2,174,96,78,0,0.81,44.83,0.0,118,56,0,0,170.0,170.0,0.0,100.0
27191007603,VIKRAMADITYA PS CIDCO-2,CLU3605027,URC1,URC-1,4,2,161,78,83,0,1.06,51.55,0.0,131,30,0,0,147.0,147.0,0.0,100.0
27191002606,VINAYAKRAO PATIL MADHYAMIK VID.,CLU3605028,URC1,URC-1,55,7,139,139,0,0,0.0,0.0,0.0,0,43,96,0,137.0,137.0,0.0,100.0
27191002611,VINAYAKRAO PATILPRIMARY SCHOOL N-8 CIDCO,CLU3605028,URC1,URC-1,4,2,354,209,145,0,0.69,40.96,0.0,233,121,0,0,373.0,373.0,0.0,100.0
27191000140,VISHWABHARTI CONVENT SCHOOL,CLU3605031,URC1,URC-1,54,2,359,202,157,0,0.78,43.73,0.0,220,139,0,0,352.0,352.0,0.0,100.0
27191002308,VISHWABHARTI PS HEENA NAGAR,CLU3605028,URC1,URC-1,4,2,344,183,161,0,0.88,46.8,0.0,278,66,0,0,365.0,365.0,0.0,100.0
27191000152,WINCHESTER INTERNATIONAL ENGLISH SCHOOL JATWADA ROAD,CLU3605031,URC1,URC-1,27,3,408,228,180,0,0.79,44.12,0.0,200,126,82,0,575.0,575.0,0.0,100.0
27191004213,WINNERS ENG HS,CLU3605032,URC1,URC-1,27,7,133,102,31,0,0.3,23.31,0.0,0,41,92,0,129.0,129.0,0.0,100.0
27191004204,WINNERS ENGLISH PS RAVINDRANAG,CLU3605032,URC1,URC-1,27,2,220,154,66,0,0.43,30.0,0.0,149,71,0,0,244.0,244.0,0.0,100.0
27191007024,WONDER GARDEN P S GARKHEDA PARISAR,CLU3605027,URC1,URC-1,54,2,720,393,327,0,0.83,45.42,0.0,458,262,0,0,808.0,808.0,0.0,100.0
27191007031,WONDER GARTAN HIGH SCHOOL,CLU3605027,URC1,URC-1,27,7,57,30,27,0,0.9,47.37,0.0,0,0,57,0,85.0,33.0,52.0,38.0
27191000143,YASHADA PUBLIC SCHOOL,CLU3605031,URC1,URC-1,54,7,226,117,109,0,0.93,48.23,0.0,0,77,149,0,227.0,227.0,0.0,100.0
27191000109,YASHADA PUBLIC SCHOOL,CLU3605031,URC1,URC-1,54,2,566,306,260,0,0.85,45.94,0.0,382,184,0,0,577.0,577.0,0.0,100.0
27191004709,YESHWANTRAO CHAVAN HS,CLU3605034,URC1,URC-1,4,6,342,269,73,0,0.27,21.35,0.0,16,119,207,0,342.0,342.0,0.0,100.0
27191002104,YUSUF URDU PS,CLU3605028,URC1,URC-1,4,2,199,82,117,0,1.43,58.79,0.0,149,50,0,0,215.0,215.0,0.0,100.0
27191004706,"ZAITUNNISA URDU PS, CHISTIYA COLONY",CLU3605034,URC1,URC-1,55,2,263,112,151,0,1.35,57.41,0.0,190,73,0,0,273.0,273.0,0.0,100.0
27191004411,ZAM ZAM URDU PRIMARY SCHOOL,CLU3605031,URC1,URC-1,4,2,461,172,289,0,1.68,62.69,0.0,352,109,0,0,478.0,478.0,0.0,100.0
27191002318,kai sahebrao patil sultanpurkar vidya mandir,CLU3605028,URC1,URC-1,25,2,225,123,102,0,0.83,45.33,0.0,145,80,0,0,164.0,164.0,0.0,100.0
27191103713,A.K. WAGHMARE PRASHALA,CLU3605041,URC2,URC-2,4,7,545,311,234,0,0.75,42.94,0.0,0,196,349,0,531.0,477.0,54.0,89.83
27191105914,"ABDUL AZEEM ENGLISH P.S., PAITHAN GATE",CLU3605045,URC2,URC-2,27,2,44,39,5,0,0.13,11.36,0.0,44,0,0,0,56.0,27.0,29.0,48.0
27191109202,ABDUL RAHIM HS,CLU3605047,URC2,URC-2,4,6,330,100,230,0,2.3,69.7,0.0,74,152,104,0,305.0,305.0,0.0,100.0
27191109201,ABDUL RAHIM NATIONAL PS,CLU3605047,URC2,URC-2,4,1,213,64,149,0,2.33,69.95,0.0,213,0,0,0,251.0,251.0,0.0,100.0
27191109003,ADARSH PS EKNATHNAGAR,CLU3605047,URC2,URC-2,4,2,103,50,53,0,1.06,51.46,0.0,79,24,0,0,177.0,0.0,177.0,0.0
27191109809,"ADARSH PUBLIC PRIMARY SCHOOL SHAH NAGAR, SATARA",CLU3605042,URC2,URC-2,4,1,192,135,57,0,0.42,29.69,0.0,192,0,0,0,215.0,215.0,0.0,100.0
27191100511,AFREEN URDU PS ALHILAL COLONY,CLU3605046,URC2,URC-2,4,2,183,84,99,0,1.18,54.1,0.0,123,60,0,0,205.0,173.0,32.0,84.39
27191109813,AGRESEN VIDYA MANDIR,CLU3605042,URC2,URC-2,27,6,1824,993,831,0,0.84,45.56,0.0,657,590,395,0,1884.0,1884.0,0.0,100.0
27191100906,AIDED IMDADI PS CHAWANI,CLU3605046,URC2,URC-2,4,2,158,39,119,0,3.05,75.32,0.0,97,61,0,0,202.0,202.0,0.0,100.0
27191105910,AKBER KHAN URDU HS KHOKADPURA,CLU3605045,URC2,URC-2,55,7,51,36,15,0,0.42,29.41,0.0,0,14,37,0,122.0,122.0,0.0,100.0
27191105202,AL HUDA URDU PS BAIJIPURA,CLU3605045,URC2,URC-2,4,2,572,199,373,0,1.87,65.21,0.0,435,137,0,0,608.0,608.0,0.0,100.0
27191105206,"AL-Huda Urdu High School, Baijipura",CLU3605045,URC2,URC-2,55,6,714,262,452,0,1.73,63.31,0.0,58,312,344,0,748.0,748.0,0.0,100.0
27191105915,ALFALAH INTERNATIONAL SCHOOL,CLU3605041,URC2,URC-2,27,2,36,25,11,0,0.44,30.56,0.0,35,1,0,0,89.0,89.0,0.0,100.0
27191103101,ALIYA URDU HS KILLE ARK,CLU3605041,URC2,URC-2,55,6,457,148,309,0,2.09,67.61,0.0,74,246,137,0,456.0,456.0,0.0,100.0
27191103104,ALIYA URDU PRIMARY SCHOOL,CLU3605041,URC2,URC-2,19,1,354,128,226,0,1.77,63.84,0.0,302,0,0,0,306.0,306.0,0.0,100.0
27191100910,"AMAN URDU PS, NEW NANDANWAN COLONY",CLU3605046,URC2,URC-2,25,2,233,94,139,0,1.48,59.66,0.0,156,77,0,0,234.0,234.0,0.0,100.0
27191108608,AMANVISHWA HS GARKHEDA,CLU3605047,URC2,URC-2,4,6,296,170,126,0,0.74,42.57,0.0,12,134,150,0,287.0,287.0,0.0,100.0
27191105403,AMAR HS,CLU3605045,URC2,URC-2,4,6,332,244,88,0,0.36,26.51,0.0,32,185,115,0,339.0,126.0,213.0,3.0
27191105404,AMAR PS SANJAYNAGAR,CLU3605045,URC2,URC-2,4,1,236,160,76,0,0.48,32.2,0.0,236,0,0,0,246.0,246.0,0.0,100.0
27191100824,AMBER URDU PS PADEGAON,CLU3605046,URC2,URC-2,19,2,599,293,306,0,1.04,51.09,0.0,361,238,0,0,534.0,394.0,140.0,73.78
27191100507,"AMEENURDU PS, ASIFIYA COLONY",CLU3605046,URC2,URC-2,4,2,553,227,326,0,1.44,58.95,0.0,350,203,0,0,583.0,583.0,0.0,100.0
27191109827,ANAND VIDYADHAM SECONDARY SCHOOL,CLU3605042,URC2,URC-2,27,8,108,61,47,0,0.77,43.52,0.0,0,0,108,0,161.0,0.0,161.0,0.0
27191109814,"ANAND VIDYADHAM, NAKSHATRAWADI",CLU3605042,URC2,URC-2,54,2,499,266,233,0,0.88,46.69,0.0,364,135,0,0,547.0,547.0,0.0,100.0
27191106501,ANANT BHALERAO VID. M. CHETNANAGAR,CLU3605047,URC2,URC-2,4,2,652,313,339,0,1.08,51.99,0.0,450,202,0,0,658.0,658.0,0.0,100.0
27191106502,ANANT BHALERAO VIDYA MANDIR MADYAMIK,CLU3605047,URC2,URC-2,55,7,237,124,113,0,0.91,47.68,0.0,0,56,181,0,277.0,277.0,0.0,100.0
27191106113,"ANGELS PARADISE MADHYAMIK VIDYALAY, SAMARTH NAGAR",CLU3605041,URC2,URC-2,27,8,57,30,27,0,0.9,47.37,0.0,0,0,57,0,53.0,28.0,25.0,52.8
27191103714,ANGELS PARADISE PS SAMRATH,CLU3605041,URC2,URC-2,4,2,235,140,95,0,0.68,40.43,0.0,147,88,0,0,254.0,224.0,30.0,88.19
27191109911,"ANKUR BALAK MANDIR, SHIVAJI NAGAR",CLU3605047,URC2,URC-2,19,2,68,42,26,0,0.62,38.24,0.0,39,29,0,0,116.0,116.0,0.0,100.0
27191105602,ANMOL URDU P.S. JINSI,CLU3605045,URC2,URC-2,19,2,166,94,72,0,0.77,43.37,0.0,109,57,0,0,201.0,201.0,0.0,100.0
27191100826,"ASSISI ASHA NIKETAN SPECIAL SCHOOL, PADEGAON",CLU3605046,URC2,URC-2,12,1,53,36,17,0,0.47,32.08,0.0,53,0,0,0,51.0,51.0,0.0,100.0
27191105903,AZIM URDU PS SABJI MANDI,CLU3605045,URC2,URC-2,4,2,249,63,186,0,2.95,74.7,0.0,174,75,0,0,256.0,256.0,0.0,100.0
27191106603,"BALAJI PS, MUKUNDWADI",CLU3605047,URC2,URC-2,4,1,44,22,22,0,1.0,50.0,0.0,44,0,0,0,44.0,44.0,0.0,100.0
27191103403,BALDNYAN MANDIR AURANGABAD,CLU3605041,URC2,URC-2,4,2,123,81,42,0,0.52,34.15,0.0,66,52,0,0,168.0,168.0,0.0,100.0
27191103404,BALDNYAN MANDIR MS,CLU3605041,URC2,URC-2,4,7,97,56,41,0,0.73,42.27,0.0,0,28,69,0,120.0,120.0,0.0,100.0
27191109812,BALVIHAR VIDYA MANDIR HINDUSTAN AWAS,CLU3605042,URC2,URC-2,19,2,342,208,134,0,0.64,39.18,0.0,174,168,0,0,439.0,439.0,0.0,100.0
27191101303,BFCI ENGLISH PS DELHI GATE,CLU3605041,URC2,URC-2,27,2,186,131,55,0,0.42,29.57,0.0,148,38,0,0,162.0,162.0,0.0,100.0
27191101304,BFCI ENGLISH SCHOOL HIMAYAT BAGH DILHI GATE,CLU3605041,URC2,URC-2,27,7,74,54,20,0,0.37,27.03,0.0,0,20,54,0,79.0,54.0,25.0,68.35
27191109004,BHAGIRATHIBAI MARATHI PS,CLU3605047,URC2,URC-2,4,2,566,300,266,0,0.89,47.0,0.0,392,174,0,0,566.0,566.0,0.0,100.0
27191106002,BHAGWAN HIGH SCHOOL,CLU3605045,URC2,URC-2,4,7,102,57,45,0,0.79,44.12,0.0,0,29,73,0,85.0,85.0,0.0,100.0
27191106004,BHAGWAN PS AJABNAGAR,CLU3605045,URC2,URC-2,4,2,23,18,5,0,0.28,21.74,0.0,23,0,0,0,29.0,29.0,0.0,100.0
27191108905,BHASKARACHARYA ENG SCHOOL SHAHNOOR WADI,CLU3605047,URC2,URC-2,27,7,129,76,53,0,0.7,41.09,0.0,0,26,103,0,102.0,102.0,0.0,100.0
27191100518,BLOOM VILLE ENGLISH PRIMARY SCHOOL,CLU3605041,URC2,URC-2,27,1,15,4,11,0,2.75,73.33,0.0,15,0,0,0,18.0,0.0,18.0,0.0
27191101008,BLOOMING BUDS ENG PS JAISINGPURA,CLU3605046,URC2,URC-2,27,2,328,193,135,0,0.7,41.16,0.0,252,76,0,0,315.0,315.0,0.0,100.0
27191101015,"BLOOMING BUDS ENGLISH HIGH SCHOOL, JAISINGPURA",CLU3605046,URC2,URC-2,27,7,90,57,33,0,0.58,36.67,0.0,0,33,57,0,89.0,89.0,0.0,100.0
27191109006,BLU SKY INTERNATIONAL SCHOOL,CLU3605047,URC2,URC-2,27,1,191,94,97,0,1.03,50.79,0.0,100,0,0,0,151.0,151.0,0.0,100.0
27191108617,BLUE BIRDS ENGLISH HIGH SCHOOL,CLU3605047,URC2,URC-2,27,7,63,41,22,0,0.54,34.92,0.0,0,14,49,0,64.0,44.0,20.0,68.75
27191108605,BLUE BIRDS PS,CLU3605047,URC2,URC-2,27,2,125,87,38,0,0.44,30.4,0.0,99,26,0,0,125.0,125.0,0.0,100.0
27191109408,BRIGHT HORIZON ENGLISH SCHOOL,CLU3605042,URC2,URC-2,27,3,8,5,3,0,0.6,37.5,0.0,0,2,6,0,111.0,64.0,47.0,57.6
27191106805,"BRILLIANT KIDS ENG SCHOOL, VISHNU NAGAR",CLU3605047,URC2,URC-2,27,2,556,305,251,0,0.82,45.14,0.0,337,219,0,0,573.0,573.0,0.0,100.0
27191106809,BRILLIANT KIDS ENGLISH H.S.,CLU3605047,URC2,URC-2,27,8,162,99,63,0,0.64,38.89,0.0,0,0,162,0,196.0,105.0,91.0,53.0
27191106808,BRILLIANT KIDS MARATHI  H.S. VISHNU NAGAR,CLU3605047,URC2,URC-2,27,8,91,57,34,0,0.6,37.36,0.0,0,0,91,0,184.0,184.0,0.0,100.0
27191106806,"BRILLIANT KIDS MARATHI P.S, VISHNU NAGAR",CLU3605047,URC2,URC-2,53,2,734,375,359,0,0.96,48.91,0.0,438,293,0,0,767.0,654.0,113.0,85.27
27191103205,BURHANI NATIONAL ENGLISH HS,CLU3605041,URC2,URC-2,27,6,502,275,227,0,0.83,45.22,0.0,98,269,135,0,469.0,398.0,71.0,84.86
27191103203,BURHANI NATIONAL ENGLISH PS,CLU3605041,URC2,URC-2,27,1,411,242,169,0,0.7,41.12,0.0,411,0,0,0,416.0,416.0,0.0,100.0
27191103202,"BURHANI NATIONAL HS, PRAGATI COLONY",CLU3605041,URC2,URC-2,4,7,385,104,281,0,2.7,72.99,0.0,0,126,259,0,381.0,66.0,315.0,0.0
27191103204,BURHANI NATIONAL URDU PS,CLU3605041,URC2,URC-2,4,2,1021,329,692,0,2.1,67.78,0.0,740,281,0,0,1030.0,1030.0,0.0,100.0
27191100849,Blooming English Primary School  Mitmita Aurangabad,CLU3605046,URC2,URC-2,27,3,78,44,34,0,0.77,43.59,0.0,52,22,4,0,52.0,52.0,0.0,100.0
27191100916,CANTONMENT BOARD ENGLISH SCHOOL CHAWNI,CLU3605046,URC2,URC-2,29,2,469,257,212,0,0.82,45.2,0.0,286,139,0,0,538.0,538.0,0.0,100.0
27191100506,CHACHA NEHRU PS JAIBHIM NAGAR,CLU3605046,URC2,URC-2,4,2,328,185,143,0,0.77,43.6,0.0,244,84,0,0,455.0,455.0,0.0,100.0
27191100857,CHAMPION ENGLISH SCHOOL,CLU3605046,URC2,URC-2,27,2,411,251,160,0,0.64,38.93,0.0,132,247,0,0,80.0,0.0,80.0,0.0
27191100911,CHAMPION ENGLISH SCHOOL,CLU3605046,URC2,URC-2,27,2,56,31,25,0,0.81,44.64,0.0,21,2,0,0,38.0,38.0,0.0,100.0
27191108505,"CHEERFUL ENG PRIMARY SCHOOL, ULKANAGRI",CLU3605047,URC2,URC-2,27,2,43,24,19,0,0.79,44.19,0.0,40,3,0,0,22.0,22.0,0.0,100.0
27191108904,CHERUB PRIMARY SCHOOL SHAHNOORWADI,CLU3605047,URC2,URC-2,25,2,318,168,150,0,0.89,47.17,0.0,214,104,0,0,277.0,277.0,0.0,100.0
27191108513,CHHATRAPATI SAMBHAJI INTERNATIONAL SCHOOL,CLU3605047,URC2,URC-2,27,2,439,234,205,0,0.88,46.7,0.0,278,57,0,0,409.0,409.0,0.0,100.0
27191108710,CHILDREN PARK ENGLISH SCHOOL ULKANAGARI,CLU3605047,URC2,URC-2,27,2,155,91,64,0,0.7,41.29,0.0,130,25,0,0,164.0,0.0,164.0,0.0
27191105201,CHOUDHARY SK. MANNABI URDU,CLU3605045,URC2,URC-2,4,1,19,4,15,0,3.75,78.95,0.0,19,0,0,0,23.0,23.0,0.0,100.0
27191100904,CHRIST CHURCH HS CHAVNI,CLU3605046,URC2,URC-2,4,6,216,113,103,0,0.91,47.69,0.0,22,64,130,0,258.0,72.0,186.0,2.0
27191100908,CHRIST CHURCH PS CHAWNI,CLU3605046,URC2,URC-2,4,1,56,25,31,0,1.24,55.36,0.0,56,0,0,0,75.0,38.0,37.0,50.0
27191109611,CLEVER STUDENT ENGLISH SCHOOL SILK MILK COLONY,CLU3605042,URC2,URC-2,27,1,6,2,4,0,2.0,66.67,0.0,6,0,0,0,7.0,7.0,0.0,100.0
27191109404,CPS BANSILALNAGAR,CLU3605042,URC2,URC-2,17,2,85,38,47,0,1.24,55.29,0.0,41,44,0,0,178.0,0.0,178.0,0.0
27194100721,CPS BANSILALNAGAR,CLU3605042,URC2,,17,2,69,33,36,0,1.09,52.17,0.0,32,37,0,0,,,,
27191100601,CPS BEGUMPURA,CLU3605046,URC2,URC-2,17,2,165,91,74,0,0.81,44.85,0.0,98,67,0,0,178.0,162.0,16.0,91.01
27191105101,CPS INDIRANAGAR BAIJIPURA,CLU3605045,URC2,URC-2,17,2,288,187,101,0,0.54,35.07,0.0,177,87,0,0,368.0,182.0,186.0,49.0
27191101101,CPS JUBLI PARK,CLU3605041,URC2,URC-2,17,2,161,99,62,0,0.63,38.51,0.0,89,62,0,0,242.0,242.0,0.0,100.0
27191108601,CPS PRIYADARSHANI INDIRANAGAR,CLU3605047,URC2,URC-2,17,3,403,237,166,0,0.7,41.19,0.0,281,92,0,0,439.0,439.0,0.0,100.0
27191105607,CREATIVE WORLD ENGLISH PRIMARY SCHOOL,CLU3605045,URC2,URC-2,27,1,98,74,24,0,0.32,24.49,0.0,98,0,0,0,129.0,129.0,0.0,100.0
27191100833,CRYSTAL ENGLISH SCHOOL PADEGAON,CLU3605046,URC2,URC-2,27,1,27,16,11,0,0.69,40.74,0.0,27,0,0,0,27.0,23.0,4.0,85.19
27194100669,CSMC NEW MIDDLE SCHOOL JUBLEE PARK,CLU3605041,URC2,,17,2,42,19,23,0,1.21,54.76,0.0,26,16,0,0,,,,
27191106405,CUTE DUCKLINGS PUBLIC SCHOOL SHREYA NAGAR,CLU3605047,URC2,URC-2,27,6,72,39,33,0,0.85,45.83,0.0,20,34,18,0,110.0,110.0,0.0,100.0
27191103211,DARUL ULOOM URDU PS CITY CHOWK,CLU3605041,URC2,URC-2,19,2,4,4,0,0,0.0,0.0,0.0,1,3,0,0,4.0,4.0,0.0,100.0
27191109505,DEOGIRI MAHAVIDYALYA PADAMPURA,CLU3605042,URC2,URC-2,4,11,6211,3654,2557,0,0.7,41.17,0.0,0,0,0,6211,5962.0,5962.0,0.0,100.0
27191106103,DEVGIRI HS,CLU3605041,URC2,URC-2,4,6,129,129,0,0,0.0,0.0,0.0,17,45,67,0,162.0,139.0,23.0,85.8
27191106102,DEVGIRI KANYA VIDYALAY,CLU3605041,URC2,URC-2,4,6,94,0,94,0,94.0,100.0,0.0,21,37,36,0,98.0,98.0,0.0,100.0
27191106101,DEVGIRI PS,CLU3605041,URC2,URC-2,4,1,78,39,39,0,1.0,50.0,0.0,78,0,0,0,88.0,88.0,0.0,100.0
27191108503,DHARESHWAR SHIK. SAN. PS GARKHEDA,CLU3605047,URC2,URC-2,4,2,134,86,48,0,0.56,35.82,0.0,105,26,0,0,155.0,155.0,0.0,100.0
27191100609,DIMOND ENGLISH SCHOOL PAHADSINGPURA,CLU3605046,URC2,URC-2,27,1,36,24,12,0,0.5,33.33,0.0,36,0,0,0,31.0,31.0,0.0,100.0
27191108613,DING DONG ENG PS SHAHNOORWADI,CLU3605047,URC2,URC-2,27,1,43,23,20,0,0.87,46.51,0.0,23,0,0,0,54.0,0.0,54.0,0.0
27191109907,DNYANANKUR VIDYALAYA,CLU3605047,URC2,URC-2,4,6,21,15,6,0,0.4,28.57,0.0,0,2,19,0,182.0,182.0,0.0,100.0
27191109902,DNYANDHARA PS DEOLAI PRISAR,CLU3605047,URC2,URC-2,55,1,97,48,49,0,1.02,50.52,0.0,97,0,0,0,101.0,101.0,0.0,100.0
27191100604,DNYANESHWAR VIDYALAYA BEGUMPURA,CLU3605046,URC2,URC-2,4,6,544,329,215,0,0.65,39.52,0.0,49,217,278,0,563.0,563.0,0.0,100.0
27191100603,DNYANPRABODHINI PUBLIC SCHOOL,CLU3605046,URC2,URC-2,4,2,130,75,55,0,0.73,42.31,0.0,99,31,0,0,135.0,135.0,0.0,100.0
27191105604,DNYANPRASAR PS SANJAYNAGAR,CLU3605045,URC2,URC-2,54,2,501,324,177,0,0.55,35.33,0.0,360,141,0,0,529.0,529.0,0.0,100.0
27191100404,DNYANSAGAR MADHYMIK & UCH MADHYAMIK,CLU3605046,URC2,URC-2,55,5,457,287,170,0,0.59,37.2,0.0,0,31,239,187,501.0,274.0,227.0,54.0
27191100401,DNYANSAGAR PS N-13 CIDCO,CLU3605046,URC2,URC-2,4,2,266,150,116,0,0.77,43.61,0.0,214,52,0,0,145.0,145.0,0.0,100.0
27191100702,DNYANSAMPADA PS,CLU3605046,URC2,URC-2,4,2,459,257,202,0,0.79,44.01,0.0,247,212,0,0,481.0,481.0,0.0,100.0
27191101010,DR BABASAHEB AMBEDKAR COLLEGE OF ARTS &  COMMERCE,CLU3605046,URC2,URC-2,4,11,104,61,43,0,0.7,41.35,0.0,0,0,0,104,113.0,0.0,113.0,0.0
27191105112,DR. DESARDA PUBLIC SCHOOL (ENGLISH),CLU3605045,URC2,URC-2,27,6,416,241,175,0,0.73,42.07,0.0,161,149,106,0,456.0,456.0,0.0,100.0
27191105111,DR. DESARDA PUBLIC SCHOOL (MARATHI),CLU3605045,URC2,URC-2,27,6,197,122,75,0,0.61,38.07,0.0,75,77,45,0,213.0,213.0,0.0,100.0
27191101110,DR. RAFIQ ZAKARIA COLLEGE FOR WOMEN,CLU3605041,URC2,URC-2,4,11,929,0,929,0,929.0,100.0,0.0,0,0,0,929,952.0,952.0,0.0,100.0
27191100605,"Dnyaneshwar Primary School,Begampura,Chattrapati Sambhaji Nagar",CLU3605046,URC2,URC-2,4,1,111,58,53,0,0.91,47.75,0.0,111,0,0,0,123.0,85.0,38.0,69.11
27191106110,Dr. SW. I. B. PATHAK MAHILA MAHAVIDYALYA,CLU3605041,URC2,URC-2,4,11,364,92,272,0,2.96,74.73,0.0,0,0,0,364,287.0,287.0,0.0,100.0
27191100835,EKTA MADHYAMIK VIDYALAYA PADEGAON,CLU3605046,URC2,URC-2,19,6,169,109,60,0,0.55,35.5,0.0,0,45,124,0,266.0,51.0,215.0,0.0
27191108619,ELLORA ENGLISH H.S. BEED BY PASS ROAD,CLU3605047,URC2,URC-2,27,3,415,233,182,0,0.78,43.86,0.0,32,202,165,16,412.0,412.0,0.0,100.0
27191108621,"ELLORA ENGLISH P.S., NAIKNAGAR",CLU3605047,URC2,URC-2,27,1,287,167,120,0,0.72,41.81,0.0,268,0,0,0,245.0,245.0,0.0,100.0
27191101003,FATEMA PS BEGUM PURA,CLU3605046,URC2,URC-2,4,2,431,160,271,0,1.69,62.88,0.0,322,109,0,0,419.0,419.0,0.0,100.0
27191109918,"FOSTER DEVELOPMENT H.S., SHIVAJINAGAR",CLU3605047,URC2,URC-2,27,8,59,34,25,0,0.74,42.37,0.0,0,0,59,0,75.0,75.0,0.0,100.0
27191109906,FOSTER DEVELOPMENT PS,CLU3605047,URC2,URC-2,4,2,389,224,165,0,0.74,42.42,0.0,185,119,0,0,405.0,405.0,0.0,100.0
27191100515,FOSTER ENGLISH HIGH SCHOOL ARIF COLONY,CLU3605046,URC2,URC-2,27,7,3,1,2,0,2.0,66.67,0.0,0,0,3,0,9.0,9.0,0.0,100.0
27191100514,FOSTER ENGLISH PRIMARY SCHOOL ARIF COLONY,CLU3605046,URC2,URC-2,27,2,113,64,49,0,0.77,43.36,0.0,74,39,0,0,122.0,122.0,0.0,100.0
27191100519,FOSTER URDU PRIMARY SCHOOL,CLU3605046,URC2,URC-2,19,2,348,238,110,0,0.46,31.61,0.0,207,141,0,0,427.0,427.0,0.0,100.0
27191107101,Fransalian School of Excellence,CLU3605047,URC2,URC-2,27,6,1219,704,515,0,0.73,42.25,0.0,517,420,282,0,1401.0,1401.0,0.0,100.0
27191106704,G P SCHOOL S N AURANGBAD,CLU3605047,URC2,URC-2,27,6,26,18,8,0,0.44,30.77,0.0,26,0,0,0,46.0,20.0,26.0,43.0
27191106902,"GAIKWAD OLYMPIAD SCHOOL, GARKHEDA PARISAR",CLU3605047,URC2,URC-2,27,6,183,94,89,0,0.95,48.63,0.0,174,9,0,0,163.0,163.0,0.0,100.0
27191109909,GEETA VIDYA MANDIR MS SHIVAJINAGAR,CLU3605047,URC2,URC-2,55,6,524,284,240,0,0.85,45.8,0.0,45,221,258,0,514.0,514.0,0.0,100.0
27191109908,GEETA VIDYA MANDIR PS SHIVAJINAGAR,CLU3605047,URC2,URC-2,4,2,632,341,291,0,0.85,46.04,0.0,450,182,0,0,631.0,591.0,40.0,93.66
27191101006,GLOBAL ENGLISH HIGH SCHOOL,CLU3605046,URC2,URC-2,27,6,187,96,91,0,0.95,48.66,0.0,108,55,24,0,219.0,219.0,0.0,100.0
27191106005,"GLOBAL ENGLISH PS, NUTAN COLONY",CLU3605045,URC2,URC-2,27,2,145,93,52,0,0.56,35.86,0.0,96,49,0,0,161.0,161.0,0.0,100.0
27191108610,GOUSIYA URDU P.S.,CLU3605047,URC2,URC-2,54,2,365,128,237,0,1.85,64.93,0.0,247,118,0,0,360.0,360.0,0.0,100.0
27191101302,"GOVT. COLLEGE OF ARTS & SCIENCE, LABOUR COLONYS",CLU3605041,URC2,URC-2,1,11,197,124,73,0,0.59,37.06,0.0,0,0,0,197,340.0,163.0,177.0,47.9
27191106108,GREEN FIELD SCHOOL SAMARTH NAGAR,CLU3605041,URC2,URC-2,27,6,86,48,38,0,0.79,44.19,0.0,49,23,14,0,98.0,98.0,0.0,100.0
27194100704,GRIT INTERNATIONAL SCHOOLAND JUNIOR COLLAE,CLU3605042,URC2,,27,3,26,17,9,0,0.53,34.62,0.0,18,8,0,0,,,,
27191103303,GUJRATI KANYA VIDYALAYA,CLU3605041,URC2,URC-2,4,6,598,0,598,0,598.0,100.0,0.0,85,278,235,0,614.0,569.0,45.0,92.67
27191103905,GUJRATI PATHSHALA PS KHARAKUWA,CLU3605045,URC2,URC-2,4,1,468,211,257,0,1.22,54.91,0.0,468,0,0,0,551.0,551.0,0.0,100.0
27191100520,GULSHAN E IQBAL HIGH SCHOOL,CLU3605046,URC2,URC-2,27,8,18,6,12,0,2.0,66.67,0.0,0,0,18,0,23.0,23.0,0.0,100.0
27191100508,GULSHAN E IQBAL URDU PS HILAL COL,CLU3605046,URC2,URC-2,53,2,479,254,225,0,0.89,46.97,0.0,270,204,0,0,494.0,494.0,0.0,100.0
27194100432,GURUKUL OLYMPIAD SCHOOL,CLU3605042,URC2,URC-2,27,3,90,63,27,0,0.43,30.0,0.0,78,12,0,0,39.0,39.0,0.0,100.0
27191108624,GURUKUL OLYMPIAD SCHOOL SHAHANURWADI AURANGABAD,CLU3605047,URC2,URC-2,27,6,1782,979,803,0,0.82,45.06,0.0,901,555,326,0,1791.0,1791.0,0.0,100.0
27191109108,GURUTEG BAHADUR ENGLISH OSMANP,CLU3605047,URC2,URC-2,27,1,92,61,31,0,0.51,33.7,0.0,87,0,0,0,133.0,133.0,0.0,100.0
27191100611,Global English High School,CLU3605046,URC2,URC-2,27,8,30,22,8,0,0.36,26.67,0.0,0,0,30,0,54.0,54.0,0.0,100.0
27191100828,HABIB URDU PS PADEGAON,CLU3605046,URC2,URC-2,55,2,193,89,104,0,1.17,53.89,0.0,140,53,0,0,211.0,58.0,153.0,2.0
27191101103,HABIBA URDU PS BHADKAL GATE,CLU3605041,URC2,URC-2,4,2,278,117,161,0,1.38,57.91,0.0,198,80,0,0,300.0,300.0,0.0,100.0
27191100411,HAZRAT MOINUDDIN URDU PS MUZAFARNAGAR,CLU3605046,URC2,URC-2,55,2,181,75,106,0,1.41,58.56,0.0,121,60,0,0,199.0,199.0,0.0,100.0
27191100834,"HIGHNESH ENGLISH SCHOOL, PADEGAON",CLU3605046,URC2,URC-2,27,2,7,4,3,0,0.75,42.86,0.0,7,0,0,0,5.0,5.0,0.0,100.0
27191108509,HOLLY ANGLES ENGLISH PS RENUKANAGAR GARKHEDA,CLU3605047,URC2,URC-2,27,2,25,15,10,0,0.67,40.0,0.0,12,13,0,0,79.0,0.0,79.0,0.0
27191105913,HOLY CHILD ENGLISH SCHOOL,CLU3605045,URC2,URC-2,27,1,189,105,84,0,0.8,44.44,0.0,189,0,0,0,193.0,172.0,21.0,89.12
27191109916,"HOLY CRESCENT ENGLISH HIGH SCHOOL, SHAHNAGAR",CLU3605042,URC2,URC-2,27,8,49,38,11,0,0.29,22.45,0.0,0,0,49,0,89.0,0.0,89.0,0.0
27191109903,HOLY CRESCENT ENGLISH SCHOOL SHAH NAGAR,CLU3605047,URC2,URC-2,27,2,291,196,95,0,0.48,32.65,0.0,170,121,0,0,302.0,0.0,302.0,0.0
27191100907,HOLY CROSS MARATHI CHAWNI,CLU3605046,URC2,URC-2,4,1,855,449,406,0,0.9,47.49,0.0,855,0,0,0,878.0,654.0,224.0,74.49
27191100846,"HOLY NAME ACADEMY, PADEGAON",CLU3605046,URC2,URC-2,27,3,8,5,3,0,0.6,37.5,0.0,7,0,0,0,8.0,0.0,8.0,0.0
27191100913,HOLYCROSS ENGLISH HS,CLU3605046,URC2,URC-2,4,6,1650,888,762,0,0.86,46.18,0.0,272,836,542,0,1694.0,1694.0,0.0,100.0
27191100914,HOLYCROSS ENGLISH PS CHAVANI,CLU3605046,URC2,URC-2,27,1,1128,602,526,0,0.87,46.63,0.0,1128,0,0,0,1144.0,1144.0,0.0,100.0
27191100905,HOLYCROSS MARATHI HS,CLU3605046,URC2,URC-2,4,6,1268,682,586,0,0.86,46.21,0.0,212,681,375,0,1312.0,1312.0,0.0,100.0
27191108903,"ICON ENG SCHOOL, JYOTI NAGAR",CLU3605047,URC2,URC-2,27,6,65,35,30,0,0.86,46.15,0.0,36,29,0,0,55.0,55.0,0.0,100.0
27191109103,INDIRA GANDHI  KANYA VIDYALAY MARATHI,CLU3605047,URC2,URC-2,4,6,23,0,23,0,23.0,100.0,0.0,0,5,18,0,23.0,23.0,0.0,100.0
27191109105,INDIRA GANDHI URDU KANYA SEC. AND HIGH SEC. SCHOOL,CLU3605047,URC2,URC-2,4,3,191,0,191,0,191.0,100.0,0.0,1,37,66,87,234.0,234.0,0.0,100.0
27191105904,INDIRA GANDHI URDU KANYA SEC. AND HIGH SEC. SCHOOL,CLU3605045,URC2,URC-2,4,5,205,0,205,0,205.0,100.0,0.0,0,32,85,88,259.0,157.0,102.0,60.6
27194100393,INDOBRAIN INTERNATIONAL SCHOOL,CLU3605046,URC2,URC-2,27,2,219,118,101,0,0.86,46.12,0.0,211,0,0,0,114.0,114.0,0.0,100.0
27191109405,JAGRUTI HIGH SCHOOL,CLU3605042,URC2,URC-2,55,7,408,229,179,0,0.78,43.87,0.0,0,126,282,0,418.0,418.0,0.0,100.0
27191109402,JAGRUTI PS BANSILAL NAGAR,CLU3605042,URC2,URC-2,4,2,828,376,452,0,1.2,54.59,0.0,534,294,0,0,901.0,901.0,0.0,100.0
27191108802,JAI BHAVANI VIDYAMANDIR H.S.,CLU3605047,URC2,URC-2,4,3,1132,631,501,0,0.79,44.26,0.0,128,440,420,144,1288.0,325.0,963.0,0.0
27191108803,JAI BHAVANI VIDYAMANDIR PS,CLU3605047,URC2,URC-2,4,1,279,143,136,0,0.95,48.75,0.0,276,0,0,0,368.0,231.0,137.0,62.77
27191100852,JAIHIND PRIMARY SECONDARY AND HIGHER SECONDARY SCHOOL MITMITA,CLU3605046,URC2,URC-2,27,3,165,84,81,0,0.96,49.09,0.0,57,30,20,58,286.0,192.0,94.0,67.13
27191105603,JAY AMBIKA VIDYA MANDIR,CLU3605045,URC2,URC-2,4,2,105,67,38,0,0.57,36.19,0.0,98,7,0,0,90.0,90.0,0.0,100.0
27191101013,JAYLAXMI PS HUDCO,CLU3605046,URC2,URC-2,54,2,378,208,170,0,0.82,44.97,0.0,233,145,0,0,465.0,465.0,0.0,100.0
27191109904,KAI SAU KALAVATI CHAVAN HS  AND JR.COLLEGE,CLU3605047,URC2,URC-2,4,3,559,344,215,0,0.62,38.46,0.0,24,186,275,74,467.0,467.0,0.0,100.0
27191108606,KARMAYOGI NAMDEORAO PAWAR P S,CLU3605047,URC2,URC-2,4,2,104,61,43,0,0.7,41.35,0.0,78,26,0,0,104.0,0.0,104.0,0.0
27191106802,KARMVIR SHANKARSING NAIK HS,CLU3605047,URC2,URC-2,4,6,209,113,96,0,0.85,45.93,0.0,28,105,76,0,199.0,199.0,0.0,100.0
27191106803,KARMVIR SHANKARSING NAIK PRIMARY SCHOOL,CLU3605047,URC2,URC-2,4,1,98,57,41,0,0.72,41.84,0.0,98,0,0,0,103.0,103.0,0.0,100.0
27191101111,KASHIFUL ULOOM URDU PS,CLU3605041,URC2,URC-2,19,3,252,229,23,0,0.1,9.13,0.0,82,124,46,0,315.0,315.0,0.0,100.0
27191100813,KASTA MADHYAMIK VIDYALAYA,CLU3605046,URC2,URC-2,4,6,207,136,71,0,0.52,34.3,0.0,15,94,98,0,209.0,0.0,209.0,0.0
27191103102,KHAJA NASER URDU P.S.,CLU3605041,URC2,URC-2,54,2,216,81,135,0,1.67,62.5,0.0,159,57,0,0,212.0,212.0,0.0,100.0
27191109910,"KIDS CAMBRIDGE ENG SCHOOL,  SHIVAJI NAGAR",CLU3605047,URC2,URC-2,27,2,77,50,27,0,0.54,35.06,0.0,67,10,0,0,76.0,37.0,39.0,48.0
27191106804,KIDS KINGDOM ENG HS,CLU3605047,URC2,URC-2,27,7,202,117,85,0,0.73,42.08,0.0,0,66,136,0,219.0,219.0,0.0,100.0
27191108612,KIDS MAGIC ENGLISH SCHOOL,CLU3605047,URC2,URC-2,27,2,77,32,45,0,1.41,58.44,0.0,39,6,0,0,92.0,0.0,92.0,0.0
27191109824,KIDS PLANET ENGLISH SCHOOL,CLU3605042,URC2,URC-2,27,2,64,25,39,0,1.56,60.94,0.0,42,22,0,0,76.0,76.0,0.0,100.0
27191109406,KIDS PRIDE ENGLISH SCHOOL RAILWAY STATION AURANGABAD,CLU3605042,URC2,URC-2,27,3,191,122,69,0,0.57,36.13,0.0,120,44,27,0,113.0,113.0,0.0,100.0
27191100713,KIDS SCHOLAR WORLD ENGLISH SCHOOL,CLU3605046,URC2,URC-2,27,3,20,10,10,0,1.0,50.0,0.0,14,5,1,0,72.0,72.0,0.0,100.0
27191109702,KOHETOOR URDU HS SADATNAGAR,CLU3605042,URC2,URC-2,4,7,214,67,147,0,2.19,68.69,0.0,0,68,146,0,217.0,138.0,79.0,63.59
27191100704,KRANTIJYOTI SAVITRIMAI PHULE  MADHYAMIK VIDYALAYA ,CLU3605046,URC2,URC-2,4,6,403,197,206,0,1.05,51.12,0.0,26,160,217,0,408.0,408.0,0.0,100.0
27194100706,KRAYON HERITAGE SCHOOL,CLU3605047,URC2,,27,3,2,1,1,0,1.0,50.0,0.0,2,0,0,0,,,,
27191109905,KS KALAWATI CHAVAN PS SHIVAJINAGAR GARKHEDA,CLU3605047,URC2,URC-2,4,2,273,139,134,0,0.96,49.08,0.0,206,67,0,0,260.0,260.0,0.0,100.0
27191108627,KUBA URDU PRIMARY SCHOOL SHAHANOOR WADI,CLU3605047,URC2,URC-2,19,2,246,121,125,0,1.03,50.81,0.0,162,84,0,0,292.0,292.0,0.0,100.0
27191100714,Kids Scholar World Primary Secondary And Higher Secondary School Bhavsingpura,CLU3605046,URC2,URC-2,27,3,15,6,9,0,1.5,60.0,0.0,12,3,0,0,31.0,31.0,0.0,100.0
27191101306,LAKE VIEW ENGLISH SCHOOL,CLU3605041,URC2,URC-2,27,1,9,4,5,0,1.25,55.56,0.0,9,0,0,0,9.0,9.0,0.0,100.0
27191100818,LIFE TOUCH ENG SCHOOLPADEGAON,CLU3605046,URC2,URC-2,27,2,63,35,28,0,0.8,44.44,0.0,55,8,0,0,95.0,95.0,0.0,100.0
27191101109,LILLAIN RESIDENTIAL SCHOOL FOR DEAF,CLU3605041,URC2,URC-2,12,2,4,0,4,0,4.0,100.0,0.0,4,0,0,0,7.0,7.0,0.0,100.0
27191103609,LITTLE ANGELS ENGLISH SCHOOL NAGESHWARWADI,CLU3605041,URC2,URC-2,27,2,212,111,101,0,0.91,47.64,0.0,174,38,0,0,197.0,197.0,0.0,100.0
27191101001,LITTLE FLOWER HS CHAVANI,CLU3605046,URC2,URC-2,27,7,433,273,160,0,0.59,36.95,0.0,0,149,284,0,443.0,443.0,0.0,100.0
27191101002,LITTLE FLOWER PS CHAVANI,CLU3605046,URC2,URC-2,27,2,650,446,204,0,0.46,31.38,0.0,426,224,0,0,668.0,668.0,0.0,100.0
27191105110,LITTLE WONDER ENG HS,CLU3605045,URC2,URC-2,27,8,120,82,38,0,0.46,31.67,0.0,0,0,120,0,140.0,140.0,0.0,100.0
27191105106,LITTLE WONDER ENG PS MOTIWALANAGAR,CLU3605045,URC2,URC-2,27,2,524,347,177,0,0.51,33.78,0.0,360,164,0,0,537.0,537.0,0.0,100.0
27191100608,Lupin Hill School  Form A01,CLU3605046,URC2,URC-2,27,1,8,4,4,0,1.0,50.0,0.0,8,0,0,0,3.0,3.0,0.0,100.0
27191109607,M.I.T. H.S. SATARA,CLU3605042,URC2,URC-2,4,7,81,45,36,0,0.8,44.44,0.0,0,13,68,0,75.0,40.0,35.0,53.3
27191109504,M.S.P.MANDAL DEOGIRI GLOBAL ACADMY,CLU3605042,URC2,URC-2,27,6,1103,602,501,0,0.83,45.42,0.0,471,357,211,0,1069.0,1069.0,0.0,100.0
27191109901,MADHYAMIK VIDYALAYA DEVLAI,CLU3605047,URC2,URC-2,4,3,487,251,236,0,0.94,48.46,0.0,23,100,93,271,476.0,476.0,0.0,100.0
27191108604,MADHYAMIK VIDYALAYA SHAHANURWADI,CLU3605047,URC2,URC-2,4,6,203,121,82,0,0.68,40.39,0.0,24,70,109,0,190.0,190.0,0.0,100.0
27191109502,MAHATAMA PHULE HIGH SCHOOL,CLU3605042,URC2,URC-2,4,6,544,301,243,0,0.81,44.67,0.0,60,244,240,0,554.0,554.0,0.0,100.0
27191109503,MAHATMA PHULE PS PADAMPURA,CLU3605042,URC2,URC-2,4,1,162,79,83,0,1.05,51.23,0.0,162,0,0,0,183.0,183.0,0.0,100.0
27191103904,MARATHA HS CHAURAHA,CLU3605045,URC2,URC-2,4,6,854,469,385,0,0.82,45.08,0.0,87,338,429,0,947.0,306.0,641.0,3.0
27191103906,MARATHA PS CHAURAHA,CLU3605045,URC2,URC-2,4,1,192,68,124,0,1.82,64.58,0.0,192,0,0,0,219.0,219.0,0.0,100.0
27191108907,"MARATHI PRIMARY SCHOO, JYOTI NAGAR",CLU3605047,URC2,URC-2,19,2,570,337,233,0,0.69,40.88,0.0,302,268,0,0,605.0,0.0,605.0,0.0
27191100842,MARATHI PRIMARY SCHOOL,CLU3605046,URC2,URC-2,19,2,27,14,13,0,0.93,48.15,0.0,22,5,0,0,55.0,0.0,55.0,0.0
27191109604,MARATHWADA ENGLISH P S,CLU3605042,URC2,URC-2,27,2,4,4,0,0,0.0,0.0,0.0,4,0,0,0,10.0,10.0,0.0,100.0
27191103003,MARATHWADA URDU PS MANZOORPURA,CLU3605041,URC2,URC-2,4,2,215,92,123,0,1.34,57.21,0.0,148,67,0,0,236.0,236.0,0.0,100.0
27191103605,MASUM URDU HS,CLU3605041,URC2,URC-2,19,7,42,22,20,0,0.91,47.62,0.0,0,2,40,0,119.0,115.0,4.0,96.64
27191103604,MASUM URDU PS,CLU3605041,URC2,URC-2,19,2,83,50,33,0,0.66,39.76,0.0,55,28,0,0,254.0,254.0,0.0,100.0
27191101102,MAULANA AZAD HIGH SCHOOL,CLU3605041,URC2,URC-2,4,6,654,599,55,0,0.09,8.41,0.0,58,337,259,0,674.0,674.0,0.0,100.0
27191101112,"MAULANA AZAD JUNIOR COLLEGE, TOWN HALL",CLU3605041,URC2,URC-2,4,11,122,52,70,0,1.35,57.38,0.0,0,0,0,122,123.0,123.0,0.0,100.0
27191105108,"MEERAI PS VIDYAMANDIR, INDIRANAGAR BAIJIPURA",CLU3605045,URC2,URC-2,54,2,199,117,82,0,0.7,41.21,0.0,128,71,0,0,208.0,208.0,0.0,100.0
27191101310,MEMON URDU HIGH SCHOOL HIMAYAT BAGH DELHI GATE,CLU3605041,URC2,URC-2,27,8,47,21,26,0,1.24,55.32,0.0,0,0,47,0,43.0,43.0,0.0,100.0
27191101305,"MEMON URDU PS, HIMAYAT BAGH",CLU3605041,URC2,URC-2,4,2,290,130,160,0,1.23,55.17,0.0,194,96,0,0,290.0,290.0,0.0,100.0
27191100819,MGM VASTANVI URDU HS PADEGAON,CLU3605046,URC2,URC-2,19,7,112,68,44,0,0.65,39.29,0.0,0,1,111,0,127.0,92.0,35.0,72.44
27191100811,MGM VASTANVI URDU PS PADEGAON,CLU3605046,URC2,URC-2,55,2,142,52,90,0,1.73,63.38,0.0,113,29,0,0,140.0,140.0,0.0,100.0
27191101011,MILIND COLLEGE OF ARTS,CLU3605046,URC2,URC-2,4,11,523,349,174,0,0.5,33.27,0.0,0,0,0,523,458.0,458.0,0.0,100.0
27191101009,MILIND COLLEGE OF SCIENCE NAGSEN WAN,CLU3605046,URC2,URC-2,4,11,736,399,337,0,0.84,45.79,0.0,0,0,0,736,668.0,351.0,317.0,52.0
27191101005,MILIND ENGLISH PS,CLU3605046,URC2,URC-2,27,1,40,26,14,0,0.54,35.0,0.0,39,0,0,0,37.0,37.0,0.0,100.0
27191101007,MILIND MARATHI PS NAGSENVAN,CLU3605046,URC2,URC-2,19,1,24,17,7,0,0.41,29.17,0.0,24,0,0,0,25.0,25.0,0.0,100.0
27191101004,MILIND MULTIPURPOSE HS,CLU3605046,URC2,URC-2,4,6,349,236,113,0,0.48,32.38,0.0,23,146,180,0,349.0,349.0,0.0,100.0
27191105203,MILLAT URDU PS BAIJIPURA,CLU3605045,URC2,URC-2,19,2,303,117,186,0,1.59,61.39,0.0,204,99,0,0,309.0,309.0,0.0,100.0
27191105208,MILLAT URDU SCHOOL,CLU3605045,URC2,URC-2,27,7,61,22,39,0,1.77,63.93,0.0,0,0,61,0,72.0,72.0,0.0,100.0
27191100844,MIRACLE PUBLIC SCHOOL AND JR COLLEGE PADEGAON MITMITA AREA,CLU3605046,URC2,URC-2,27,1,1,0,1,0,1.0,100.0,0.0,1,0,0,0,1.0,1.0,0.0,100.0
27191105102,MIRAI MADHYAMIK VIDYALAYA,CLU3605045,URC2,URC-2,4,7,100,71,29,0,0.41,29.0,0.0,0,28,72,0,101.0,62.0,39.0,61.3
27191100516,MIRZA AZIZULLAH BAIG URDU H.S. ASIFIYA COLONY,CLU3605046,URC2,URC-2,27,8,131,38,93,0,2.45,70.99,0.0,0,0,131,0,106.0,106.0,0.0,100.0
27191100607,MNC BEGUMPURA HS,CLU3605046,URC2,URC-2,17,8,47,32,15,0,0.47,31.91,0.0,0,0,47,0,50.0,24.0,26.0,48.0
27191109704,MNC HS BANEWADI,CLU3605042,URC2,URC-2,17,8,106,59,47,0,0.8,44.34,0.0,0,0,106,0,95.0,33.0,62.0,34.0
27191109403,MNC HS BANSILALNAGAR,CLU3605042,URC2,URC-2,17,8,40,20,20,0,1.0,50.0,0.0,0,0,40,0,42.0,0.0,42.0,0.0
27191105107,MNC HS INDIRANAGAR BAIJIPURA,CLU3605045,URC2,URC-2,17,8,62,38,24,0,0.63,38.71,0.0,0,0,62,0,63.0,35.0,28.0,55.5
27191108615,MNC HS PRIYADARSHANI INDRANAGAR,CLU3605047,URC2,URC-2,17,8,69,40,29,0,0.72,42.03,0.0,0,0,69,0,64.0,64.0,0.0,100.0
27191109612,MNC HS Silk Mill Colony,CLU3605042,URC2,URC-2,17,8,74,29,45,0,1.55,60.81,0.0,0,0,74,0,72.0,72.0,0.0,100.0
27191100825,MNC MITMITA HS,CLU3605046,URC2,URC-2,17,8,60,37,23,0,0.62,38.33,0.0,0,0,60,0,101.0,0.0,101.0,0.0
27191101108,MODEL HS JUBLE PARK,CLU3605041,URC2,URC-2,27,6,592,394,198,0,0.5,33.45,0.0,81,296,215,0,631.0,631.0,0.0,100.0
27191101104,MODEL PRIMARY SCHOOL JUBLEE PARK,CLU3605041,URC2,URC-2,27,1,294,185,109,0,0.59,37.07,0.0,294,0,0,0,334.0,334.0,0.0,100.0
27191109109,MODERN MARATHI PRIMARY SCHOOL,CLU3605047,URC2,URC-2,4,2,74,47,27,0,0.57,36.49,0.0,37,37,0,0,83.0,83.0,0.0,100.0
27191109610,MOINUL ULOOM HIGHER SECONDARY SCHOOL,CLU3605042,URC2,URC-2,19,11,147,0,147,0,147.0,100.0,0.0,0,0,0,147,158.0,158.0,0.0,100.0
27191109605,MOINUL ULOOM HS,CLU3605042,URC2,URC-2,4,6,2349,1124,1225,0,1.09,52.15,0.0,418,1225,706,0,2373.0,2373.0,0.0,100.0
27191109606,MOINUL ULOOM PS,CLU3605042,URC2,URC-2,4,1,1784,852,932,0,1.09,52.24,0.0,1488,0,0,0,2060.0,2060.0,0.0,100.0
27191105407,MOMIN AREF URDU PS SANJAYNAGAR,CLU3605045,URC2,URC-2,55,2,242,98,144,0,1.47,59.5,0.0,186,56,0,0,248.0,248.0,0.0,100.0
27191103707,MONTESSORY BALAK MANDIR PS,CLU3605041,URC2,URC-2,4,2,1205,684,521,0,0.76,43.24,0.0,869,336,0,0,1230.0,1230.0,0.0,100.0
27191105409,MOTHER STAR ENGLISH SCHOOL SAJAYNAGAR,CLU3605045,URC2,URC-2,27,2,19,17,2,0,0.12,10.53,0.0,13,6,0,0,32.0,0.0,32.0,0.0
27191109116,Memar-e-deccan Urdu Primary School Osmanpura,CLU3605047,URC2,URC-2,19,2,62,27,35,0,1.3,56.45,0.0,50,12,0,0,163.0,163.0,0.0,100.0
27191109002,NAGSEN VIDYALAYA AND JR.COLLEGE PHULENAGAR,CLU3605047,URC2,URC-2,4,3,394,206,188,0,0.91,47.72,0.0,0,78,199,117,482.0,482.0,0.0,100.0
27191105907,NAIM KHAN PS KHOKADPURA,CLU3605045,URC2,URC-2,4,2,221,105,116,0,1.1,52.49,0.0,153,68,0,0,256.0,217.0,39.0,84.77
27191109107,NALANDA PS RAMANAGAR,CLU3605047,URC2,URC-2,4,1,9,4,5,0,1.25,55.56,0.0,9,0,0,0,21.0,21.0,0.0,100.0
27191109110,NALANDA VIDYALAYA AND JR.COLLEGE MUKUNDNAGAR,CLU3605047,URC2,URC-2,4,3,221,115,106,0,0.92,47.96,0.0,20,70,52,79,269.0,104.0,165.0,38.0
27191100903,"NANDANWAN VIDYA MANDIR, SHANTIPURA",CLU3605046,URC2,URC-2,4,2,25,7,18,0,2.57,72.0,0.0,19,6,0,0,29.0,20.0,9.0,68.97
27191106601,NARMADA CONVENT SCHOOL SECONDARY,CLU3605047,URC2,URC-2,4,6,179,86,93,0,1.08,51.96,0.0,3,56,120,0,222.0,65.0,157.0,0.0
27191109811,NATH VALLEY SCHOOL,CLU3605042,URC2,URC-2,27,3,1520,810,710,0,0.88,46.71,0.0,627,429,294,132,1544.0,1188.0,356.0,76.94
27191106112,NATIONAL ENGLISH SCHOOL SAMARTHNAGAR,CLU3605041,URC2,URC-2,27,2,181,101,80,0,0.79,44.2,0.0,150,31,0,0,176.0,176.0,0.0,100.0
27191103405,NATIONAL URDU HS GRAMPANI,CLU3605041,URC2,URC-2,55,7,120,47,73,0,1.55,60.83,0.0,0,40,80,0,107.0,107.0,0.0,100.0
27191103406,NATIONAL URDU PRIMARY SCHOOL,CLU3605041,URC2,URC-2,55,2,228,73,155,0,2.12,67.98,0.0,144,65,0,0,231.0,231.0,0.0,100.0
27191108611,NETAJI SUBHASH MARATHI PS,CLU3605047,URC2,URC-2,4,2,195,104,91,0,0.88,46.67,0.0,155,40,0,0,212.0,189.0,23.0,89.15
27191103407,NEW APOSTOLIC ENG H S JUNA BAZAR,CLU3605041,URC2,URC-2,27,7,80,46,34,0,0.74,42.5,0.0,0,27,53,0,86.0,86.0,0.0,100.0
27191103402,NEW APOSTOLIC ENGLISH SCHOOL,CLU3605041,URC2,URC-2,27,2,230,135,95,0,0.7,41.3,0.0,151,43,0,0,224.0,224.0,0.0,100.0
27191109826,NEW ENGLISH PRIMARY SCHOOL,CLU3605042,URC2,URC-2,27,1,94,61,33,0,0.54,35.11,0.0,94,0,0,0,100.0,100.0,0.0,100.0
27191100420,NEW ENGLISH PRIMARY SCHOOL,CLU3605046,URC2,URC-2,27,1,1,0,1,0,1.0,100.0,0.0,1,0,0,0,1.0,1.0,0.0,100.0
27191105405,NEW MODEL MARATHI PS BAIJIPURA,CLU3605045,URC2,URC-2,4,1,59,40,19,0,0.48,32.2,0.0,59,0,0,0,86.0,0.0,86.0,0.0
27191103209,NEW RADIANT ENG PS DEODI BAZAR,CLU3605041,URC2,URC-2,27,2,331,202,129,0,0.64,38.97,0.0,184,122,0,0,401.0,0.0,401.0,0.0
27191101114,NEW RADIANT ENGLISH HIGH SCHOOL DEODI BAZAR,CLU3605041,URC2,URC-2,27,8,66,40,26,0,0.65,39.39,0.0,0,0,66,0,72.0,36.0,36.0,50.0
27191103901,NIGHT HS CHOURAHA,CLU3605045,URC2,URC-2,4,7,67,44,23,0,0.52,34.33,0.0,0,0,67,0,116.0,83.0,33.0,71.55
27191109114,NOOR URDU HS OSMANPURA,CLU3605047,URC2,URC-2,55,7,151,65,86,0,1.32,56.95,0.0,0,57,94,0,127.0,127.0,0.0,100.0
27191109111,NOOR URDU PS OSMANPURA,CLU3605047,URC2,URC-2,4,2,364,150,214,0,1.43,58.79,0.0,261,91,0,0,406.0,406.0,0.0,100.0
27191109401,NUTAN MADHYAMIK VIDYALAYA BANSILALNAGAR,CLU3605042,URC2,URC-2,4,6,185,118,67,0,0.57,36.22,0.0,18,74,93,0,213.0,172.0,41.0,80.75
27191109818,NUTAN PS KANCHANNAGAR NAKSHTRAWADI,CLU3605042,URC2,URC-2,19,2,230,138,92,0,0.67,40.0,0.0,168,62,0,0,525.0,419.0,106.0,79.81
27191100853,Navkar Jr College Mitmita,CLU3605046,URC2,URC-2,27,3,92,54,38,0,0.7,41.3,0.0,9,0,0,83,170.0,75.0,95.0,44.0
27191108626,OM MADHYAMIK VA UCCHA MADHAYAMIK VIDHYALAYA,CLU3605047,URC2,URC-2,27,10,82,57,25,0,0.44,30.49,0.0,0,0,82,0,67.0,67.0,0.0,100.0
27191108707,"OM PRATHMIK VIDYA MANDIR, SAHKAR BANK COLONY",CLU3605047,URC2,URC-2,53,2,339,195,144,0,0.74,42.48,0.0,203,136,0,0,353.0,353.0,0.0,100.0
27191100850,OM STAR ENGLISH SCHOOL PADEGAON,CLU3605046,URC2,URC-2,27,1,5,3,2,0,0.67,40.0,0.0,5,0,0,0,7.0,7.0,0.0,100.0
27191108510,OM VISHVESHWARAY ENGLISH PS,CLU3605047,URC2,URC-2,27,2,18,9,9,0,1.0,50.0,0.0,15,3,0,0,22.0,0.0,22.0,0.0
27191100415,OXFORD JUNIOR COLLAGE HONAJI NAGAR JATWADA ROAD AURANGABAD,CLU3605046,URC2,URC-2,27,11,69,34,35,0,1.03,50.72,0.0,0,0,0,69,47.0,47.0,0.0,100.0
27191100413,OXFORD PUBLIC SCHOOL ENGLISH JATWADA,CLU3605046,URC2,URC-2,27,7,111,66,45,0,0.68,40.54,0.0,0,27,84,0,141.0,141.0,0.0,100.0
27191100409,OXFORD PUBLIC SCHOOL HONAJI NAGAR JATWADA,CLU3605046,URC2,URC-2,27,2,217,138,79,0,0.57,36.41,0.0,168,49,0,0,239.0,239.0,0.0,100.0
27191106702,OYSTER ENGLISH HS SINDHI COLONY,CLU3605047,URC2,URC-2,27,7,88,51,37,0,0.73,42.05,0.0,0,38,50,0,72.0,72.0,0.0,100.0
27191106703,OYSTER ENGLISH JUNIOR COLLEGE,CLU3605047,URC2,URC-2,27,11,10,8,2,0,0.25,20.0,0.0,0,0,0,10,44.0,44.0,0.0,100.0
27191106701,OYSTER ENGLISH PS SINDHI COLONY,CLU3605047,URC2,URC-2,27,2,192,105,87,0,0.83,45.31,0.0,137,42,0,0,248.0,248.0,0.0,100.0
27191103903,P.U. JAIN MADHYAMIK VIDYALAYA,CLU3605045,URC2,URC-2,4,7,159,78,81,0,1.04,50.94,0.0,0,45,114,0,176.0,0.0,176.0,0.0
27191103902,P.U. JAIN VIDYALAYA,CLU3605045,URC2,URC-2,4,2,375,190,185,0,0.97,49.33,0.0,265,110,0,0,384.0,384.0,0.0,100.0
27191108607,PADAMSINH PATIL P S,CLU3605047,URC2,URC-2,4,2,228,144,84,0,0.58,36.84,0.0,190,38,0,0,244.0,244.0,0.0,100.0
27191105402,PADMASHRI SIKANDAR ALI WAJD PS,CLU3605045,URC2,URC-2,4,2,127,58,69,0,1.19,54.33,0.0,97,30,0,0,131.0,131.0,0.0,100.0
27191100408,PAWAN CHANDRAKANT KHAIRE PS,CLU3605046,URC2,URC-2,27,2,169,96,73,0,0.76,43.2,0.0,130,39,0,0,168.0,168.0,0.0,100.0
27191103103,PERIWINKL ENGLISH P.S.,CLU3605041,URC2,URC-2,27,2,130,94,36,0,0.38,27.69,0.0,92,38,0,0,130.0,130.0,0.0,100.0
27191109825,PERIWINKLE ENGLISH SCHOOL,CLU3605042,URC2,URC-2,27,3,60,31,29,0,0.94,48.33,0.0,40,11,0,0,51.0,51.0,0.0,100.0
27191108614,PODAR INTERNATIONAL SCHOOL (CBSE) SUTGIRNI ROAD,CLU3605047,URC2,URC-2,27,3,1378,764,614,0,0.8,44.56,0.0,590,422,366,0,1552.0,1552.0,0.0,100.0
27191100812,PRAGATI HS AND JR. COLLEGE PADEGAON,CLU3605046,URC2,URC-2,4,3,337,175,162,0,0.93,48.07,0.0,19,124,123,71,334.0,334.0,0.0,100.0
27191100806,PRAGATI P. VIDYALAY PADEGAON,CLU3605046,URC2,URC-2,54,2,245,141,104,0,0.74,42.45,0.0,173,72,0,0,294.0,168.0,126.0,57.0
27191106104,"PROUDH MAHILA VIDYALAY, SAMARTHNAGAR",CLU3605041,URC2,URC-2,4,6,111,0,111,0,111.0,100.0,0.0,26,30,55,0,162.0,162.0,0.0,100.0
27191100503,PS AREFCOLONY,CLU3605046,URC2,URC-2,17,2,39,28,11,0,0.39,28.21,0.0,34,5,0,0,50.0,50.0,0.0,100.0
27191103701,PS BADI GIRNI,CLU3605041,URC2,URC-2,17,2,44,18,26,0,1.44,59.09,0.0,44,0,0,0,59.0,19.0,40.0,3.0
27194100722,PS BADI GIRNI,CLU3605041,URC2,,17,1,2,0,2,0,2.0,100.0,0.0,2,0,0,0,,,,
27191109701,PS BANEWADI,CLU3605042,URC2,URC-2,17,2,369,198,171,0,0.86,46.34,0.0,209,159,0,0,397.0,388.0,9.0,97.73
27191100701,PS BHAVSINGPURA,CLU3605046,URC2,URC-2,17,2,51,20,31,0,1.55,60.78,0.0,34,17,0,0,55.0,55.0,0.0,100.0
27191109001,PS EKNATHNAGAR,CLU3605047,URC2,URC-2,17,2,172,74,98,0,1.32,56.98,0.0,108,64,0,0,181.0,181.0,0.0,100.0
27194100720,PS GARKHEDA,CLU3605047,URC2,,17,2,376,216,160,0,0.74,42.55,0.0,260,75,0,0,,,,
27191108502,PS GARKHEDA,CLU3605047,URC2,URC-2,17,2,215,80,135,0,1.69,62.79,0.0,112,60,0,0,601.0,601.0,0.0,100.0
27191109101,PS GIRL OSMANPURA,CLU3605047,URC2,URC-2,17,2,294,162,132,0,0.81,44.9,0.0,264,30,0,0,268.0,268.0,0.0,100.0
27191100830,PS HARSUL JAIL,CLU3605046,URC2,URC-2,17,1,37,21,16,0,0.76,43.24,0.0,37,0,0,0,39.0,39.0,0.0,100.0
27191105601,PS JINSI RENGTIPURA,CLU3605045,URC2,URC-2,17,2,21,15,6,0,0.4,28.57,0.0,12,9,0,0,22.0,0.0,22.0,0.0
27191103201,PS JUNA BAZAR MARATHI,CLU3605041,URC2,URC-2,17,2,78,52,26,0,0.5,33.33,0.0,62,16,0,0,72.0,0.0,72.0,0.0
27191105804,PS KAILASNAGAR,CLU3605045,URC2,URC-2,17,2,96,55,41,0,0.75,42.71,0.0,72,10,0,0,111.0,111.0,0.0,100.0
27191109802,PS KANCHANWADI,CLU3605042,URC2,URC-2,17,2,230,121,109,0,0.9,47.39,0.0,132,68,0,0,255.0,255.0,0.0,100.0
27191103002,PS MANZOORPURA,CLU3605041,URC2,URC-2,17,2,20,14,6,0,0.43,30.0,0.0,19,1,0,0,53.0,53.0,0.0,100.0
27191100803,PS MITMITA,CLU3605046,URC2,URC-2,17,2,394,207,187,0,0.9,47.46,0.0,211,183,0,0,386.0,386.0,0.0,100.0
27191100410,PS MUJAFFAR NAGAR,CLU3605046,URC2,URC-2,17,2,105,43,62,0,1.44,59.05,0.0,75,16,0,0,105.0,105.0,0.0,100.0
27191109801,PS NAKSHTRAWADI,CLU3605042,URC2,URC-2,17,2,53,27,26,0,0.96,49.06,0.0,33,14,0,0,61.0,24.0,37.0,39.0
27191109501,PS PADAMPURA,CLU3605042,URC2,URC-2,17,1,49,28,21,0,0.75,42.86,0.0,49,0,0,0,54.0,54.0,0.0,100.0
27191100805,PS PADEGAON,CLU3605046,URC2,URC-2,17,2,106,60,46,0,0.77,43.4,0.0,76,30,0,0,95.0,95.0,0.0,100.0
27191100804,PS PADEGAON COLONY,CLU3605046,URC2,URC-2,17,1,62,34,28,0,0.82,45.16,0.0,62,0,0,0,69.0,0.0,69.0,0.0
27191105902,PS PAITHAN GATE,CLU3605045,URC2,URC-2,17,2,117,59,58,0,0.98,49.57,0.0,79,38,0,0,134.0,134.0,0.0,100.0
27191106201,PS SAMATANAGAR,CLU3605045,URC2,URC-2,17,2,84,30,54,0,1.8,64.29,0.0,63,21,0,0,83.0,83.0,0.0,100.0
27191109603,PS SILK MILL COLONY,CLU3605042,URC2,URC-2,17,2,447,195,252,0,1.29,56.38,0.0,265,182,0,0,456.0,456.0,0.0,100.0
27191109602,PS VITKHEDA,CLU3605042,URC2,URC-2,17,2,249,119,130,0,1.09,52.21,0.0,146,90,0,0,290.0,183.0,107.0,63.1
27191109803,PS WALMI,CLU3605042,URC2,URC-2,17,2,78,40,38,0,0.95,48.72,0.0,50,2,0,0,52.0,52.0,0.0,100.0
27191109808,PUBLIC HIGH SCHOOL & PATEL JUNIOR COLLEGE,CLU3605042,URC2,URC-2,4,3,660,371,289,0,0.78,43.79,0.0,56,166,138,300,668.0,668.0,0.0,100.0
27191101012,"QAMER URDU SEC & HIGH SEC. SCHOOL, MUZAFFARNAGAR",CLU3605046,URC2,URC-2,4,5,192,63,129,0,2.05,67.19,0.0,0,27,85,80,196.0,196.0,0.0,100.0
27191103208,RAHBAR URDU PS JUNA BAZAR,CLU3605041,URC2,URC-2,55,2,409,146,263,0,1.8,64.3,0.0,284,86,0,0,443.0,247.0,196.0,55.7
27191106202,RAHUL PS SAMARTH NAGAR,CLU3605045,URC2,URC-2,4,2,0,0,0,0,0.0,0.0,0.0,0,0,0,0,3.0,0.0,3.0,0.0
27191100821,"RAJARSHI SHAHU MAHARAJ PS, NANDANVAN COLONY",CLU3605046,URC2,URC-2,25,2,275,165,110,0,0.67,40.0,0.0,164,111,0,0,636.0,287.0,349.0,45.0
27191109807,RAJE SAMBHAJI BHOSLE SAINIKI SEC. AND HIGH SEC. SCHOOL,CLU3605042,URC2,URC-2,4,3,340,340,0,0,0.0,0.0,0.0,0,181,130,29,334.0,334.0,0.0,100.0
27191105605,RASHTRIYA VIDYALAYA BHAVANINAG,CLU3605045,URC2,URC-2,4,6,197,112,85,0,0.76,43.15,0.0,1,94,102,0,227.0,227.0,0.0,100.0
27191106105,RAVINDRA PS SAMARTHNAGAR,CLU3605041,URC2,URC-2,4,2,0,0,0,0,0.0,0.0,0.0,0,0,0,0,13.0,13.0,0.0,100.0
27191106106,RAVINDRANATH TAGORE VIDYAMANDIR,CLU3605041,URC2,URC-2,4,7,40,28,12,0,0.43,30.0,0.0,0,11,29,0,65.0,65.0,0.0,100.0
27191100815,REGIMENTAL HS CATONMENT,CLU3605046,URC2,URC-2,4,6,399,237,162,0,0.68,40.6,0.0,0,189,210,0,497.0,497.0,0.0,100.0
27191100817,REGIMENTAL PS CONTENMENT,CLU3605046,URC2,URC-2,4,2,440,244,196,0,0.8,44.55,0.0,351,89,0,0,540.0,540.0,0.0,100.0
27191109817,RYAN INTERNATIONAL SCHOOL,CLU3605042,URC2,URC-2,27,6,183,105,78,0,0.74,42.62,0.0,68,61,54,0,236.0,0.0,236.0,0.0
27194100378,S B E S  CENTENARY SCHOOL,CLU3605041,URC2,URC-2,27,6,245,133,112,0,0.84,45.71,0.0,95,92,58,0,275.0,275.0,0.0,100.0
27191108507,S N D T JUNIOR COLLEGE GARKHEDA,CLU3605047,URC2,URC-2,4,11,92,35,57,0,1.63,61.96,0.0,0,0,0,92,92.0,92.0,0.0,100.0
27191100407,SAALIM URDU PS JATWADA ROAD,CLU3605046,URC2,URC-2,55,2,594,262,332,0,1.27,55.89,0.0,303,274,0,0,580.0,580.0,0.0,100.0
27190219487,"SAI DREAMZ SCHOOL	_x000D_
",CLU3605047,URC2,URC-2,27,8,10,8,2,0,0.25,20.0,0.0,0,0,10,0,20.0,0.0,20.0,0.0
27191108616,"SAI DREAMZ SCHOOL SATARA PARISAR, BEED BY PASS",CLU3605047,URC2,URC-2,27,2,188,100,88,0,0.88,46.81,0.0,151,37,0,0,164.0,0.0,164.0,0.0
27191105004,SAINT FRANCIS DE SALES HS JALNA ROAD,CLU3605047,URC2,URC-2,4,6,1668,1012,656,0,0.65,39.33,0.0,214,858,596,0,1638.0,1214.0,424.0,74.11
27191105005,SAINT FRANCIS DE SALES PS JALNA ROAD,CLU3605047,URC2,URC-2,27,1,348,216,132,0,0.61,37.93,0.0,348,0,0,0,444.0,444.0,0.0,100.0
27191105007,SAINT LAWRENCE HS TOWN CENTRE,CLU3605047,URC2,URC-2,27,7,932,518,414,0,0.8,44.42,0.0,0,308,624,0,951.0,749.0,202.0,78.76
27191105006,SAINT LAWRENCE PRIMARY SCHOOL,CLU3605047,URC2,URC-2,27,2,1770,994,776,0,0.78,43.84,0.0,1149,621,0,0,1939.0,1611.0,328.0,83.08
27191100707,SAINT MONICA ENG PS,CLU3605046,URC2,URC-2,4,1,45,23,22,0,0.96,48.89,0.0,45,0,0,0,141.0,0.0,141.0,0.0
27191106203,SAMTA DARSHAN PS,CLU3605045,URC2,URC-2,4,2,262,149,113,0,0.76,43.13,0.0,170,92,0,0,266.0,250.0,16.0,93.98
27191109913,SAMYAKPUBLIC SCHOOL RENUKA NAGAR,CLU3605047,URC2,URC-2,27,2,62,28,34,0,1.21,54.84,0.0,51,11,0,0,72.0,72.0,0.0,100.0
27191100709,"SANGHMITRA HIGH SCHOOL, BHIMNAGAR",CLU3605046,URC2,URC-2,27,10,17,11,6,0,0.55,35.29,0.0,0,0,15,2,34.0,0.0,34.0,0.0
27191100703,SANGHMITRA PS BHAVSINGPURA,CLU3605046,URC2,URC-2,4,2,266,164,102,0,0.62,38.35,0.0,94,172,0,0,247.0,0.0,247.0,0.0
27191100417,SANJIVANI SCHOOL AND JUNIOR COLLEGE,CLU3605046,URC2,URC-2,27,3,176,88,88,0,1.0,50.0,0.0,102,50,9,14,166.0,166.0,0.0,100.0
27191108706,SANSKAR DREAM SCHOOL SHIVAJINAGAR,CLU3605047,URC2,URC-2,27,1,144,71,73,0,1.03,50.69,0.0,144,0,0,0,141.0,141.0,0.0,100.0
27191100510,"SANSKAR ENGLISH SCHOOL, MAYURPARK",CLU3605046,URC2,URC-2,27,2,640,341,299,0,0.88,46.72,0.0,431,209,0,0,591.0,591.0,0.0,100.0
27191106604,SANSKAR PRABHODHINI PS. SHIVSH,CLU3605047,URC2,URC-2,4,2,225,144,81,0,0.56,36.0,0.0,183,42,0,0,239.0,239.0,0.0,100.0
27191106602,SANSKAR PRABODHINI KANYA PRASHALA,CLU3605047,URC2,URC-2,4,3,242,101,141,0,1.4,58.26,0.0,11,78,153,0,306.0,306.0,0.0,100.0
27191109806,SANT KABIR P.S. NAKSHATRAWADI,CLU3605042,URC2,URC-2,55,2,320,150,170,0,1.13,53.12,0.0,248,72,0,0,343.0,343.0,0.0,100.0
27191100705,SANT KABIR PS BHAVSINGPURA,CLU3605046,URC2,URC-2,4,2,431,219,212,0,0.97,49.19,0.0,307,124,0,0,413.0,413.0,0.0,100.0
27191109805,"SANT KABIR VIDYALAY, NAKSHATRAWADI",CLU3605042,URC2,URC-2,4,6,819,406,413,0,1.02,50.43,0.0,69,390,360,0,784.0,784.0,0.0,100.0
27191100902,SANT VISHRAM BABA PS,CLU3605046,URC2,URC-2,54,1,81,50,31,0,0.62,38.27,0.0,81,0,0,0,109.0,75.0,34.0,68.81
27191109407,SAPLING HERITAGE SCHOOL,CLU3605042,URC2,URC-2,27,2,11,7,4,0,0.57,36.36,0.0,11,0,0,0,12.0,0.0,12.0,0.0
27191103710,SARASWATI BHUVAN PS,CLU3605041,URC2,URC-2,4,1,445,230,215,0,0.93,48.31,0.0,445,0,0,0,472.0,472.0,0.0,100.0
27191100820,SAROSH ENG HS MITMITA,CLU3605046,URC2,URC-2,27,7,115,65,50,0,0.77,43.48,0.0,0,27,88,0,123.0,123.0,0.0,100.0
27191100808,SAROSH ENG PRIMARY SCHOOL  MITMITA,CLU3605046,URC2,URC-2,27,2,331,205,126,0,0.61,38.07,0.0,241,90,0,0,250.0,250.0,0.0,100.0
27191100827,"SAROSH JUNIOR COLLEGE, MITMITA",CLU3605046,URC2,URC-2,27,11,140,46,94,0,2.04,67.14,0.0,0,0,0,140,94.0,94.0,0.0,100.0
27191100809,SAROSH MARATHI SCHOOL DARG. MITMITA,CLU3605046,URC2,URC-2,53,2,249,164,85,0,0.52,34.14,0.0,184,65,0,0,261.0,261.0,0.0,100.0
27191100807,"SAROSH URDU HIGH SCHOOL, MITMITA",CLU3605046,URC2,URC-2,4,7,162,44,118,0,2.68,72.84,0.0,0,58,104,0,160.0,160.0,0.0,100.0
27191100810,SAROSH URDU PS DARGAH ROAD MITMITA,CLU3605046,URC2,URC-2,53,2,243,80,163,0,2.04,67.08,0.0,177,66,0,0,314.0,314.0,0.0,100.0
27191100816,SAROSH URDU PS MITMITA,CLU3605046,URC2,URC-2,55,2,392,112,280,0,2.5,71.43,0.0,297,95,0,0,353.0,353.0,0.0,100.0
27191105408,"SAYEED AHMED KHAN URDU JUNIOR COLLEGE, SANJAYNAGAR",CLU3605045,URC2,URC-2,19,11,82,29,53,0,1.83,64.63,0.0,0,0,0,82,156.0,156.0,0.0,100.0
27191103703,SBES COLLEGE OF ARTS & COMMERCE,CLU3605041,URC2,URC-2,4,11,689,360,329,0,0.91,47.75,0.0,0,0,0,689,950.0,950.0,0.0,100.0
27191103715,SBES COLLEGE OF SCIENCE,CLU3605041,URC2,URC-2,4,11,1763,843,920,0,1.09,52.18,0.0,0,0,0,1763,1633.0,1633.0,0.0,100.0
27191100612,SCHOLAR ENGLISH SCHOOL PAHADSINGPURA AURANGABAD,CLU3605046,URC2,URC-2,27,3,29,17,12,0,0.71,41.38,0.0,17,8,4,0,18.0,16.0,2.0,88.89
27191100912,SEVENTH DAY ADVANTIST SCHOOL CHAWNI,CLU3605046,URC2,URC-2,27,6,177,90,87,0,0.97,49.15,0.0,80,44,48,0,130.0,130.0,0.0,100.0
27191109822,SHAMIT SCHOOL,CLU3605042,URC2,URC-2,27,3,318,181,137,0,0.76,43.08,0.0,164,86,45,0,319.0,319.0,0.0,100.0
27191103711,SHARDA MANDIR KANYA PS,CLU3605041,URC2,URC-2,4,6,1240,0,1240,0,1240.0,100.0,0.0,137,597,506,0,1244.0,1244.0,0.0,100.0
27191103708,SHARDA MANDIR PS,CLU3605041,URC2,URC-2,4,1,346,126,220,0,1.75,63.58,0.0,346,0,0,0,423.0,423.0,0.0,100.0
27191103716,SHINING STAR ENG PS KHADKESHWAR,CLU3605041,URC2,URC-2,27,2,23,18,5,0,0.28,21.74,0.0,23,0,0,0,20.0,20.0,0.0,100.0
27191103705,"SHINING STAR MARATHI PS, KHADKESHWAR",CLU3605041,URC2,URC-2,4,2,185,148,37,0,0.25,20.0,0.0,126,59,0,0,213.0,213.0,0.0,100.0
27191103709,SHISHUVIHAR HS AURANGAPURA,CLU3605041,URC2,URC-2,4,6,643,372,271,0,0.73,42.15,0.0,100,307,236,0,665.0,461.0,204.0,69.32
27191103706,SHISHUVIHAR PS,CLU3605041,URC2,URC-2,4,1,311,168,143,0,0.85,45.98,0.0,311,0,0,0,345.0,345.0,0.0,100.0
27191103306,"SHISHUVIKAS KENDRA HIGH SCHOOL, SUPARI HANUMAN ROAD",CLU3605041,URC2,URC-2,27,8,60,38,22,0,0.58,36.67,0.0,0,0,60,0,68.0,68.0,0.0,100.0
27191103304,SHISHUVIKAS KENDRA PS SUPARI HANUMAN ROAD,CLU3605041,URC2,URC-2,4,2,257,137,120,0,0.88,46.69,0.0,151,106,0,0,271.0,271.0,0.0,100.0
27191106404,"SHISHUVIKAS MANDIR HS, SHREY NAGAR",CLU3605047,URC2,URC-2,4,6,391,227,164,0,0.72,41.94,0.0,47,178,166,0,420.0,420.0,0.0,100.0
27191106401,SHISHUVIKAS MANDIR PS,CLU3605047,URC2,URC-2,4,1,104,60,44,0,0.73,42.31,0.0,104,0,0,0,134.0,134.0,0.0,100.0
27191105906,SHIVAJI PS,CLU3605045,URC2,URC-2,4,1,348,188,160,0,0.85,45.98,0.0,348,0,0,0,452.0,452.0,0.0,100.0
27191105905,SHIVAJI SECONDARY AND HIGHER SECONDARY SCHOOL,CLU3605045,URC2,URC-2,4,3,613,308,305,0,0.99,49.76,0.0,24,178,277,134,617.0,569.0,48.0,92.22
27191106403,SHREYAS BALAK MANDIR SHREYANAG,CLU3605047,URC2,URC-2,4,2,420,236,184,0,0.78,43.81,0.0,272,148,0,0,478.0,323.0,155.0,67.57
27191106402,SHREYAS MS SHREYANAGAR,CLU3605047,URC2,URC-2,4,7,233,129,104,0,0.81,44.64,0.0,0,76,157,0,242.0,242.0,0.0,100.0
27191103302,SHRI GUJRATI VIDYA MANDIR,CLU3605045,URC2,URC-2,4,6,501,501,0,0,0.0,0.0,0.0,65,219,217,0,532.0,532.0,0.0,100.0
27191109112,SHRI GURUTEGH BAHADUR ENG HS OSMANPURA,CLU3605047,URC2,URC-2,27,6,307,207,100,0,0.48,32.57,0.0,36,152,119,0,284.0,64.0,220.0,0.0
27191109810,SHRI KRUSHNA PS,CLU3605042,URC2,URC-2,4,2,66,30,36,0,1.2,54.55,0.0,34,32,0,0,100.0,100.0,0.0,100.0
27191100901,SHRI SANT VISHRAMBABA HS,CLU3605046,URC2,URC-2,4,6,178,112,66,0,0.59,37.08,0.0,29,82,67,0,182.0,163.0,19.0,89.56
27191103712,SHRI SARASWATI BHUVAN PRASHALA,CLU3605041,URC2,URC-2,4,6,2088,1521,567,0,0.37,27.16,0.0,251,1069,768,0,2037.0,2037.0,0.0,100.0
27191109912,SHRI SWAMI SMARTH ENG SCHOOL SHIVAJI NAGAR,CLU3605047,URC2,URC-2,27,2,258,135,123,0,0.91,47.67,0.0,168,90,0,0,268.0,268.0,0.0,100.0
27191108705,SHRI VIDYA BALAK MANDIR PS ULKANAGRI,CLU3605047,URC2,URC-2,27,1,231,113,118,0,1.04,51.08,0.0,231,0,0,0,289.0,289.0,0.0,100.0
27191109804,SHRIKRUSHNA MADHYAMIK VIDYA,CLU3605042,URC2,URC-2,4,7,117,66,51,0,0.77,43.59,0.0,0,21,96,0,157.0,157.0,0.0,100.0
27191100402,SHRIKRUSHNA PRATHAMIK VIDYALAYA,CLU3605046,URC2,URC-2,4,2,232,125,107,0,0.86,46.12,0.0,129,103,0,0,260.0,260.0,0.0,100.0
27191106301,SHUBHAM MARATHI PS KRANTINAGAR,CLU3605042,URC2,URC-2,4,2,29,18,11,0,0.61,37.93,0.0,23,6,0,0,46.0,46.0,0.0,100.0
27194100641,SIDDHARTH MUKHBADHIR NIVASI VIDHYALAY,CLU3605041,URC2,,12,1,0,0,0,0,0.0,0.0,0.0,0,0,0,0,,,,
27191105105,SIR SAYED URDU PS BAIJIPURA,CLU3605045,URC2,URC-2,4,2,365,152,213,0,1.4,58.36,0.0,255,110,0,0,389.0,389.0,0.0,100.0
27191105103,SIR SAYYED MARATHI PS,CLU3605045,URC2,URC-2,4,2,331,226,105,0,0.46,31.72,0.0,234,97,0,0,296.0,296.0,0.0,100.0
27191103803,SMT. P D M JAIN SCHOOL JAFAR GATE,CLU3605045,URC2,URC-2,27,2,64,36,28,0,0.78,43.75,0.0,45,19,0,0,76.0,48.0,28.0,63.1
27191108504,"SOHAM ENGLISH SCHOOL, SATARA PARISAR",CLU3605047,URC2,URC-2,27,2,141,76,65,0,0.86,46.1,0.0,90,51,0,0,157.0,157.0,0.0,100.0
27191100708,SONAI LITLLE STAR SCHOOL,CLU3605046,URC2,URC-2,27,2,110,59,51,0,0.86,46.36,0.0,87,23,0,0,110.0,110.0,0.0,100.0
27191100715,SONAI LITTLE STAR ENGLISH SCHOOL PETHENAGAR BHAVSINGPURA,CLU3605046,URC2,URC-2,27,3,34,17,17,0,1.0,50.0,0.0,1,12,21,0,28.0,28.0,0.0,100.0
27191109815,ST. JOHN'S HS PAITHAN ROAD,CLU3605042,URC2,URC-2,27,6,183,117,66,0,0.56,36.07,0.0,82,37,64,0,236.0,0.0,236.0,0.0
27191105013,"ST. PATRIC P.S., JALNA ROAD",CLU3605047,URC2,URC-2,27,3,160,98,62,0,0.63,38.75,0.0,97,63,0,0,194.0,194.0,0.0,100.0
27191100504,STANDARD URDU  HS ARIF COLONY,CLU3605046,URC2,URC-2,4,7,114,54,60,0,1.11,52.63,0.0,0,33,81,0,119.0,119.0,0.0,100.0
27191100841,SUNLIGHT ENGLISH SCHOOL PADEGAON,CLU3605046,URC2,URC-2,27,2,32,17,15,0,0.88,46.88,0.0,32,0,0,0,23.0,23.0,0.0,100.0
27191105113,SUNRISE ENGLISH SCHOOL BAIJIPURA INDIRANAGAR,CLU3605045,URC2,URC-2,27,1,39,19,20,0,1.05,51.28,0.0,33,0,0,0,36.0,36.0,0.0,100.0
27191100909,SWAMI VIVEKANAND PUBLIC SCHOOL,CLU3605046,URC2,URC-2,27,6,308,160,148,0,0.92,48.05,0.0,229,79,0,0,268.0,268.0,0.0,100.0
27191100414,Saalim Urdu High School,CLU3605046,URC2,URC-2,27,8,46,20,26,0,1.3,56.52,0.0,0,0,46,0,79.0,79.0,0.0,100.0
27191103603,Sharda Suman Madhyamik School,CLU3605041,URC2,URC-2,55,7,136,74,62,0,0.84,45.59,0.0,0,41,95,0,141.0,55.0,86.0,39.0
27191109923,Shri Swami Samarth English school,CLU3605047,URC2,URC-2,27,8,72,45,27,0,0.6,37.5,0.0,0,0,72,0,46.0,46.0,0.0,100.0
27191101017,TAJ ENGLISH PRIMARY SCHOOL JAISINGPURA,CLU3605046,URC2,URC-2,27,2,83,43,40,0,0.93,48.19,0.0,63,20,0,0,94.0,94.0,0.0,100.0
27191103210,"TALAT HIGHSCHOOL, BAROODGAR NALA",CLU3605041,URC2,URC-2,4,3,1063,412,651,0,1.58,61.24,0.0,109,401,381,172,1026.0,0.0,1026.0,0.0
27191108609,TALAT HS,CLU3605047,URC2,URC-2,4,7,151,43,108,0,2.51,71.52,0.0,0,49,102,0,145.0,145.0,0.0,100.0
27191103206,TALAT URDU PS JUNABAZAR,CLU3605041,URC2,URC-2,4,1,323,136,187,0,1.38,57.89,0.0,317,0,0,0,353.0,353.0,0.0,100.0
27191108603,TALAT URDU PS SHANURWADI,CLU3605047,URC2,URC-2,4,2,317,102,215,0,2.11,67.82,0.0,210,107,0,0,332.0,332.0,0.0,100.0
27191108623,THE JAIN INTERNATIONAL SCHOOL JABINDA TAWN,CLU3605047,URC2,URC-2,27,3,1268,714,554,0,0.78,43.69,0.0,498,415,309,45,1285.0,1285.0,0.0,100.0
27191100610,THE MGM SCHOOL,CLU3605046,URC2,URC-2,27,3,148,107,41,0,0.38,27.7,0.0,22,17,33,76,221.0,221.0,0.0,100.0
27191108508,THE WORLD SCHOOL GARKHEDA  AURANGABAD,CLU3605047,URC2,URC-2,27,3,223,124,99,0,0.8,44.39,0.0,91,65,67,0,242.0,50.0,192.0,0.0
27191108801,TRIMURTI HS JAVAHAR COLONY,CLU3605047,URC2,URC-2,4,7,108,57,51,0,0.89,47.22,0.0,0,20,88,0,131.0,71.0,60.0,54.0
27191108804,TRIMURTI PS,CLU3605047,URC2,URC-2,4,2,42,28,14,0,0.5,33.33,0.0,42,0,0,0,40.0,40.0,0.0,100.0
27191100405,UDHAVRAO PATIL PS,CLU3605046,URC2,URC-2,4,1,165,92,73,0,0.79,44.24,0.0,165,0,0,0,202.0,202.0,0.0,100.0
27191100406,UDHAVRAO PATIL VIDYALAYA,CLU3605046,URC2,URC-2,4,6,295,163,132,0,0.81,44.75,0.0,33,128,134,0,313.0,223.0,90.0,71.25
27191109821,UNIVERSAL ENGLISH SCHOOL ,CLU3605042,URC2,URC-2,27,3,25,18,7,0,0.39,28.0,0.0,18,7,0,0,32.0,32.0,0.0,100.0
27191105401,URDU HIGH SCHOOL SANJAYNAGAR,CLU3605045,URC2,URC-2,4,6,257,112,145,0,1.29,56.42,0.0,19,135,103,0,256.0,256.0,0.0,100.0
27191100501,"URDU PRIMARY SCHOOL, BISMILA COLONY",CLU3605046,URC2,URC-2,4,2,203,99,104,0,1.05,51.23,0.0,138,65,0,0,212.0,212.0,0.0,100.0
27191109104,URDU PS OSMANPURA,CLU3605047,URC2,URC-2,4,2,54,11,43,0,3.91,79.63,0.0,33,21,0,0,56.0,56.0,0.0,100.0
27191108514,Unique Public School,CLU3605045,URC2,URC-2,27,2,146,78,68,0,0.87,46.58,0.0,118,28,0,0,122.0,122.0,0.0,100.0
27191108511,V.E.S. KIDS CAMPUS ENGLISH SCHOOL,CLU3605047,URC2,URC-2,27,3,164,91,73,0,0.8,44.51,0.0,116,37,11,0,132.0,132.0,0.0,100.0
27191109005,VARAD VIDYA MANDIR PRASHALA SHIVAJI NAGR,CLU3605047,URC2,URC-2,53,2,371,183,188,0,1.03,50.67,0.0,235,136,0,0,301.0,301.0,0.0,100.0
27191109922,"VARAD VIDYA MANDIR School, Shivaji Nagar Aurangabad",CLU3605047,URC2,URC-2,27,8,56,27,29,0,1.07,51.79,0.0,0,0,56,0,53.0,53.0,0.0,100.0
27191105009,VASANTRAO NAIK  MAHAVIDYALAY,CLU3605047,URC2,URC-2,4,11,975,578,397,0,0.69,40.72,0.0,0,0,0,975,925.0,925.0,0.0,100.0
27191100851,VERTEX PRATHAMIK MADHYAMIK UCCHA MADHYAMIK VIDYALAYA PADEGAON,CLU3605046,URC2,URC-2,27,3,237,145,92,0,0.63,38.82,0.0,150,46,41,0,248.0,248.0,0.0,100.0
27191105802,VIDNYAN VARDHINI HS,CLU3605045,URC2,URC-2,4,6,4,4,0,0,0.0,0.0,0.0,0,0,4,0,27.0,0.0,27.0,0.0
27191105803,VIDNYAN VARDHINI PS,CLU3605045,URC2,URC-2,4,1,29,12,17,0,1.42,58.62,0.0,29,0,0,0,29.0,0.0,29.0,0.0
27191100822,"VIDYA PRABODHAN PS, JATWADA ROAD",CLU3605046,URC2,URC-2,54,2,190,103,87,0,0.84,45.79,0.0,154,36,0,0,182.0,182.0,0.0,100.0
27191103717,VIDYADHAM HIGHER SECONDARY SCHOOL,CLU3605041,URC2,URC-2,27,11,12,7,5,0,0.71,41.67,0.0,0,0,0,12,5.0,5.0,0.0,100.0
27191103602,VIDYADHAM SCIENCE JR. COLLEGE,CLU3605041,URC2,URC-2,25,11,454,269,185,0,0.69,40.75,0.0,0,0,0,454,383.0,383.0,0.0,100.0
27191101308,VIDYALANKAR ENGLISH PRIMARY SCHOOL HIMAYAT BAG,CLU3605041,URC2,URC-2,27,2,34,22,12,0,0.55,35.29,0.0,25,9,0,0,55.0,55.0,0.0,100.0
27191101307,VIDYALANKAR JUNIOR COLLEGE OF SCIENCE LABOUR COLONY,CLU3605041,URC2,URC-2,27,11,11,5,6,0,1.2,54.55,0.0,0,0,0,11,18.0,6.0,12.0,3.0
27191108515,VIDYASAGAR PRIMARY AND SECONDARY SCHOOL,CLU3605047,URC2,URC-2,27,6,34,21,13,0,0.62,38.24,0.0,20,14,0,0,28.0,24.0,4.0,85.71
27191108622,VIJAYA ENGLISH PS GARKHEDA PARISAR,CLU3605047,URC2,URC-2,27,2,148,80,68,0,0.85,45.95,0.0,112,36,0,0,154.0,154.0,0.0,100.0
27191105801,VISHWAKARMA BALVIDYA MANDIR,CLU3605045,URC2,URC-2,19,2,72,40,32,0,0.8,44.44,0.0,19,53,0,0,112.0,0.0,112.0,0.0
27191106109,"VIVEKANAND COLLEGE , SAMARTH NAGAR , CHH. SAMBHAJINAGAR",CLU3605041,URC2,URC-2,4,11,2382,1333,1049,0,0.79,44.04,0.0,0,0,0,2382,2393.0,2393.0,0.0,100.0
27191100418,VYANKATESH PUBLIC SCHOOL HARSUL PARISAR,CLU3605046,URC2,URC-2,27,3,2,2,0,0,0.0,0.0,0.0,2,0,0,0,9.0,9.0,0.0,100.0
27191105807,WELL GROWTH ENGLISH SCHOOL,CLU3605045,URC2,URC-2,27,2,236,130,106,0,0.82,44.92,0.0,141,33,0,0,56.0,56.0,0.0,100.0
27191100706,"WISDAM ENGLISH PRIMARY SCHOOL, PETHENAGAR",CLU3605046,URC2,URC-2,27,2,63,39,24,0,0.62,38.1,0.0,59,4,0,0,67.0,0.0,67.0,0.0
27191109820,WOODRIDGE HIGH SCHOOL KANCHANWADI,CLU3605042,URC2,URC-2,27,3,2148,1138,1010,0,0.89,47.02,0.0,719,673,436,320,2230.0,2230.0,0.0,100.0
27191109703,ZAM ZAM BOYS URDU PS SADAT NAGAR,CLU3605042,URC2,URC-2,4,2,618,220,398,0,1.81,64.4,0.0,419,199,0,0,602.0,602.0,0.0,100.0
27191101107,ZIA-UL-ULOOM BOYS PS TOWN HALL,CLU3605041,URC2,URC-2,4,1,348,135,213,0,1.58,61.21,0.0,348,0,0,0,296.0,39.0,257.0,0.0
27191101105,ZIA-UL-ULOOM GIRLS HS,CLU3605041,URC2,URC-2,4,6,916,0,916,0,916.0,100.0,0.0,99,440,377,0,933.0,933.0,0.0,100.0
27191101106,ZIA-UL-ULOOM GIRLS PS TOWN HALL,CLU3605041,URC2,URC-2,4,1,335,125,210,0,1.68,62.69,0.0,335,0,0,0,361.0,361.0,0.0,100.0
27191103207,ZIYAN URDU PS KABADIPURA,CLU3605041,URC2,URC-2,54,2,159,79,80,0,1.01,50.31,0.0,126,33,0,0,164.0,164.0,0.0,100.0
27191105204,ZIYAN URDU PS SAMTA NAGAR,CLU3605045,URC2,URC-2,53,2,315,114,201,0,1.76,63.81,0.0,217,98,0,0,326.0,326.0,0.0,100.0
27190808303,ADARSHA PUBLIC PRI.SCHOOL LONI KHURD,CLU3600570,VAIJAPUR,,27,1,8,5,3,0,0.6,37.5,0.0,8,0,0,0,,,,
27190814518,AHILYADEVI PRIMARY  SCHOOL VAIJAPUR,CLU3605661,VAIJAPUR,,4,1,130,64,66,0,1.03,50.77,0.0,130,0,0,0,,,,
27190816320,ANAND INTERNATIONAL SCHOOL AND JUNIOR COLLEGE,CLU3605661,VAIJAPUR,,27,3,80,36,44,0,1.22,55.0,0.0,57,23,0,0,,,,
27190807019,ANANT PRADNYA ENGLISH SCHOOL KHANDALA,CLU3600575,VAIJAPUR,,27,1,166,87,79,0,0.91,47.59,0.0,142,0,0,0,,,,
27190800704,ANANT PRADNYA SCHOOL,CLU3600575,VAIJAPUR,,27,2,69,41,28,0,0.68,40.58,0.0,0,69,0,0,,,,
27190808602,BHARATRATNA ATAL BIHARI VAJPEYI INTERNATIONAL ZILLA PARISHAD SCHOOL ,CLU3600578,VAIJAPUR,,16,1,197,87,110,0,1.26,55.84,0.0,197,0,0,0,,,,
27190814516,CHATRAPATI SHAHU VID VAIJAPUR,CLU3605661,VAIJAPUR,,54,3,613,349,264,0,0.76,43.07,0.0,3,111,133,366,,,,
27190815904,CHATRAPATI SHIVAJI MAHARAJ JR COLLEGE,CLU3600574,VAIJAPUR,,27,11,44,33,11,0,0.33,25.0,0.0,0,0,0,44,,,,
27190814534,CHHATRAPATI INTERNATIONAL SCHOOL,CLU3605661,VAIJAPUR,,27,6,256,147,109,0,0.74,42.58,0.0,138,81,37,0,,,,
27190808607,DEVI DAKSHAYANI HIGH SCHOOL LASURGAON,CLU3600578,VAIJAPUR,,27,8,0,0,0,0,0.0,0.0,0.0,0,0,0,0,,,,
27190812305,DR. HEDGEWAR VIDHALAYA SAWANDGAON,CLU3600576,VAIJAPUR,,55,7,149,74,75,0,1.01,50.34,0.0,0,30,119,0,,,,
27190808304,GALAXY GLOBAL ENGLISH SCHOOL AND JR COLLEGE LONI KHURD,CLU3600570,VAIJAPUR,,27,3,93,61,32,0,0.52,34.41,0.0,34,16,0,43,,,,
27190808704,GURUKUL PUBLIC SCHOOL LADGAON,CLU3600584,VAIJAPUR,,27,2,101,50,51,0,1.02,50.5,0.0,74,27,0,0,,,,
27194100198,GURUVANSH ENGLISH SCHOOL AND JUNIOR COLLEGE,CLU3600575,VAIJAPUR,,27,3,182,109,73,0,0.67,40.11,0.0,64,43,17,58,,,,
27190814511,HALQA E DAWANAIK GIRLS HS & JR.COLLEGE  VAIJAPUR,CLU3605661,VAIJAPUR,,4,5,491,75,416,0,5.55,84.73,0.0,0,89,174,228,,,,
27190807020,HOLY ANGELS PRIMARY ENGLISH SCHOOL KHANDALA,CLU3600575,VAIJAPUR,,27,3,211,137,74,0,0.54,35.07,0.0,132,79,0,0,,,,
27190806303,HS ANANT VID JANEPHAL,CLU3600572,VAIJAPUR,,4,7,163,72,91,0,1.26,55.83,0.0,0,50,113,0,,,,
27190814521,HS AYESHA URDU HS VAIJPAUR,CLU3605661,VAIJAPUR,,53,7,131,52,79,0,1.52,60.31,0.0,0,45,86,0,,,,
27190810202,HS BHAGIRATHI VID NALEGAON,CLU3600577,VAIJAPUR,,4,3,988,584,404,0,0.69,40.89,0.0,19,129,235,605,,,,
27190801902,HS BHAIRAVNATH VID BHATANA,CLU3600568,VAIJAPUR,,4,3,479,256,223,0,0.87,46.56,0.0,17,75,119,268,,,,
27190803202,HS BHARAT PATIL HS CHANDGAON,CLU3600571,VAIJAPUR,,4,7,180,97,83,0,0.86,46.11,0.0,0,48,132,0,,,,
27190814406,HS GURU NARAYAN GIRI VID VEERGAON,CLU3600579,VAIJAPUR,,4,3,573,295,278,0,0.94,48.52,0.0,14,165,282,112,,,,
27190814517,HS HALKE DAWANAIK BOY VAIJAPUR,CLU3605661,VAIJAPUR,,4,7,127,127,0,0,0.0,0.0,0.0,0,28,99,0,,,,
27190802204,HS JAIHIND VID BABULGAON BU,CLU3600582,VAIJAPUR,,4,7,263,157,106,0,0.68,40.3,0.0,0,58,205,0,,,,
27190812615,HS JAY BALAJI MADHYMIK VID SHIVOOR,CLU3600568,VAIJAPUR,,14,7,117,89,28,0,0.31,23.93,0.0,0,0,117,0,,,,
27190809203,HS JIJAI JUNIOR COLLEGE MANOOR,CLU3600573,VAIJAPUR,,54,11,238,146,92,0,0.63,38.66,0.0,0,0,0,238,,,,
27190811409,HS KALPATARU MAHAVIDYALAY PARSODA,CLU3600568,VAIJAPUR,,54,11,314,217,97,0,0.45,30.89,0.0,0,0,0,314,,,,
27190814514,HS KARUNA NIKETAN VAIJAPUR,CLU3605661,VAIJAPUR,,4,7,407,204,203,0,1.0,49.88,0.0,0,94,313,0,,,,
27190807018,HS KULBHUSHAN JU COLLEGE KHANDALA,CLU3600575,VAIJAPUR,,53,11,306,199,107,0,0.54,34.97,0.0,0,0,0,306,,,,
27190814520,HS LATE KISNABAI BANSILALJI HS VID VAIJAPUR,CLU3605661,VAIJAPUR,,55,7,100,60,40,0,0.67,40.0,0.0,0,16,84,0,,,,
27190804502,HS MADHYAMIK VID DAWALA,CLU3600569,VAIJAPUR,,55,7,114,52,62,0,1.19,54.39,0.0,0,25,89,0,,,,
27190802002,HS NEW ENG BHOKARGAON,CLU3600573,VAIJAPUR,,55,7,82,49,33,0,0.67,40.24,0.0,0,19,63,0,,,,
27190803302,HS NEW HS CHIKATGAON,CLU3600570,VAIJAPUR,,4,7,107,48,59,0,1.23,55.14,0.0,0,22,85,0,,,,
27190804102,HS NEW HS DAHEGAON,CLU3600583,VAIJAPUR,,4,3,341,187,154,0,0.82,45.16,0.0,25,77,147,92,,,,
27190804012,HS NEW HS DHONDALGAON,CLU3600576,VAIJAPUR,,4,5,338,167,171,0,1.02,50.59,0.0,0,69,206,63,,,,
27190810803,HS NEW HS NAGAMTHAN,CLU3600580,VAIJAPUR,,4,7,216,103,113,0,1.1,52.31,0.0,0,68,148,0,,,,
27190801604,HS NEW HS TALWADA,CLU3600570,VAIJAPUR,,4,6,282,144,138,0,0.96,48.94,0.0,39,113,130,0,,,,
27190800103,HS RAJE SAMBHAJI VID AGHUR,CLU3600571,VAIJAPUR,,4,3,804,461,343,0,0.74,42.66,0.0,32,172,296,304,,,,
27190815902,HS SADASHIVRAO KADAM VID BALEGAON,CLU3600574,VAIJAPUR,,4,6,269,124,145,0,1.17,53.9,0.0,21,110,138,0,,,,
27190814519,HS SAINT MONICA SCHOOL VAIJAPUR,CLU3605661,VAIJAPUR,,27,8,299,173,126,0,0.73,42.14,0.0,0,0,299,0,,,,
27190808403,HS SAMARTH VID LAKHAKHANDALA,CLU3600575,VAIJAPUR,,4,3,377,202,175,0,0.87,46.42,0.0,1,52,115,209,,,,
27190809703,HS SANT JANARDHAN SWAMI MAHALGAON,CLU3600581,VAIJAPUR,,4,6,341,207,134,0,0.65,39.3,0.0,33,159,149,0,,,,
27190809802,HS SANT JOSEPH  MALIGHOGERGAON.,CLU3600580,VAIJAPUR,,4,3,486,236,250,0,1.06,51.44,0.0,45,206,182,53,,,,
27190811307,HS SHAINATH VID PARALA,CLU3600570,VAIJAPUR,,4,6,236,124,112,0,0.9,47.46,0.0,35,120,81,0,,,,
27190812306,HS SHRI JANARDAN SWAMI GURUKUL SWANDGAON,CLU3600576,VAIJAPUR,,19,8,26,11,15,0,1.36,57.69,0.0,0,0,26,0,,,,
27190815006,HS SHRI RAM JUNIOUR COLLAGE WAKLA,CLU3600570,VAIJAPUR,,54,11,72,34,38,0,1.12,52.78,0.0,0,0,0,72,,,,
27190808502,HS SHRI RAM VID LAKHANI,CLU3600582,VAIJAPUR,,4,5,178,93,85,0,0.91,47.75,0.0,0,32,68,78,,,,
27190805002,HS SWAMI VIVEKANAND VID GARAJ,CLU3600582,VAIJAPUR,,4,3,681,411,270,0,0.66,39.65,0.0,14,88,129,450,,,,
27190806103,HS VID JAROOL,CLU3600571,VAIJAPUR,,4,7,112,66,46,0,0.7,41.07,0.0,0,32,80,0,,,,
27190806702,HS VID JATEGOAN,CLU3600581,VAIJAPUR,,4,7,126,62,64,0,1.03,50.79,0.0,0,43,83,0,,,,
27190808302,HS VINAYAK VID LONI KHU,CLU3600570,VAIJAPUR,,4,3,279,116,163,0,1.41,58.42,0.0,0,57,159,63,,,,
27190808605,I-Q ENGLISH SCHOOL LASURGAON,CLU3600578,VAIJAPUR,,27,1,81,45,36,0,0.8,44.44,0.0,81,0,0,0,,,,
27190814537,KAILAS PATIL HS AND JR COLLEGE VAIJAPUR,CLU3605661,VAIJAPUR,,27,3,188,112,76,0,0.68,40.43,0.0,62,68,58,0,,,,
27190814510,KAILASH PATIL MADHYAMIK VIDYALAYA,CLU3605661,VAIJAPUR,,4,6,832,457,375,0,0.82,45.07,0.0,71,336,425,0,,,,
27190812622,KIDS ENGLISH SCHOOL SHIVOOR,CLU3600568,VAIJAPUR,,27,2,17,9,8,0,0.89,47.06,0.0,17,0,0,0,,,,
27190807703,KOHINOOR INTERNATIONAL SCHOOL KARAJGAON,CLU3600583,VAIJAPUR,,27,3,20,10,10,0,1.0,50.0,0.0,20,0,0,0,,,,
27190809707,LATE ASHOK PATIL GALANDE ENGLISH SCHOOL MAHALGOAN,CLU3600581,VAIJAPUR,,27,6,297,166,131,0,0.79,44.11,0.0,178,91,28,0,,,,
27190804104,"LATE DADASAHEB PATIL PS, UPS HS & JU COLLEGE  DAHEGAON",CLU3600583,VAIJAPUR,,27,3,498,302,196,0,0.65,39.36,0.0,186,93,75,144,,,,
27194100300,M.G.M VASTAVNVI URDU PRI.SEC. & HIGH. SECONDARY SCHOOL ,CLU3605661,VAIJAPUR,,27,3,146,101,45,0,0.45,30.82,0.0,0,34,64,48,,,,
27190809102,MANUBAI SEC & HIGH.SEC.SHCOOL MANEGAON,CLU3600574,VAIJAPUR,,4,5,406,247,159,0,0.64,39.16,0.0,0,30,69,307,,,,
27190810805,NAGESHWAR ENGLISH PRIMARY SCHOOL NAGAMTHAN,CLU3600580,VAIJAPUR,,27,1,82,45,37,0,0.82,45.12,0.0,82,0,0,0,,,,
27190808702,NEW HIGH SCHOOL AND JUNIOR COLLEGE LADGAON,CLU3600584,VAIJAPUR,,4,3,792,382,410,0,1.07,51.77,0.0,59,257,309,167,,,,
27190814507,NEW HIGHSCHOOL VAIJAPUR,CLU3605661,VAIJAPUR,,4,6,1233,643,590,0,0.92,47.85,0.0,75,395,763,0,,,,
27190809702,NEW HS MAHALGAON,CLU3600581,VAIJAPUR,,4,3,703,369,334,0,0.91,47.51,0.0,29,197,365,112,,,,
27190812702,NEW HS SAKHEGAON,CLU3600573,VAIJAPUR,,4,7,107,45,62,0,1.38,57.94,0.0,0,27,80,0,,,,
27190816301,NPPS  BAZAR TAL,CLU3605661,VAIJAPUR,,18,1,20,13,7,0,0.54,35.0,0.0,20,0,0,0,,,,
27190816302,NPPS  DEVICHE MANDIR,CLU3605661,VAIJAPUR,,18,1,14,9,5,0,0.56,35.71,0.0,14,0,0,0,,,,
27190816303,NPPS DURGAWADI,CLU3605661,VAIJAPUR,,18,1,18,11,7,0,0.64,38.89,0.0,18,0,0,0,,,,
27190816304,NPPS EKLAVYA VASTI,CLU3605661,VAIJAPUR,,18,1,8,5,3,0,0.6,37.5,0.0,8,0,0,0,,,,
27190816305,NPPS GAIKWAD VASTI,CLU3605661,VAIJAPUR,,18,1,32,16,16,0,1.0,50.0,0.0,32,0,0,0,,,,
27190816307,NPPS INDIRA NAGAR,CLU3605661,VAIJAPUR,,18,1,44,21,23,0,1.1,52.27,0.0,44,0,0,0,,,,
27190816312,NPPS INGALE WASTI,CLU3605661,VAIJAPUR,,18,1,26,13,13,0,1.0,50.0,0.0,26,0,0,0,,,,
27190816308,NPPS KHANDOBA NAGAR,CLU3605661,VAIJAPUR,,18,1,7,2,5,0,2.5,71.43,0.0,7,0,0,0,,,,
27190816319,NPPS LOKMANYA TILAK,CLU3605661,VAIJAPUR,,18,1,24,15,9,0,0.6,37.5,0.0,24,0,0,0,,,,
27190816310,NPPS MAPARI VASTI,CLU3605661,VAIJAPUR,,18,1,35,15,20,0,1.33,57.14,0.0,35,0,0,0,,,,
27190816311,NPPS MAULANAAZAD VIDYALAY,CLU3605661,VAIJAPUR,,18,2,380,224,156,0,0.7,41.05,0.0,202,178,0,0,,,,
27190816306,NPPS PHULEWADI,CLU3605661,VAIJAPUR,,18,2,153,79,74,0,0.94,48.37,0.0,144,9,0,0,,,,
27190816314,NPPS SALUNKE VASTI,CLU3605661,VAIJAPUR,,18,1,26,7,19,0,2.71,73.08,0.0,26,0,0,0,,,,
27190816318,NPPS SANT GADGE MAHARAJ,CLU3605661,VAIJAPUR,,18,1,19,8,11,0,1.38,57.89,0.0,19,0,0,0,,,,
27190816313,NPPS SAVITRIBAIL PHULE,CLU3605661,VAIJAPUR,,18,2,83,51,32,0,0.63,38.55,0.0,54,29,0,0,,,,
27190816315,NPPS SHELKE VASTI,CLU3605661,VAIJAPUR,,18,1,14,9,5,0,0.56,35.71,0.0,14,0,0,0,,,,
27190816316,NPPS SHETE VASTI,CLU3605661,VAIJAPUR,,18,1,7,5,2,0,0.4,28.57,0.0,7,0,0,0,,,,
27190816317,NPPS SHRI SWAMI SAMARTHA,CLU3605661,VAIJAPUR,,18,6,275,151,124,0,0.82,45.09,0.0,135,140,0,0,,,,
27190814512,NUTAN KANYA VIDYA MANDIR,CLU3605661,VAIJAPUR,,4,7,92,40,52,0,1.3,56.52,0.0,0,14,78,0,,,,
27190801605,PANDURANG ENGLISH SCHOOL NAGWADI PHATA TALWADA,CLU3600570,VAIJAPUR,,27,1,154,94,60,0,0.64,38.96,0.0,154,0,0,0,,,,
27190815604,PARESHWAR VIDYALAY PALKHED,CLU3600583,VAIJAPUR,,4,3,408,211,197,0,0.93,48.28,0.0,0,115,205,88,,,,
27190814525,PS AROHAN ACADEMY VAIJAPUR,CLU3605661,VAIJAPUR,,27,6,496,286,210,0,0.73,42.34,0.0,213,166,117,0,,,,
27190814509,PS AYESHA URDU SCHOOL,CLU3605661,VAIJAPUR,,4,2,299,108,191,0,1.77,63.88,0.0,218,81,0,0,,,,
27190814526,PS DEOGIRI GLOBAL ACADEMY VAIJPAUR,CLU3605661,VAIJAPUR,,27,2,417,230,187,0,0.81,44.84,0.0,296,121,0,0,,,,
27190809708,PS FATHER JACQUIER MEMORIAL ENG SCHOOL MAHALGAON,CLU3600581,VAIJAPUR,,27,3,300,168,132,0,0.79,44.0,0.0,212,88,0,0,,,,
27190809705,PS GURUKUL ENG SCHOOL MAHALGOAN,CLU3600581,VAIJAPUR,,27,2,193,107,86,0,0.8,44.56,0.0,129,64,0,0,,,,
27190812607,PS JAY BALAJI ADIWASI ASHRAM SHIVOOR,CLU3600568,VAIJAPUR,,14,2,214,130,84,0,0.65,39.25,0.0,120,94,0,0,,,,
27190814505,PS KARUNA NIKETAN,CLU3605661,VAIJAPUR,,4,2,537,290,247,0,0.85,46.0,0.0,337,200,0,0,,,,
27190814527,PS M.G.M. VASTANVI URDU SCHOOL VAIJAPUR,CLU3605661,VAIJAPUR,,25,2,289,140,149,0,1.06,51.56,0.0,136,153,0,0,,,,
27190812618,PS MATOSHRI JIJAMATA PUBLIC SCHOOL,CLU3600568,VAIJAPUR,,27,2,23,16,7,0,0.44,30.43,0.0,15,8,0,0,,,,
27190809803,PS MISSION  MALIGHOGARGAON,CLU3600580,VAIJAPUR,,4,1,120,61,59,0,0.97,49.17,0.0,120,0,0,0,,,,
27190814515,PS MUKTAI N.M.C. COLONY,CLU3605661,VAIJAPUR,,54,1,188,101,87,0,0.86,46.28,0.0,188,0,0,0,,,,
27190814504,PS NAVGAZI BABA URDU,CLU3605661,VAIJAPUR,,4,2,277,129,148,0,1.15,53.43,0.0,157,120,0,0,,,,
27190814524,PS NEW MARATHI SCHOOL VAIJAPUR,CLU3605661,VAIJAPUR,,54,2,306,155,151,0,0.97,49.35,0.0,173,133,0,0,,,,
27190813703,PS NIVASI MATIMAND SCHOOL TIDI VAIJAPUR,CLU3600571,VAIJAPUR,,10,1,20,18,2,0,0.11,10.0,0.0,20,0,0,0,,,,
27190812616,PS RAJA SAMBHAJI ENG SCHOOL SHIVOOR,CLU3600568,VAIJAPUR,,27,1,58,39,19,0,0.49,32.76,0.0,58,0,0,0,,,,
27190814703,PS SAI PUBLIC SCHOOL SHIVGAON PATI WAGHLA,CLU3600582,VAIJAPUR,,27,2,29,22,7,0,0.32,24.14,0.0,21,8,0,0,,,,
27190814506,PS SAINT MONICA,CLU3605661,VAIJAPUR,,27,2,779,422,357,0,0.85,45.83,0.0,451,328,0,0,,,,
27190810804,PS SANSKAR ENG PRIMARY SCHOOL NAGAMTHAN,CLU3600580,VAIJAPUR,,27,1,43,25,18,0,0.72,41.86,0.0,36,0,0,0,,,,
27190812606,PS SANT BAHAINABAI,CLU3600568,VAIJAPUR,,54,1,70,38,32,0,0.84,45.71,0.0,70,0,0,0,,,,
27190814503,PS URDU HALKE DAWA NAIK,CLU3605661,VAIJAPUR,,4,2,804,313,491,0,1.57,61.07,0.0,568,236,0,0,,,,
27190814522,PS URDU KADARI NAGAR VAIJAPUR,CLU3605661,VAIJAPUR,,25,2,200,104,96,0,0.92,48.0,0.0,140,60,0,0,,,,
27190807011,PS VIDYASAGAR KANYA PRASHALA KHANDALA,CLU3600575,VAIJAPUR,,4,6,325,0,325,0,325.0,100.0,0.0,23,177,125,0,,,,
27190813704,PUBLIC INTERNATIONAL SCHOOL TIDI,CLU3600571,VAIJAPUR,,27,6,32,19,13,0,0.68,40.62,0.0,32,0,0,0,,,,
27190800804,R. S. ENGLISH SCHOOL & JR. COLLEGE,CLU3600569,VAIJAPUR,,27,3,162,90,72,0,0.8,44.44,0.0,107,26,5,24,,,,
27190815503,RAJE SHIV CHATRAPATI BHARTIY SANSKAR VIDYA MANDIR POKHARI,CLU3600573,VAIJAPUR,,27,3,258,147,111,0,0.76,43.02,0.0,147,53,35,23,,,,
27190814513,RAJMATA JIJAU,CLU3605661,VAIJAPUR,,27,2,110,65,45,0,0.69,40.91,0.0,95,15,0,0,,,,
27190808606,RAJMATA JIJAU JR COLLEGE LASURGAON,CLU3600578,VAIJAPUR,,27,11,254,153,101,0,0.66,39.76,0.0,0,0,0,254,,,,
27190814533,RAJMATA JIJAU SEC ENGLISH SCHOOL VAIJAPUR,CLU3605661,VAIJAPUR,,27,7,46,30,16,0,0.53,34.78,0.0,0,14,32,0,,,,
27190801003,RAMESHWAR VIDHALAY BILONI TAL VIAJPUR DIST AURANGABAD,CLU3600572,VAIJAPUR,,4,5,195,80,115,0,1.44,58.97,0.0,0,32,86,77,,,,
27190803402,RAMKRUSHNA VID CHINCHADGAON,CLU3600585,VAIJAPUR,,4,7,107,56,51,0,0.91,47.66,0.0,0,22,85,0,,,,
27190814538,SAINT MONICA INTERNATIONAL SCHOOL VAIJAPUR,CLU3605661,VAIJAPUR,,27,3,862,496,366,0,0.74,42.46,0.0,400,282,180,0,,,,
27190814540,SANJIVANI ACADEMY VAIJAPUR,CLU3600571,VAIJAPUR,,27,3,550,328,222,0,0.68,40.36,0.0,257,172,121,0,,,,
27190813902,SANT JANARDAN SWAMI VID TUNKI,CLU3600570,VAIJAPUR,,4,7,111,73,38,0,0.52,34.23,0.0,0,26,85,0,,,,
27190812624,SANT SHIVAI PUBLIC SCHOOL AND JR COLLEGE,CLU3600568,VAIJAPUR,,27,3,78,55,23,0,0.42,29.49,0.0,8,32,16,22,,,,
27190801208,SHANTI SADAN,CLU3600577,VAIJAPUR,,4,2,95,49,46,0,0.94,48.42,0.0,62,33,0,0,,,,
27190808305,SHRI DWARKANATH INTERNATIONAL ENGLISH SCHOOL LONI KHURD TQ VAIJAPUR,CLU3600570,VAIJAPUR,,27,3,100,46,54,0,1.17,54.0,0.0,58,21,10,11,,,,
27190807022,SHRI SADGURU MAULI ANU JATI NIWASI ANIWASI ASHRAMSHALA ,CLU3600575,VAIJAPUR,,12,6,73,41,32,0,0.78,43.84,0.0,31,29,13,0,,,,
27194100216,SUTAVANE ENGLISH SCHOOL & JR. COLLEGE ,CLU3605661,VAIJAPUR,,27,3,213,115,98,0,0.85,46.01,0.0,35,27,0,151,,,,
27190808307,SWA BHAGINATH BODKHE GURUJI VIDYALAY TALWADA,CLU3600570,VAIJAPUR,,27,3,65,35,30,0,0.86,46.15,0.0,0,55,10,0,,,,
27190814541,SWA LAXMANRAO PATIL GAIKE VIDYALAYA,CLU3605661,VAIJAPUR,,27,3,9,6,3,0,0.5,33.33,0.0,2,4,3,0,,,,
27190812608,UPS & HS SANT BAHINABAI KANYA PRASHALA SHIVOOR,CLU3600568,VAIJAPUR,,4,3,1576,838,738,0,0.88,46.83,0.0,33,140,471,932,,,,
27190814523,UPS GOVT. NIWASI SCHOOL SHIVRAIROD VAIJAPUR,CLU3605661,VAIJAPUR,,10,7,160,160,0,0,0.0,0.0,0.0,0,97,63,0,,,,
27190804302,UTKARSHA  VID DEOGAON SHANI,CLU3600580,VAIJAPUR,,55,6,121,62,59,0,0.95,48.76,0.0,10,58,53,0,,,,
27190814536,VIDYADHAN ENGLISH SCHOOL DATTANAGAR VAIJAPUR,CLU3605661,VAIJAPUR,,27,3,441,246,195,0,0.79,44.22,0.0,224,140,77,0,,,,
27190801207,VINAYAK HS VINAYAK NAGAR,CLU3600577,VAIJAPUR,,4,3,108,56,52,0,0.93,48.15,0.0,8,37,62,1,,,,
27190814532,VINAYAKRAO PATIL MAHAVIDYALAYA VAIJAPUR,CLU3605661,VAIJAPUR,,4,11,1731,975,756,0,0.78,43.67,0.0,0,0,0,1731,,,,
27190814407,Vir Ashok Patil English school veergaon,CLU3600579,VAIJAPUR,,27,1,79,38,41,0,1.08,51.9,0.0,79,0,0,0,,,,
27190801606,Z P P S TALWADA URDU,CLU3600570,VAIJAPUR,,16,2,105,41,64,0,1.56,60.95,0.0,71,34,0,0,,,,
27190808601,ZPCPS  LASURGAON BOYS,CLU3600578,VAIJAPUR,,16,1,58,37,21,0,0.57,36.21,0.0,58,0,0,0,,,,
27190808609,ZPPS LASURGAON URDU,CLU3600578,VAIJAPUR,,16,1,37,17,20,0,1.18,54.05,0.0,37,0,0,0,,,,
27190807009,ZPPSV  VARCHAMALA,CLU3600575,VAIJAPUR,,16,1,28,9,19,0,2.11,67.86,0.0,28,0,0,0,,,,
27190811002,ZPPSV AADWASTI PANAV KHANDALA,CLU3600571,VAIJAPUR,,16,1,20,11,9,0,0.82,45.0,0.0,20,0,0,0,,,,
27190804006,ZPPSV ADIWASIWASTI,CLU3600576,VAIJAPUR,,16,1,20,12,8,0,0.67,40.0,0.0,20,0,0,0,,,,
27190802602,ZPPSV ADMANEWASTI BHAGUR,CLU3600581,VAIJAPUR,,16,1,33,16,17,0,1.06,51.52,0.0,33,0,0,0,,,,
27190811306,ZPPSV AHER EITKAR WASTI PARALA,CLU3600570,VAIJAPUR,,16,1,26,15,11,0,0.73,42.31,0.0,26,0,0,0,,,,
27190811305,ZPPSV AHER WASTI PARALA,CLU3600570,VAIJAPUR,,16,1,22,13,9,0,0.69,40.91,0.0,22,0,0,0,,,,
27190808902,ZPPSV AHERWASTI MAKARMATPUR,CLU3600571,VAIJAPUR,,16,1,19,7,12,0,1.71,63.16,0.0,19,0,0,0,,,,
27190807012,ZPPSV AHILYABAI HOLKAR WASTI,CLU3600575,VAIJAPUR,,16,1,20,8,12,0,1.5,60.0,0.0,20,0,0,0,,,,
27190800102,ZPPSV AMBEWADI,CLU3600571,VAIJAPUR,,16,1,26,12,14,0,1.17,53.85,0.0,26,0,0,0,,,,
27190804002,ZPPSV AMBIKANAGAR  DHONDALGAON,CLU3600576,VAIJAPUR,,16,1,18,10,8,0,0.8,44.44,0.0,18,0,0,0,,,,
27190811406,ZPPSV AURANGPUR WASTI,CLU3600576,VAIJAPUR,,16,1,27,15,12,0,0.8,44.44,0.0,27,0,0,0,,,,
27190802801,ZPPSV BABTARA,CLU3600584,VAIJAPUR,,16,1,26,14,12,0,0.86,46.15,0.0,26,0,0,0,,,,
27190802202,ZPPSV BAJARANGWADI,CLU3600582,VAIJAPUR,,16,1,18,10,8,0,0.8,44.44,0.0,18,0,0,0,,,,
27190803101,ZPPSV BAJATHAN,CLU3600580,VAIJAPUR,,16,1,37,14,23,0,1.64,62.16,0.0,37,0,0,0,,,,
27190801903,ZPPSV BANGALAWASTI BHATANA,CLU3600568,VAIJAPUR,,16,1,25,13,12,0,0.92,48.0,0.0,25,0,0,0,,,,
27190805302,ZPPSV BARADWASTI GADHEPIMPALGAON,CLU3600580,VAIJAPUR,,16,1,15,6,9,0,1.5,60.0,0.0,15,0,0,0,,,,
27190810702,ZPPSV BARDEWASTI NADI,CLU3600579,VAIJAPUR,,16,1,24,11,13,0,1.18,54.17,0.0,24,0,0,0,,,,
27190805502,ZPPSV BENDADEWASTI HAJIPURWADI,CLU3600568,VAIJAPUR,,16,1,21,10,11,0,1.1,52.38,0.0,21,0,0,0,,,,
27190801801,ZPPSV BHABHULKHEDA,CLU3600573,VAIJAPUR,,16,1,23,15,8,0,0.53,34.78,0.0,23,0,0,0,,,,
27190800801,ZPPSV BHAGGAON,CLU3600569,VAIJAPUR,,16,2,85,45,40,0,0.89,47.06,0.0,56,29,0,0,,,,
27190803001,ZPPSV BHALGAON,CLU3600579,VAIJAPUR,,16,1,49,32,17,0,0.53,34.69,0.0,49,0,0,0,,,,
27190803103,ZPPSV BHARADEWASTI BAJATHAN,CLU3600580,VAIJAPUR,,16,1,26,14,12,0,0.86,46.15,0.0,26,0,0,0,,,,
27190801901,ZPPSV BHATANA,CLU3600568,VAIJAPUR,,16,1,42,22,20,0,0.91,47.62,0.0,42,0,0,0,,,,
27190811902,ZPPSV BHATANKARWASTI LASURGAON,CLU3600578,VAIJAPUR,,16,1,16,10,6,0,0.6,37.5,0.0,16,0,0,0,,,,
27190807010,ZPPSV BHAWARBEND,CLU3600575,VAIJAPUR,,16,1,28,11,17,0,1.55,60.71,0.0,28,0,0,0,,,,
27190802901,ZPPSV BHBHULGAON GANGA,CLU3600584,VAIJAPUR,,16,1,24,9,15,0,1.67,62.5,0.0,24,0,0,0,,,,
27190806602,ZPPSV BHISEWADI JALGAON,CLU3600578,VAIJAPUR,,16,1,51,22,29,0,1.32,56.86,0.0,51,0,0,0,,,,
27190802802,ZPPSV BIROBACHIWADI,CLU3600584,VAIJAPUR,,16,1,12,7,5,0,0.71,41.67,0.0,12,0,0,0,,,,
27190812502,ZPPSV BIROBACHIWADI SAFIYABADWADI,CLU3600568,VAIJAPUR,,16,1,27,15,12,0,0.8,44.44,0.0,27,0,0,0,,,,
27190801701,ZPPSV BIROLA,CLU3600574,VAIJAPUR,,16,1,27,18,9,0,0.5,33.33,0.0,27,0,0,0,,,,
27190815003,ZPPSV BODHARE WASTI,CLU3600570,VAIJAPUR,,16,1,46,21,25,0,1.19,54.35,0.0,46,0,0,0,,,,
27190812605,ZPPSV BOYS  SHIVOOR,CLU3600568,VAIJAPUR,,16,1,97,97,0,0,0.0,0.0,0.0,97,0,0,0,,,,
27190801201,ZPPSV BOYS BORSAR,CLU3600577,VAIJAPUR,,16,1,30,30,0,0,0.0,0.0,0.0,30,0,0,0,,,,
27190807001,ZPPSV BOYS KHANDALA,CLU3600575,VAIJAPUR,,16,1,137,137,0,0,0.0,0.0,0.0,137,0,0,0,,,,
27190807013,ZPPSV BRAMHAMALAWASTI,CLU3600575,VAIJAPUR,,16,1,36,19,17,0,0.89,47.22,0.0,36,0,0,0,,,,
27190803701,ZPPSV CHANDEGAON,CLU3600580,VAIJAPUR,,16,1,33,19,14,0,0.74,42.42,0.0,33,0,0,0,,,,
27190811405,ZPPSV CHANWAL WASTI,CLU3600576,VAIJAPUR,,16,1,9,4,5,0,1.25,55.56,0.0,9,0,0,0,,,,
27190804101,ZPPSV DAHEGAON,CLU3600583,VAIJAPUR,,16,1,56,36,20,0,0.56,35.71,0.0,56,0,0,0,,,,
27190812203,ZPPSV DAHI WASTI,CLU3600576,VAIJAPUR,,16,1,21,11,10,0,0.91,47.62,0.0,21,0,0,0,,,,
27190803204,ZPPSV DANEWASTI CHANDGAON,CLU3600571,VAIJAPUR,,16,1,10,4,6,0,1.5,60.0,0.0,10,0,0,0,,,,
27190813108,ZPPSV DANGE WASTI  SHIVRAI,CLU3600583,VAIJAPUR,,16,1,8,3,5,0,1.67,62.5,0.0,8,0,0,0,,,,
27190803901,ZPPSV DASKOOL,CLU3600570,VAIJAPUR,,16,1,13,6,7,0,1.17,53.85,0.0,13,0,0,0,,,,
27190813103,ZPPSV DATAWADI SHIVRAI,CLU3600583,VAIJAPUR,,16,1,20,11,9,0,0.82,45.0,0.0,20,0,0,0,,,,
27190813106,ZPPSV DEEKE WASTI  NO 1,CLU3600583,VAIJAPUR,,16,1,24,8,16,0,2.0,66.67,0.0,24,0,0,0,,,,
27190804301,ZPPSV DEOGAON SHANI,CLU3600580,VAIJAPUR,,16,1,39,25,14,0,0.56,35.9,0.0,39,0,0,0,,,,
27190815602,ZPPSV DHAMALEWASTI PALKHED,CLU3600583,VAIJAPUR,,16,1,21,12,9,0,0.75,42.86,0.0,21,0,0,0,,,,
27190812614,ZPPSV DHANGAR WASTI,CLU3600568,VAIJAPUR,,16,1,23,12,11,0,0.92,47.83,0.0,23,0,0,0,,,,
27190804005,ZPPSV DHANGAREWASTI,CLU3600576,VAIJAPUR,,16,1,10,7,3,0,0.43,30.0,0.0,10,0,0,0,,,,
27190801302,ZPPSV DHANGARWASTI BHIVGAON,CLU3600577,VAIJAPUR,,16,1,23,12,11,0,0.92,47.83,0.0,23,0,0,0,,,,
27190804401,ZPPSV DONDGAON,CLU3600584,VAIJAPUR,,16,1,33,20,13,0,0.65,39.39,0.0,33,0,0,0,,,,
27190813702,ZPPSV DUKAREWASTI TIDI,CLU3600571,VAIJAPUR,,16,1,24,14,10,0,0.71,41.67,0.0,24,0,0,0,,,,
27190804601,ZPPSV EKODISAGAJ,CLU3600583,VAIJAPUR,,16,1,28,13,15,0,1.15,53.57,0.0,28,0,0,0,,,,
27190804701,ZPPSV FAKIRABADWADI,CLU3600584,VAIJAPUR,,16,1,25,13,12,0,0.92,48.0,0.0,25,0,0,0,,,,
27190802206,ZPPSV GAIKAWADWASTI BHABHULGAON BK,CLU3600582,VAIJAPUR,,16,1,17,12,5,0,0.42,29.41,0.0,17,0,0,0,,,,
27190812304,ZPPSV GAJANANWADI SAWANDGOAN,CLU3600576,VAIJAPUR,,16,1,10,5,5,0,1.0,50.0,0.0,10,0,0,0,,,,
27190813107,ZPPSV GANESH NAGAR,CLU3600583,VAIJAPUR,,16,1,0,0,0,0,0.0,0.0,0.0,0,0,0,0,,,,
27190806302,ZPPSV GANESHWADI JANEPHAL,CLU3600572,VAIJAPUR,,16,1,21,8,13,0,1.62,61.9,0.0,21,0,0,0,,,,
27190805001,ZPPSV GARAJ,CLU3600582,VAIJAPUR,,16,1,89,39,50,0,1.28,56.18,0.0,89,0,0,0,,,,
27190801303,ZPPSV GAYAKEWASTI BHIVGAON,CLU3600577,VAIJAPUR,,16,1,27,17,10,0,0.59,37.04,0.0,27,0,0,0,,,,
27190810602,ZPPSV GHADHEMALA NANDURDHOK,CLU3600584,VAIJAPUR,,16,1,25,10,15,0,1.5,60.0,0.0,25,0,0,0,,,,
27190807005,ZPPSV GIRLS  KHANDALA,CLU3600575,VAIJAPUR,,16,1,94,0,94,0,94.0,100.0,0.0,94,0,0,0,,,,
27190812601,ZPPSV GIRLS  SHIVOOR,CLU3600568,VAIJAPUR,,16,2,185,0,185,0,185.0,100.0,0.0,122,63,0,0,,,,
27190801202,ZPPSV GIRLS BORSAR,CLU3600577,VAIJAPUR,,16,1,30,0,30,0,30.0,100.0,0.0,30,0,0,0,,,,
27190814502,ZPPSV GIRLS VAIJAPUR,CLU3605661,VAIJAPUR,,16,6,108,57,51,0,0.89,47.22,0.0,2,24,82,0,,,,
27190804801,ZPPSV GONDGAON,CLU3600568,VAIJAPUR,,16,1,34,21,13,0,0.62,38.24,0.0,34,0,0,0,,,,
27190801204,ZPPSV GULZARWADI,CLU3600577,VAIJAPUR,,16,1,16,4,12,0,3.0,75.0,0.0,16,0,0,0,,,,
27190815502,ZPPSV HAIBATWADI POKHARI,CLU3600573,VAIJAPUR,,16,1,2,0,2,0,2.0,100.0,0.0,2,0,0,0,,,,
27190806001,ZPPSV HAMRAPUR,CLU3600580,VAIJAPUR,,16,1,35,15,20,0,1.33,57.14,0.0,35,0,0,0,,,,
27190800902,ZPPSV HANUMAN WADI,CLU3600569,VAIJAPUR,,16,1,21,7,14,0,2.0,66.67,0.0,21,0,0,0,,,,
27190812604,ZPPSV HANUMAN WASTI SHIVOOR,CLU3600568,VAIJAPUR,,16,1,32,15,17,0,1.13,53.12,0.0,32,0,0,0,,,,
27190813402,ZPPSV HANUMANWADI KAPUSWADGAON,CLU3600579,VAIJAPUR,,16,1,31,13,18,0,1.38,58.06,0.0,31,0,0,0,,,,
27190808604,ZPPSV HARISHCHANDRA WASTI,CLU3600578,VAIJAPUR,,16,1,23,13,10,0,0.77,43.48,0.0,23,0,0,0,,,,
27190805601,ZPPSV HINGANE KANNAD,CLU3600573,VAIJAPUR,,16,1,14,7,7,0,1.0,50.0,0.0,14,0,0,0,,,,
27190806803,ZPPSV HINGEWASTI KHAMBALA,CLU3600569,VAIJAPUR,,16,1,25,8,17,0,2.12,68.0,0.0,25,0,0,0,,,,
27190801206,ZPPSV HOLEWASTI,CLU3600577,VAIJAPUR,,16,1,16,10,6,0,0.6,37.5,0.0,16,0,0,0,,,,
27190807902,ZPPSV HUNUMANWADIWASTI KANGONI,CLU3600569,VAIJAPUR,,16,1,23,5,18,0,3.6,78.26,0.0,23,0,0,0,,,,
27190815103,ZPPSV INDIRANAGAR WASTI WADJI,CLU3600572,VAIJAPUR,,16,1,24,13,11,0,0.85,45.83,0.0,24,0,0,0,,,,
27190808202,ZPPSV INGALE WASTI,CLU3600571,VAIJAPUR,,16,1,24,13,11,0,0.85,45.83,0.0,24,0,0,0,,,,
27190813109,ZPPSV JADHAV WASTI HANUMAN NAGAR,CLU3600583,VAIJAPUR,,16,1,29,16,13,0,0.81,44.83,0.0,29,0,0,0,,,,
27190812202,ZPPSV JADHAV WASTI SANJARPURWADI,CLU3600576,VAIJAPUR,,16,1,23,9,14,0,1.56,60.87,0.0,23,0,0,0,,,,
27190813105,ZPPSV JADHAV WASTI SHIVRAI,CLU3600583,VAIJAPUR,,16,1,9,2,7,0,3.5,77.78,0.0,9,0,0,0,,,,
27190800903,ZPPSV JAGDALE WASTI,CLU3600569,VAIJAPUR,,16,1,27,19,8,0,0.42,29.63,0.0,27,0,0,0,,,,
27190800802,ZPPSV JAGTAP WASTI,CLU3600569,VAIJAPUR,,16,1,20,11,9,0,0.82,45.0,0.0,20,0,0,0,,,,
27190806304,ZPPSV JAMWASTI JANEPHAL,CLU3600572,VAIJAPUR,,16,1,21,9,12,0,1.33,57.14,0.0,21,0,0,0,,,,
27190814902,ZPPSV JANGALIWASTI WAKTI,CLU3600581,VAIJAPUR,,16,1,36,19,17,0,0.89,47.22,0.0,36,0,0,0,,,,
27190806401,ZPPSV JIRI,CLU3600574,VAIJAPUR,,16,1,38,15,23,0,1.53,60.53,0.0,38,0,0,0,,,,
27190812611,ZPPSV KAKULA WASTI,CLU3600568,VAIJAPUR,,16,1,11,3,8,0,2.67,72.73,0.0,11,0,0,0,,,,
27190804007,ZPPSV KALEWASTI,CLU3600576,VAIJAPUR,,16,1,16,9,7,0,0.78,43.75,0.0,16,0,0,0,,,,
27190807901,ZPPSV KANGONI,CLU3600569,VAIJAPUR,,16,1,19,10,9,0,0.9,47.37,0.0,19,0,0,0,,,,
27190800302,ZPPSV KARWADI,CLU3600568,VAIJAPUR,,16,1,23,15,8,0,0.53,34.78,0.0,23,0,0,0,,,,
27190811202,ZPPSV KATAREWASTI PANGAVAN,CLU3600575,VAIJAPUR,,16,1,28,14,14,0,1.0,50.0,0.0,28,0,0,0,,,,
27190808001,ZPPSV KAUTGAON,CLU3600581,VAIJAPUR,,16,1,23,14,9,0,0.64,39.13,0.0,23,0,0,0,,,,
27190807201,ZPPSV KAVITKHEDA,CLU3600574,VAIJAPUR,,16,1,31,17,14,0,0.82,45.16,0.0,31,0,0,0,,,,
27190806801,ZPPSV KHAMBALA,CLU3600569,VAIJAPUR,,16,1,29,10,19,0,1.9,65.52,0.0,29,0,0,0,,,,
27190807401,ZPPSV KHIRDI H.G.,CLU3600583,VAIJAPUR,,16,1,10,7,3,0,0.43,30.0,0.0,10,0,0,0,,,,
27190807501,ZPPSV KIRATPUR,CLU3600569,VAIJAPUR,,16,1,42,23,19,0,0.83,45.24,0.0,42,0,0,0,,,,
27190802302,ZPPSV KOBADWADI,CLU3600582,VAIJAPUR,,16,1,18,9,9,0,1.0,50.0,0.0,18,0,0,0,,,,
27190808203,ZPPSV KOLTE WASTI,CLU3600571,VAIJAPUR,,16,1,18,9,9,0,1.0,50.0,0.0,18,0,0,0,,,,
27190806901,ZPPSV KORADGOAN,CLU3600572,VAIJAPUR,,16,1,42,21,21,0,1.0,50.0,0.0,42,0,0,0,,,,
27190811304,ZPPSV KRANTI NAGAR WASTI PARALA,CLU3600570,VAIJAPUR,,16,1,30,14,16,0,1.14,53.33,0.0,30,0,0,0,,,,
27190808701,ZPPSV LADGOAN,CLU3600584,VAIJAPUR,,16,1,113,62,51,0,0.82,45.13,0.0,113,0,0,0,,,,
27190808801,ZPPSV LAKH GANGA,CLU3600584,VAIJAPUR,,16,1,43,21,22,0,1.05,51.16,0.0,43,0,0,0,,,,
27190801210,ZPPSV LANDAGDARAWASTI,CLU3600577,VAIJAPUR,,16,1,6,1,5,0,5.0,83.33,0.0,6,0,0,0,,,,
27190806802,ZPPSV LANDEWASTI KHAMBALA,CLU3600569,VAIJAPUR,,16,1,126,68,58,0,0.85,46.03,0.0,126,0,0,0,,,,
27190813104,ZPPSV LAXMI WADI SHIVRAI,CLU3600583,VAIJAPUR,,16,1,23,10,13,0,1.3,56.52,0.0,23,0,0,0,,,,
27190800703,ZPPSV LAXMIWADI,CLU3600571,VAIJAPUR,,16,1,25,12,13,0,1.08,52.0,0.0,25,0,0,0,,,,
27190804402,ZPPSV LEMBHEDHOKEWASTI DONDGAON,CLU3600584,VAIJAPUR,,16,1,31,15,16,0,1.07,51.61,0.0,31,0,0,0,,,,
27190807007,ZPPSV MAGAR WASTI,CLU3600575,VAIJAPUR,,16,1,19,11,8,0,0.73,42.11,0.0,19,0,0,0,,,,
27190809701,ZPPSV MAHALGAON,CLU3600581,VAIJAPUR,,16,1,182,84,98,0,1.17,53.85,0.0,182,0,0,0,,,,
27190808901,ZPPSV MAKARMATPUR,CLU3600571,VAIJAPUR,,16,1,28,12,16,0,1.33,57.14,0.0,28,0,0,0,,,,
27190809301,ZPPSV MALEGOAN KANNAD,CLU3600573,VAIJAPUR,,16,1,40,19,21,0,1.11,52.5,0.0,40,0,0,0,,,,
27190807006,ZPPSV MALYACHAMALA,CLU3600575,VAIJAPUR,,16,1,24,12,12,0,1.0,50.0,0.0,24,0,0,0,,,,
27190809001,ZPPSV MANOLI,CLU3600574,VAIJAPUR,,16,1,18,9,9,0,1.0,50.0,0.0,18,0,0,0,,,,
27190809201,ZPPSV MANOOR,CLU3600573,VAIJAPUR,,16,1,113,59,54,0,0.92,47.79,0.0,113,0,0,0,,,,
27190806102,ZPPSV MATSAGARWASTI JAROOL,CLU3600571,VAIJAPUR,,16,1,26,15,11,0,0.73,42.31,0.0,26,0,0,0,,,,
27190801005,ZPPSV MHASOBAWADI,CLU3600572,VAIJAPUR,,16,1,30,12,18,0,1.5,60.0,0.0,30,0,0,0,,,,
27190811408,ZPPSV MIRAK NAGAR,CLU3600576,VAIJAPUR,,16,1,11,7,4,0,0.57,36.36,0.0,11,0,0,0,,,,
27190803502,ZPPSV MOINWASTI CHORWAGHALGAON,CLU3600581,VAIJAPUR,,16,1,3,2,1,0,0.5,33.33,0.0,3,0,0,0,,,,
27190815603,ZPPSV MOKATEWASTI PALKHED,CLU3600583,VAIJAPUR,,16,1,21,11,10,0,0.91,47.62,0.0,21,0,0,0,,,,
27190802604,ZPPSV MOREWASTI BHAGUR,CLU3600585,VAIJAPUR,,16,1,0,0,0,0,0.0,0.0,0.0,0,0,0,0,,,,
27190812609,ZPPSV MUKTAWADI WASTI SHIVOOR,CLU3600568,VAIJAPUR,,16,1,16,8,8,0,1.0,50.0,0.0,16,0,0,0,,,,
27190805402,ZPPSV MUNJEWADIWASTI HILALPUR,CLU3600572,VAIJAPUR,,16,1,26,14,12,0,0.86,46.15,0.0,26,0,0,0,,,,
27190800702,ZPPSV NAGESHWARWADI,CLU3600571,VAIJAPUR,,16,1,37,15,22,0,1.47,59.46,0.0,37,0,0,0,,,,
27190815004,ZPPSV NAGWADI  TALWADA,CLU3600570,VAIJAPUR,,16,1,11,8,3,0,0.38,27.27,0.0,11,0,0,0,,,,
27190810301,ZPPSV NAIGHAVAN,CLU3600570,VAIJAPUR,,16,1,17,11,6,0,0.55,35.29,0.0,17,0,0,0,,,,
27190810703,ZPPSV NAJANWASTI NADI,CLU3600579,VAIJAPUR,,16,1,19,9,10,0,1.11,52.63,0.0,19,0,0,0,,,,
27190810601,ZPPSV NANDURDHOK,CLU3600584,VAIJAPUR,,16,1,33,19,14,0,0.74,42.42,0.0,33,0,0,0,,,,
27190810501,ZPPSV NARAYANPUR,CLU3600569,VAIJAPUR,,16,1,19,13,6,0,0.46,31.58,0.0,19,0,0,0,,,,
27190803102,ZPPSV NAVIN BAJATHANWASTI,CLU3600580,VAIJAPUR,,16,1,33,21,12,0,0.57,36.36,0.0,33,0,0,0,,,,
27190801304,ZPPSV NAWALEWASTI BHIVGAON,CLU3600577,VAIJAPUR,,16,1,22,14,8,0,0.57,36.36,0.0,22,0,0,0,,,,
27190813503,ZPPSV NEHEWASTI,CLU3600581,VAIJAPUR,,16,1,26,11,15,0,1.36,57.69,0.0,26,0,0,0,,,,
27190815005,ZPPSV NIKAM WASTI WAKALA,CLU3600570,VAIJAPUR,,16,1,32,13,19,0,1.46,59.38,0.0,32,0,0,0,,,,
27190804202,ZPPSV PANDHAREWASTI  DAGPIMPALGAON,CLU3600579,VAIJAPUR,,16,1,10,6,4,0,0.67,40.0,0.0,10,0,0,0,,,,
27190804009,ZPPSV PANSAREWASTI,CLU3600576,VAIJAPUR,,16,1,18,9,9,0,1.0,50.0,0.0,18,0,0,0,,,,
27190811301,ZPPSV PARALA,CLU3600570,VAIJAPUR,,16,1,52,27,25,0,0.93,48.08,0.0,52,0,0,0,,,,
27190811401,ZPPSV PARSODA,CLU3600576,VAIJAPUR,,16,1,54,23,31,0,1.35,57.41,0.0,54,0,0,0,,,,
27190806306,ZPPSV PATHAN WASTI JANEPHAL,CLU3600572,VAIJAPUR,,16,1,32,10,22,0,2.2,68.75,0.0,32,0,0,0,,,,
27190815701,ZPPSV PATHARI,CLU3600582,VAIJAPUR,,16,1,33,15,18,0,1.2,54.55,0.0,33,0,0,0,,,,
27190814702,ZPPSV PAWARWASTI WAGHALA,CLU3600582,VAIJAPUR,,16,1,9,4,5,0,1.25,55.56,0.0,9,0,0,0,,,,
27190810402,ZPPSV PIMPALWADIWASTI NIMGAON,CLU3600568,VAIJAPUR,,16,1,25,12,13,0,1.08,52.0,0.0,25,0,0,0,,,,
27190811801,ZPPSV RAIGHAVAN,CLU3600576,VAIJAPUR,,16,1,12,5,7,0,1.4,58.33,0.0,12,0,0,0,,,,
27190811502,ZPPSV RAILWAYSTATIONWASTI ROTEGAON,CLU3600571,VAIJAPUR,,16,1,25,15,10,0,0.67,40.0,0.0,25,0,0,0,,,,
27190801002,ZPPSV RAMESHWARWADI BILONI,CLU3600572,VAIJAPUR,,16,1,33,16,17,0,1.06,51.52,0.0,33,0,0,0,,,,
27190815903,ZPPSV RAMNAGAR,CLU3600574,VAIJAPUR,,16,1,5,2,3,0,1.5,60.0,0.0,5,0,0,0,,,,
27190805102,"ZPPSV RAMNAGAR , GOLWADI",CLU3600583,VAIJAPUR,,16,1,14,3,11,0,3.67,78.57,0.0,14,0,0,0,,,,
27190806703,ZPPSV RAMWADI WASTI JATEGOAN,CLU3600581,VAIJAPUR,,16,1,28,15,13,0,0.87,46.43,0.0,28,0,0,0,,,,
27190804003,ZPPSV RANMALAWASTI,CLU3600577,VAIJAPUR,,16,1,8,4,4,0,1.0,50.0,0.0,8,0,0,0,,,,
27190812303,ZPPSV RANMALAWASTI SWANDGAON,CLU3600576,VAIJAPUR,,16,1,10,7,3,0,0.43,30.0,0.0,10,0,0,0,,,,
27190807802,ZPPSV ROHAMWASTI KAPUSWADGAON,CLU3600579,VAIJAPUR,,16,1,18,7,11,0,1.57,61.11,0.0,18,0,0,0,,,,
27190804008,ZPPSV SAKHAREWASTI,CLU3600576,VAIJAPUR,,16,1,11,4,7,0,1.75,63.64,0.0,11,0,0,0,,,,
27190812901,ZPPSV SALEGOAN,CLU3600573,VAIJAPUR,,16,1,31,15,16,0,1.07,51.61,0.0,31,0,0,0,,,,
27190807008,ZPPSV SANDASWASTI,CLU3600575,VAIJAPUR,,16,1,28,18,10,0,0.56,35.71,0.0,28,0,0,0,,,,
27190811407,ZPPSV SANTA JANARDHAN SWAMI WASTI,CLU3600576,VAIJAPUR,,16,1,13,9,4,0,0.44,30.77,0.0,13,0,0,0,,,,
27190810103,ZPPSV SAVITRIBAI PHULEWASTI NARALA,CLU3600572,VAIJAPUR,,16,1,19,11,8,0,0.73,42.11,0.0,19,0,0,0,,,,
27190810802,ZPPSV SAWANTWASTI NAGAMTHAN,CLU3600580,VAIJAPUR,,16,1,50,29,21,0,0.72,42.0,0.0,50,0,0,0,,,,
27190815102,ZPPSV SHAIKHWASTI WADJI,CLU3600572,VAIJAPUR,,16,1,29,15,14,0,0.93,48.28,0.0,29,0,0,0,,,,
27190811402,ZPPSV SHANTINAGAR PARSODA,CLU3600576,VAIJAPUR,,16,1,28,12,16,0,1.33,57.14,0.0,28,0,0,0,,,,
27190815605,ZPPSV SHELAR WASTI,CLU3600583,VAIJAPUR,,16,1,24,14,10,0,0.71,41.67,0.0,24,0,0,0,,,,
27190809704,ZPPSV SHELKEWASTI,CLU3600581,VAIJAPUR,,16,1,16,10,6,0,0.6,37.5,0.0,16,0,0,0,,,,
27190807702,ZPPSV SHELKEWASTI KARANJGAON,CLU3600583,VAIJAPUR,,16,1,35,17,18,0,1.06,51.43,0.0,35,0,0,0,,,,
27190807015,ZPPSV SHINDE WASTI KHANDALA,CLU3600575,VAIJAPUR,,16,1,36,16,20,0,1.25,55.56,0.0,36,0,0,0,,,,
27190804602,ZPPSV SHINDEWASTI EKODISAGAJ,CLU3600583,VAIJAPUR,,16,1,26,13,13,0,1.0,50.0,0.0,26,0,0,0,,,,
27190814802,ZPPSV SHINDEWASTI WANJARGAON,CLU3600584,VAIJAPUR,,16,1,19,10,9,0,0.9,47.37,0.0,19,0,0,0,,,,
27190812503,ZPPSV SHIRSATHWASTI SAFIYABADWADI,CLU3600568,VAIJAPUR,,16,1,0,0,0,0,0.0,0.0,0.0,0,0,0,0,,,,
27190813101,ZPPSV SHIVRAI,CLU3600583,VAIJAPUR,,16,1,63,37,26,0,0.7,41.27,0.0,63,0,0,0,,,,
27190813401,ZPPSV SIDDHAPURWADI,CLU3600579,VAIJAPUR,,16,1,35,18,17,0,0.94,48.57,0.0,35,0,0,0,,,,
27190809602,ZPPSV SOAMWANSHIWASTI SATANAROAD NO 1,CLU3600579,VAIJAPUR,,16,1,32,19,13,0,0.68,40.62,0.0,32,0,0,0,,,,
27190809603,ZPPSV SOAMWANSHIWASTI VEERGAON ROAD,CLU3600579,VAIJAPUR,,16,1,13,8,5,0,0.62,38.46,0.0,13,0,0,0,,,,
27190810102,ZPPSV SOMASEWASTI NARALA,CLU3600572,VAIJAPUR,,16,1,10,5,5,0,1.0,50.0,0.0,10,0,0,0,,,,
27190801603,ZPPSV SONAWANE WASTI TALWADA,CLU3600570,VAIJAPUR,,16,1,13,4,9,0,2.25,69.23,0.0,13,0,0,0,,,,
27190813201,ZPPSV SONWADI,CLU3600578,VAIJAPUR,,16,1,22,11,11,0,1.0,50.0,0.0,22,0,0,0,,,,
27190812302,ZPPSV SWANDGAONWADI SWANDGAON,CLU3600576,VAIJAPUR,,16,1,35,14,21,0,1.5,60.0,0.0,35,0,0,0,,,,
27190810002,ZPPSV TAGADWASTI NAGINPIMPALGAON,CLU3600569,VAIJAPUR,,16,1,26,14,12,0,0.86,46.15,0.0,26,0,0,0,,,,
27190814101,ZPPSV TAKLI SAGAJ,CLU3600585,VAIJAPUR,,16,1,39,16,23,0,1.44,58.97,0.0,39,0,0,0,,,,
27190801601,ZPPSV TALWADA,CLU3600570,VAIJAPUR,,16,1,93,51,42,0,0.82,45.16,0.0,93,0,0,0,,,,
27190801004,ZPPSV TAROLI WASTI BILONI,CLU3600572,VAIJAPUR,,16,1,22,8,14,0,1.75,63.64,0.0,22,0,0,0,,,,
27190802203,ZPPSV TARTAYCHIWADI,CLU3600582,VAIJAPUR,,16,1,21,12,9,0,0.75,42.86,0.0,21,0,0,0,,,,
27190814201,ZPPSV TEMBHI,CLU3600581,VAIJAPUR,,16,1,56,29,27,0,0.93,48.21,0.0,56,0,0,0,,,,
27190806704,ZPPSV THENGWASTI JATEGAON,CLU3600581,VAIJAPUR,,16,1,14,7,7,0,1.0,50.0,0.0,14,0,0,0,,,,
27190816202,ZPPSV THOMBAREWASTI PURANGAON,CLU3600584,VAIJAPUR,,16,1,38,20,18,0,0.9,47.37,0.0,38,0,0,0,,,,
27190814405,ZPPSV THORAT WASTI  SATANA ROD NO 2,CLU3600579,VAIJAPUR,,16,1,18,9,9,0,1.0,50.0,0.0,18,0,0,0,,,,
27190814403,ZPPSV THORAT WASTI NO 1,CLU3600579,VAIJAPUR,,16,1,21,15,6,0,0.4,28.57,0.0,21,0,0,0,,,,
27190807016,ZPPSV THORATWASTI KHANDALA,CLU3600575,VAIJAPUR,,16,1,18,10,8,0,0.8,44.44,0.0,18,0,0,0,,,,
27190807803,ZPPSV THOREWASTI KAPUSWADGAON,CLU3600579,VAIJAPUR,,16,1,11,6,5,0,0.83,45.45,0.0,11,0,0,0,,,,
27190814001,ZPPSV TITARKHEDA,CLU3600570,VAIJAPUR,,16,1,24,13,11,0,0.85,45.83,0.0,24,0,0,0,,,,
27190810203,ZPPSV TRIBHUWAN WASTI NALEGOAN,CLU3600577,VAIJAPUR,,16,1,20,11,9,0,0.82,45.0,0.0,20,0,0,0,,,,
27190807014,ZPPSV TUKARAMWADI KHANDALA,CLU3600575,VAIJAPUR,,16,1,29,16,13,0,0.81,44.83,0.0,29,0,0,0,,,,
27190814301,ZPPSV UNDIRWADI,CLU3600578,VAIJAPUR,,16,1,22,11,11,0,1.0,50.0,0.0,22,0,0,0,,,,
27190807003,ZPPSV URDU KHANDALA,CLU3600575,VAIJAPUR,,16,6,298,69,229,0,3.32,76.85,0.0,164,102,32,0,,,,
27190812610,ZPPSV VEWHARE WASTI SHIVOOR,CLU3600568,VAIJAPUR,,16,1,11,3,8,0,2.67,72.73,0.0,11,0,0,0,,,,
27190810104,ZPPSV VIJAYWADI WASTI NARALA,CLU3600572,VAIJAPUR,,16,1,20,6,14,0,2.33,70.0,0.0,20,0,0,0,,,,
27190815001,ZPPSV WAKALA,CLU3600570,VAIJAPUR,,16,1,201,95,106,0,1.12,52.74,0.0,201,0,0,0,,,,
27190814901,ZPPSV WAKTI,CLU3600581,VAIJAPUR,,16,1,26,15,11,0,0.73,42.31,0.0,26,0,0,0,,,,
27190814601,ZPPSV WALAN,CLU3600574,VAIJAPUR,,16,1,43,16,27,0,1.69,62.79,0.0,43,0,0,0,,,,
27190813504,ZPPSV WARADE DHATRAK WASTI,CLU3600579,VAIJAPUR,,16,1,25,12,13,0,1.08,52.0,0.0,25,0,0,0,,,,
27190813505,ZPPSV WAYAL WASTI,CLU3600579,VAIJAPUR,,16,1,20,10,10,0,1.0,50.0,0.0,20,0,0,0,,,,
27190803702,ZPPSV YELLAMWASTI CHANDEGAON,CLU3600580,VAIJAPUR,,16,1,5,3,2,0,0.67,40.0,0.0,5,0,0,0,,,,
27190815201,ZPPSV ZOLEGAON,CLU3600573,VAIJAPUR,,16,1,31,18,13,0,0.72,41.94,0.0,31,0,0,0,,,,
27190800501,ZPPUPSV AGARSAIGAON,CLU3600585,VAIJAPUR,,16,2,167,76,91,0,1.2,54.49,0.0,104,63,0,0,,,,
27190800101,ZPPUPSV AGHUR,CLU3600571,VAIJAPUR,,16,2,106,51,55,0,1.08,51.89,0.0,74,32,0,0,,,,
27190800301,ZPPUPSV ALAPURWADI,CLU3600568,VAIJAPUR,,16,2,120,58,62,0,1.07,51.67,0.0,62,58,0,0,,,,
27190800401,ZPPUPSV AMANATPURWADI,CLU3600578,VAIJAPUR,,16,1,22,12,10,0,0.83,45.45,0.0,22,0,0,0,,,,
27190800201,ZPPUPSV ANCHALGAON,CLU3600570,VAIJAPUR,,16,2,222,105,117,0,1.11,52.7,0.0,119,103,0,0,,,,
27190800601,ZPPUPSV AWALGAON,CLU3600580,VAIJAPUR,,16,2,133,68,65,0,0.96,48.87,0.0,100,33,0,0,,,,
27190815901,ZPPUPSV BALHEGAON,CLU3600574,VAIJAPUR,,16,2,93,38,55,0,1.45,59.14,0.0,63,30,0,0,,,,
27190802501,ZPPUPSV BALLALISAGAJ,CLU3600583,VAIJAPUR,,16,2,88,39,49,0,1.26,55.68,0.0,49,39,0,0,,,,
27190800901,ZPPUPSV BELGAON,CLU3600569,VAIJAPUR,,16,2,125,63,62,0,0.98,49.6,0.0,70,55,0,0,,,,
27190801401,ZPPUPSV BENDWADI,CLU3600576,VAIJAPUR,,16,2,45,29,16,0,0.55,35.56,0.0,28,17,0,0,,,,
27190802201,ZPPUPSV BHABHULGAON BK,CLU3600582,VAIJAPUR,,16,2,265,107,158,0,1.48,59.62,0.0,160,105,0,0,,,,
27190802301,ZPPUPSV BHABHULGAON KH,CLU3600582,VAIJAPUR,,16,2,90,44,46,0,1.05,51.11,0.0,44,46,0,0,,,,
27190803601,ZPPUPSV BHABHULTEL,CLU3600570,VAIJAPUR,,16,2,127,58,69,0,1.19,54.33,0.0,72,55,0,0,,,,
27190801501,ZPPUPSV BHADALI,CLU3600570,VAIJAPUR,,16,2,309,148,161,0,1.09,52.1,0.0,175,134,0,0,,,,
27190802601,ZPPUPSV BHAGUR,CLU3600585,VAIJAPUR,,16,2,247,123,124,0,1.01,50.2,0.0,141,106,0,0,,,,
27190802101,ZPPUPSV BHAHEGAON,CLU3600582,VAIJAPUR,,16,1,24,12,12,0,1.0,50.0,0.0,24,0,0,0,,,,
27190802401,ZPPUPSV BHAIGAON GANGA,CLU3600578,VAIJAPUR,,16,6,192,107,85,0,0.79,44.27,0.0,67,78,47,0,,,,
27190800701,ZPPUPSV BHAIGAON VAIJAPUR,CLU3600571,VAIJAPUR,,16,6,290,128,162,0,1.27,55.86,0.0,137,119,34,0,,,,
27190802701,ZPPUPSV BHAUR,CLU3600569,VAIJAPUR,,16,2,66,30,36,0,1.2,54.55,0.0,35,31,0,0,,,,
27190801101,ZPPUPSV BHINGI,CLU3600577,VAIJAPUR,,16,1,32,10,22,0,2.2,68.75,0.0,32,0,0,0,,,,
27190801301,ZPPUPSV BHIVGAON,CLU3600577,VAIJAPUR,,16,2,123,59,64,0,1.08,52.03,0.0,73,50,0,0,,,,
27190802001,ZPPUPSV BHOKARGAON,CLU3600573,VAIJAPUR,,16,2,88,40,48,0,1.2,54.55,0.0,63,25,0,0,,,,
27190801001,ZPPUPSV BILONI,CLU3600572,VAIJAPUR,,16,2,216,113,103,0,0.91,47.69,0.0,150,66,0,0,,,,
27190803201,ZPPUPSV CHANDGAON,CLU3600571,VAIJAPUR,,16,2,204,113,91,0,0.81,44.61,0.0,136,68,0,0,,,,
27190803801,ZPPUPSV CHENDUPHAL,CLU3600580,VAIJAPUR,,16,1,28,13,15,0,1.15,53.57,0.0,28,0,0,0,,,,
27190803301,ZPPUPSV CHIKATGAON,CLU3600570,VAIJAPUR,,16,2,172,89,83,0,0.93,48.26,0.0,115,57,0,0,,,,
27190803401,ZPPUPSV CHINCHADGAON,CLU3600585,VAIJAPUR,,16,2,147,72,75,0,1.04,51.02,0.0,99,48,0,0,,,,
27190803501,ZPPUPSV CHORWAGHALGAON,CLU3600581,VAIJAPUR,,16,2,196,95,101,0,1.06,51.53,0.0,123,73,0,0,,,,
27190804201,ZPPUPSV DAGPIMPALGAON,CLU3600579,VAIJAPUR,,16,2,153,69,84,0,1.22,54.9,0.0,101,52,0,0,,,,
27190804501,ZPPUPSV DAWALA,CLU3600569,VAIJAPUR,,16,2,88,57,31,0,0.54,35.23,0.0,42,46,0,0,,,,
27190801203,ZPPUPSV DEODONGARI,CLU3600577,VAIJAPUR,,16,1,29,12,17,0,1.42,58.62,0.0,29,0,0,0,,,,
27190804001,ZPPUPSV DHONDALGAON,CLU3600576,VAIJAPUR,,16,2,259,137,122,0,0.89,47.1,0.0,125,134,0,0,,,,
27190805301,ZPPUPSV GADHEPIMPALGAON,CLU3600580,VAIJAPUR,,16,6,307,161,146,0,0.91,47.56,0.0,155,123,29,0,,,,
27190804901,ZPPUPSV GHAIGAON,CLU3600585,VAIJAPUR,,16,2,230,116,114,0,0.98,49.57,0.0,149,81,0,0,,,,
27190805101,ZPPUPSV GOLWADI,CLU3600583,VAIJAPUR,,16,2,108,46,62,0,1.35,57.41,0.0,68,40,0,0,,,,
27190805701,ZPPUPSV HADAS PIMPALGOAN,CLU3600578,VAIJAPUR,,16,2,143,69,74,0,1.07,51.75,0.0,90,53,0,0,,,,
27190805501,ZPPUPSV HAJIPURWADI,CLU3600568,VAIJAPUR,,16,2,150,71,79,0,1.11,52.67,0.0,86,64,0,0,,,,
27190805901,ZPPUPSV HANUMANTGOAN,CLU3600579,VAIJAPUR,,16,2,120,52,68,0,1.31,56.67,0.0,81,39,0,0,,,,
27190805401,ZPPUPSV HILALPUR,CLU3600572,VAIJAPUR,,16,1,30,16,14,0,0.88,46.67,0.0,30,0,0,0,,,,
27190805801,ZPPUPSV HINGONI,CLU3600569,VAIJAPUR,,16,2,66,35,31,0,0.89,46.97,0.0,31,35,0,0,,,,
27190812603,ZPPUPSV JADHAV WASTI SHIVOOR,CLU3600568,VAIJAPUR,,16,1,21,11,10,0,0.91,47.62,0.0,21,0,0,0,,,,
27190806601,ZPPUPSV JALGAON,CLU3600578,VAIJAPUR,,16,2,143,64,79,0,1.23,55.24,0.0,77,66,0,0,,,,
27190811404,ZPPUPSV JAMAN WADI,CLU3600576,VAIJAPUR,,16,2,156,72,84,0,1.17,53.85,0.0,71,85,0,0,,,,
27190806201,ZPPUPSV JAMBARGOAN,CLU3600585,VAIJAPUR,,16,2,152,87,65,0,0.75,42.76,0.0,108,44,0,0,,,,
27190806501,ZPPUPSV JAMBARKHEDA,CLU3600582,VAIJAPUR,,16,2,31,15,16,0,1.07,51.61,0.0,19,12,0,0,,,,
27190806301,ZPPUPSV JANEPHAL,CLU3600572,VAIJAPUR,,16,2,278,135,143,0,1.06,51.44,0.0,175,103,0,0,,,,
27190806101,ZPPUPSV JAROOL,CLU3600571,VAIJAPUR,,16,2,226,104,122,0,1.17,53.98,0.0,145,81,0,0,,,,
27190806701,ZPPUPSV JATEGAON,CLU3600581,VAIJAPUR,,16,2,207,105,102,0,0.97,49.28,0.0,111,96,0,0,,,,
27190808101,ZPPUPSV KANAKSAGAJ,CLU3600585,VAIJAPUR,,16,2,255,130,125,0,0.96,49.02,0.0,141,114,0,0,,,,
27190807801,ZPPUPSV KAPUSWADGAON,CLU3600579,VAIJAPUR,,16,2,131,59,72,0,1.22,54.96,0.0,63,68,0,0,,,,
27190807701,ZPPUPSV KARANJGAON,CLU3600583,VAIJAPUR,,16,2,124,65,59,0,0.91,47.58,0.0,48,76,0,0,,,,
27190808402,ZPPUPSV KAUTGAONWASTI LAKHKHANDALA,CLU3600575,VAIJAPUR,,16,1,21,6,15,0,2.5,71.43,0.0,21,0,0,0,,,,
27190807301,ZPPUPSV KHARAJ,CLU3600570,VAIJAPUR,,16,2,110,41,69,0,1.68,62.73,0.0,81,29,0,0,,,,
27190807601,ZPPUPSV KHIRDI KANNAD,CLU3600573,VAIJAPUR,,16,2,84,44,40,0,0.91,47.62,0.0,48,36,0,0,,,,
27190808501,ZPPUPSV LAKHANI,CLU3600582,VAIJAPUR,,16,2,34,18,16,0,0.89,47.06,0.0,21,13,0,0,,,,
27190808401,ZPPUPSV LAKHKHANDALA,CLU3600575,VAIJAPUR,,16,2,132,60,72,0,1.2,54.55,0.0,85,47,0,0,,,,
27190808201,ZPPUPSV LONI BUDRUK,CLU3600571,VAIJAPUR,,16,6,319,150,169,0,1.13,52.98,0.0,170,122,27,0,,,,
27190808301,ZPPUPSV LONI KHURD,CLU3600570,VAIJAPUR,,16,2,204,103,101,0,0.98,49.51,0.0,142,62,0,0,,,,
27190809601,ZPPUPSV MAHASAKI,CLU3600579,VAIJAPUR,,16,2,199,106,93,0,0.88,46.73,0.0,110,89,0,0,,,,
27190809501,ZPPUPSV MALI SAGAJ,CLU3600585,VAIJAPUR,,16,2,170,85,85,0,1.0,50.0,0.0,106,64,0,0,,,,
27190809401,ZPPUPSV MANDAKI,CLU3600582,VAIJAPUR,,16,2,93,50,43,0,0.86,46.24,0.0,57,36,0,0,,,,
27190809101,ZPPUPSV MANEGOAN,CLU3600574,VAIJAPUR,,16,2,70,33,37,0,1.12,52.86,0.0,47,23,0,0,,,,
27190810701,ZPPUPSV NADI,CLU3600579,VAIJAPUR,,16,2,143,72,71,0,0.99,49.65,0.0,74,69,0,0,,,,
27190810801,ZPPUPSV NAGAMTHAN,CLU3600580,VAIJAPUR,,16,2,236,129,107,0,0.83,45.34,0.0,134,102,0,0,,,,
27190810001,ZPPUPSV NAGINPIMPALGAON,CLU3600569,VAIJAPUR,,16,2,55,27,28,0,1.04,50.91,0.0,45,10,0,0,,,,
27190810201,ZPPUPSV NALEGAON,CLU3600577,VAIJAPUR,,16,2,157,81,76,0,0.94,48.41,0.0,106,51,0,0,,,,
27190809901,ZPPUPSV NANDGOAN,CLU3600571,VAIJAPUR,,16,2,41,27,14,0,0.52,34.15,0.0,24,17,0,0,,,,
27190810101,ZPPUPSV NARALA,CLU3600572,VAIJAPUR,,16,2,203,102,101,0,0.99,49.75,0.0,89,114,0,0,,,,
27190810401,ZPPUPSV NIMGAON,CLU3600568,VAIJAPUR,,16,2,256,138,118,0,0.86,46.09,0.0,78,178,0,0,,,,
27190815601,ZPPUPSV PALKHED,CLU3600583,VAIJAPUR,,16,2,278,130,148,0,1.14,53.24,0.0,182,96,0,0,,,,
27190811001,ZPPUPSV PANAV KHANDALA,CLU3600571,VAIJAPUR,,16,2,102,47,55,0,1.17,53.92,0.0,68,34,0,0,,,,
27190810901,ZPPUPSV PANAV KHURD,CLU3600571,VAIJAPUR,,16,2,99,54,45,0,0.83,45.45,0.0,60,39,0,0,,,,
27190811201,ZPPUPSV PANGAVAN,CLU3600575,VAIJAPUR,,16,1,28,12,16,0,1.33,57.14,0.0,28,0,0,0,,,,
27190811101,ZPPUPSV PANVI BK,CLU3600581,VAIJAPUR,,16,2,171,87,84,0,0.97,49.12,0.0,129,42,0,0,,,,
27190815301,ZPPUPSV PENDEPHAL,CLU3600568,VAIJAPUR,,16,2,46,21,25,0,1.19,54.35,0.0,33,13,0,0,,,,
27190815401,ZPPUPSV PIMPALGOAN KHURD,CLU3600574,VAIJAPUR,,16,2,88,48,40,0,0.83,45.45,0.0,66,22,0,0,,,,
27190815501,ZPPUPSV POKHARI,CLU3600573,VAIJAPUR,,16,6,270,146,124,0,0.85,45.93,0.0,100,123,47,0,,,,
27190816201,ZPPUPSV PURANGAON,CLU3600584,VAIJAPUR,,16,2,59,35,24,0,0.69,40.68,0.0,41,18,0,0,,,,
27190811601,ZPPUPSV RAGHUNATHPUR WADI,CLU3600568,VAIJAPUR,,16,2,128,72,56,0,0.78,43.75,0.0,69,59,0,0,,,,
27190811701,ZPPUPSV RAHEGOAN,CLU3600578,VAIJAPUR,,16,2,75,28,47,0,1.68,62.67,0.0,42,33,0,0,,,,
27190811901,ZPPUPSV RAJURA,CLU3600578,VAIJAPUR,,16,1,27,12,15,0,1.25,55.56,0.0,27,0,0,0,,,,
27190811501,ZPPUPSV ROTEGAON,CLU3600571,VAIJAPUR,,16,2,82,43,39,0,0.91,47.56,0.0,55,27,0,0,,,,
27190812501,ZPPUPSV SAFIYABADWADI,CLU3600568,VAIJAPUR,,16,2,371,176,195,0,1.11,52.56,0.0,189,182,0,0,,,,
27190812701,ZPPUPSV SAKEGOAN,CLU3600573,VAIJAPUR,,16,2,120,47,73,0,1.55,60.83,0.0,80,40,0,0,,,,
27190812101,ZPPUPSV SATANA,CLU3600579,VAIJAPUR,,16,2,133,63,70,0,1.11,52.63,0.0,81,52,0,0,,,,
27190813601,ZPPUPSV SAVKHED GANGA,CLU3600584,VAIJAPUR,,16,2,150,77,73,0,0.95,48.67,0.0,90,60,0,0,,,,
27190812401,ZPPUPSV SAVKHED KHANDALA,CLU3600574,VAIJAPUR,,16,2,113,54,59,0,1.09,52.21,0.0,77,36,0,0,,,,
27190812301,ZPPUPSV SAWANDGOAN,CLU3600576,VAIJAPUR,,16,2,221,100,121,0,1.21,54.75,0.0,145,76,0,0,,,,
27190807004,ZPPUPSV SAWATAWADI,CLU3600575,VAIJAPUR,,16,2,80,40,40,0,1.0,50.0,0.0,58,22,0,0,,,,
27190813301,ZPPUPSV SHAHAJATPUR,CLU3600578,VAIJAPUR,,16,2,52,23,29,0,1.26,55.77,0.0,43,9,0,0,,,,
27190813001,ZPPUPSV SHIVGOAN,CLU3600582,VAIJAPUR,,16,2,67,32,35,0,1.09,52.24,0.0,57,10,0,0,,,,
27190813501,ZPPUPSV SIRASGAON,CLU3600579,VAIJAPUR,,16,6,248,120,128,0,1.07,51.61,0.0,119,98,31,0,,,,
27190812801,ZPPUPSV SUDAMWADI,CLU3600577,VAIJAPUR,,16,6,300,164,136,0,0.83,45.33,0.0,162,114,24,0,,,,
27190812001,ZPPUPSV SURALA,CLU3600569,VAIJAPUR,,16,2,199,102,97,0,0.95,48.74,0.0,120,79,0,0,,,,
27190813701,ZPPUPSV TIDI,CLU3600571,VAIJAPUR,,16,2,177,95,82,0,0.86,46.33,0.0,105,72,0,0,,,,
27190813901,ZPPUPSV TUNKI,CLU3600570,VAIJAPUR,,16,2,94,51,43,0,0.84,45.74,0.0,55,39,0,0,,,,
27190814401,ZPPUPSV VEERGAON,CLU3600579,VAIJAPUR,,16,2,128,68,60,0,0.88,46.88,0.0,102,26,0,0,,,,
27190815101,ZPPUPSV WADJI,CLU3600572,VAIJAPUR,,16,2,256,120,136,0,1.13,53.12,0.0,149,107,0,0,,,,
27190814701,ZPPUPSV WAGHALA,CLU3600582,VAIJAPUR,,16,2,136,66,70,0,1.06,51.47,0.0,71,65,0,0,,,,
27190814801,ZPPUPSV WANJARGAON,CLU3600584,VAIJAPUR,,16,2,161,89,72,0,0.81,44.72,0.0,97,64,0,0,,,,
27190807101,ZPUPSV KOLHI,CLU3600577,VAIJAPUR,,16,2,153,78,75,0,0.96,49.02,0.0,87,66,0,0,,,,
27190801205,ZPUPtoSV BORSAR,CLU3600577,VAIJAPUR,,16,6,221,110,111,0,1.01,50.23,0.0,25,94,102,0,,,,
27190807002,ZPUPtoSV KHANDALA,CLU3600575,VAIJAPUR,,16,6,355,297,58,0,0.2,16.34,0.0,44,184,127,0,,,,
27190808603,ZPUPtoSV LASURGOAN,CLU3600578,VAIJAPUR,,16,6,568,294,274,0,0.93,48.24,0.0,14,318,236,0,,,,
27190809202,ZPUPtoSV MANOOR,CLU3600573,VAIJAPUR,,16,6,416,223,193,0,0.87,46.39,0.0,46,201,169,0,,,,
27190811403,ZPUPtoSV PARSODA,CLU3600576,VAIJAPUR,,16,6,346,177,169,0,0.95,48.84,0.0,42,155,149,0,,,,
27190812602,ZPUPtoSV SHIVOOR,CLU3600568,VAIJAPUR,,16,6,252,157,95,0,0.61,37.7,0.0,27,107,118,0,,,,
27190813102,ZPUPtoSV SHIVRAI,CLU3600583,VAIJAPUR,,16,6,252,123,129,0,1.05,51.19,0.0,26,123,103,0,,,,
27190815002,ZPUPtoSV WAKALA,CLU3600570,VAIJAPUR,,16,6,477,238,239,0,1.0,50.1,0.0,85,228,164,0,,,,
27190800803,sanjivani junior college,CLU3600569,VAIJAPUR,,27,11,319,165,154,0,0.93,48.28,0.0,0,0,0,319,,,,
