udise_code,school_name,students_2021_academic,students_2025_academic,avg_students,enrollment_change,enrollment_growth_pct,avg_calculated_promotion_rate,zero_promotion_years,latest_operational_status,latest_is_operational,school_category,students_2021_enrollment,students_2025_enrollment,total_change,growth_pressure,current_enrollment_pressure,meaningful_growth_percentile,enrollment_pressure_index_v2,trend_category,total_boys,total_girls,gender_parity_index,female_enrollment_pct,male_enrollment_pct,gender_enrollment_gap,niti_enrollment_priority,enrollment_priority_level,annual_enrollment_slope,predicted_enrollment_2030,predicted_student_increase_2025_2030,predicted_growth_pct_2025_2030,avg_predicted_annual_increase,future_enrollment_pressure,future_growth_percentile,meaningful_future_growth_percentile,combined_enrollment_pressure,historical_growth_percentile,niti_education_priority_score
27190114211,SYED KALEEMUDDIN URDU HIGH SCHOOL MISARWADI AURANGABAD ,154,168,160.8,14,9.090909090909092,100.0,0,ACTIVE,True,7,154,168,14,9.090909090909092,46.48846960167715,33.97239263803681,41.482038816221014,INCREASING,54,114,2.11,67.85714285714286,32.142857142857146,-60,41.482038816221014,LOW,3.7000000000006104,187.0,19.0,11.30952380952381,3.8,11.30952380952381,71.02212855637514,77.60736196319019,55.93216807500869,33.97239263803681,49.34423544391712
27190219474,MOUNT VALLEY TECHNO SCHOOL,38,41,39.4,3,7.894736842105263,100.0,0,ACTIVE,True,2,38,41,3,7.894736842105263,14.41299790356394,,14.41299790356394,INCREASING,18,23,1.28,56.09756097560976,43.90243902439025,-5,14.41299790356394,NOT_APPLICABLE,0.7000000000001103,45.0,4.0,9.75609756097561,0.8,9.75609756097561,11.116965226554267,,14.41299790356394,,14.41299790356394
27190219487,"SAI DREAMZ SCHOOL	_x000D_
",9,10,9.6,1,11.11111111111111,0.0,5,ACTIVE,True,8,9,10,1,11.11111111111111,4.40251572327044,,4.40251572327044,INCREASING,8,2,0.25,20.0,80.0,6,4.40251572327044,NOT_APPLICABLE,0.3000000000000415,12.0,2.0,20.0,0.4,20.0,99.15700737618546,,4.40251572327044,,4.40251572327044
27190219493,"ARISE INTERNATIONAL  SCHOOL._x000D_
CIDCO.CHH.SAMBHAJINAGR",205,224,214.4,19,9.268292682926829,100.0,0,ACTIVE,True,2,205,224,19,9.268292682926829,57.285115303983225,42.8680981595092,51.518308446193615,INCREASING,128,96,0.75,42.857142857142854,57.14285714285714,32,51.518308446193615,MEDIUM,4.800000000000755,248.0,24.0,10.714285714285714,4.8,10.714285714285714,44.57323498419389,46.54907975460122,49.53061696955666,42.8680981595092,47.53186132654242
27191000101,BOON ENGLISH PS,305,334,319.4,29,9.508196721311474,100.0,0,ACTIVE,True,2,305,334,29,9.508196721311474,71.9077568134172,58.12883435582822,66.3961878303816,INCREASING,166,168,1.01,50.29940119760479,49.700598802395206,-2,66.3961878303816,MEDIUM,7.100000000001081,370.0,36.0,10.778443113772456,7.2,10.778443113772456,46.25922023182297,48.466257668711656,59.22421576571362,58.12883435582822,58.895601342747995
27191000103,CPS HARSUL,288,315,300.8,27,9.375,100.0,0,ACTIVE,True,2,288,315,27,9.375,69.54926624737946,49.233128834355824,61.42281128217,INCREASING,172,143,0.83,45.3968253968254,54.6031746031746,29,61.42281128217,MEDIUM,6.900000000001153,350.0,35.0,11.11111111111111,7.0,11.11111111111111,62.328767123287676,67.48466257668711,63.84755179997685,49.233128834355824,59.46322491029054
27191000104,PS NAVIN VASAHAT HARSUL,140,152,145.6,12,8.571428571428571,88.2102707953951,0,ACTIVE,True,2,140,152,12,8.571428571428571,43.81551362683438,12.269938650306749,31.19728363622333,INCREASING,71,81,1.14,53.289473684210535,46.71052631578947,-10,31.19728363622333,LOW,3.0000000000004916,167.0,15.0,9.868421052631579,3.0,9.868421052631579,13.38250790305585,9.969325153374232,22.70610024308369,12.269938650306749,19.575251765250606
27191000105,DADOJI KONDDEV HS,180,197,189.2,17,9.444444444444445,100.0,0,ACTIVE,True,6,180,197,17,9.444444444444445,52.620545073375254,53.757668711656436,53.075394528687724,INCREASING,114,83,0.73,42.13197969543147,57.868020304568525,31,53.075394528687724,MEDIUM,4.200000000000549,218.0,21.0,10.65989847715736,4.2,10.65989847715736,41.99157007376185,43.174846625766875,49.115175367519385,53.757668711656436,50.507923370760494
27191000106,PS HARSUL URDU,52,57,54.6,5,9.615384615384617,100.0,0,ACTIVE,True,2,52,57,5,9.615384615384617,19.07756813417191,,19.07756813417191,INCREASING,31,26,0.84,45.614035087719294,54.385964912280706,5,19.07756813417191,NOT_APPLICABLE,1.3000000000001912,64.0,7.0,12.280701754385964,1.4,12.280701754385964,92.51844046364594,,19.07756813417191,,19.07756813417191
27191000107,SANT DNYANESHWAR P.S. HARSUL,241,264,252.6,23,9.54356846473029,85.4902128835143,0,ACTIVE,True,1,241,264,23,9.54356846473029,64.67505241090147,59.8159509202454,62.731411814639046,INCREASING,136,128,0.94,48.484848484848484,51.515151515151516,8,62.731411814639046,MEDIUM,5.9000000000009125,294.0,30.0,11.363636363636363,6.0,11.363636363636363,73.49841938883034,80.52147239263803,69.84743604583863,59.8159509202454,66.83799050816066
27191000109,YASHADA PUBLIC SCHOOL,518,566,541.0,48,9.266409266409266,100.0,0,ACTIVE,True,2,518,566,48,9.266409266409266,88.41719077568135,42.63803680981595,70.10552918933519,INCREASING,306,260,0.85,45.936395759717314,54.06360424028268,46,70.10552918933519,MEDIUM,12.700000000002143,630.0,64.0,11.307420494699647,12.8,11.307420494699647,70.86406743940991,77.37730061349694,73.01423775899988,42.63803680981595,63.901377474244704
27191000110,LAXMIKANT VIDYALAYA N-11 HUDCO,194,213,203.0,19,9.793814432989691,82.45320169197639,0,ACTIVE,True,2,194,213,19,9.793814432989691,54.926624737945495,75.4601226993865,63.1400239225219,INCREASING,114,99,0.87,46.478873239436616,53.52112676056338,15,63.1400239225219,MEDIUM,4.8000000000007965,237.0,24.0,11.267605633802818,4.8,11.267605633802818,68.80927291886196,75.07668711656443,67.91468920013891,75.4601226993865,70.17831924991319
27191000111,NEW HS AND JR.COLLEGE,1055,1168,1110.4,113,10.710900473933648,74.54695045622495,0,ACTIVE,True,3,1055,1168,113,10.710900473933648,96.64570230607966,98.46625766871165,97.37392445113245,INCREASING,716,452,0.63,38.6986301369863,61.3013698630137,264,97.37392445113245,HIGH,27.10000000000415,1304.0,136.0,11.643835616438356,27.2,11.643835616438356,83.40358271865121,91.33435582822086,94.95809700196781,98.46625766871165,96.01054520199096
27191000112,JYOTI VIDYA MANDIR PS SARAFA,155,168,161.0,13,8.38709677419355,100.0,0,ACTIVE,True,2,155,168,13,8.38709677419355,46.48846960167715,6.748466257668712,30.592468264073773,INCREASING,112,56,0.5,33.33333333333333,66.66666666666666,56,30.592468264073773,LOW,3.30000000000057,185.0,17.0,10.119047619047619,3.4,10.119047619047619,20.442571127502635,18.25153374233129,25.65609445537678,6.748466257668712,19.983805996064362
27191000113,EKNATH VIDYA MANDIR HARSOOL,121,133,127.0,12,9.917355371900827,61.221304827407494,0,ACTIVE,True,2,121,133,12,9.917355371900827,39.884696016771485,82.1319018404908,56.78357834625922,INCREASING,90,43,0.48,32.33082706766917,67.66917293233082,47,56.78357834625922,MEDIUM,3.0000000000004645,148.0,15.0,11.278195488721805,3.0,11.278195488721805,69.28345626975764,75.69018404907976,64.34622062738744,82.1319018404908,69.68192499131844
27191000114,ALMADANI PS,124,136,130.4,12,9.67741935483871,100.0,0,ACTIVE,True,2,124,136,12,9.67741935483871,40.61844863731656,69.32515337423312,52.10113053208319,INCREASING,63,73,1.16,53.67647058823529,46.32352941176471,-10,52.10113053208319,MEDIUM,2.800000000000353,150.0,14.0,10.294117647058822,2.8,10.294117647058822,27.449947312961008,26.226993865030675,41.75147586526218,69.32515337423312,50.02357911795346
27191000116,DR PATANGRAO KADAM URDU PS HARSUL,244,267,255.6,23,9.426229508196721,100.0,0,ACTIVE,True,2,244,267,23,9.426229508196721,65.09433962264151,52.30061349693251,59.97684917235791,INCREASING,105,162,1.54,60.67415730337079,39.325842696629216,-57,59.97684917235791,MEDIUM,5.7000000000008395,296.0,29.0,10.861423220973784,5.8,10.861423220973784,50.474183350895686,53.220858895705526,57.27445306169696,52.30061349693251,55.782301192267624
27191000117,HARSUL URDU HS AMAR JOYTHI,232,253,242.4,21,9.051724137931034,100.0,0,ACTIVE,True,7,232,253,21,9.051724137931034,62.94549266247379,32.43865030674847,50.74275572018366,INCREASING,92,161,1.75,63.63636363636363,36.36363636363637,-69,50.74275572018366,MEDIUM,5.300000000000822,280.0,27.0,10.67193675889328,5.4,10.67193675889328,42.67650158061117,44.01840490797546,48.05301539530038,32.43865030674847,43.3687058687348
27191000118,HARSUL URDU PS  AMAR JYOTHI,461,504,481.8,43,9.327548806941431,100.0,0,ACTIVE,True,2,461,504,43,9.327548806941431,85.32494758909853,46.16564417177914,69.66122622217077,INCREASING,199,305,1.53,60.51587301587301,39.48412698412698,-106,69.66122622217077,MEDIUM,11.100000000001844,560.0,56.0,11.11111111111111,11.2,11.11111111111111,62.328767123287676,67.48466257668711,68.79060076397731,46.16564417177914,62.003113786317854
27191000119,PA PU BHARATRATNA BABASAHEB AMBEDKAR INTERNATINAL SCHOOL,4,4,4.0,0,0.0,0.0,5,ACTIVE,True,2,4,4,0,0.0,2.410901467505241,,2.410901467505241,STABLE_LOW_ENROLLMENT,2,2,1.0,50.0,50.0,0,2.410901467505241,NOT_APPLICABLE,-7.117279225292963e-16,4.0,0.0,0.0,0.0,0.0,1.36986301369863,,2.410901467505241,,2.410901467505241
27191000121,RAJE CHHATRAPATI SHIVAJI PRA. VIDYALAYA SHIVESHWAR COL,39,43,41.0,4,10.256410256410255,36.299105593265246,0,ACTIVE,True,1,39,43,4,10.256410256410255,15.199161425576522,,15.199161425576522,INCREASING,24,19,0.79,44.18604651162791,55.81395348837209,5,15.199161425576522,NOT_APPLICABLE,1.000000000000151,48.0,5.0,11.627906976744185,1.0,11.627906976744185,82.82402528977872,,15.199161425576522,,15.199161425576522
27191000122,MAULANA AZAD MAHAVIDYALYA,2297,2522,2410.8,225,9.79538528515455,76.84996915726819,0,ACTIVE,True,11,2297,2522,225,9.79538528515455,99.895178197065,75.61349693251533,90.18250569124513,INCREASING,1393,1129,0.81,44.76605868358446,55.233941316415546,264,90.18250569124513,HIGH,56.200000000008565,2803.0,281.0,11.141950832672483,56.2,11.141950832672483,63.96206533192834,68.55828220858896,81.53281629818267,75.61349693251533,79.75702048848245
27191000123,LITTLE MASTER ENG HS HARSUL,55,60,57.6,5,9.090909090909092,100.0,0,ACTIVE,True,3,55,60,5,9.090909090909092,19.968553459119498,,19.968553459119498,INCREASING,42,18,0.43,30.0,70.0,24,19.968553459119498,NOT_APPLICABLE,1.2000000000001638,66.0,6.0,10.0,1.2,10.0,17.281348788198102,,19.968553459119498,,19.968553459119498
27191000124,RAJMATA JIJAU PUBLIC SCHOOL HARSUL,335,366,350.2,31,9.253731343283581,77.54321762950887,0,ACTIVE,True,2,335,366,31,9.253731343283581,75.47169811320755,41.79447852760736,62.00081027896748,INCREASING,207,159,0.77,43.44262295081967,56.557377049180324,48,62.00081027896748,MEDIUM,7.500000000001144,404.0,38.0,10.382513661202186,7.6,10.382513661202186,31.29610115911486,30.67484662576687,49.47042481768723,41.79447852760736,47.16764093066327
27191000125,DNYANAI PUBLIC SCHOOL,215,235,225.0,20,9.30232558139535,63.33339006232202,0,ACTIVE,True,2,215,235,20,9.30232558139535,59.74842767295597,44.70858895705521,53.732492186595664,INCREASING,128,107,0.84,45.53191489361702,54.46808510638298,21,53.732492186595664,MEDIUM,5.200000000000814,261.0,26.0,11.063829787234042,5.2,11.063829787234042,59.79978925184405,65.10736196319019,58.282440097233476,44.70858895705521,54.21028475517999
27191000126,AGASTI PS HARSUL,431,472,450.0,41,9.51276102088167,100.0,0,ACTIVE,True,2,431,472,41,9.51276102088167,83.64779874213836,58.435582822085884,73.56291237411737,INCREASING,269,203,0.75,43.00847457627119,56.99152542372882,66,73.56291237411737,MEDIUM,9.700000000001587,521.0,49.0,10.38135593220339,9.8,10.38135593220339,31.08535300316122,30.368098159509206,56.28498668827411,58.435582822085884,56.93016552841764
27191000127,NAVBHARAT MADHYAMIK VIDYALAY,232,250,240.0,18,7.758620689655173,100.0,0,ACTIVE,True,7,232,250,18,7.758620689655173,62.42138364779875,1.0736196319018405,37.88227804143999,INCREASING,154,96,0.62,38.4,61.6,58,37.88227804143999,LOW,4.80000000000089,274.0,24.0,9.6,4.8,9.6,8.535300316122234,4.9079754601226995,24.69255700891307,1.0736196319018405,17.6068757958097
27191000128,MNC HS  HARSUL GAON,57,62,59.2,5,8.771929824561402,100.0,0,ACTIVE,True,8,57,62,5,8.771929824561402,21.0167714884696,,21.0167714884696,INCREASING,38,24,0.63,38.70967741935484,61.29032258064516,14,21.0167714884696,NOT_APPLICABLE,1.4000000000002628,69.0,7.0,11.29032258064516,1.4,11.29032258064516,69.75763962065332,,21.0167714884696,,21.0167714884696
27191000129,SUPER THIRTY ENG PS JATWADA ROAD,700,764,733.6,64,9.142857142857142,100.0,0,ACTIVE,True,6,700,764,64,9.142857142857142,93.29140461215934,36.19631901840491,70.45337037465757,INCREASING,412,352,0.85,46.07329842931937,53.92670157068062,60,70.45337037465757,MEDIUM,16.500000000002366,847.0,83.0,10.863874345549739,16.6,10.863874345549739,50.579557428872505,53.37423312883436,63.62171547632829,36.19631901840491,55.39409653895127
27191000130,BOON ENGLISH  H S,165,180,172.6,15,9.090909090909092,100.0,0,ACTIVE,True,7,165,180,15,9.090909090909092,48.42767295597484,33.97239263803681,42.64556082879963,INCREASING,100,80,0.8,44.44444444444444,55.55555555555556,20,42.64556082879963,LOW,3.6000000000005277,198.0,18.0,10.0,3.6,10.0,17.281348788198102,14.64723926380368,31.44623220280125,33.97239263803681,32.20408033337192
27191000133,NEW SYMBIOSIS ENGLISH SCHOOL,114,124,118.6,10,8.771929824561402,100.0,0,ACTIVE,True,2,114,124,10,8.771929824561402,38.05031446540881,19.171779141104295,30.498900335687004,INCREASING,72,52,0.72,41.935483870967744,58.06451612903226,20,30.498900335687004,LOW,2.700000000000482,138.0,14.0,11.29032258064516,2.8,11.29032258064516,69.75763962065332,76.07361963190185,48.728788054172945,19.171779141104295,39.86168538025235
27191000134,GIRISH DNYANSANSKAR VIDYALAYA HARSUL,111,122,116.4,11,9.90990990990991,100.0,0,ACTIVE,True,1,111,122,11,9.90990990990991,37.36897274633124,81.51840490797547,55.02874561098893,INCREASING,75,47,0.63,38.52459016393443,61.47540983606557,28,55.02874561098893,MEDIUM,2.8000000000004532,136.0,14.0,11.475409836065573,2.8,11.475409836065573,76.8177028451001,84.3558282208589,66.75957865493692,81.51840490797547,71.18722653084848
27191000135,AL-MADNI URDU HIGH SCHOOL,27,29,27.8,2,7.4074074074074066,0.0,5,ACTIVE,True,8,27,29,2,7.4074074074074066,10.69182389937107,,10.69182389937107,INCREASING,11,18,1.64,62.06896551724138,37.93103448275862,-7,10.69182389937107,NOT_APPLICABLE,0.5000000000000984,32.0,3.0,10.344827586206897,0.6,10.344827586206897,29.610115911485774,,10.69182389937107,,10.69182389937107
27191000136,JYOTI VIDYA MANDIR HIGH SCHOOL,46,50,47.8,4,8.695652173913043,100.0,0,ACTIVE,True,8,46,50,4,8.695652173913043,17.348008385744233,,17.348008385744233,INCREASING,28,22,0.79,44.0,56.00000000000001,6,17.348008385744233,NOT_APPLICABLE,0.9000000000001452,55.0,5.0,10.0,1.0,10.0,17.281348788198102,,17.348008385744233,,17.348008385744233
27191000138,SAVITRIBAI PHULE MUKBADHIR NIVASI VIDYALAY,21,23,21.8,2,9.523809523809524,100.0,0,ACTIVE,True,1,21,23,2,9.523809523809524,8.80503144654088,,8.80503144654088,INCREASING,14,9,0.64,39.130434782608695,60.86956521739131,5,8.80503144654088,NOT_APPLICABLE,0.5000000000000978,26.0,3.0,13.043478260869565,0.6,13.043478260869565,95.41622760800843,,8.80503144654088,,8.80503144654088
27191000139,SW. INDIRA GANDHI ASTHIVYANG NIVASI VIDYALAY,20,22,21.2,2,10.0,100.0,0,ACTIVE,True,1,20,22,2,10.0,8.228511530398324,,8.228511530398324,INCREASING,13,9,0.69,40.909090909090914,59.09090909090909,4,8.228511530398324,NOT_APPLICABLE,0.5000000000000546,25.0,3.0,13.636363636363635,0.6,13.636363636363635,96.52265542676501,,8.228511530398324,,8.228511530398324
27191000140,VISHWABHARTI CONVENT SCHOOL,326,359,343.0,33,10.122699386503067,100.0,0,ACTIVE,True,2,326,359,33,10.122699386503067,74.63312368972747,90.49079754601227,80.9761932322414,INCREASING,202,157,0.78,43.73259052924791,56.26740947075209,45,80.9761932322414,HIGH,8.600000000001316,402.0,43.0,11.977715877437326,8.6,11.977715877437326,89.46259220231822,96.93251533742331,87.35872207431416,90.49079754601227,88.29834471582359
27191000141,PRIME STAR ENGLISH SCHOOL,434,476,455.6,42,9.67741935483871,100.0,0,ACTIVE,True,2,434,476,42,9.67741935483871,84.0670859538784,69.32515337423312,78.17031292202029,INCREASING,300,176,0.59,36.97478991596639,63.02521008403361,124,78.17031292202029,HIGH,10.300000000001456,528.0,52.0,10.92436974789916,10.4,10.92436974789916,53.63540569020021,56.901840490797554,69.66292394953119,69.32515337423312,69.56159277694177
27191000142,PRIME STAR ENGLISH HIGH SCHOOL & JR COLLEGE,80,87,83.2,7,8.75,100.0,0,ACTIVE,True,10,80,87,7,8.75,28.511530398322847,,28.511530398322847,INCREASING,54,33,0.61,37.93103448275862,62.06896551724138,21,28.511530398322847,LOW,1.8000000000003102,96.0,9.0,10.344827586206897,1.8,10.344827586206897,29.610115911485774,,28.511530398322847,,28.511530398322847
27191000143,YASHADA PUBLIC SCHOOL,205,226,216.2,21,10.24390243902439,100.0,0,ACTIVE,True,7,205,226,21,10.24390243902439,57.75681341719078,93.86503067484662,72.20010032025311,INCREASING,117,109,0.93,48.23008849557522,51.76991150442478,8,72.20010032025311,MEDIUM,4.900000000000627,251.0,25.0,11.061946902654867,5.0,11.061946902654867,59.43097997892518,64.57055214723927,69.14828105104758,93.86503067484662,76.56330593818728
27191000144,AN-NOOR ENGLISH SCHOOL,2,2,2.0,0,0.0,100.0,0,ACTIVE,True,1,2,2,0,0.0,1.4150943396226416,,1.4150943396226416,STABLE_LOW_ENROLLMENT,0,2,1.0,100.0,0.0,-2,1.4150943396226416,NOT_APPLICABLE,-3.5586396126464817e-16,2.0,0.0,0.0,0.0,0.0,1.36986301369863,,1.4150943396226416,,1.4150943396226416
27191000147,M.R.S. INERNATIONAL ENGLISH PS HUDCO PARISAR,19,21,20.0,2,10.526315789473683,100.0,0,ACTIVE,True,2,19,21,2,10.526315789473683,7.756813417190776,,7.756813417190776,INCREASING,7,14,2.0,66.66666666666666,33.33333333333333,-7,7.756813417190776,NOT_APPLICABLE,0.4000000000000477,23.0,2.0,9.523809523809524,0.4,9.523809523809524,7.4288724973656475,,7.756813417190776,,7.756813417190776
27191000152,WINCHESTER INTERNATIONAL ENGLISH SCHOOL JATWADA ROAD,371,408,389.4,37,9.973045822102426,100.0,0,ACTIVE,True,3,371,408,37,9.973045822102426,78.87840670859538,84.96932515337423,81.31477408650693,INCREASING,228,180,0.79,44.11764705882353,55.88235294117647,48,81.31477408650693,HIGH,9.600000000001511,456.0,48.0,11.76470588235294,9.6,11.76470588235294,85.87987355110643,93.25153374233128,86.08947794883667,84.96932515337423,85.75343211019793
27191000155,DR APJ ABDUL KALAM PRIMARY HIGH SCHOOL AND JR COLLEGE HARSUL,166,182,174.2,16,9.63855421686747,100.0,0,ACTIVE,True,3,166,182,16,9.63855421686747,48.79454926624738,66.33435582822086,55.81047189103677,INCREASING,113,69,0.61,37.91208791208791,62.08791208791209,44,55.81047189103677,MEDIUM,4.0000000000005835,202.0,20.0,10.989010989010989,4.0,10.989010989010989,56.58587987355111,60.50613496932515,57.68873712235212,66.33435582822086,60.28242273411274
27191000156,GURUKUL MARATHI PRATHAMIK SHALA,76,83,79.8,7,9.210526315789473,100.0,0,ACTIVE,True,2,76,83,7,9.210526315789473,27.358490566037734,,27.358490566037734,INCREASING,37,46,1.24,55.42168674698795,44.57831325301205,-9,27.358490566037734,LOW,1.8000000000002476,92.0,9.0,10.843373493975903,1.8,10.843373493975903,49.52581664910432,,27.358490566037734,,27.358490566037734
27191000157,DAR AL ARQAM PUBLIC SCHOOL,366,403,385.0,37,10.10928961748634,100.0,0,ACTIVE,True,3,366,403,37,10.10928961748634,78.51153039832285,90.33742331288343,83.24188756414708,INCREASING,204,199,0.98,49.37965260545906,50.62034739454094,5,83.24188756414708,HIGH,9.00000000000127,448.0,45.0,11.166253101736972,9.0,11.166253101736972,64.54162276080085,69.40184049079755,77.70586873480727,90.33742331288343,81.49533510823011
27191000159,Matoshree jijau prathmik vidyalay,210,227,217.6,17,8.095238095238095,100.0,0,ACTIVE,True,2,210,227,17,8.095238095238095,57.91404612159329,3.067484662576687,35.97542153798665,INCREASING,122,105,0.86,46.25550660792951,53.74449339207048,17,35.97542153798665,LOW,4.400000000000789,249.0,22.0,9.691629955947137,4.4,9.691629955947137,10.221285563751318,6.748466257668712,24.284639425859474,3.067484662576687,17.919492996874634
27191000160,TOPPERS ACADEMY ENGLISH SCHOOL AND JR COLLEGE HARSUL,135,146,140.2,11,8.148148148148149,100.0,0,ACTIVE,True,3,135,146,11,8.148148148148149,42.29559748427673,3.6809815950920246,26.849751128602847,INCREASING,78,68,0.87,46.57534246575342,53.42465753424658,10,26.849751128602847,LOW,2.8000000000004626,160.0,14.0,9.58904109589041,2.8,9.58904109589041,8.429926238145416,4.754601226993866,18.011691167959253,3.6809815950920246,13.712478296099084
27191000163,SANSKARS SHANTINIKETAN ACADEMY,55,60,57.6,5,9.090909090909092,0.0,5,ACTIVE,True,2,55,60,5,9.090909090909092,19.968553459119498,,19.968553459119498,INCREASING,35,25,0.71,41.66666666666667,58.333333333333336,10,19.968553459119498,NOT_APPLICABLE,1.2000000000001638,66.0,6.0,10.0,1.2,10.0,17.281348788198102,,19.968553459119498,,19.968553459119498
27191000164,MOONSTAR GLOBAL SCHOOL ,1,1,1.0,0,0.0,100.0,0,ACTIVE,True,2,1,1,0,0.0,0.8385744234800839,,0.8385744234800839,STABLE_LOW_ENROLLMENT,0,1,1.0,100.0,0.0,-1,0.8385744234800839,NOT_APPLICABLE,-1.7793198063232408e-16,1.0,0.0,0.0,0.0,0.0,1.36986301369863,,0.8385744234800839,,0.8385744234800839
27191000203,ST. JOHN PS,218,238,228.2,20,9.174311926605505,100.0,0,ACTIVE,True,2,218,238,20,9.174311926605505,60.58700209643606,37.5,51.35220125786164,INCREASING,123,115,0.93,48.319327731092436,51.68067226890757,8,51.35220125786164,MEDIUM,5.100000000000763,264.0,26.0,10.92436974789916,5.2,10.92436974789916,53.63540569020021,56.901840490797554,53.572056951036004,37.5,48.7504398657252
27191000204,SHRI SANT BHAGWAN BABA PS,309,340,323.4,31,10.032362459546926,100.0,0,ACTIVE,True,2,309,340,31,10.032362459546926,72.48427672955975,87.26993865030674,78.39854149785856,INCREASING,194,146,0.75,42.94117647058823,57.05882352941176,48,78.39854149785856,HIGH,7.800000000001307,379.0,39.0,11.470588235294118,7.8,11.470588235294118,76.50158061116966,84.04907975460122,80.65875680055564,87.26993865030674,82.64211135548096
27191000205,SW. SINDHU MEMORIAL MADH. VIDYALAY,335,366,350.2,31,9.253731343283581,100.0,0,ACTIVE,True,7,335,366,31,9.253731343283581,75.47169811320755,41.79447852760736,62.00081027896748,INCREASING,191,175,0.92,47.81420765027322,52.18579234972678,16,62.00081027896748,MEDIUM,7.8000000000012575,405.0,39.0,10.655737704918032,7.8,10.655737704918032,41.78082191780822,42.8680981595092,54.34772543118416,41.79447852760736,50.58175136011111
27191000206,RASHTRAKUT PRATHAMIK VIDYALAYA,624,686,656.2,62,9.935897435897436,100.0,0,ACTIVE,True,2,624,686,62,9.935897435897436,91.71907756813418,83.43558282208589,88.40567966971486,INCREASING,320,366,1.14,53.352769679300295,46.647230320699705,-46,88.40567966971486,HIGH,14.900000000002057,761.0,75.0,10.932944606413994,15.0,10.932944606413994,53.84615384615385,57.20858895705522,75.926843384651,83.43558282208589,78.17946521588146
27191000208,SHREE TULJABHAWANI PRIMARY VIDYALAYA,433,472,451.2,39,9.006928406466514,63.47808951573127,0,ACTIVE,True,2,433,472,39,9.006928406466514,83.64779874213836,30.981595092024538,62.58131728209283,INCREASING,244,228,0.93,48.30508474576271,51.69491525423729,16,62.58131728209283,MEDIUM,10.400000000001803,524.0,52.0,11.016949152542372,10.4,11.016949152542372,57.692307692307686,62.0398773006135,62.3647412895011,30.981595092024538,52.94979743025812
27191000209,SANSKAR BALAK MANDIR,969,1063,1016.6,94,9.700722394220847,100.0,0,ACTIVE,True,2,969,1063,94,9.700722394220847,96.0691823899371,70.39877300613497,85.80101863641625,INCREASING,552,511,0.93,48.07149576669802,51.92850423330198,41,85.80101863641625,HIGH,22.700000000003335,1177.0,114.0,10.72436500470367,22.8,10.72436500470367,44.99473129610116,46.93251533742331,70.25361731681907,70.39877300613497,70.29716402361385
27191000210,SANSKAR PS,751,822,785.8,71,9.454061251664447,91.5749991096614,0,ACTIVE,True,2,751,822,71,9.454061251664447,93.81551362683437,55.061349693251536,78.31384805340124,INCREASING,440,382,0.87,46.47201946472019,53.52798053527981,58,78.31384805340124,HIGH,17.90000000000284,912.0,90.0,10.948905109489052,18.0,10.948905109489052,54.899894625922016,58.58895705521472,70.42389165412663,55.061349693251536,65.8151290658641
27191000211,SAIRAM ENG PS (GOODWORD ENG SCHOOL),81,88,84.2,7,8.641975308641975,100.0,0,ACTIVE,True,2,81,88,7,8.641975308641975,28.721174004192875,,28.721174004192875,INCREASING,39,49,1.26,55.68181818181818,44.31818181818182,-10,28.721174004192875,LOW,1.8000000000003082,97.0,9.0,10.227272727272728,1.8,10.227272727272728,24.130663856691253,,28.721174004192875,,28.721174004192875
27191000213,SHREE VENKATESH PS JADHAVWADI,235,258,247.4,23,9.787234042553191,56.28948893830811,0,ACTIVE,True,2,235,258,23,9.787234042553191,63.62683438155137,75.30674846625767,68.2988000154339,INCREASING,119,139,1.17,53.875968992248055,46.12403100775194,-20,68.2988000154339,MEDIUM,6.000000000000842,288.0,30.0,11.627906976744185,6.0,11.627906976744185,82.82402528977872,90.79754601226993,77.2982984141683,75.30674846625767,76.70083342979511
27191000214,ORIENT ENG SCHOOL MAYUR PARK,298,327,313.0,29,9.731543624161073,100.0,0,ACTIVE,True,3,298,327,29,9.731543624161073,70.64989517819707,72.46932515337423,71.37766716826793,INCREASING,189,138,0.73,42.201834862385326,57.798165137614674,51,71.37766716826793,MEDIUM,7.3000000000010665,364.0,37.0,11.314984709480122,7.4,11.314984709480122,71.33825079030558,78.06748466257669,74.05359416599143,72.46932515337423,73.57831346220627
27191000215,RISING STAR BALAK MANDIR PS JADHAV WADI,619,675,646.4,56,9.046849757673666,100.0,0,ACTIVE,True,2,619,675,56,9.046849757673666,91.40461215932913,32.055214723926376,67.66485318516803,INCREASING,336,339,1.01,50.22222222222222,49.77777777777778,-3,67.66485318516803,MEDIUM,13.800000000002152,744.0,69.0,10.222222222222223,13.8,10.222222222222223,23.656480505795574,22.162576687116562,49.463942585947436,32.055214723926376,44.24132422734112
27191000216,RISING STAR ENG SCHOOL JADHAV  WADI,166,184,175.6,18,10.843373493975903,2.523271442164519,0,ACTIVE,True,6,166,184,18,10.843373493975903,49.37106918238994,99.69325153374233,69.49994212293089,INCREASING,87,96,1.1,52.17391304347826,47.28260869565217,-9,69.49994212293089,MEDIUM,4.400000000000588,206.0,22.0,11.956521739130435,4.4,11.956521739130435,89.304531085353,96.77914110429448,80.41162171547631,99.69325153374233,86.19611066095611
27191000217,ST. JOHN ENGLISH HIGH SCHOOL,48,52,49.8,4,8.333333333333332,100.0,0,ACTIVE,True,8,48,52,4,8.333333333333332,18.029350104821802,,18.029350104821802,INCREASING,35,17,0.49,32.69230769230769,67.3076923076923,18,18.029350104821802,NOT_APPLICABLE,1.000000000000177,57.0,5.0,9.615384615384617,1.0,9.615384615384617,9.009483667017912,,18.029350104821802,,18.029350104821802
27191000218,SANSKAR MADHYAMIC VIDYALAYA,466,513,490.6,47,10.085836909871244,100.0,0,ACTIVE,True,8,466,513,47,10.085836909871244,85.84905660377359,89.2638036809816,87.21495543465679,INCREASING,268,245,0.91,47.758284600389864,52.241715399610136,23,87.21495543465679,HIGH,11.400000000001567,570.0,57.0,11.11111111111111,11.4,11.11111111111111,62.328767123287676,67.48466257668711,79.32283829146891,89.2638036809816,82.30512790832272
27191000219,RISING STAR MADHYAMIK VIDYALAYA,104,114,108.8,10,9.615384615384617,0.0,5,ACTIVE,True,8,104,114,10,9.615384615384617,35.84905660377358,64.95398773006134,47.49102905428869,INCREASING,55,59,1.07,51.75438596491229,48.24561403508772,-4,47.49102905428869,LOW,2.4000000000003765,126.0,12.0,10.526315789473683,2.4,10.526315789473683,36.248682824025295,36.42638036809816,43.065169579812476,64.95398773006134,49.63181502488713
27191000222,SAMBHAJINAGAR PUBLIC SCHOOL AND JUNIOR COLLEGE,175,188,179.8,13,7.428571428571429,100.0,0,ACTIVE,True,3,175,188,13,7.428571428571429,50.314465408805034,0.3067484662576687,30.311378631786088,INCREASING,93,95,1.02,50.53191489361703,49.46808510638298,-2,30.311378631786088,LOW,3.400000000000727,205.0,17.0,9.042553191489363,3.4,9.042553191489363,3.68809272918862,0.4601226993865031,18.370876258826254,0.3067484662576687,12.951637921055678
27191000223,SANSKAR ENGLISH HIGH SCHOOL,230,253,241.6,23,10.0,100.0,0,ACTIVE,True,8,230,253,23,10.0,62.94549266247379,86.42638036809815,72.33784774472353,INCREASING,146,107,0.73,42.29249011857708,57.70750988142292,39,72.33784774472353,MEDIUM,5.500000000000806,281.0,28.0,11.067193675889328,5.6,11.067193675889328,60.010537407797685,65.41411042944786,69.56835281861326,86.42638036809815,74.62576108345873
27191000226,GURUKUL JUNIOR COLLEGE JADHAVWADI,377,412,393.8,35,9.283819628647215,100.0,0,ACTIVE,True,11,377,412,35,9.283819628647215,79.35010482180293,44.171779141104295,65.27877454952348,INCREASING,212,200,0.94,48.54368932038835,51.45631067961165,12,65.27877454952348,MEDIUM,8.600000000001355,455.0,43.0,10.436893203883495,8.6,10.436893203883495,32.982086406743946,32.515337423312886,52.17339969903924,44.171779141104295,49.77291353165875
27191000305,"SBOA PUBLIC HS, N-11",1751,1927,1844.2,176,10.051399200456881,100.0,0,ACTIVE,True,6,1751,1927,176,10.051399200456881,99.05660377358491,88.34355828220859,94.77138557703438,INCREASING,1038,889,0.86,46.133886870783606,53.866113129216394,149,94.77138557703438,HIGH,42.6000000000057,2140.0,213.0,11.053450960041515,42.6,11.053450960041515,59.22023182297155,64.2638036809816,82.56835281861326,88.34355828220859,84.30091445769186
27191000306,"NUTAN BAHUDDESHIYA H.SEC. COLLEGE, N-11 CIDCO",5,5,5.0,0,0.0,100.0,0,ACTIVE,True,11,5,5,0,0.0,2.882599580712788,,2.882599580712788,STABLE_LOW_ENROLLMENT,0,5,1.0,100.0,0.0,-5,2.882599580712788,NOT_APPLICABLE,-2.842547813219599e-16,5.0,0.0,0.0,0.0,0.0,1.36986301369863,,2.882599580712788,,2.882599580712788
27191000307,VATSALABAI PATIL HS N11,331,363,348.4,32,9.667673716012084,100.0,0,ACTIVE,True,7,331,363,32,9.667673716012084,74.84276729559748,68.86503067484662,72.45167264729713,INCREASING,215,148,0.69,40.77134986225895,59.22865013774105,67,72.45167264729713,MEDIUM,8.100000000001115,404.0,41.0,11.294765840220386,8.2,11.294765840220386,70.07376185458376,76.22699386503068,73.96180113439056,68.86503067484662,72.43276999652737
27191000308,NUTAN BAHUDDESHIYA VIDYALAYA,85,93,89.0,8,9.411764705882353,100.0,0,ACTIVE,True,6,85,93,8,9.411764705882353,30.18867924528302,,30.18867924528302,INCREASING,61,32,0.52,34.40860215053764,65.59139784946237,29,30.18867924528302,LOW,2.000000000000309,103.0,10.0,10.75268817204301,2.0,10.75268817204301,45.363540569020024,,30.18867924528302,,30.18867924528302
27191000309,SBOA PUBLIC SCHOOL,1031,1131,1078.4,100,9.699321047526672,100.0,0,ACTIVE,True,1,1031,1131,100,9.699321047526672,96.43605870020964,70.24539877300614,85.95979472932825,INCREASING,635,496,0.78,43.85499557913351,56.145004420866485,139,85.95979472932825,HIGH,24.80000000000404,1255.0,124.0,10.963748894783377,24.8,10.963748894783377,55.42676501580611,59.20245398773007,75.25685843268897,70.24539877300614,73.75342053478411
27191000310,BHARTIYA VIDYALAYA AND JR. COLLEGE HUDCO N-11,185,201,192.6,16,8.64864864864865,100.0,0,ACTIVE,True,3,185,201,16,8.64864864864865,53.459119496855344,14.877300613496933,38.02639194351198,INCREASING,150,51,0.34,25.37313432835821,74.6268656716418,99,38.02639194351198,LOW,4.000000000000642,221.0,20.0,9.950248756218906,4.0,9.950248756218906,15.489989462592202,13.03680981595092,28.030559092487557,14.877300613496933,24.084581548790368
27191000311,NUTAN BAHUUDDESHIYA PRIMARY SCHOOL N 11,5,5,5.0,0,0.0,100.0,0,ACTIVE,True,1,5,5,0,0.0,2.882599580712788,,2.882599580712788,STABLE_LOW_ENROLLMENT,5,0,0.0,0.0,100.0,5,2.882599580712788,NOT_APPLICABLE,-2.842547813219599e-16,5.0,0.0,0.0,0.0,0.0,1.36986301369863,,2.882599580712788,,2.882599580712788
27191000312,BHARATIYA VIDYALAYA PS N-11 HUDCO,134,146,139.6,12,8.955223880597014,100.0,0,ACTIVE,True,2,134,146,12,8.955223880597014,42.29559748427673,28.450920245398777,36.757726588725546,INCREASING,93,53,0.57,36.3013698630137,63.6986301369863,40,36.757726588725546,LOW,2.9000000000004706,161.0,15.0,10.273972602739725,3.0,10.273972602739725,26.65964172813488,25.153374233128833,32.11598564648686,28.450920245398777,31.016466026160437
27191000313,PRATIBHATAI PATIL P.S.,608,662,633.6,54,8.881578947368421,100.0,0,ACTIVE,True,2,608,662,54,8.881578947368421,91.19496855345912,24.616564417177912,64.56360689894663,INCREASING,424,238,0.56,35.95166163141994,64.04833836858006,186,64.56360689894663,MEDIUM,14.000000000002364,732.0,70.0,10.574018126888216,14.0,10.574018126888216,38.04004214963119,38.34355828220859,54.07558745225141,24.616564417177912,45.23788054172935
27191000315,OM INTERNATIONAL TECHNO SCHOOL,401,441,420.6,40,9.975062344139651,100.0,0,ACTIVE,True,2,401,441,40,9.975062344139651,81.13207547169812,85.2760736196319,82.78967473087162,INCREASING,244,197,0.81,44.67120181405896,55.32879818594104,47,82.78967473087162,HIGH,10.300000000001631,493.0,52.0,11.791383219954648,10.4,11.791383219954648,86.72286617492097,93.71165644171779,87.1584674152101,85.2760736196319,86.59374927653664
27191000318,"HALLMARK ENGLISH SCHOOL, HUDCO",278,301,288.8,23,8.273381294964029,0.0,5,ACTIVE,True,2,278,301,23,8.273381294964029,68.39622641509435,5.214723926380368,43.12362541960876,INCREASING,177,124,0.7,41.19601328903654,58.80398671096345,53,43.12362541960876,LOW,6.100000000001044,332.0,31.0,10.299003322259136,6.2,10.299003322259136,27.713382507903056,26.533742331288344,36.4876721842806,5.214723926380368,27.105787706910526
27191000401,SARASWATI  PRIMARY SCHOOL JATWADA ROAD,2,2,2.0,0,0.0,100.0,0,ACTIVE,True,1,2,2,0,0.0,1.4150943396226416,,1.4150943396226416,STABLE_LOW_ENROLLMENT,2,0,0.0,0.0,100.0,2,1.4150943396226416,NOT_APPLICABLE,-3.5586396126464817e-16,2.0,0.0,0.0,0.0,0.0,1.36986301369863,,1.4150943396226416,,1.4150943396226416
27191000402,SARASWATI  MADHYAMIK SCHOOL JATWADA ROAD,46,51,48.6,5,10.869565217391305,100.0,0,ACTIVE,True,8,46,51,5,10.869565217391305,17.662473794549268,,17.662473794549268,INCREASING,32,19,0.59,37.254901960784316,62.745098039215684,13,17.662473794549268,NOT_APPLICABLE,1.200000000000165,57.0,6.0,11.76470588235294,1.2,11.76470588235294,85.87987355110643,,17.662473794549268,,17.662473794549268
27191000403,PATEL INTERNATIONAL MADHYAMIK SCHOOL,21,23,22.0,2,9.523809523809524,100.0,0,ACTIVE,True,8,21,23,2,9.523809523809524,8.80503144654088,,8.80503144654088,INCREASING,6,17,2.83,73.91304347826086,26.08695652173913,-11,8.80503144654088,NOT_APPLICABLE,0.4000000000000482,25.0,2.0,8.695652173913043,0.4,8.695652173913043,3.108535300316122,,8.80503144654088,,8.80503144654088
27191001401,RAJIV GANDHI URDU PS,284,313,298.2,29,10.211267605633804,100.0,0,ACTIVE,True,2,284,313,29,10.211267605633804,69.28721174004193,93.40490797546013,78.93429023420921,INCREASING,124,189,1.52,60.383386581469644,39.61661341853035,-65,78.93429023420921,HIGH,7.100000000001084,349.0,36.0,11.501597444089457,7.2,11.501597444089457,78.18756585879873,86.1963190184049,81.8391017478875,93.40490797546013,85.30884361615928
27191001402,PS ROZEBAG URDU,5,5,5.0,0,0.0,100.0,0,ACTIVE,True,2,5,5,0,0.0,2.882599580712788,,2.882599580712788,STABLE_LOW_ENROLLMENT,1,4,4.0,80.0,20.0,-3,2.882599580712788,NOT_APPLICABLE,-2.842547813219599e-16,5.0,0.0,0.0,0.0,0.0,1.36986301369863,,2.882599580712788,,2.882599580712788
27191001403,ALFALAH INTERNATIONAL SCHOOL,468,509,487.6,41,8.76068376068376,100.0,0,ACTIVE,True,2,468,509,41,8.76068376068376,85.63941299790356,18.404907975460123,58.74561098892619,INCREASING,316,193,0.61,37.91748526522593,62.082514734774065,123,58.74561098892619,MEDIUM,10.30000000000168,561.0,52.0,10.216110019646365,10.4,10.216110019646365,23.182297154899896,21.472392638036812,43.83632364857044,18.404907975460123,36.206898946637345
27191001404,NEW HORIZON ENGLISH HS,13,14,13.4,1,7.6923076923076925,9.667666045431218,0,ACTIVE,True,7,13,14,1,7.6923076923076925,5.2410901467505235,,5.2410901467505235,INCREASING,10,4,0.4,28.57142857142857,71.42857142857143,6,5.2410901467505235,NOT_APPLICABLE,0.30000000000006305,16.0,2.0,14.285714285714285,0.4,14.285714285714285,97.36564805057955,,5.2410901467505235,,5.2410901467505235
27191001405,VIDYALANKAR KIDS WORLD ENG PS (DURGA MATA  ENG SCHOOL),20,22,21.0,2,10.0,100.0,0,ACTIVE,True,2,20,22,2,10.0,8.228511530398324,,8.228511530398324,INCREASING,17,5,0.29,22.727272727272727,77.27272727272727,12,8.228511530398324,NOT_APPLICABLE,0.4000000000000485,24.0,2.0,9.090909090909092,0.4,9.090909090909092,3.8988408851422554,,8.228511530398324,,8.228511530398324
27191001406,NEW HORIZON ENGLISH PRIMARY SCHOOL,11,12,11.4,1,9.090909090909092,88.79731379731379,0,ACTIVE,True,1,11,12,1,9.090909090909092,5.031446540880504,,5.031446540880504,INCREASING,6,6,1.0,50.0,50.0,0,5.031446540880504,NOT_APPLICABLE,0.30000000000006355,14.0,2.0,16.666666666666664,0.4,16.666666666666664,98.41938883034773,,5.031446540880504,,5.031446540880504
27191001407,GROOVY (AS-SIRAAT)ENGLISH SCHOOL N 12,41,45,43.0,4,9.75609756097561,95.55115859670214,0,ACTIVE,True,2,41,45,4,9.75609756097561,16.037735849056602,,16.037735849056602,INCREASING,19,26,1.37,57.77777777777777,42.22222222222222,-7,16.037735849056602,NOT_APPLICABLE,1.0000000000001548,50.0,5.0,11.11111111111111,1.0,11.11111111111111,62.328767123287676,,16.037735849056602,,16.037735849056602
27191001503,GODAVARI PUBLIC SCHOOL (HIGHER SECONDARY),1227,1343,1282.4,116,9.453952730236349,100.0,0,ACTIVE,True,3,1227,1343,116,9.453952730236349,97.58909853249476,54.90797546012271,80.51664930354593,INCREASING,756,587,0.78,43.70811615785555,56.29188384214445,169,80.51664930354593,HIGH,29.600000000004872,1491.0,148.0,11.020104244229337,29.6,11.020104244229337,57.85036880927292,62.26993865030674,73.21796504225026,54.90797546012271,67.72496816761199
27191001505,RAZIYA SULTANA URDU HS,181,196,187.6,15,8.287292817679557,100.0,0,ACTIVE,True,7,181,196,15,8.287292817679557,52.25366876310272,5.368098159509203,33.49944052166531,INCREASING,66,130,1.97,66.3265306122449,33.6734693877551,-64,33.49944052166531,LOW,4.00000000000075,216.0,20.0,10.204081632653061,4.0,10.204081632653061,22.49736564805058,20.705521472392636,28.381872901956243,5.368098159509203,21.477740479222128
27191001506,ABHIJYOT VIDYALAYA ROJABAG,104,114,109.2,10,9.615384615384617,100.0,0,ACTIVE,True,6,104,114,10,9.615384615384617,35.84905660377358,64.95398773006134,47.49102905428869,INCREASING,62,52,0.84,45.614035087719294,54.385964912280706,10,47.49102905428869,LOW,2.500000000000359,127.0,13.0,11.403508771929824,2.6,11.403508771929824,74.65753424657534,81.82515337423312,61.224678782266466,64.95398773006134,62.343471466604925
27191001507,GODAVARI PUBLIC SCHOOL (PRIMARY SECTION),432,472,451.8,40,9.25925925925926,97.62246076599963,0,ACTIVE,True,1,432,472,40,9.25925925925926,83.64779874213836,42.25460122699386,67.09051973608057,INCREASING,238,234,0.98,49.57627118644068,50.42372881355932,4,67.09051973608057,MEDIUM,9.200000000001316,518.0,46.0,9.745762711864407,9.2,9.745762711864407,10.853530031612223,7.515337423312883,43.26044681097349,42.25460122699386,42.9586931357796
27191001508,AZEEM URDU PS N-12,203,220,211.0,17,8.374384236453201,0.0,5,ACTIVE,True,2,203,220,17,8.374384236453201,56.44654088050315,6.51840490797546,36.47528649149208,INCREASING,99,121,1.22,55.00000000000001,45.0,-22,36.47528649149208,LOW,4.20000000000068,241.0,21.0,9.545454545454547,4.2,9.545454545454547,8.061116965226555,4.217791411042945,23.572288459312425,6.51840490797546,18.456123393911334
27191001602,PS CIDCO-11,217,235,225.6,18,8.294930875576037,100.0,0,ACTIVE,True,2,217,235,18,8.294930875576037,59.74842767295597,5.521472392638037,38.057645560828796,INCREASING,110,125,1.14,53.191489361702125,46.808510638297875,-15,38.057645560828796,LOW,4.700000000000782,259.0,24.0,10.212765957446807,4.8,10.212765957446807,22.866174920969442,21.012269938650306,31.2394953119574,5.521472392638037,23.524088436161588
27191001603,SAMYAK NIVASI MUKBADHIR VIDYALAYA,29,32,30.6,3,10.344827586206897,100.0,0,ACTIVE,True,2,29,32,3,10.344827586206897,11.635220125786164,,11.635220125786164,INCREASING,18,14,0.78,43.75,56.25,4,11.635220125786164,NOT_APPLICABLE,0.7000000000000915,36.0,4.0,12.5,0.8,12.5,94.0463645943098,,11.635220125786164,,11.635220125786164
27191001604,"GURUKUL GLOBLE ENGLISH SCHOOL , CIDCO",28,31,29.6,3,10.714285714285714,100.0,0,ACTIVE,True,2,28,31,3,10.714285714285714,11.373165618448636,,11.373165618448636,INCREASING,9,22,2.44,70.96774193548387,29.03225806451613,-13,11.373165618448636,NOT_APPLICABLE,0.7000000000000901,35.0,4.0,12.903225806451612,0.8,12.903225806451612,94.99473129610115,,11.373165618448636,,11.373165618448636
27191001702,BALVIKAS VIDYA MANDIR HUDCO,412,449,431.0,37,8.980582524271846,68.28455827674767,0,ACTIVE,True,2,412,449,37,8.980582524271846,81.55136268343816,29.29447852760736,60.64860902110584,INCREASING,203,246,1.21,54.78841870824054,45.211581291759465,-43,60.64860902110584,MEDIUM,9.000000000001293,494.0,45.0,10.022271714922049,9.0,10.022271714922049,18.75658587987355,15.797546012269938,42.70818381757148,29.29447852760736,38.684072230582245
27191001703,SHISHU VIKAS KENDRA N-9,35,38,36.4,3,8.571428571428571,100.0,0,ACTIVE,True,1,35,38,3,8.571428571428571,13.31236897274633,,13.31236897274633,INCREASING,18,20,1.11,52.63157894736842,47.368421052631575,-2,13.31236897274633,NOT_APPLICABLE,0.7000000000001151,42.0,4.0,10.526315789473683,0.8,10.526315789473683,36.248682824025295,,13.31236897274633,,13.31236897274633
27191001804,PIONEERS SECONDARY SCHOOL,234,256,244.8,22,9.401709401709402,66.47533037287832,0,ACTIVE,True,7,234,256,22,9.401709401709402,63.20754716981132,51.30368098159509,58.44600069452483,INCREASING,126,130,1.03,50.78125,49.21875,-4,58.44600069452483,MEDIUM,5.300000000000796,283.0,27.0,10.546875,5.4,10.546875,37.09167544783983,36.963190184049076,49.85287649033452,51.30368098159509,50.28811783771269
27191001805,REVIVAL ENGLISH SCHOOL,57,62,59.8,5,8.771929824561402,42.54754049713727,0,ACTIVE,True,2,57,62,5,8.771929824561402,21.0167714884696,,21.0167714884696,INCREASING,25,37,1.48,59.67741935483871,40.32258064516129,-12,21.0167714884696,NOT_APPLICABLE,1.200000000000143,68.0,6.0,9.67741935483871,1.2,9.67741935483871,9.957850368809273,,21.0167714884696,,21.0167714884696
27191001806,SUNRISE ENGLISH MEDIUM SCHOOL,131,144,137.6,13,9.923664122137405,100.0,0,ACTIVE,True,2,131,144,13,9.923664122137405,41.77148846960168,82.82208588957054,58.19172743758922,INCREASING,84,60,0.71,41.66666666666667,58.333333333333336,24,58.19172743758922,MEDIUM,3.3000000000005003,161.0,17.0,11.805555555555555,3.4,11.805555555555555,86.8809272918862,93.94171779141104,72.49172357911795,82.82208588957054,75.59083227225372
27191001807,REVIVAL MARATHI PS,300,327,313.0,27,9.0,100.0,0,ACTIVE,True,2,300,327,27,9.0,70.64989517819707,30.368098159509206,54.53717637072192,INCREASING,183,144,0.79,44.03669724770643,55.96330275229357,39,54.53717637072192,MEDIUM,6.800000000001098,361.0,34.0,10.397553516819572,6.8,10.397553516819572,31.71759747102213,31.28834355828221,45.237643245746035,30.368098159509206,40.77677971987498
27191001808,PARVATI PRATHMIK VIDYALAYA CIDCO N-9,114,124,118.2,10,8.771929824561402,100.0,0,ACTIVE,True,1,114,124,10,8.771929824561402,38.05031446540881,19.171779141104295,30.498900335687004,INCREASING,27,97,3.59,78.2258064516129,21.774193548387096,-70,30.498900335687004,LOW,2.4000000000004427,136.0,12.0,9.67741935483871,2.4,9.67741935483871,9.957850368809273,6.51840490797546,20.906702164602386,19.171779141104295,20.386225257552958
27191001809,PARVATI KANYA HS AND JR. COLLEGE,278,304,290.8,26,9.352517985611511,100.0,0,ACTIVE,True,3,278,304,26,9.352517985611511,68.76310272536688,48.08282208588957,60.49099046957595,INCREASING,15,289,19.27,95.06578947368422,4.934210526315789,-274,60.49099046957595,MEDIUM,6.600000000001033,337.0,33.0,10.855263157894738,6.6,10.855263157894738,50.15806111696522,52.760736196319016,57.398888760273174,48.08282208588957,54.60406875795809
27191001811,"Diamond English School CIDCO, N9",193,212,202.8,19,9.844559585492227,100.0,0,ACTIVE,True,2,193,212,19,9.844559585492227,54.61215932914046,78.22085889570552,64.05563915576649,INCREASING,127,85,0.67,40.09433962264151,59.905660377358494,42,64.05563915576649,MEDIUM,4.800000000000699,236.0,24.0,11.320754716981133,4.8,11.320754716981133,71.86512118018967,78.75766871165644,69.93645097812247,78.22085889570552,72.42177335339738
27191001906,SONAMATA MADHY. VIDYALAYA,227,250,239.6,23,10.13215859030837,0.0,5,ACTIVE,True,7,227,250,23,10.13215859030837,62.42138364779875,91.25766871165644,73.95589767334182,INCREASING,126,124,0.98,49.6,50.4,2,73.95589767334182,MEDIUM,5.70000000000075,279.0,29.0,11.600000000000001,5.8,11.600000000000001,82.08640674394098,90.03067484662577,80.38580854265541,91.25766871165644,83.64736659335571
27191001908,SONAMATA BALAK MANDIR (PS) CIDCO N-9,452,490,469.4,38,8.4070796460177,58.69952830566824,0,ACTIVE,True,2,452,490,38,8.4070796460177,84.59119496855347,7.438650306748467,53.730177103831466,INCREASING,261,229,0.88,46.73469387755102,53.265306122448976,32,53.730177103831466,MEDIUM,9.60000000000165,538.0,48.0,9.795918367346939,9.6,9.795918367346939,11.696522655426765,8.128834355828221,35.48964000463017,7.438650306748467,27.074343095265657
27191001909,BALIRAM PATIL SEC. AND HIGH SEC. SCHOOL,793,872,834.8,79,9.962168978562422,81.01568758170761,0,ACTIVE,True,3,793,872,79,9.962168978562422,94.75890985324948,84.50920245398773,90.65902689354478,INCREASING,516,356,0.69,40.825688073394495,59.174311926605505,160,90.65902689354478,HIGH,19.60000000000268,970.0,98.0,11.238532110091743,19.6,11.238532110091743,67.8609062170706,73.92638036809815,83.96596828336612,84.50920245398773,84.12893853455259
27191001910,BALIRAM PATIL PS N-9,270,295,282.2,25,9.25925925925926,48.45459292987846,0,ACTIVE,True,1,270,295,25,9.25925925925926,67.55765199161425,42.25460122699386,57.436431685766095,INCREASING,186,109,0.59,36.94915254237288,63.05084745762712,77,57.436431685766095,MEDIUM,6.200000000000972,326.0,31.0,10.508474576271185,6.2,10.508474576271185,34.98419388830348,35.2760736196319,48.57228845931242,42.25460122699386,46.676982289616845
27191001911,CAMPION ENGLISH SCHOOL,26,29,27.6,3,11.538461538461538,0.0,5,ACTIVE,True,2,26,29,3,11.538461538461538,10.69182389937107,,10.69182389937107,INCREASING,18,11,0.61,37.93103448275862,62.06896551724138,7,10.69182389937107,NOT_APPLICABLE,0.7000000000000891,33.0,4.0,13.793103448275861,0.8,13.793103448275861,96.89146469968388,,10.69182389937107,,10.69182389937107
27191001915,V.R.SCHOLARDEN SCHOOL N9,274,301,288.2,27,9.854014598540147,100.0,0,ACTIVE,True,3,274,301,27,9.854014598540147,68.39622641509435,78.9877300613497,72.63282787359648,INCREASING,175,126,0.72,41.86046511627907,58.139534883720934,49,72.63282787359648,MEDIUM,6.500000000000879,334.0,33.0,10.96345514950166,6.6,10.96345514950166,55.32139093782929,59.04907975460123,67.19932862599839,78.9877300613497,70.73584905660377
27191002005,CHETANA ANIVASI PS,95,104,99.6,9,9.473684210526317,100.0,0,ACTIVE,True,2,95,104,9,9.473684210526317,32.59958071278826,56.28834355828221,42.07508585098584,INCREASING,59,45,0.76,43.269230769230774,56.730769230769226,14,42.07508585098584,LOW,2.200000000000314,115.0,11.0,10.576923076923077,2.2,10.576923076923077,38.19810326659642,38.57361963190184,40.67449936335224,56.28834355828221,45.358652621831226
27191002006,SANT TUKARAM PRIMARY VID.AMBEDKAR NAGAR,209,229,219.4,20,9.569377990430622,100.0,0,ACTIVE,True,2,209,229,20,9.569377990430622,58.490566037735846,60.88957055214724,59.4501678435004,INCREASING,127,102,0.8,44.54148471615721,55.45851528384279,25,59.4501678435004,MEDIUM,5.100000000000735,255.0,26.0,11.353711790393014,5.2,11.353711790393014,72.91886195995785,80.06134969325154,67.69464058340085,60.88957055214724,65.65311957402477
27191002007,TUKARAM SONWANE MADH. VIDYALAYA,30,33,31.4,3,10.0,100.0,0,ACTIVE,True,8,30,33,3,10.0,12.10691823899371,,12.10691823899371,INCREASING,13,20,1.54,60.60606060606061,39.39393939393939,-7,12.10691823899371,NOT_APPLICABLE,0.7000000000001129,37.0,4.0,12.121212121212121,0.8,12.121212121212121,91.35932560590095,,12.10691823899371,,12.10691823899371
27191002101,HAZRAT AAYESHA URDU PS MISARWADI,423,461,441.8,38,8.983451536643026,100.0,0,ACTIVE,True,2,423,461,38,8.983451536643026,82.59958071278825,29.524539877300615,61.369564378593196,INCREASING,171,290,1.7,62.90672451193059,37.093275488069416,-119,61.369564378593196,MEDIUM,9.400000000001441,508.0,47.0,10.195227765726681,9.4,10.195227765726681,22.128556375131716,20.398773006134967,44.981247829609906,29.524539877300615,40.344235443917114
27191002102,BODHI PS MISARWADI,214,235,224.6,21,9.813084112149532,100.0,0,ACTIVE,True,2,214,235,21,9.813084112149532,59.74842767295597,76.38036809815951,66.4012038430374,INCREASING,127,108,0.85,45.95744680851064,54.04255319148936,19,66.4012038430374,MEDIUM,5.40000000000083,262.0,27.0,11.48936170212766,5.4,11.48936170212766,77.55532139093782,85.2760736196319,73.95115175367519,76.38036809815951,74.67991665702048
27191002103,SUBHEDAR RAMJI AMBEDKAR HS,95,105,100.0,10,10.526315789473683,100.0,0,ACTIVE,True,7,95,105,10,10.526315789473683,33.123689727463315,97.39263803680981,58.831269051201915,INCREASING,68,37,0.54,35.23809523809524,64.76190476190476,31,58.831269051201915,MEDIUM,2.4000000000003534,117.0,12.0,11.428571428571429,2.4,11.428571428571429,75.23709167544784,82.51533742331289,68.3048964000463,97.39263803680981,77.03121889107535
27191002104,YUSUF URDU PS,181,199,190.4,18,9.94475138121547,100.0,0,ACTIVE,True,2,181,199,18,9.94475138121547,53.144654088050316,83.97239263803681,65.47574950804491,INCREASING,82,117,1.43,58.79396984924623,41.20603015075377,-35,65.47574950804491,MEDIUM,4.300000000000589,221.0,22.0,11.055276381909549,4.4,11.055276381909549,59.32560590094836,64.41717791411043,65.05232087047112,83.97239263803681,70.72834240074083
27191002105,PS MISARWADI,76,83,79.6,7,9.210526315789473,100.0,0,ACTIVE,True,1,76,83,7,9.210526315789473,27.358490566037734,,27.358490566037734,INCREASING,50,33,0.66,39.75903614457831,60.24096385542169,17,27.358490566037734,LOW,1.7000000000002384,92.0,9.0,10.843373493975903,1.8,10.843373493975903,49.52581664910432,,27.358490566037734,,27.358490566037734
27191002106,PRIYA PS CIDCO,19,21,20.2,2,10.526315789473683,100.0,0,ACTIVE,True,1,19,21,2,10.526315789473683,7.756813417190776,,7.756813417190776,INCREASING,14,7,0.5,33.33333333333333,66.66666666666666,7,7.756813417190776,NOT_APPLICABLE,0.5000000000000537,24.0,3.0,14.285714285714285,0.6,14.285714285714285,97.36564805057955,,7.756813417190776,,7.756813417190776
27191002107,SYED KALEEMUDDIN URDU PS MISARWADI,420,455,436.0,35,8.333333333333332,100.0,0,ACTIVE,True,2,420,455,35,8.333333333333332,81.9706498951782,6.058282208588957,51.605702820542504,INCREASING,177,278,1.57,61.0989010989011,38.901098901098905,-101,51.605702820542504,MEDIUM,9.400000000001693,502.0,47.0,10.329670329670328,9.4,10.329670329670328,28.767123287671232,27.76073619631902,42.06771617085311,6.058282208588957,31.264885982173862
27191002109,DNYANSANDIP PS MISARWADI,198,218,208.0,20,10.1010101010101,100.0,0,ACTIVE,True,2,198,218,20,10.1010101010101,56.079664570230605,90.10736196319019,69.69074352741444,INCREASING,140,78,0.56,35.77981651376147,64.22018348623854,62,69.69074352741444,MEDIUM,5.0000000000007585,243.0,25.0,11.46788990825688,5.0,11.46788990825688,76.39620653319284,83.8957055214724,75.37272832503763,90.10736196319019,79.7931184164834
27191002110,EKTA PS MIDC MISARWADI,271,297,284.6,26,9.59409594095941,100.0,0,ACTIVE,True,2,271,297,26,9.59409594095941,68.0293501048218,62.9601226993865,66.00165914264768,INCREASING,183,114,0.62,38.38383838383838,61.61616161616161,69,66.00165914264768,MEDIUM,6.400000000000896,329.0,32.0,10.774410774410773,6.4,10.774410774410773,45.943097997892515,48.00613496932515,58.803449473318665,62.9601226993865,60.05045144113901
27191002111,RASHIDA BEGUM DESHMUKH URDU H.S.,173,190,181.4,17,9.826589595375722,100.0,0,ACTIVE,True,7,173,190,17,9.826589595375722,50.681341719077565,77.14723926380368,61.26770073696801,INCREASING,65,125,1.92,65.78947368421053,34.21052631578947,-60,61.26770073696801,MEDIUM,4.400000000000697,212.0,22.0,11.578947368421053,4.4,11.578947368421053,81.34878819810326,89.57055214723927,72.58884130107651,77.14723926380368,73.95636068989467
27191002112,MILLENNIUM ENGLISH PS,338,370,352.8,32,9.467455621301776,100.0,0,ACTIVE,True,2,338,370,32,9.467455621301776,75.8909853249476,55.674846625766875,67.80452984527531,INCREASING,249,121,0.49,32.7027027027027,67.29729729729729,128,67.80452984527531,MEDIUM,8.20000000000141,411.0,41.0,11.081081081081082,8.2,11.081081081081082,60.37934668071654,65.95092024539878,67.06308600532469,55.674846625766875,63.646614191457346
27191002113,SHARDA MATA PRATH. VIDYALYA PISA DEVI,269,295,281.8,26,9.66542750929368,0.0,5,ACTIVE,True,2,269,295,26,9.66542750929368,67.55765199161425,68.63496932515338,67.9885789250299,INCREASING,161,134,0.83,45.42372881355932,54.57627118644067,27,67.9885789250299,MEDIUM,6.100000000000892,326.0,31.0,10.508474576271185,6.2,10.508474576271185,34.98419388830348,35.2760736196319,54.903576802870695,68.63496932515338,59.0229945595555
27191002114,LALBAHADUR SHASTRI P VIDYALAYA,288,313,299.4,25,8.680555555555555,84.96560881062041,0,ACTIVE,True,2,288,313,25,8.680555555555555,69.28721174004193,15.337423312883436,47.70729636917852,INCREASING,156,157,1.01,50.159744408945684,49.84025559105431,-1,47.70729636917852,LOW,6.600000000001175,346.0,33.0,10.543130990415335,6.6,10.543130990415335,36.986301369863014,36.809815950920246,43.34830420187521,15.337423312883436,34.945039935177675
27191002115,DNYANSANDIP MADHYAMIC VIDYALAYA,16,17,16.4,1,6.25,65.13167408231368,0,ACTIVE,True,8,16,17,1,6.25,6.079664570230608,,6.079664570230608,INCREASING,11,6,0.55,35.294117647058826,64.70588235294117,5,6.079664570230608,NOT_APPLICABLE,0.3000000000000629,19.0,2.0,11.76470588235294,0.4,11.76470588235294,85.87987355110643,,6.079664570230608,,6.079664570230608
27191002116,MEHER ENGLISH PRIMARY SCHOOL MISARWADI,3,3,3.0,0,0.0,100.0,0,ACTIVE,True,1,3,3,0,0.0,1.939203354297694,,1.939203354297694,STABLE_LOW_ENROLLMENT,2,1,0.5,33.33333333333333,66.66666666666666,1,1.939203354297694,NOT_APPLICABLE,-2.235137771165873e-16,3.0,0.0,0.0,0.0,0.0,1.36986301369863,,1.939203354297694,,1.939203354297694
27191002117,EKTA MADHYAMIC VIDYALAY,30,33,31.4,3,10.0,100.0,0,ACTIVE,True,8,30,33,3,10.0,12.10691823899371,,12.10691823899371,INCREASING,19,14,0.74,42.42424242424242,57.57575757575758,5,12.10691823899371,NOT_APPLICABLE,0.7000000000001129,37.0,4.0,12.121212121212121,0.8,12.121212121212121,91.35932560590095,,12.10691823899371,,12.10691823899371
27191002118,MILLENNIUM ENGLISH SCHOOL,59,64,61.4,5,8.47457627118644,100.0,0,ACTIVE,True,8,59,64,5,8.47457627118644,21.90775681341719,,21.90775681341719,INCREASING,53,11,0.21,17.1875,82.8125,42,21.90775681341719,NOT_APPLICABLE,1.3000000000002137,71.0,7.0,10.9375,1.4,10.9375,54.21496311907271,,21.90775681341719,,21.90775681341719
27191002120,SHARDA BALAK MANDIR PISADEVI ROAD AURANGABAD,56,61,58.4,5,8.928571428571429,100.0,0,ACTIVE,True,6,56,61,5,8.928571428571429,20.49266247379455,,20.49266247379455,INCREASING,38,23,0.61,37.704918032786885,62.295081967213115,15,20.49266247379455,NOT_APPLICABLE,1.300000000000214,68.0,7.0,11.475409836065573,1.4,11.475409836065573,76.8177028451001,,20.49266247379455,,20.49266247379455
27191002201,PS NAREGAON,1546,1698,1621.0,152,9.831824062095732,100.0,0,ACTIVE,True,2,1546,1698,152,9.831824062095732,98.32285115303984,77.30061349693251,89.91395609059691,INCREASING,1093,605,0.55,35.630153121319196,64.3698468786808,488,89.91395609059691,HIGH,38.40000000000598,1890.0,192.0,11.307420494699647,38.4,11.307420494699647,70.86406743940991,77.37730061349694,84.89929389975691,77.30061349693251,82.61968977890959
27191002202,PS BRIJWADI,133,148,141.0,15,11.278195488721805,47.93924969296991,0,ACTIVE,True,2,133,148,15,11.278195488721805,43.08176100628931,100.0,65.84905660377359,INCREASING,64,84,1.31,56.75675675675676,43.24324324324324,-20,65.84905660377359,MEDIUM,3.6000000000004797,166.0,18.0,12.162162162162163,3.6,12.162162162162163,91.93888303477344,98.46625766871165,78.89593702974881,100.0,85.22715592082416
27191002203,CHAITANYA KANIFNATH APANG VIDYALAYA,39,42,40.2,3,7.6923076923076925,100.0,0,ACTIVE,True,2,39,42,3,7.6923076923076925,14.727463312368974,,14.727463312368974,INCREASING,25,17,0.68,40.476190476190474,59.523809523809526,8,14.727463312368974,NOT_APPLICABLE,0.8000000000001611,46.0,4.0,9.523809523809524,0.8,9.523809523809524,7.4288724973656475,,14.727463312368974,,14.727463312368974
27191002204,GEETA BAL VIDYA MANDIR,511,560,534.6,49,9.58904109589041,100.0,0,ACTIVE,True,2,511,560,49,9.58904109589041,88.15513626834381,62.42331288343558,77.86240691438051,INCREASING,317,243,0.77,43.392857142857146,56.607142857142854,74,77.86240691438051,HIGH,11.40000000000174,617.0,57.0,10.178571428571429,11.4,10.178571428571429,21.91780821917808,20.0920245398773,54.754253964579235,62.42331288343558,57.05497164023613
27191002205,NAVJEEVAN MATIMAND SCHOOL,39,42,40.2,3,7.6923076923076925,100.0,0,ACTIVE,True,2,39,42,3,7.6923076923076925,14.727463312368974,,14.727463312368974,INCREASING,23,19,0.83,45.23809523809524,54.761904761904766,4,14.727463312368974,NOT_APPLICABLE,0.8000000000001611,46.0,4.0,9.523809523809524,0.8,9.523809523809524,7.4288724973656475,,14.727463312368974,,14.727463312368974
27191002206,SUDARSHAN PRATHMIK VIDYALAYA,368,402,384.6,34,9.239130434782608,100.0,0,ACTIVE,True,2,368,402,34,9.239130434782608,78.30188679245283,41.104294478527606,63.42284986688274,INCREASING,203,199,0.98,49.50248756218906,50.49751243781094,4,63.42284986688274,MEDIUM,8.7000000000014,446.0,44.0,10.945273631840797,8.8,10.945273631840797,54.689146469968385,58.282208588957054,61.36659335571247,41.104294478527606,55.28790369255701
27191002207,SAMRAT ASHOK PS BRIJWADI,103,113,107.8,10,9.70873786407767,90.89296446900342,0,ACTIVE,True,2,103,113,10,9.70873786407767,35.42976939203354,71.24233128834356,49.75479415055755,INCREASING,60,53,0.88,46.902654867256636,53.09734513274337,7,49.75479415055755,LOW,2.4000000000003814,125.0,12.0,10.619469026548673,2.4,10.619469026548673,39.673340358271865,40.41411042944785,46.01852066211367,71.24233128834356,53.58566384998264
27191002208,SAMRAT ASHOK VIDHYALAYA,201,218,209.0,17,8.45771144278607,14.34715724499264,0,ACTIVE,True,7,201,218,17,8.45771144278607,56.079664570230605,8.588957055214724,37.083381564224254,INCREASING,138,80,0.58,36.69724770642202,63.30275229357798,58,37.083381564224254,LOW,4.300000000000712,240.0,22.0,10.091743119266056,4.4,10.091743119266056,19.968387776606956,17.561349693251536,29.274568815835167,8.588957055214724,23.068885287649035
27191002209,PS NAREGAON URDU,1557,1699,1622.4,142,9.12010276172126,100.0,0,ACTIVE,True,2,1557,1699,142,9.12010276172126,98.42767295597484,34.96932515337423,73.04433383493459,INCREASING,584,1115,1.91,65.62683931724543,34.37316068275456,-531,73.04433383493459,MEDIUM,36.70000000000643,1883.0,184.0,10.829899941141848,36.8,10.829899941141848,48.893572181243414,51.68711656441718,64.50144692672762,34.96932515337423,55.6418103947216
27191002211,ANJUMAN URDU PS NAREGAON,260,283,270.4,23,8.846153846153847,100.0,0,ACTIVE,True,2,260,283,23,8.846153846153847,66.14255765199162,22.699386503067483,48.76528919242197,INCREASING,123,160,1.3,56.53710247349824,43.46289752650176,-37,48.76528919242197,LOW,5.700000000000996,312.0,29.0,10.247349823321555,5.8,10.247349823321555,24.92096944151739,23.696319018404907,38.73770112281514,22.699386503067483,33.92620673689084
27191002213,MNC HS NAREGAON,209,228,218.4,19,9.090909090909092,52.74981372165016,0,ACTIVE,True,8,209,228,19,9.090909090909092,58.22851153039832,33.97239263803681,48.52606397345372,INCREASING,171,57,0.33,25.0,75.0,114,48.52606397345372,LOW,4.600000000000679,251.0,23.0,10.087719298245613,4.6,10.087719298245613,19.810326659641728,17.33128834355828,36.04815372149554,33.97239263803681,35.42542539645792
27191002214,INDIRA NIVASI MUKHBADHIR VIDYALYA NAREGAON,60,66,62.8,6,10.0,100.0,0,ACTIVE,True,2,60,66,6,10.0,22.431865828092242,,22.431865828092242,INCREASING,36,30,0.83,45.45454545454545,54.54545454545454,6,22.431865828092242,NOT_APPLICABLE,1.500000000000249,74.0,8.0,12.121212121212121,1.6,12.121212121212121,91.35932560590095,,22.431865828092242,,22.431865828092242
27191002216,MAHARASHTRA URDU PS,787,866,826.4,79,10.038119440914867,100.0,0,ACTIVE,True,2,787,866,79,10.038119440914867,94.60167714884696,87.57668711656443,91.79168113593394,INCREASING,380,486,1.28,56.12009237875289,43.87990762124711,-106,91.79168113593394,HIGH,18.800000000002807,960.0,94.0,10.854503464203233,18.8,10.854503464203233,50.05268703898841,52.60736196319018,76.11795346683644,87.57668711656443,79.55557356175484
27191002217,OXFORD PUBLIC SCHOOL,499,543,522.8,44,8.817635270541082,100.0,0,ACTIVE,True,2,499,543,44,8.817635270541082,87.10691823899371,20.858895705521473,60.607709225604815,INCREASING,328,215,0.66,39.59484346224678,60.40515653775322,113,60.607709225604815,MEDIUM,11.400000000001562,600.0,57.0,10.497237569060774,11.4,10.497237569060774,34.562697576396204,34.66257668711656,50.22965621020951,20.858895705521473,41.4184280588031
27191002218,AL-HUDA URDU PRIMARY SCHOOL,470,510,488.8,40,8.51063829787234,100.0,0,ACTIVE,True,2,470,510,40,8.51063829787234,85.74423480083857,9.585889570552148,55.280896708724,INCREASING,181,329,1.82,64.50980392156863,35.490196078431374,-148,55.280896708724,MEDIUM,9.80000000000157,559.0,49.0,9.607843137254903,9.8,9.607843137254903,8.851422550052687,5.368098159509203,35.31577728903808,9.585889570552148,27.5968109734923
27191002219,MAHARASHTRA URDU HIGH SCHOOL,92,101,96.8,9,9.782608695652174,100.0,0,ACTIVE,True,10,92,101,9,9.782608695652174,32.0230607966457,75.0,49.21383647798742,INCREASING,35,66,1.89,65.34653465346535,34.65346534653465,-31,49.21383647798742,LOW,2.2000000000002946,112.0,11.0,10.891089108910892,2.2,10.891089108910892,52.52897787144363,55.29141104294478,51.64486630397036,75.0,58.65140641277925
27191002221,"RAMANAND ENGLISH SCHOOL, GARKHEDA AREA, SAMBHAJINAGAR",64,70,67.2,6,9.375,100.0,0,ACTIVE,True,2,64,70,6,9.375,23.427672955974842,,23.427672955974842,INCREASING,30,40,1.33,57.14285714285714,42.857142857142854,-10,23.427672955974842,NOT_APPLICABLE,1.5000000000002067,78.0,8.0,11.428571428571429,1.6,11.428571428571429,75.23709167544784,,23.427672955974842,,23.427672955974842
27191002222,MOHD ABDUL HAFIZ PATNI URDU PS NAREGAON,580,636,608.2,56,9.655172413793103,100.0,0,ACTIVE,True,2,580,636,56,9.655172413793103,90.25157232704403,67.71472392638037,81.23683296677856,INCREASING,324,312,0.96,49.056603773584904,50.943396226415096,12,81.23683296677856,HIGH,14.400000000002228,708.0,72.0,11.320754716981133,14.4,11.320754716981133,71.86512118018967,78.75766871165644,80.24516726472972,67.71472392638037,76.48603426322491
27191002223,MNC HS NAREGAON URDU,329,361,345.2,32,9.72644376899696,100.0,0,ACTIVE,True,8,329,361,32,9.72644376899696,74.73794549266248,72.23926380368098,73.73847281706988,INCREASING,131,230,1.76,63.711911357340725,36.288088642659275,-99,73.73847281706988,MEDIUM,7.800000000001132,400.0,39.0,10.80332409972299,7.8,10.80332409972299,47.10221285563752,49.693251533742334,64.12038430373886,72.23926380368098,66.55604815372149
27191002226,MEHER ENGLISH PRIMARY SCHOOL,112,123,117.2,11,9.821428571428571,100.0,0,ACTIVE,True,1,112,123,11,9.821428571428571,37.683438155136265,76.84049079754601,53.346259212100165,INCREASING,74,49,0.66,39.83739837398374,60.16260162601627,25,53.346259212100165,MEDIUM,2.8000000000004697,137.0,14.0,11.38211382113821,2.8,11.38211382113821,74.13066385669126,81.05828220858896,64.43106841069567,76.84049079754601,68.15389512675077
27191002229,New Icon English Primary School Naregaon,21,23,22.2,2,9.523809523809524,100.0,0,ACTIVE,True,3,21,23,2,9.523809523809524,8.80503144654088,,8.80503144654088,INCREASING,18,5,0.28,21.73913043478261,78.26086956521739,13,8.80503144654088,NOT_APPLICABLE,0.5000000000000535,26.0,3.0,13.043478260869565,0.6,13.043478260869565,95.41622760800843,,8.80503144654088,,8.80503144654088
27191002230,Phoenix Educare English School Naregaon,78,85,81.6,7,8.974358974358974,69.6437908496732,0,ACTIVE,True,3,78,85,7,8.974358974358974,28.09224318658281,,28.09224318658281,INCREASING,46,39,0.85,45.88235294117647,54.11764705882353,7,28.09224318658281,LOW,1.9000000000003017,95.0,10.0,11.76470588235294,2.0,11.76470588235294,85.87987355110643,,28.09224318658281,,28.09224318658281
27191002234,SUDARSHAN SECONDARY AND HIGHER SECONDARY SCHOOL NAREGAON,24,26,24.8,2,8.333333333333332,100.0,0,ACTIVE,True,5,24,26,2,8.333333333333332,9.80083857442348,,9.80083857442348,INCREASING,16,10,0.62,38.46153846153847,61.53846153846154,6,9.80083857442348,NOT_APPLICABLE,0.5000000000001,29.0,3.0,11.538461538461538,0.6,11.538461538461538,79.768177028451,,9.80083857442348,,9.80083857442348
27191002235,AL HUDA ENGLISH SCHOOL NAREGAON,32,35,33.6,3,9.375,100.0,0,ACTIVE,True,3,32,35,3,9.375,12.89308176100629,,12.89308176100629,INCREASING,26,9,0.35,25.71428571428571,74.28571428571429,17,12.89308176100629,NOT_APPLICABLE,0.7000000000000893,39.0,4.0,11.428571428571429,0.8,11.428571428571429,75.23709167544784,,12.89308176100629,,12.89308176100629
27191002236,CHAITANYA KANIFNATH NIWASI MATIMAND VIDYALAY,40,44,42.0,4,10.0,0.0,5,ACTIVE,True,2,40,44,4,10.0,15.670859538784068,,15.670859538784068,INCREASING,41,3,0.07,6.8181818181818175,93.18181818181817,38,15.670859538784068,NOT_APPLICABLE,1.000000000000152,49.0,5.0,11.363636363636363,1.0,11.363636363636363,73.49841938883034,,15.670859538784068,,15.670859538784068
27191002301,DNYANPRABODHINI HS,267,288,276.6,21,7.865168539325842,100.0,0,ACTIVE,True,6,267,288,21,7.865168539325842,66.50943396226415,1.303680981595092,40.42713276999653,INCREASING,164,124,0.76,43.05555555555556,56.94444444444444,40,40.42713276999653,LOW,5.3000000000009155,315.0,27.0,9.375,5.4,9.375,5.532139093782929,1.9938650306748467,25.05382567426786,1.303680981595092,17.928782266466026
27191002303,SHARDA SUMAN PS CHIKALTHANA,229,253,241.8,24,10.480349344978166,0.0,5,ACTIVE,True,2,229,253,24,10.480349344978166,62.94549266247379,96.93251533742331,76.5403017324536,INCREASING,120,133,1.11,52.569169960474305,47.43083003952569,-13,76.5403017324536,HIGH,6.000000000000808,283.0,30.0,11.857707509881422,6.0,11.857707509881422,87.88198103266596,95.39877300613497,84.08369024192615,96.93251533742331,87.93833777057529
27191002304,SHIVTEJ VIDYA MANDIR,433,477,455.4,44,10.161662817551962,100.0,0,ACTIVE,True,2,433,477,44,10.161662817551962,84.22431865828092,92.02453987730061,87.3444071458888,INCREASING,271,206,0.76,43.18658280922432,56.81341719077568,65,87.3444071458888,HIGH,11.000000000001652,532.0,55.0,11.530398322851152,11.0,11.530398322851152,79.03055848261327,87.42331288343557,87.37596944090751,92.02453987730061,88.77054057182544
27191002305,PS ASHOKNAGAR,425,467,446.4,42,9.88235294117647,100.0,0,ACTIVE,True,2,425,467,42,9.88235294117647,82.91404612159329,80.06134969325154,81.7729675502566,INCREASING,215,252,1.17,53.96145610278372,46.03854389721627,-37,81.7729675502566,HIGH,9.800000000001374,516.0,49.0,10.492505353319057,9.8,10.492505353319057,34.35194942044257,34.355828220858896,62.80611181849751,80.06134969325154,67.98268318092371
27191002306,SHRI BABANRAO DHAKNE VIDYALAYA AND JR.COLLEGE,396,428,411.0,32,8.080808080808081,66.29783144307979,0,ACTIVE,True,3,396,428,32,8.080808080808081,80.29350104821803,2.7607361963190185,49.280395107458425,INCREASING,243,185,0.76,43.22429906542056,56.77570093457944,58,49.280395107458425,LOW,8.100000000001357,469.0,41.0,9.579439252336448,8.2,9.579439252336448,8.324552160168599,4.601226993865031,31.408727862021067,2.7607361963190185,22.81433036231045
27191002307,SWAYAMBHU PS,215,235,225.2,20,9.30232558139535,100.0,0,ACTIVE,True,2,215,235,20,9.30232558139535,59.74842767295597,44.70858895705521,53.732492186595664,INCREASING,105,130,1.24,55.319148936170215,44.680851063829785,-25,53.732492186595664,MEDIUM,5.100000000000777,261.0,26.0,11.063829787234042,5.2,11.063829787234042,59.79978925184405,65.10736196319019,58.282440097233476,44.70858895705521,54.21028475517999
27191002308,VISHWABHARTI PS HEENA NAGAR,318,344,330.2,26,8.176100628930817,100.0,0,ACTIVE,True,2,318,344,26,8.176100628930817,72.95597484276729,3.9877300613496933,45.36867693020025,INCREASING,183,161,0.88,46.80232558139535,53.19767441860465,22,45.36867693020025,LOW,6.400000000001044,376.0,32.0,9.30232558139535,6.4,9.30232558139535,5.005268703898841,1.6104294478527608,27.865377937261254,3.9877300613496933,20.702083574487784
27191002309,SHRI BABANRAO DHAKNE PRIMARY SCHOOL,92,101,96.4,9,9.782608695652174,77.29336037697263,0,ACTIVE,True,1,92,101,9,9.782608695652174,32.0230607966457,75.0,49.21383647798742,INCREASING,56,45,0.8,44.554455445544555,55.44554455445545,11,49.21383647798742,LOW,2.3000000000003746,113.0,12.0,11.881188118811881,2.4,11.881188118811881,88.14541622760801,95.78220858895705,67.84118532237527,75.0,69.98882972566268
27191002310,"ACE ACADEMY, CHIKALTHANA MIDC",872,960,917.8,88,10.091743119266056,100.0,0,ACTIVE,True,6,872,960,88,10.091743119266056,95.49266247379455,89.57055214723927,93.12381834317245,INCREASING,515,445,0.86,46.35416666666667,53.645833333333336,70,93.12381834317245,HIGH,21.200000000002937,1066.0,106.0,11.041666666666666,21.2,11.041666666666666,58.79873551106428,63.65030674846626,81.33441370528996,89.57055214723927,83.80525523787475
27191002311,DNYANPRABODHINI  JR. COLLEGE,0,0,0.0,0,,0.0,5,PROMOTION_ONLY_LEGACY,False,11,0,0,0,,0.3144654088050315,,,LEGACY / NON-OPERATIONAL,0,0,0.0,,,0,,NOT_APPLICABLE,,,,,,,,,,,
27191002313,MARHUM SANDU PATEL URDU PRIMARY SCHOOL,83,90,86.2,7,8.433734939759036,100.0,0,ACTIVE,True,2,83,90,7,8.433734939759036,29.140461215932913,,29.140461215932913,INCREASING,51,39,0.76,43.333333333333336,56.666666666666664,12,29.140461215932913,LOW,1.8000000000003142,99.0,9.0,10.0,1.8,10.0,17.281348788198102,,29.140461215932913,,29.140461215932913
27191002314,URDU PRIMARY SCHOOL HEENA NAGAR CHIKHALTHANA,232,253,242.2,21,9.051724137931034,100.0,0,ACTIVE,True,2,232,253,21,9.051724137931034,62.94549266247379,32.43865030674847,50.74275572018366,INCREASING,76,177,2.33,69.96047430830039,30.039525691699602,-101,50.74275572018366,MEDIUM,5.500000000000898,281.0,28.0,11.067193675889328,5.6,11.067193675889328,60.010537407797685,65.41411042944786,56.61129760388934,32.43865030674847,49.359503414747074
27191002315,SHIVTEJ VIDYA MANDIR HS,95,104,99.4,9,9.473684210526317,49.36021734165194,0,ACTIVE,True,8,95,104,9,9.473684210526317,32.59958071278826,56.28834355828221,42.07508585098584,INCREASING,56,48,0.86,46.15384615384615,53.84615384615385,8,42.07508585098584,LOW,2.4000000000003907,116.0,12.0,11.538461538461538,2.4,11.538461538461538,79.768177028451,87.9601226993865,60.42910059034611,56.28834355828221,59.18687348072694
27191002316,ST. MERRY ENGLISH PS HEENA NAGAR CHIKHALTHANA,100,110,104.8,10,10.0,100.0,0,ACTIVE,True,6,100,110,10,10.0,34.43396226415094,86.42638036809815,55.230929505729826,INCREASING,59,51,0.86,46.36363636363636,53.63636363636364,8,55.230929505729826,MEDIUM,2.3000000000003533,122.0,12.0,10.909090909090908,2.4,10.909090909090908,53.16122233930452,56.21165644171779,55.62322028012501,86.42638036809815,64.86416830651694
27191002317,MNC HS ASHOKNAGAR,109,119,113.8,10,9.174311926605505,100.0,0,ACTIVE,True,8,109,119,10,9.174311926605505,36.79245283018868,37.5,37.075471698113205,INCREASING,54,65,1.2,54.621848739495796,45.378151260504204,-11,37.075471698113205,LOW,2.600000000000435,132.0,13.0,10.92436974789916,2.6,10.92436974789916,53.63540569020021,56.901840490797554,45.006019215186946,37.5,42.75421345063086
27191002318,kai sahebrao patil sultanpurkar vidya mandir,205,225,215.4,20,9.75609756097561,100.0,0,ACTIVE,True,2,205,225,20,9.75609756097561,57.54716981132076,73.54294478527608,63.94547980090289,INCREASING,123,102,0.83,45.33333333333333,54.666666666666664,21,63.94547980090289,MEDIUM,5.000000000000719,250.0,25.0,11.11111111111111,5.0,11.11111111111111,62.328767123287676,67.48466257668711,65.36115291121658,73.54294478527608,67.81569047343443
27191002319,GLOBAL STAR SCHOOL,3,3,3.0,0,0.0,100.0,0,ACTIVE,True,2,3,3,0,0.0,1.939203354297694,,1.939203354297694,STABLE_LOW_ENROLLMENT,2,1,0.5,33.33333333333333,66.66666666666666,1,1.939203354297694,NOT_APPLICABLE,-2.235137771165873e-16,3.0,0.0,0.0,0.0,0.0,1.36986301369863,,1.939203354297694,,1.939203354297694
27191002402,TARAMATI BAFANA ANDH VIDYALAY,41,45,42.8,4,9.75609756097561,100.0,0,ACTIVE,True,2,41,45,4,9.75609756097561,16.037735849056602,,16.037735849056602,INCREASING,45,0,0.0,0.0,100.0,45,16.037735849056602,NOT_APPLICABLE,0.9000000000001466,50.0,5.0,11.11111111111111,1.0,11.11111111111111,62.328767123287676,,16.037735849056602,,16.037735849056602
27191002403,LAL BHAHADUR SHASTRI URDU HS,141,154,147.2,13,9.219858156028367,100.0,0,ACTIVE,True,7,141,154,13,9.219858156028367,44.18238993710692,39.64723926380368,42.36832966778562,INCREASING,48,106,2.21,68.83116883116884,31.16883116883117,-58,42.36832966778562,LOW,3.30000000000055,171.0,17.0,11.03896103896104,3.4,11.03896103896104,58.53530031612223,63.26687116564417,50.727746266929046,39.64723926380368,47.403594165991436
27191002404,FATEMA GIRLS PS PAWARLOOM,364,392,375.8,28,7.6923076923076925,100.0,0,ACTIVE,True,2,364,392,28,7.6923076923076925,77.62054507337525,0.6134969325153374,46.81772581703129,INCREASING,203,189,0.93,48.214285714285715,51.78571428571429,14,46.81772581703129,LOW,7.000000000001284,427.0,35.0,8.928571428571429,7.0,8.928571428571429,3.5827186512118017,0.3067484662576687,28.21333487672184,0.6134969325153374,19.93338349345989
27191002405,ST.XAVIER'S PRIMARY SCHOOL,170,185,177.8,15,8.823529411764707,100.0,0,ACTIVE,True,2,170,185,15,8.823529411764707,49.63312368972746,21.549079754601227,38.399506115676964,INCREASING,110,75,0.68,40.54054054054054,59.45945945945946,35,38.399506115676964,LOW,3.8000000000005567,204.0,19.0,10.27027027027027,3.8,10.27027027027027,26.29083245521602,24.616564417177912,32.88632943627734,21.549079754601227,29.48515453177451
27191002406,NEW HS CHIKHALTHANA,570,614,587.0,44,7.719298245614035,100.0,0,ACTIVE,True,3,570,614,44,7.719298245614035,89.83228511530397,0.9202453987730062,54.26746922869159,INCREASING,358,256,0.72,41.69381107491857,58.306188925081436,102,54.26746922869159,MEDIUM,11.200000000002255,670.0,56.0,9.120521172638437,11.2,9.120521172638437,4.004214963119073,0.7668711656441718,32.86723000347262,0.9202453987730062,23.283134622062736
27191002408,SPRING DALES JR COLLEGE N-1,315,345,330.6,30,9.523809523809524,100.0,0,ACTIVE,True,11,315,345,30,9.523809523809524,73.11320754716981,59.12576687116564,67.51823127676815,INCREASING,184,161,0.88,46.666666666666664,53.333333333333336,23,67.51823127676815,MEDIUM,7.600000000001101,383.0,38.0,11.014492753623188,7.6,11.014492753623188,57.481559536354055,61.73312883435583,65.20419029980323,59.12576687116564,63.380663271211944
27191002409,ST.  LAWRENCE MARATHI HS,490,532,510.0,42,8.571428571428571,100.0,0,ACTIVE,True,7,490,532,42,8.571428571428571,86.63522012578616,12.269938650306749,56.8891075355944,INCREASING,317,215,0.68,40.41353383458647,59.58646616541353,102,56.8891075355944,MEDIUM,10.50000000000174,585.0,53.0,9.962406015037594,10.6,9.962406015037594,15.753424657534246,13.420245398773007,39.50156268086584,12.269938650306749,31.33207547169811
27191002410,SANIT XAVIERS HS N-1,212,232,221.4,20,9.433962264150944,100.0,0,ACTIVE,True,7,212,232,20,9.433962264150944,59.11949685534591,52.760736196319016,56.57599259173515,INCREASING,147,85,0.58,36.637931034482754,63.36206896551724,62,56.57599259173515,MEDIUM,5.200000000000884,258.0,26.0,11.206896551724139,5.2,11.206896551724139,66.33298208640674,72.00920245398773,62.74927653663618,52.760736196319016,59.752714434541026
27191002415,ST. LAWRENCE MARATHI PS,697,766,734.2,69,9.899569583931134,100.0,0,ACTIVE,True,2,697,766,69,9.899569583931134,93.39622641509435,80.67484662576688,88.30767449936336,INCREASING,415,351,0.85,45.822454308093995,54.177545691906005,64,88.30767449936336,HIGH,17.000000000002256,851.0,85.0,11.096605744125327,17.0,11.096605744125327,60.800842992623814,66.56441717791411,79.61037157078366,80.67484662576688,79.92971408727863
27191002416,DREAMLAND ENGLISH SCHOOL,557,607,580.4,50,8.976660682226212,100.0,0,ACTIVE,True,2,557,607,50,8.976660682226212,89.62264150943396,29.141104294478527,65.4300266234518,INCREASING,346,261,0.75,42.998352553542006,57.001647446457994,85,65.4300266234518,MEDIUM,13.200000000002332,673.0,66.0,10.873146622734762,13.2,10.873146622734762,51.42255005268704,53.68098159509203,60.730408612107894,29.141104294478527,51.25361731681908
27191002417,UNIVERSAL HIGH SCHOOL,604,658,629.6,54,8.940397350993377,100.0,0,ACTIVE,True,6,604,658,54,8.940397350993377,90.88050314465409,27.607361963190186,65.57124667206853,INCREASING,377,281,0.75,42.70516717325228,57.29483282674772,96,65.57124667206853,MEDIUM,13.400000000002217,725.0,67.0,10.182370820668693,13.4,10.182370820668693,22.0231822971549,20.245398773006134,47.440907512443566,27.607361963190186,41.49084384766755
27191002418,GDPS PUBLIC SCHOOL,17,19,18.0,2,11.76470588235294,100.0,0,ACTIVE,True,6,17,19,2,11.76470588235294,6.918238993710692,,6.918238993710692,INCREASING,8,11,1.38,57.89473684210527,42.10526315789473,-3,6.918238993710692,NOT_APPLICABLE,0.400000000000048,21.0,2.0,10.526315789473683,0.4,10.526315789473683,36.248682824025295,,6.918238993710692,,6.918238993710692
27191002502,SHARDA HINDI HS,97,105,100.4,8,8.24742268041237,100.0,0,ACTIVE,True,6,97,105,8,8.24742268041237,33.123689727463315,5.061349693251533,21.898753713778603,INCREASING,61,44,0.72,41.904761904761905,58.0952380952381,17,21.898753713778603,NOT_APPLICABLE,2.2000000000004256,116.0,11.0,10.476190476190476,2.2,10.476190476190476,34.035827186512115,33.895705521472394,26.69753443685612,5.061349693251533,20.206679013774743
27191002503,MUKUL MANDIR CIDCO,490,532,510.4,42,8.571428571428571,100.0,0,ACTIVE,True,7,490,532,42,8.571428571428571,86.63522012578616,12.269938650306749,56.8891075355944,INCREASING,271,261,0.96,49.06015037593985,50.93984962406015,10,56.8891075355944,MEDIUM,10.500000000001656,585.0,53.0,9.962406015037594,10.6,9.962406015037594,15.753424657534246,13.420245398773007,39.50156268086584,12.269938650306749,31.33207547169811
27191002506,MUKUL MANDIR N-7 CIDCO,736,806,771.0,70,9.510869565217392,100.0,0,ACTIVE,True,2,736,806,70,9.510869565217392,93.60587002096436,58.282208588957054,79.47640544816144,INCREASING,401,405,1.01,50.24813895781638,49.75186104218362,-4,79.47640544816144,HIGH,17.400000000002652,893.0,87.0,10.794044665012407,17.4,10.794044665012407,46.78609062170706,49.233128834355824,67.3790948026392,58.282208588957054,64.65002893853455
27191002507,PRAGATI PS N-7 CIDCO,181,200,190.6,19,10.497237569060774,84.97120247427692,0,ACTIVE,True,2,181,200,19,10.497237569060774,53.35429769392034,97.08588957055214,70.84693444457307,INCREASING,97,103,1.06,51.5,48.5,-6,70.84693444457307,MEDIUM,4.700000000000701,224.0,24.0,12.0,4.8,12.0,89.8314014752371,97.23926380368098,81.40386618821623,97.08588957055214,86.108473202917
27191002508,BAL VIDYA MANDIR CIDCO 7,63,68,65.0,5,7.936507936507936,100.0,0,ACTIVE,True,2,63,68,5,7.936507936507936,22.90356394129979,,22.90356394129979,INCREASING,28,40,1.43,58.82352941176471,41.17647058823529,-12,22.90356394129979,NOT_APPLICABLE,1.300000000000261,75.0,7.0,10.294117647058822,1.4,10.294117647058822,27.449947312961008,,22.90356394129979,,22.90356394129979
27191002509,MAEER'S VISHWASHANTI GURUKUL SCHOOL,428,469,448.2,41,9.579439252336448,100.0,0,ACTIVE,True,6,428,469,41,9.579439252336448,83.17610062893081,61.27300613496932,74.41486283134621,INCREASING,290,179,0.62,38.16631130063966,61.833688699360344,111,74.41486283134621,MEDIUM,10.300000000001624,521.0,52.0,11.087420042643924,10.4,11.087420042643924,60.59009483667018,66.25766871165644,71.1519851834703,61.27300613496932,68.18829146892
27191002510,JIGISHA INTERNATIONAL SCHOOL (H.S) N-7,112,123,117.4,11,9.821428571428571,100.0,0,ACTIVE,True,7,112,123,11,9.821428571428571,37.683438155136265,76.84049079754601,53.346259212100165,INCREASING,74,49,0.66,39.83739837398374,60.16260162601627,25,53.346259212100165,MEDIUM,2.6000000000003936,136.0,13.0,10.569105691056912,2.6,10.569105691056912,37.61854583772392,37.73006134969325,47.099780067137395,76.84049079754601,56.02199328625998
27191002511,JIGISHA INTERNATIONAL SCHOOL (P.S) N-7,420,461,440.2,41,9.761904761904763,100.0,0,ACTIVE,True,2,420,461,41,9.761904761904763,82.59958071278825,73.77300613496932,79.06895088166068,INCREASING,249,212,0.85,45.98698481561822,54.01301518438177,37,79.06895088166068,HIGH,10.100000000001536,512.0,51.0,11.062906724511931,10.2,11.062906724511931,59.589041095890416,64.80061349693251,73.3616159277694,73.77300613496932,73.48503298992938
27191002512,SHRI SANTAJI JR COLLEGE N 7,63,69,65.8,6,9.523809523809524,100.0,0,ACTIVE,True,11,63,69,6,9.523809523809524,23.165618448637318,,23.165618448637318,INCREASING,30,39,1.3,56.52173913043478,43.47826086956522,-9,23.165618448637318,NOT_APPLICABLE,1.5000000000002547,77.0,8.0,11.594202898550725,1.6,11.594202898550725,81.77028451001054,,23.165618448637318,,23.165618448637318
27191002513,DNYANDA ENGLISH SCHOOL,326,354,340.2,28,8.588957055214724,100.0,0,ACTIVE,True,2,326,354,28,8.588957055214724,74.26624737945492,13.420245398773007,49.92784658718215,INCREASING,179,175,0.98,49.43502824858757,50.56497175141242,4,49.92784658718215,LOW,7.1000000000011,390.0,36.0,10.16949152542373,7.2,10.16949152542373,21.601685985247627,19.78527607361963,37.87081838175715,13.420245398773007,30.535646486861904
27191002514,SWAMI RAMKRISHNA PARAMHANS ENGLISH SCHOOL,65,72,68.6,7,10.76923076923077,100.0,0,ACTIVE,True,2,65,72,7,10.76923076923077,23.89937106918239,,23.89937106918239,INCREASING,44,28,0.64,38.88888888888889,61.111111111111114,16,23.89937106918239,NOT_APPLICABLE,1.7000000000002407,81.0,9.0,12.5,1.8,12.5,94.0463645943098,,23.89937106918239,,23.89937106918239
27191002515,TALENT PUBLIC HIGH SCHOOL CIDCO N-7,87,96,92.0,9,10.344827586206897,100.0,0,ACTIVE,True,3,87,96,9,10.344827586206897,30.92243186582809,,30.92243186582809,INCREASING,47,49,1.04,51.041666666666664,48.95833333333333,-2,30.92243186582809,LOW,2.200000000000278,107.0,11.0,11.458333333333332,2.2,11.458333333333332,76.1854583772392,,30.92243186582809,,30.92243186582809
27191002604,CPS CIDCO N-7,308,339,322.8,31,10.064935064935066,100.0,0,ACTIVE,True,2,308,339,31,10.064935064935066,72.27463312368972,88.49693251533742,78.7635528803488,INCREASING,189,150,0.79,44.24778761061947,55.75221238938053,39,78.7635528803488,HIGH,7.800000000001277,378.0,39.0,11.504424778761061,7.8,11.504424778761061,78.34562697576396,86.42638036809815,81.82868387544855,88.49693251533742,83.82915846741521
27191002605,MATOSHRI RAMABAI AMBEDKAR,47,52,49.8,5,10.638297872340425,100.0,0,ACTIVE,True,7,47,52,5,10.638297872340425,18.029350104821802,,18.029350104821802,INCREASING,36,16,0.44,30.76923076923077,69.23076923076923,20,18.029350104821802,NOT_APPLICABLE,1.200000000000145,58.0,6.0,11.538461538461538,1.2,11.538461538461538,79.768177028451,,18.029350104821802,,18.029350104821802
27191002606,VINAYAKRAO PATIL MADHYAMIK VID.,127,139,133.0,12,9.448818897637794,100.0,0,ACTIVE,True,7,127,139,12,9.448818897637794,40.932914046121596,54.601226993865026,46.40023922521897,INCREASING,139,0,0.0,0.0,100.0,139,46.40023922521897,LOW,3.000000000000458,154.0,15.0,10.79136690647482,3.0,10.79136690647482,46.57534246575342,48.92638036809816,47.410695682370644,54.601226993865026,49.567855075818954
27191002607,SAI PRIMARY SCHOOLS HARSUL PARISAR,30,33,31.6,3,10.0,100.0,0,ACTIVE,True,2,30,33,3,10.0,12.10691823899371,,12.10691823899371,INCREASING,20,13,0.65,39.39393939393939,60.60606060606061,7,12.10691823899371,NOT_APPLICABLE,0.7000000000000911,37.0,4.0,12.121212121212121,0.8,12.121212121212121,91.35932560590095,,12.10691823899371,,12.10691823899371
27191002608,SHRI SAIBABA VIDYALAY SWARAJNAGAR,74,81,77.4,7,9.45945945945946,74.13357238002791,0,ACTIVE,True,6,74,81,7,9.45945945945946,26.467505241090144,,26.467505241090144,INCREASING,37,44,1.19,54.32098765432099,45.67901234567901,-7,26.467505241090144,LOW,1.7000000000002662,90.0,9.0,11.11111111111111,1.8,11.11111111111111,62.328767123287676,,26.467505241090144,,26.467505241090144
27191002609,SHISHU VIKAS KENDRA PS N-7,139,152,145.4,13,9.352517985611511,100.0,0,ACTIVE,True,2,139,152,13,9.352517985611511,43.81551362683438,48.08282208588957,45.52243701045646,INCREASING,85,67,0.79,44.07894736842105,55.92105263157895,18,45.52243701045646,LOW,3.1000000000004775,168.0,16.0,10.526315789473683,3.2,10.526315789473683,36.248682824025295,36.42638036809816,41.88401435351314,48.08282208588957,43.74365667322606
27191002610,VENUTAI CHAVAN KANYA HS AND JR. COLLEGE N-8,601,659,630.6,58,9.650582362728786,100.0,0,ACTIVE,True,3,601,659,58,9.650582362728786,90.98532494758909,67.33128834355828,81.52371030597676,INCREASING,0,659,1.0,100.0,0.0,-659,81.52371030597676,HIGH,14.000000000002036,729.0,70.0,10.62215477996965,14.0,10.62215477996965,39.831401475237094,40.644171779141104,65.1718948952425,67.33128834355828,65.81971292973724
27191002611,VINAYAKRAO PATILPRIMARY SCHOOL N-8 CIDCO,321,354,338.0,33,10.2803738317757,100.0,0,ACTIVE,True,2,321,354,33,10.2803738317757,74.26624737945492,94.70858895705521,82.44318401049503,INCREASING,209,145,0.69,40.96045197740113,59.03954802259888,64,82.44318401049503,HIGH,8.000000000001151,394.0,40.0,11.299435028248588,8.0,11.299435028248588,70.33719704952581,76.61042944785275,80.11008218543813,94.70858895705521,84.48963421692325
27191002613,SHUBHAMKAROTI PS,79,86,82.2,7,8.860759493670885,100.0,0,ACTIVE,True,2,79,86,7,8.860759493670885,28.354297693920334,,28.354297693920334,INCREASING,53,33,0.62,38.372093023255815,61.627906976744185,20,28.354297693920334,LOW,1.800000000000313,95.0,9.0,10.465116279069768,1.8,10.465116279069768,33.772391991570075,,28.354297693920334,,28.354297693920334
27191002616,SHISHU VIKAS KENDRA H.S. N 7,15,16,15.4,1,6.666666666666667,0.0,5,ACTIVE,True,8,15,16,1,6.666666666666667,5.817610062893082,,5.817610062893082,INCREASING,10,6,0.6,37.5,62.5,4,5.817610062893082,NOT_APPLICABLE,0.3000000000000633,18.0,2.0,12.5,0.4,12.5,94.0463645943098,,5.817610062893082,,5.817610062893082
27191002617,MNC HS CIDCO N-7,98,107,102.4,9,9.183673469387756,100.0,0,ACTIVE,True,8,98,107,9,9.183673469387756,33.75262054507338,37.88343558282208,35.40494656017286,INCREASING,78,29,0.37,27.102803738317753,72.89719626168224,49,35.40494656017286,LOW,2.2000000000003403,118.0,11.0,10.2803738317757,2.2,10.2803738317757,27.081138040042152,25.766871165644172,31.549716402361383,37.88343558282208,33.44983215649959
27191002708,AURANGABAD URDU PS,208,227,217.4,19,9.134615384615383,100.0,0,ACTIVE,True,2,208,227,19,9.134615384615383,57.91404612159329,35.88957055214724,49.104255893814866,INCREASING,130,97,0.75,42.731277533039645,57.268722466960355,33,49.104255893814866,LOW,4.70000000000073,251.0,24.0,10.572687224669604,4.8,10.572687224669604,37.93466807165437,38.190184049079754,44.738627155920824,35.88957055214724,42.08391017478875
27191002709,AURANGABAD POLICE PUBLIC SCHOOL N-9,1231,1340,1284.8,109,8.85458976441917,100.0,0,ACTIVE,True,2,1231,1340,109,8.85458976441917,97.48427672955975,23.31288343558282,67.81571941196897,INCREASING,730,610,0.84,45.52238805970149,54.47761194029851,120,67.81571941196897,MEDIUM,26.400000000003985,1472.0,132.0,9.850746268656717,26.4,9.850746268656717,12.961011591148578,9.355828220858896,44.43176293552494,23.31288343558282,38.0960990855423
27191002710,AURANGABAD POLICE PUBLIC HIGH SCHOOL,117,126,121.0,9,7.6923076923076925,100.0,0,ACTIVE,True,8,117,126,9,7.6923076923076925,38.41719077568134,0.6134969325153374,23.295713238414937,INCREASING,68,58,0.85,46.03174603174603,53.96825396825397,10,23.295713238414937,NOT_APPLICABLE,2.300000000000412,138.0,12.0,9.523809523809524,2.4,9.523809523809524,7.4288724973656475,3.834355828220859,15.511170274337307,0.6134969325153374,11.041868271790715
27191002711,HIS HOLINES HAZRAT MANSOOR SHAH WALI URDU SCHOOL,129,141,135.4,12,9.30232558139535,100.0,0,ACTIVE,True,2,129,141,12,9.30232558139535,41.35220125786164,44.70858895705521,42.69475633753906,INCREASING,77,64,0.83,45.39007092198582,54.60992907801418,13,42.69475633753906,LOW,3.1000000000004424,157.0,16.0,11.347517730496454,3.2,11.347517730496454,72.70811380400421,79.75460122699386,57.518694293320976,44.70858895705521,53.67566269244124
27191002830,AMANULLAH MOTIWALA HS,157,172,165.0,15,9.554140127388536,100.0,0,ACTIVE,True,7,157,172,15,9.554140127388536,47.117400419287215,60.35276073619632,52.41154454605086,INCREASING,54,118,2.19,68.6046511627907,31.3953488372093,-64,52.41154454605086,MEDIUM,3.800000000000524,191.0,19.0,11.046511627906977,3.8,11.046511627906977,58.9041095890411,63.80368098159509,56.96839912026856,60.35276073619632,57.98370760504688
27191002831,URDU HIGH SCHOOL KAKATGATE,30,33,31.6,3,10.0,79.26825703155185,0,ACTIVE,True,7,30,33,3,10.0,12.10691823899371,,12.10691823899371,INCREASING,31,2,0.06,6.0606060606060606,93.93939393939394,29,12.10691823899371,NOT_APPLICABLE,0.7000000000000911,37.0,4.0,12.121212121212121,0.8,12.121212121212121,91.35932560590095,,12.10691823899371,,12.10691823899371
27191002832,DAULAT URDU PS NEHRU NAGAR,298,327,313.2,29,9.731543624161073,100.0,0,ACTIVE,True,2,298,327,29,9.731543624161073,70.64989517819707,72.46932515337423,71.37766716826793,INCREASING,133,194,1.46,59.32721712538226,40.67278287461774,-61,71.37766716826793,MEDIUM,6.900000000000926,362.0,35.0,10.703363914373089,7.0,10.703363914373089,44.15173867228662,46.16564417177914,61.29285796967241,72.46932515337423,64.64579812478294
27191002833,PS KIRADPURA NO.3,114,124,119.0,10,8.771929824561402,100.0,0,ACTIVE,True,2,114,124,10,8.771929824561402,38.05031446540881,19.171779141104295,30.498900335687004,INCREASING,72,52,0.72,41.935483870967744,58.06451612903226,20,30.498900335687004,LOW,2.6000000000004166,137.0,13.0,10.483870967741936,2.6,10.483870967741936,34.24657534246575,34.20245398773007,31.98032179650423,19.171779141104295,28.137758999884248
27191002834,AMANULLAH MOTIWALA PS,407,451,431.6,44,10.81081081081081,100.0,0,ACTIVE,True,2,407,451,44,10.81081081081081,81.70859538784066,99.30981595092024,88.74908361307249,INCREASING,166,285,1.72,63.19290465631929,36.80709534368071,-119,88.74908361307249,HIGH,10.600000000001275,504.0,53.0,11.751662971175167,10.6,11.751662971175167,85.14225500526871,92.94478527607362,90.42736427827293,99.30981595092024,93.09209978006712
27191002835,AURANGABAD PUBLIC HS,291,316,302.4,25,8.59106529209622,100.0,0,ACTIVE,True,6,291,316,25,8.59106529209622,69.70649895178197,13.803680981595093,47.34537176370722,INCREASING,249,67,0.27,21.202531645569618,78.79746835443038,182,47.34537176370722,LOW,6.000000000001005,346.0,30.0,9.49367088607595,6.0,9.49367088607595,6.8493150684931505,3.52760736196319,29.818266003009608,13.803680981595093,25.01389049658525
27191002836,RAZIYA FATEMA URDU HS,150,164,157.2,14,9.333333333333334,100.0,0,ACTIVE,True,7,150,164,14,9.333333333333334,45.75471698113208,46.62576687116564,46.10313693714551,INCREASING,59,105,1.78,64.02439024390245,35.97560975609756,-46,46.10313693714551,LOW,3.5000000000005156,182.0,18.0,10.975609756097562,3.6,10.975609756097562,55.90094836670178,59.739263803680984,51.55758768375969,46.62576687116564,50.078041439981476
27191002837,URDU PRIMARY SCHOOL,26,29,27.6,3,11.538461538461538,100.0,0,ACTIVE,True,2,26,29,3,11.538461538461538,10.69182389937107,,10.69182389937107,INCREASING,11,18,1.64,62.06896551724138,37.93103448275862,-7,10.69182389937107,NOT_APPLICABLE,0.7000000000000891,33.0,4.0,13.793103448275861,0.8,13.793103448275861,96.89146469968388,,10.69182389937107,,10.69182389937107
27191002838,MARIUM UL ULUM PS ABAD,504,554,530.2,50,9.920634920634921,100.0,0,ACTIVE,True,2,504,554,50,9.920634920634921,87.73584905660378,82.36196319018406,85.5862947100359,INCREASING,288,266,0.92,48.014440433213,51.985559566786996,22,85.5862947100359,HIGH,12.700000000001813,618.0,64.0,11.552346570397113,12.8,11.552346570397113,80.61116965226554,88.65030674846625,86.81189952540805,82.36196319018406,85.47691862484085
27191002839,IQRA URDU PS KATKATGATE,2113,2324,2232.2,211,9.985802176999528,100.0,0,ACTIVE,True,2,2113,2324,211,9.985802176999528,99.47589098532494,85.58282208588957,93.91866342555079,INCREASING,850,1474,1.73,63.42512908777969,36.574870912220305,-624,93.91866342555079,HIGH,54.700000000006966,2598.0,274.0,11.790017211703958,54.8,11.790017211703958,86.61749209694415,93.55828220858896,93.77451093876606,85.58282208588957,91.31700428290311
27191002840,SCHOLARS ENG GIRLS HS KAT KAT GATE,46,50,48.0,4,8.695652173913043,31.44238005190595,0,ACTIVE,True,7,46,50,4,8.695652173913043,17.348008385744233,,17.348008385744233,INCREASING,0,50,1.0,100.0,0.0,-50,17.348008385744233,NOT_APPLICABLE,1.0000000000001539,55.0,5.0,10.0,1.0,10.0,17.281348788198102,,17.348008385744233,,17.348008385744233
27191002841,SCHOLARS ENG BOYS HS KAT KAT GATE,76,84,80.0,8,10.526315789473683,71.98334935788486,0,ACTIVE,True,7,76,84,8,10.526315789473683,27.77777777777778,,27.77777777777778,INCREASING,84,0,0.0,0.0,100.0,84,27.77777777777778,LOW,2.0000000000003064,94.0,10.0,11.904761904761903,2.0,11.904761904761903,88.56691253951527,,27.77777777777778,,27.77777777777778
27191002842,"RAHI ENGLISH PS, NEHRU NAGAR, KATKAT GATE",18,19,18.4,1,5.555555555555555,0.0,5,ACTIVE,True,2,18,19,1,5.555555555555555,6.918238993710692,,6.918238993710692,INCREASING,9,10,1.11,52.63157894736842,47.368421052631575,-1,6.918238993710692,NOT_APPLICABLE,0.30000000000006083,21.0,2.0,10.526315789473683,0.4,10.526315789473683,36.248682824025295,,6.918238993710692,,6.918238993710692
27191002843,RYP JUNIOR COLLEGE ARTS & SCIENCE,208,228,217.8,20,9.615384615384617,100.0,0,ACTIVE,True,11,208,228,20,9.615384615384617,58.22851153039832,64.95398773006134,60.91870201026353,INCREASING,71,157,2.21,68.85964912280701,31.140350877192986,-86,60.91870201026353,MEDIUM,5.000000000000788,253.0,25.0,10.964912280701753,5.0,10.964912280701753,55.53213909378293,59.355828220858896,60.29355249450168,64.95398773006134,61.69168306516957
27191002844,SCHOLAR'S ENGLISH PRIMARY SCHOOL,315,342,327.6,27,8.571428571428571,5.500269115658379,0,ACTIVE,True,2,315,342,27,8.571428571428571,72.74633123689728,12.269938650306749,48.55577420226106,INCREASING,199,143,0.72,41.812865497076025,58.187134502923975,56,48.55577420226106,LOW,6.500000000001056,375.0,33.0,9.649122807017543,6.6,9.649122807017543,9.483667017913593,5.98159509202454,31.526102558166453,12.269938650306749,25.74925338580854
27191002845,HIS HOLINES HAZRAT MANSOOR SHAHWALI URDU PRIMARY SCHOOL KATKAT GATE,109,120,114.6,11,10.091743119266056,100.0,0,ACTIVE,True,2,109,120,11,10.091743119266056,37.0545073375262,89.57055214723927,58.060925261411434,INCREASING,71,49,0.69,40.833333333333336,59.166666666666664,22,58.060925261411434,MEDIUM,2.7000000000004007,134.0,14.0,11.666666666666666,2.8,11.666666666666666,83.77239199157007,91.64110429447852,71.49299687463827,89.57055214723927,76.91626345641856
27191002903,TAJ UL ULOOM URDU HS FAZILPURA,100,109,104.6,9,9.0,42.98009341936533,0,ACTIVE,True,7,100,109,9,9.0,34.11949685534591,30.368098159509206,32.61893737701123,INCREASING,58,51,0.88,46.788990825688074,53.21100917431193,7,32.61893737701123,LOW,2.200000000000316,120.0,11.0,10.091743119266056,2.2,10.091743119266056,19.968387776606956,17.561349693251536,26.59590230350735,30.368098159509206,27.727561060307906
27191002904,SCOTTISH ENG PS FAZILPURA,38,41,39.2,3,7.894736842105263,0.0,5,ACTIVE,True,2,38,41,3,7.894736842105263,14.41299790356394,,14.41299790356394,INCREASING,27,14,0.52,34.146341463414636,65.85365853658537,13,14.41299790356394,NOT_APPLICABLE,0.8000000000001617,45.0,4.0,9.75609756097561,0.8,9.75609756097561,11.116965226554267,,14.41299790356394,,14.41299790356394
27191002906,GULSHAN E USMAN URDU PS GANESH,204,223,213.0,19,9.313725490196079,100.0,0,ACTIVE,True,2,204,223,19,9.313725490196079,57.023060796645694,45.62883435582822,52.465370220318704,INCREASING,101,122,1.21,54.7085201793722,45.2914798206278,-21,52.465370220318704,MEDIUM,4.700000000000778,247.0,24.0,10.762331838565023,4.8,10.762331838565023,45.521601685985246,47.54601226993865,50.497627040166684,45.62883435582822,49.03698923486514
27191002907,NATIONAL INTEGRATION ENG PS GANESH COLONY,99,109,104.2,10,10.1010101010101,100.0,0,ACTIVE,True,2,99,109,10,10.1010101010101,34.11949685534591,90.10736196319019,56.51464289848362,INCREASING,71,38,0.54,34.862385321100916,65.13761467889908,33,56.51464289848362,MEDIUM,2.4000000000003316,121.0,12.0,11.009174311926607,2.4,11.009174311926607,57.32349841938883,61.50306748466258,58.510012732955204,90.10736196319019,67.9892175020257
27191002908,MATOSHRI JIJAMATA PULBIC SHCOOL GANESH COLONY,195,213,203.6,18,9.230769230769232,100.0,0,ACTIVE,True,2,195,213,18,9.230769230769232,54.926624737945495,40.56748466257669,49.18296870779797,INCREASING,102,111,1.09,52.112676056338024,47.88732394366197,-9,49.18296870779797,LOW,4.4000000000007065,235.0,22.0,10.328638497652582,4.4,10.328638497652582,28.661749209694413,27.607361963190186,40.55272600995485,40.56748466257669,40.557153605741405
27191002909,PS GANESH COLONY URDU,48,52,49.6,4,8.333333333333332,100.0,0,ACTIVE,True,2,48,52,4,8.333333333333332,18.029350104821802,,18.029350104821802,INCREASING,24,28,1.17,53.84615384615385,46.15384615384615,-4,18.029350104821802,NOT_APPLICABLE,0.9000000000001688,57.0,5.0,9.615384615384617,1.0,9.615384615384617,9.009483667017912,,18.029350104821802,,18.029350104821802
27191002910,URDU MADHYAMIC VIDYALAYA RASHIDPURA,217,236,225.8,19,8.755760368663594,100.0,0,ACTIVE,True,6,217,236,19,8.755760368663594,60.167714884696025,18.17484662576687,43.37056758112436,INCREASING,102,134,1.31,56.779661016949156,43.22033898305085,-32,43.37056758112436,LOW,4.800000000000824,260.0,24.0,10.16949152542373,4.8,10.16949152542373,21.601685985247627,19.78527607361963,33.936450978122465,18.17484662576687,29.207969672415786
27191002912,VIBE HERITAGE SCHOOL,695,758,728.8,63,9.06474820143885,100.0,0,ACTIVE,True,2,695,758,63,9.06474820143885,93.18658280922432,32.82208588957055,69.04078404136281,INCREASING,489,269,0.55,35.48812664907652,64.5118733509235,220,69.04078404136281,MEDIUM,16.200000000002284,839.0,81.0,10.686015831134563,16.2,10.686015831134563,43.203371970495255,44.785276073619634,59.338580854265544,32.82208588957055,51.38363236485704
27191002913,"LITTLE STAR HIGH SCHOOL, FAZILPURA",356,387,370.8,31,8.707865168539326,66.77694342902534,0,ACTIVE,True,7,356,387,31,8.707865168539326,77.20125786163521,16.104294478527606,52.76247250839217,INCREASING,257,130,0.51,33.59173126614987,66.40826873385012,127,52.76247250839217,MEDIUM,8.200000000001392,428.0,41.0,10.594315245478036,8.2,10.594315245478036,38.77766069546891,39.263803680981596,47.36300497742794,16.104294478527606,37.985391827757844
27191002914,NATIONAL INTERGRATION ENG HIGH SCHOOL,17,18,17.4,1,5.88235294117647,0.0,5,ACTIVE,True,7,17,18,1,5.88235294117647,6.446540880503145,,6.446540880503145,INCREASING,8,10,1.25,55.55555555555556,44.44444444444444,-2,6.446540880503145,NOT_APPLICABLE,0.3000000000000639,20.0,2.0,11.11111111111111,0.4,11.11111111111111,62.328767123287676,,6.446540880503145,,6.446540880503145
27191004003,PS CHELIPURA URDU,272,300,287.2,28,10.294117647058822,100.0,0,ACTIVE,True,2,272,300,28,10.294117647058822,68.23899371069182,95.0920245398773,78.980206042366,INCREASING,187,113,0.6,37.666666666666664,62.33333333333333,74,78.980206042366,HIGH,7.200000000000969,336.0,36.0,12.0,7.2,12.0,89.8314014752371,97.23926380368098,86.283829146892,95.0920245398773,88.92628776478759
27191004004,ALLAMA SHIBALI URDU PS,614,676,645.0,62,10.097719869706841,100.0,0,ACTIVE,True,2,614,676,62,10.097719869706841,91.50943396226415,89.87730061349694,90.85658062275726,INCREASING,274,402,1.47,59.46745562130178,40.532544378698226,-128,90.85658062275726,HIGH,16.000000000002522,756.0,80.0,11.834319526627219,16.0,11.834319526627219,87.67123287671232,95.0920245398773,92.55075818960529,89.87730061349694,91.74872091677278
27191004005,DR. ZAKIR HUSAIN HS AND JR.COLLEGE,778,853,813.8,75,9.640102827763496,100.0,0,ACTIVE,True,3,778,853,75,9.640102827763496,94.23480083857443,66.56441717791411,83.1666473743103,INCREASING,585,268,0.46,31.41852286049238,68.58147713950761,317,83.1666473743103,HIGH,19.700000000003282,952.0,99.0,11.606096131301289,19.8,11.606096131301289,82.1917808219178,90.1840490797546,85.97360805648802,66.56441717791411,80.15085079291585
27191004006,FAIZAL ULULOOM PS,262,288,275.6,26,9.923664122137405,100.0,0,ACTIVE,True,2,262,288,26,9.923664122137405,66.50943396226415,82.82208588957054,73.0344947331867,INCREASING,128,160,1.25,55.55555555555556,44.44444444444444,-32,73.0344947331867,MEDIUM,6.700000000000965,322.0,34.0,11.805555555555555,6.8,11.805555555555555,86.8809272918862,93.94171779141104,81.39738395647643,82.82208588957054,81.82479453640465
27191004007,ALLAMA SHIBLI URDU HS NAWABPURA,422,460,439.8,38,9.004739336492891,100.0,0,ACTIVE,True,6,422,460,38,9.004739336492891,82.38993710691824,30.75153374233129,61.73457576108346,INCREASING,187,273,1.46,59.34782608695652,40.65217391304348,-86,61.73457576108346,MEDIUM,9.300000000001532,507.0,47.0,10.217391304347826,9.4,10.217391304347826,23.39304531085353,21.779141104294478,45.75240189836787,30.75153374233129,41.252141451556895
27191004008,MAHARASHTRA HINDI VIDYALAYA,204,222,212.2,18,8.823529411764707,100.0,0,ACTIVE,True,1,204,222,18,8.823529411764707,56.81341719077568,21.549079754601227,42.7076822163059,INCREASING,163,59,0.36,26.576576576576578,73.42342342342343,104,42.7076822163059,LOW,4.500000000000769,245.0,23.0,10.36036036036036,4.6,10.36036036036036,30.3477344573235,29.29447852760736,37.342400740826484,21.549079754601227,32.6044044449589
27191004009,TANVIR UL ATFAL URDU NABABPURA,84,92,87.8,8,9.523809523809524,100.0,0,ACTIVE,True,2,84,92,8,9.523809523809524,29.82180293501048,,29.82180293501048,INCREASING,35,57,1.63,61.95652173913043,38.04347826086957,-22,29.82180293501048,LOW,2.0000000000003304,102.0,10.0,10.869565217391305,2.0,10.869565217391305,51.05374077976818,,29.82180293501048,,29.82180293501048
27191004010,MAHARASHTRA HINDI VID. SHAHAGU,462,503,481.4,41,8.874458874458876,100.0,0,ACTIVE,True,6,462,503,41,8.874458874458876,85.22012578616352,24.386503067484664,60.88667669869197,INCREASING,391,112,0.29,22.266401590457257,77.73359840954275,279,60.88667669869197,MEDIUM,10.20000000000167,554.0,51.0,10.139165009940358,10.2,10.139165009940358,20.864067439409904,18.865030674846626,44.07801828915383,24.386503067484664,38.17056372265308
27191004011,HAZRAT NIZAMUDDIN ENGLISH SCHOOL SHAHAGUNJ,146,159,152.8,13,8.904109589041095,100.0,0,ACTIVE,True,1,146,159,13,8.904109589041095,44.65408805031446,25.536809815950924,37.007176756569045,INCREASING,104,55,0.53,34.59119496855346,65.40880503144653,49,37.007176756569045,LOW,3.4000000000005115,176.0,17.0,10.69182389937107,3.4,10.69182389937107,43.78292939936775,45.62883435582822,40.45583979627271,25.536809815950924,35.98013080217618
27191004012,NEW ENGLISH PRIMARY SCHOOL,6,7,6.8,1,16.666666666666664,100.0,0,ACTIVE,True,1,6,7,1,16.666666666666664,3.4067085953878404,,3.4067085953878404,INCREASING,4,3,0.75,42.857142857142854,57.14285714285714,1,3.4067085953878404,NOT_APPLICABLE,0.199999999999991,8.0,1.0,14.285714285714285,0.2,14.285714285714285,97.36564805057955,,3.4067085953878404,,3.4067085953878404
27191004114,PS SHAHABAZAR,239,263,251.4,24,10.0418410041841,100.0,0,ACTIVE,True,2,239,263,24,10.0418410041841,64.46540880503144,87.88343558282209,73.8326195161477,INCREASING,123,140,1.14,53.2319391634981,46.7680608365019,-17,73.8326195161477,MEDIUM,5.800000000000824,292.0,29.0,11.02661596958175,5.8,11.02661596958175,58.06111696522655,62.57668711656442,69.33024655631439,87.88343558282209,74.8962032642667
27191004115,FATEMA GIRLS PS SHAHABAZAR,620,684,654.4,64,10.32258064516129,100.0,0,ACTIVE,True,1,620,684,64,10.32258064516129,91.61425576519916,95.70552147239265,93.25076204807655,INCREASING,0,684,1.0,100.0,0.0,-684,93.25076204807655,HIGH,16.0000000000022,764.0,80.0,11.695906432748536,16.0,11.695906432748536,84.5100105374078,92.02453987730061,92.76027317976617,95.70552147239265,93.64384766755411
27191004116,MALIK AMBAR URDU MADHYAMIK SCHOOL,119,131,125.6,12,10.084033613445378,100.0,0,ACTIVE,True,7,119,131,12,10.084033613445378,39.57023060796646,88.95705521472392,59.32496045066944,INCREASING,63,68,1.08,51.908396946564885,48.091603053435115,-5,59.32496045066944,MEDIUM,3.0000000000003855,146.0,15.0,11.450381679389313,3.0,11.450381679389313,76.08008429926238,83.58895705521472,69.03055909248755,88.95705521472392,75.00850792915845
27191004117,MALIKAMBER URDU PS DAMDI MAHAL,238,263,250.8,25,10.504201680672269,100.0,0,ACTIVE,True,2,238,263,25,10.504201680672269,64.46540880503144,97.23926380368098,77.57495080449127,INCREASING,117,146,1.25,55.51330798479087,44.48669201520912,-29,77.57495080449127,HIGH,6.000000000000838,293.0,30.0,11.406844106463879,6.0,11.406844106463879,74.81559536354057,82.05521472392638,79.36705637226531,97.23926380368098,84.72871860169002
27191004118,AL FAROOQUE URUDE PRIMARY SCHOOL,511,563,537.2,52,10.176125244618394,100.0,0,ACTIVE,True,2,511,563,52,10.176125244618394,88.25995807127882,92.48466257668711,89.94983987344213,INCREASING,283,280,0.99,49.733570159857905,50.26642984014209,3,89.94983987344213,HIGH,12.900000000001945,628.0,65.0,11.545293072824157,13.0,11.545293072824157,80.50579557428873,88.49693251533742,89.36867693020025,92.48466257668711,90.30347262414631
27191004119,ALMIR PS SHAHABAZAR,1251,1368,1309.4,117,9.352517985611511,100.0,0,ACTIVE,True,2,1251,1368,117,9.352517985611511,97.69392033542978,48.08282208588957,77.84948103561369,INCREASING,651,717,1.1,52.41228070175439,47.58771929824561,-66,77.84948103561369,HIGH,31.40000000000502,1525.0,157.0,11.476608187134502,31.4,11.476608187134502,77.13382507903056,84.66257668711657,80.57471929621485,48.08282208588957,70.82715013311726
27191004120,MNC HS SHAHBAZAR,90,99,94.6,9,10.0,40.80965521055747,0,ACTIVE,True,8,90,99,9,10.0,31.656184486373167,,31.656184486373167,INCREASING,42,57,1.36,57.57575757575758,42.42424242424242,-15,31.656184486373167,LOW,2.100000000000287,110.0,11.0,11.11111111111111,2.2,11.11111111111111,62.328767123287676,,31.656184486373167,,31.656184486373167
27191004202,MUJIB-ALAM-SHAH URDU PS,656,727,693.2,71,10.823170731707316,66.19661746201774,0,ACTIVE,True,2,656,727,71,10.823170731707316,92.66247379454927,99.5398773006135,95.41343519697496,INCREASING,234,493,2.11,67.81292984869326,32.18707015130674,-259,95.41343519697496,HIGH,17.500000000002455,815.0,88.0,12.104539202200826,17.6,12.104539202200826,90.72708113804005,98.00613496932516,96.45051510591503,99.5398773006135,97.37732376432456
27191004203,PRIME STAR ENGLISH PS KATKAT G,1148,1246,1193.2,98,8.536585365853659,100.0,0,ACTIVE,True,2,1148,1246,98,8.536585365853659,97.06498951781971,10.812883435582823,62.564147084924954,INCREASING,810,436,0.54,34.99197431781702,65.00802568218299,374,62.564147084924954,MEDIUM,24.600000000004286,1369.0,123.0,9.871589085072232,24.6,9.871589085072232,13.593256059009484,10.276073619631902,41.64891769880773,10.812883435582823,32.39810741984025
27191004204,WINNERS ENGLISH PS RAVINDRANAG,202,220,211.0,18,8.91089108910891,100.0,0,ACTIVE,True,2,202,220,18,8.91089108910891,56.44654088050315,26.150306748466257,44.328047227688394,INCREASING,154,66,0.43,30.0,70.0,88,44.328047227688394,LOW,4.400000000000659,242.0,22.0,10.0,4.4,10.0,17.281348788198102,14.64723926380368,32.455724042134506,26.150306748466257,30.56409885403403
27191004205,ALMIR SECONDARY SCHOOL ROSHANGATE,853,931,892.2,78,9.14419695193435,100.0,0,ACTIVE,True,6,853,931,78,9.14419695193435,95.17819706498952,36.34969325153374,71.64679553960721,INCREASING,457,474,1.04,50.912996777658435,49.08700322234157,-17,71.64679553960721,MEDIUM,19.100000000002808,1027.0,96.0,10.311493018259936,19.2,10.311493018259936,28.240252897787144,26.993865030674847,53.78562333603426,36.34969325153374,48.5548443106841
27191004206,ANISA URDU PS RAVINDRANAGAR,666,723,695.0,57,8.558558558558559,100.0,0,ACTIVE,True,2,666,723,57,8.558558558558559,92.55765199161425,11.196319018404909,60.01311880233051,INCREASING,293,430,1.47,59.47441217150761,40.52558782849239,-137,60.01311880233051,MEDIUM,14.800000000002274,797.0,74.0,10.235131396957122,14.8,10.235131396957122,24.446786090621707,23.006134969325153,45.21032526912836,11.196319018404909,35.006123393911324
27191004207,DR. ZAKIR HUSAIN PS MUJEEB COLONY,320,350,335.8,30,9.375,100.0,0,ACTIVE,True,2,320,350,30,9.375,73.89937106918238,49.233128834355824,64.03287417525176,INCREASING,164,186,1.13,53.142857142857146,46.85714285714286,-22,64.03287417525176,MEDIUM,7.600000000001077,388.0,38.0,10.857142857142858,7.6,10.857142857142858,50.26343519494204,52.91411042944786,59.5853686769302,49.233128834355824,56.47969672415789
27191004208,"RAYYAN INTERNATIONAL ENGLISH SCHOOL, ROSHAN GATE, CHHATRAPATI SAMBHAJINAGAR",64,70,67.0,6,9.375,100.0,0,ACTIVE,True,2,64,70,6,9.375,23.427672955974842,,23.427672955974842,INCREASING,44,26,0.59,37.142857142857146,62.857142857142854,18,23.427672955974842,NOT_APPLICABLE,1.4000000000001973,77.0,7.0,10.0,1.4,10.0,17.281348788198102,,23.427672955974842,,23.427672955974842
27191004209,SUPREME GLOBAL SCHOOL ROSHAN GATE,195,214,204.6,19,9.743589743589745,100.0,0,ACTIVE,True,2,195,214,19,9.743589743589745,55.188679245283026,73.08282208588957,62.346336381525646,INCREASING,131,83,0.63,38.78504672897196,61.21495327102804,48,62.346336381525646,MEDIUM,4.70000000000071,238.0,24.0,11.214953271028037,4.8,11.214953271028037,66.80716543730242,72.69938650306749,66.48755643014238,73.08282208588957,68.46613612686653
27191004210,PRIME STAR ENG HS,420,462,441.6,42,10.0,100.0,0,ACTIVE,True,7,420,462,42,10.0,82.80922431865828,86.42638036809815,84.25608673843422,INCREASING,303,159,0.52,34.41558441558442,65.5844155844156,144,84.25608673843422,HIGH,10.100000000001426,513.0,51.0,11.03896103896104,10.2,11.03896103896104,58.53530031612223,63.26687116564417,75.8604005093182,86.42638036809815,79.03019446695218
27191004211,SIR SAYYED COLLEGE ROSHAN GATE,571,624,598.4,53,9.281961471103326,88.60846412909106,0,ACTIVE,True,11,571,624,53,9.281961471103326,90.041928721174,44.01840490797546,71.63251919589459,INCREASING,150,474,3.16,75.96153846153845,24.03846153846154,-324,71.63251919589459,MEDIUM,13.600000000002018,692.0,68.0,10.897435897435898,13.6,10.897435897435898,52.79241306638567,55.674846625766875,65.2494501678435,44.01840490797546,58.880136589883094
27191004212,ANISA HIGH SCHOOL,226,245,235.2,19,8.4070796460177,100.0,0,ACTIVE,True,7,226,245,19,8.4070796460177,61.530398322851156,7.438650306748467,39.89369911641008,INCREASING,97,148,1.53,60.40816326530612,39.59183673469388,-51,39.89369911641008,LOW,5.00000000000083,270.0,25.0,10.204081632653061,5.0,10.204081632653061,22.49736564805058,20.705521472392636,32.2184280588031,7.438650306748467,24.78449473318671
27191004213,WINNERS ENG HS,121,133,127.6,12,9.917355371900827,100.0,0,ACTIVE,True,7,121,133,12,9.917355371900827,39.884696016771485,82.1319018404908,56.78357834625922,INCREASING,102,31,0.3,23.308270676691727,76.69172932330827,71,56.78357834625922,MEDIUM,3.0000000000003983,148.0,15.0,11.278195488721805,3.0,11.278195488721805,69.28345626975764,75.69018404907976,64.34622062738744,82.1319018404908,69.68192499131844
27191004214,SANA URDU HS AZAM COLONY  ROSHAN GATE,78,85,81.4,7,8.974358974358974,0.0,5,ACTIVE,True,7,78,85,7,8.974358974358974,28.09224318658281,,28.09224318658281,INCREASING,39,46,1.18,54.11764705882353,45.88235294117647,-7,28.09224318658281,LOW,1.7000000000002637,94.0,9.0,10.588235294117647,1.8,10.588235294117647,38.56691253951528,,28.09224318658281,,28.09224318658281
27191004215,PRIME JUNIOR COLLEGE,8,9,8.6,1,12.5,100.0,0,ACTIVE,True,11,8,9,1,12.5,4.035639412997904,,4.035639412997904,INCREASING,6,3,0.5,33.33333333333333,66.66666666666666,3,4.035639412997904,NOT_APPLICABLE,0.300000000000041,11.0,2.0,22.22222222222222,0.4,22.22222222222222,99.52581664910431,,4.035639412997904,,4.035639412997904
27191004216,MUJIB ALAM SHAH URDU HIGH SCHOOL,80,88,84.0,8,10.0,100.0,0,ACTIVE,True,8,80,88,8,10.0,28.721174004192875,,28.721174004192875,INCREASING,24,64,2.67,72.72727272727273,27.27272727272727,-40,28.721174004192875,LOW,1.9000000000002821,98.0,10.0,11.363636363636363,2.0,11.363636363636363,73.49841938883034,,28.721174004192875,,28.721174004192875
27191004219,SPRING DALES HIGH SCHOOL ROSHAN GATE,30,33,31.4,3,10.0,100.0,0,ACTIVE,True,7,30,33,3,10.0,12.10691823899371,,12.10691823899371,INCREASING,22,11,0.5,33.33333333333333,66.66666666666666,11,12.10691823899371,NOT_APPLICABLE,0.7000000000001129,37.0,4.0,12.121212121212121,0.8,12.121212121212121,91.35932560590095,,12.10691823899371,,12.10691823899371
27191004222,SPRING DALES ENGLISH PRIMARY SCHOOL ROSHAN GATE,56,61,58.2,5,8.928571428571429,100.0,0,ACTIVE,True,2,56,61,5,8.928571428571429,20.49266247379455,,20.49266247379455,INCREASING,36,25,0.69,40.98360655737705,59.01639344262295,11,20.49266247379455,NOT_APPLICABLE,1.2000000000002056,67.0,6.0,9.836065573770492,1.2,9.836065573770492,12.539515279241305,,20.49266247379455,,20.49266247379455
27191004224,NEHRU MEMORIAL ENGLISH PRIMARY SCHOOL,230,251,239.8,21,9.130434782608695,100.0,0,ACTIVE,True,2,230,251,21,9.130434782608695,62.57861635220125,35.58282208588957,51.78029864567658,INCREASING,160,91,0.57,36.254980079681275,63.745019920318725,69,51.78029864567658,MEDIUM,5.100000000000826,277.0,26.0,10.358565737051793,5.2,10.358565737051793,30.24236037934668,29.141104294478527,42.724620905197355,35.58282208588957,40.582081259405015
27191004226,MOUNT FORT ELEMENTARY SCHOOL ROSHANGATE,138,151,144.2,13,9.420289855072465,100.0,0,ACTIVE,True,2,138,151,13,9.420289855072465,43.50104821802935,52.07055214723927,46.92884978971331,INCREASING,107,44,0.41,29.13907284768212,70.86092715231787,63,46.92884978971331,LOW,3.2000000000005175,167.0,16.0,10.596026490066226,3.2,10.596026490066226,39.04109589041096,39.64723926380368,44.01620557934946,52.07055214723927,46.4325095497164
27191004308,RASHIDA URDU PS,171,186,177.4,15,8.771929824561402,100.0,0,ACTIVE,True,2,171,186,15,8.771929824561402,49.9475890985325,19.171779141104295,37.63726511556122,INCREASING,55,131,2.38,70.43010752688173,29.56989247311828,-76,37.63726511556122,LOW,3.7000000000006867,205.0,19.0,10.21505376344086,3.8,10.21505376344086,23.024236037934667,21.242331288343557,31.079291584674156,19.171779141104295,27.507037851603194
27191004309,BHARTIYA  P.S. SHARIF COLONY,389,427,407.8,38,9.768637532133676,100.0,0,ACTIVE,True,2,389,427,38,9.768637532133676,80.18867924528303,74.079754601227,77.74510938766062,INCREASING,331,96,0.29,22.482435597189696,77.51756440281031,235,77.74510938766062,HIGH,9.30000000000142,474.0,47.0,11.00702576112412,9.4,11.00702576112412,57.218124341412015,61.34969325153374,71.18694293320988,74.079754601227,72.054786433615
27191004310,NOOR-A-AZIZ URDU HS,97,106,101.2,9,9.278350515463918,100.0,0,ACTIVE,True,7,97,106,9,9.278350515463918,33.542976939203356,43.63496932515337,37.579773893583365,INCREASING,30,76,2.53,71.69811320754717,28.30188679245283,-46,37.579773893583365,LOW,2.200000000000363,117.0,11.0,10.377358490566039,2.2,10.377358490566039,30.927291886195995,30.13803680981595,34.603079060076396,43.63496932515337,37.31264613959949
27191004405,MUSTAFA URDU NIGHT HS,108,118,112.8,10,9.25925925925926,100.0,0,ACTIVE,True,7,108,118,10,9.25925925925926,36.68763102725367,42.25460122699386,38.914419107149754,INCREASING,79,39,0.49,33.05084745762712,66.94915254237289,40,38.914419107149754,LOW,2.5000000000004055,131.0,13.0,11.016949152542372,2.6,11.016949152542372,57.692307692307686,62.0398773006135,48.16460238453525,42.25460122699386,46.39160203727283
27191004406,MD. MUSTHQ AHMAD URDU HS,194,211,202.2,17,8.762886597938143,100.0,0,ACTIVE,True,6,194,211,17,8.762886597938143,54.40251572327044,18.55828220858896,40.06482231739785,INCREASING,108,103,0.95,48.81516587677725,51.18483412322274,5,40.06482231739785,LOW,4.5000000000007505,234.0,23.0,10.90047393364929,4.6,10.90047393364929,52.89778714436248,55.828220858895705,46.37018173399699,18.55828220858896,38.02661187637458
27191004407,"HAMIDIYA URDU SEC. AND HIGH SEC. SCHOOL,KIRADPURA",289,313,300.2,24,8.304498269896193,100.0,0,ACTIVE,True,5,289,313,24,8.304498269896193,69.28721174004193,5.674846625766871,43.8422656943319,INCREASING,51,262,5.14,83.70607028753993,16.293929712460063,-211,43.8422656943319,LOW,6.300000000001077,345.0,32.0,10.223642172523961,6.4,10.223642172523961,23.814541622760803,22.392638036809817,35.26241463132307,5.674846625766871,26.386144229656207
27191004408,KHAIRUL MOMINEEN PS KIRADPURA,435,477,456.8,42,9.655172413793103,100.0,0,ACTIVE,True,2,435,477,42,9.655172413793103,84.22431865828092,67.71472392638037,77.6204807655207,INCREASING,207,270,1.3,56.60377358490566,43.39622641509434,-63,77.6204807655207,HIGH,10.400000000001485,529.0,52.0,10.90146750524109,10.4,10.90146750524109,53.0031612223393,55.98159509202454,68.96492649612223,67.71472392638037,68.58986572519967
27191004409,FOSTER ENGLISH HS,70,76,72.8,6,8.571428571428571,100.0,0,ACTIVE,True,7,70,76,6,8.571428571428571,25.052410901467503,,25.052410901467503,INCREASING,55,21,0.38,27.631578947368425,72.36842105263158,34,25.052410901467503,LOW,1.5000000000002542,84.0,8.0,10.526315789473683,1.6,10.526315789473683,36.248682824025295,,25.052410901467503,,25.052410901467503
27191004410,MODERN URDU PS KIRADPURA,146,160,153.0,14,9.58904109589041,100.0,0,ACTIVE,True,2,146,160,14,9.58904109589041,44.91614255765199,62.42331288343558,51.919010687965425,INCREASING,73,87,1.19,54.37499999999999,45.625,-14,51.919010687965425,MEDIUM,3.5000000000005334,178.0,18.0,11.25,3.6,11.25,68.33508956796628,74.5398773006135,60.96735733302465,62.42331288343558,61.40414399814792
27191004411,ZAM ZAM URDU PRIMARY SCHOOL,423,461,442.2,38,8.983451536643026,100.0,0,ACTIVE,True,2,423,461,38,8.983451536643026,82.59958071278825,29.524539877300615,61.369564378593196,INCREASING,172,289,1.68,62.68980477223427,37.310195227765725,-117,61.369564378593196,MEDIUM,10.100000000001614,512.0,51.0,11.062906724511931,10.2,11.062906724511931,59.589041095890416,64.80061349693251,62.74198402592892,29.524539877300615,52.77675078134043
27191004413,KHAIRUL MOMINEEN URDU HS KIRADPURA,178,192,183.4,14,7.865168539325842,100.0,0,ACTIVE,True,7,178,192,14,7.865168539325842,51.57232704402516,1.303680981595092,31.464868619053128,INCREASING,71,121,1.7,63.020833333333336,36.97916666666667,-50,31.464868619053128,LOW,3.8000000000007974,211.0,19.0,9.895833333333332,3.8,9.895833333333332,14.330874604847207,11.349693251533742,23.418798472045374,1.303680981595092,16.784263224910287
27191004414,AL-HIDAYAH PUBLIC SCHOOL,601,665,635.8,64,10.64891846921797,100.0,0,ACTIVE,True,6,601,665,64,10.64891846921797,91.29979035639413,98.15950920245399,94.04367789481807,INCREASING,437,228,0.52,34.285714285714285,65.71428571428571,209,94.04367789481807,HIGH,15.700000000002033,744.0,79.0,11.879699248120302,15.8,11.879699248120302,87.98735511064278,95.5521472392638,94.64706563259637,98.15950920245399,95.70079870355364
27191004415,AUXIN ENGLISH SCHOOL,111,120,115.0,9,8.108108108108109,100.0,0,ACTIVE,True,2,111,120,9,8.108108108108109,37.0545073375262,3.2975460122699385,23.551722807423698,INCREASING,92,28,0.3,23.333333333333332,76.66666666666667,64,23.551722807423698,NOT_APPLICABLE,2.1000000000003554,131.0,11.0,9.166666666666666,2.2,9.166666666666666,4.10958904109589,0.9202453987730062,14.49913184396342,3.2975460122699385,11.138656094455374
27191004416,M R DREAM ENGLISH SCHOOL RAHIM NAGAR JASWANTPURA,55,60,57.6,5,9.090909090909092,100.0,0,ACTIVE,True,6,55,60,5,9.090909090909092,19.968553459119498,,19.968553459119498,INCREASING,37,23,0.62,38.333333333333336,61.66666666666667,14,19.968553459119498,NOT_APPLICABLE,1.3000000000001934,67.0,7.0,11.666666666666666,1.4,11.666666666666666,83.77239199157007,,19.968553459119498,,19.968553459119498
27191004417,AL TEHERIM ENGLISH PRIMARY HIGHSCHOOL AND JR COLLEGE,40,43,41.4,3,7.5,100.0,0,ACTIVE,True,2,40,43,3,7.5,15.199161425576522,,15.199161425576522,INCREASING,38,5,0.13,11.627906976744185,88.37209302325581,33,15.199161425576522,NOT_APPLICABLE,0.7000000000001111,47.0,4.0,9.30232558139535,0.8,9.30232558139535,5.005268703898841,,15.199161425576522,,15.199161425576522
27191004503,ALIMIYA NADVI PS,435,473,454.0,38,8.735632183908045,100.0,0,ACTIVE,True,2,435,473,38,8.735632183908045,83.85744234800838,17.33128834355828,57.24698074622834,INCREASING,182,291,1.6,61.52219873150106,38.47780126849894,-109,57.24698074622834,MEDIUM,9.90000000000157,523.0,50.0,10.570824524312897,10.0,10.570824524312897,37.82929399367755,38.036809815950924,49.562912374117374,17.33128834355828,39.89342516494965
27191004504,SHAHID ASHFAQULLAH MARATHI PS,264,288,276.2,24,9.090909090909092,100.0,0,ACTIVE,True,2,264,288,24,9.090909090909092,66.50943396226415,33.97239263803681,53.49461743257322,INCREASING,224,64,0.29,22.22222222222222,77.77777777777779,160,53.49461743257322,MEDIUM,5.500000000000735,316.0,28.0,9.722222222222223,5.6,9.722222222222223,10.484720758693362,7.05521472392638,34.918856349114485,33.97239263803681,34.63491723579118
27191004505,PS YASHODHRA COLONY,254,279,267.0,25,9.84251968503937,100.0,0,ACTIVE,True,2,254,279,25,9.84251968503937,65.88050314465409,78.06748466257669,70.75529575182313,INCREASING,124,155,1.25,55.55555555555556,44.44444444444444,-31,70.75529575182313,MEDIUM,5.9000000000007935,309.0,30.0,10.75268817204301,6.0,10.75268817204301,45.363540569020024,47.392638036809814,61.4102326658178,78.06748466257669,66.40740826484546
27191004506,ROYAL ENG PS RAHEMANIYA COL,160,173,166.0,13,8.125,100.0,0,ACTIVE,True,2,160,173,13,8.125,47.37945492662474,3.52760736196319,29.838715900760118,INCREASING,127,46,0.36,26.589595375722542,73.41040462427746,81,29.838715900760118,LOW,3.3000000000005647,190.0,17.0,9.826589595375722,3.4,9.826589595375722,12.32876712328767,8.742331288343557,21.400162055793494,3.52760736196319,16.038395647644403
27191004507,PS YASHODHRA COLONY MARATHI,84,92,87.8,8,9.523809523809524,100.0,0,ACTIVE,True,2,84,92,8,9.523809523809524,29.82180293501048,,29.82180293501048,INCREASING,67,25,0.37,27.173913043478258,72.82608695652173,42,29.82180293501048,LOW,1.9000000000003001,102.0,10.0,10.869565217391305,2.0,10.869565217391305,51.05374077976818,,29.82180293501048,,29.82180293501048
27191004509,RESIDENCIAL ORTHOPAEDIC SCHOOL,2,2,2.0,0,0.0,100.0,0,ACTIVE,True,2,2,2,0,0.0,1.4150943396226416,,1.4150943396226416,STABLE_LOW_ENROLLMENT,1,1,1.0,50.0,50.0,0,1.4150943396226416,NOT_APPLICABLE,-3.5586396126464817e-16,2.0,0.0,0.0,0.0,0.0,1.36986301369863,,1.4150943396226416,,1.4150943396226416
27191004510,ROYAL STAR ENGLISH HIGH SCHOOL,115,126,120.6,11,9.565217391304348,100.0,0,ACTIVE,True,10,115,126,11,9.565217391304348,38.41719077568134,60.65950920245399,47.3141181463904,INCREASING,73,53,0.73,42.06349206349206,57.936507936507944,20,47.3141181463904,LOW,2.7000000000003967,140.0,14.0,11.11111111111111,2.8,11.11111111111111,62.328767123287676,67.48466257668711,55.382335918509085,60.65950920245399,56.965487903692555
27191004511,MNC HS YASHODHARA COLONY,53,58,55.4,5,9.433962264150944,100.0,0,ACTIVE,True,8,53,58,5,9.433962264150944,19.339622641509436,,19.339622641509436,INCREASING,25,33,1.32,56.896551724137936,43.103448275862064,-8,19.339622641509436,NOT_APPLICABLE,1.3000000000002176,65.0,7.0,12.068965517241379,1.4,12.068965517241379,90.51633298208641,,19.339622641509436,,19.339622641509436
27191004602,RAJDHANI URDU HS JASWANTPURA,154,169,161.6,15,9.740259740259742,100.0,0,ACTIVE,True,6,154,169,15,9.740259740259742,46.80293501048218,72.7760736196319,57.19219045414207,INCREASING,62,107,1.73,63.31360946745562,36.68639053254438,-45,57.19219045414207,MEDIUM,3.700000000000551,188.0,19.0,11.242603550295858,3.8,11.242603550295858,68.12434141201264,74.30981595092024,64.03924065285334,72.7760736196319,66.6602905428869
27191004603,LAL BAHADUR SHASTRI MARATHI PS,17,18,17.2,1,5.88235294117647,100.0,0,ACTIVE,True,2,17,18,1,5.88235294117647,6.446540880503145,,6.446540880503145,INCREASING,10,8,0.8,44.44444444444444,55.55555555555556,2,6.446540880503145,NOT_APPLICABLE,0.20000000000005685,19.0,1.0,5.555555555555555,0.2,5.555555555555555,2.792413066385669,,6.446540880503145,,6.446540880503145
27191004604,HABIBA JUNIOR COLLEGE OF ARTS JASWANTPURA,69,75,72.0,6,8.695652173913043,100.0,0,ACTIVE,True,11,69,75,6,8.695652173913043,24.842767295597483,,24.842767295597483,INCREASING,10,65,6.5,86.66666666666667,13.333333333333334,-55,24.842767295597483,NOT_APPLICABLE,1.6000000000002603,83.0,8.0,10.666666666666668,1.6,10.666666666666668,42.360379346680716,,24.842767295597483,,24.842767295597483
27191004605,A R E S English School,1,1,1.0,0,0.0,0.0,5,ACTIVE,True,2,1,1,0,0.0,0.8385744234800839,,0.8385744234800839,STABLE_LOW_ENROLLMENT,1,0,0.0,0.0,100.0,1,0.8385744234800839,NOT_APPLICABLE,-1.7793198063232408e-16,1.0,0.0,0.0,0.0,0.0,1.36986301369863,,0.8385744234800839,,0.8385744234800839
27191004703,SANIYA ENGLISH PRIMARY SCHOOL,88,96,92.0,8,9.090909090909092,93.37558322814226,0,ACTIVE,True,6,88,96,8,9.090909090909092,30.92243186582809,,30.92243186582809,INCREASING,62,34,0.55,35.41666666666667,64.58333333333334,28,30.92243186582809,LOW,2.000000000000309,106.0,10.0,10.416666666666668,2.0,10.416666666666668,32.45521601685985,,30.92243186582809,,30.92243186582809
27191004704,MAHATMA GANDHI MISSION SANSKAR VID.,112,123,118.0,11,9.821428571428571,72.37775484621184,0,ACTIVE,True,1,112,123,11,9.821428571428571,37.683438155136265,76.84049079754601,53.346259212100165,INCREASING,72,51,0.71,41.46341463414634,58.536585365853654,21,53.346259212100165,MEDIUM,2.500000000000293,136.0,13.0,10.569105691056912,2.6,10.569105691056912,37.61854583772392,37.73006134969325,47.099780067137395,76.84049079754601,56.02199328625998
27191004705,MADHUR MATIMAND VIDYALAY,0,0,0.0,0,,0.0,5,PROMOTION_ONLY_LEGACY,False,1,0,0,0,,0.3144654088050315,,,LEGACY / NON-OPERATIONAL,0,0,0.0,,,0,,NOT_APPLICABLE,,,,,,,,,,,
27191004706,"ZAITUNNISA URDU PS, CHISTIYA COLONY",242,263,252.2,21,8.677685950413224,100.0,0,ACTIVE,True,2,242,263,21,8.677685950413224,64.46540880503144,15.184049079754603,44.75286491492071,INCREASING,112,151,1.35,57.414448669201526,42.585551330798474,-39,44.75286491492071,LOW,5.300000000000856,290.0,27.0,10.26615969581749,5.4,10.26615969581749,26.132771338250787,24.386503067484664,36.606320175946294,15.184049079754603,30.179638847088786
27191004708,CLOVER DALE SCHOOL,488,533,509.6,45,9.221311475409836,10.195386849475724,0,ACTIVE,True,6,488,533,45,9.221311475409836,86.84486373165619,39.87730061349693,68.05783848439249,INCREASING,316,217,0.69,40.71294559099437,59.28705440900563,99,68.05783848439249,MEDIUM,11.500000000001851,591.0,58.0,10.881801125703564,11.6,10.881801125703564,51.949420442571125,54.44785276073619,62.61384419492997,39.87730061349693,55.79288112050005
27191004709,YESHWANTRAO CHAVAN HS,312,342,327.4,30,9.615384615384617,100.0,0,ACTIVE,True,6,312,342,30,9.615384615384617,72.74633123689728,64.95398773006134,69.6293938341629,INCREASING,269,73,0.27,21.34502923976608,78.65497076023392,196,69.6293938341629,MEDIUM,7.300000000001039,379.0,37.0,10.818713450292398,7.4,10.818713450292398,48.735511064278185,51.45705521472392,62.36045838638731,64.95398773006134,63.13851718948952
27191004710,OM PS N-6,120,131,125.6,11,9.166666666666666,100.0,0,ACTIVE,True,2,120,131,11,9.166666666666666,39.57023060796646,37.11656441717792,38.58876413165104,INCREASING,62,69,1.11,52.67175572519084,47.32824427480916,-7,38.58876413165104,LOW,2.800000000000427,145.0,14.0,10.687022900763358,2.8,10.687022900763358,43.41412012644889,45.0920245398773,41.19006829494154,37.11656441717792,39.96801713161245
27191004711,RAJARAM PS,221,242,231.6,21,9.502262443438914,100.0,0,ACTIVE,True,2,221,242,21,9.502262443438914,61.058700209643604,57.74539877300614,59.73337963498862,INCREASING,180,62,0.34,25.6198347107438,74.3801652892562,118,59.73337963498862,MEDIUM,5.300000000000796,269.0,27.0,11.15702479338843,5.4,11.15702479338843,64.17281348788198,68.86503067484662,63.386040050931825,57.74539877300614,61.69384766755412
27191004712,SHRI VENKATESH PS N-6,83,91,87.0,8,9.63855421686747,100.0,0,ACTIVE,True,2,83,91,8,9.63855421686747,29.40251572327044,,29.40251572327044,INCREASING,37,54,1.46,59.34065934065934,40.65934065934066,-17,29.40251572327044,LOW,2.0000000000003078,101.0,10.0,10.989010989010989,2.0,10.989010989010989,56.58587987355111,,29.40251572327044,,29.40251572327044
27191004713,LITTLE STAR ENG PS N-6,37,40,38.4,3,8.108108108108109,52.9055722118683,0,ACTIVE,True,2,37,40,3,8.108108108108109,14.046121593291405,,14.046121593291405,INCREASING,24,16,0.67,40.0,60.0,8,14.046121593291405,NOT_APPLICABLE,0.800000000000139,44.0,4.0,10.0,0.8,10.0,17.281348788198102,,14.046121593291405,,14.046121593291405
27191004715,DR Y S KHEDKAR SRI CHAITANYA TECHNO SCHOOL,848,934,891.4,86,10.141509433962264,100.0,0,ACTIVE,True,6,848,934,86,10.141509433962264,95.38784067085953,91.56441717791411,93.85847127368136,INCREASING,560,374,0.67,40.04282655246253,59.95717344753747,186,93.85847127368136,HIGH,21.600000000003263,1042.0,108.0,11.563169164882227,21.6,11.563169164882227,80.82191780821918,88.95705521472392,91.89790485009839,91.56441717791411,91.79785854844309
27191004716,MGM SANSKAR VIDYALAY CIDCO N-6,379,415,398.6,36,9.498680738786279,89.13937396901892,0,ACTIVE,True,3,379,415,36,9.498680738786279,79.50733752620545,57.515337423312886,70.71053748504842,INCREASING,249,166,0.67,40.0,60.0,83,70.71053748504842,MEDIUM,8.800000000001148,459.0,44.0,10.602409638554217,8.8,10.602409638554217,39.251844046364596,39.95398773006135,58.40791758305359,57.515337423312886,58.14014353513137
27191004717,NEW KIDS PARADISE ENGLISH SCHOOL,36,40,38.2,4,11.11111111111111,100.0,0,ACTIVE,True,6,36,40,4,11.11111111111111,14.046121593291405,,14.046121593291405,INCREASING,20,20,1.0,50.0,50.0,0,14.046121593291405,NOT_APPLICABLE,0.9000000000001019,45.0,5.0,12.5,1.0,12.5,94.0463645943098,,14.046121593291405,,14.046121593291405
27191004721,NEW KIDS PARADISE ENGLISH SCHOOL N-6 CIDCO,360,394,378.0,34,9.444444444444445,45.825359895890394,0,ACTIVE,True,3,360,394,34,9.444444444444445,77.88259958071279,53.757668711656436,68.23262723309026,INCREASING,293,101,0.34,25.63451776649746,74.36548223350253,192,68.23262723309026,MEDIUM,8.800000000001285,438.0,44.0,11.16751269035533,8.8,11.16751269035533,64.85774499473129,69.86196319018406,68.88436161592777,53.757668711656436,64.34635374464636
27191004722,AL HUDA ENGLISH PRIMARY SCHOOL CENTRAL NAKA,159,173,165.8,14,8.80503144654088,100.0,0,ACTIVE,True,3,159,173,14,8.80503144654088,47.37945492662474,20.62883435582822,36.67920669830613,INCREASING,120,53,0.44,30.63583815028902,69.36416184971098,67,36.67920669830613,LOW,3.500000000000554,191.0,18.0,10.404624277456648,3.6,10.404624277456648,31.875658587987353,31.518404907975462,34.61488598217386,20.62883435582822,30.41907049427017
27191004806,TERNA HS CIDCO,64,71,67.8,7,10.9375,100.0,0,ACTIVE,True,6,64,71,7,10.9375,23.58490566037736,,23.58490566037736,INCREASING,44,27,0.61,38.028169014084504,61.97183098591549,17,23.58490566037736,NOT_APPLICABLE,1.6000000000001953,79.0,8.0,11.267605633802818,1.6,11.267605633802818,68.80927291886196,,23.58490566037736,,23.58490566037736
27191004807,TERNA P VIDYAMANDIR CIDCO,31,34,32.6,3,9.67741935483871,100.0,0,ACTIVE,True,1,31,34,3,9.67741935483871,12.631027253668764,,12.631027253668764,INCREASING,13,21,1.62,61.76470588235294,38.23529411764706,-8,12.631027253668764,NOT_APPLICABLE,0.700000000000088,38.0,4.0,11.76470588235294,0.8,11.76470588235294,85.87987355110643,,12.631027253668764,,12.631027253668764
27191004808,DHARMVEER SAMBHAJI PS N-5,275,303,290.2,28,10.181818181818182,100.0,0,ACTIVE,True,1,275,303,28,10.181818181818182,68.60587002096436,92.79141104294479,78.28008642975654,INCREASING,167,136,0.81,44.884488448844884,55.115511551155116,31,78.28008642975654,HIGH,7.200000000000997,339.0,36.0,11.881188118811881,7.2,11.881188118811881,88.14541622760801,95.78220858895705,85.28093529343674,92.79141104294479,87.53407801828915
27191004809,DHARMAVEER SAMBHAJI SEC. AND HIGH SEC. SCHOOL N-5,533,578,555.0,45,8.442776735459661,67.75033666749533,0,ACTIVE,True,3,533,578,45,8.442776735459661,88.88888888888889,8.128834355828221,56.58486707566462,INCREASING,347,231,0.67,39.965397923875436,60.034602076124564,116,56.58486707566462,MEDIUM,11.300000000001777,635.0,57.0,9.86159169550173,11.4,9.86159169550173,13.171759747102213,9.662576687116564,37.8159509202454,8.128834355828221,28.909815950920244
27191004902,JIJAMATA KANYA VIDYALAYA AND JR. COLLEGE,504,550,526.2,46,9.126984126984127,100.0,0,ACTIVE,True,3,504,550,46,9.126984126984127,87.52620545073376,35.35276073619632,66.65682756491879,INCREASING,285,265,0.93,48.18181818181818,51.81818181818182,20,66.65682756491879,MEDIUM,11.40000000000183,607.0,57.0,10.363636363636363,11.4,10.363636363636363,30.453108535300316,29.447852760736197,51.77323764324575,35.35276073619632,46.84709457113092
27191004906,FOSTER DEVELOPMENT VOCA & TECH. COLLEGE,9,10,9.6,1,11.11111111111111,0.0,5,ACTIVE,True,11,9,10,1,11.11111111111111,4.40251572327044,,4.40251572327044,INCREASING,4,6,1.5,60.0,40.0,-2,4.40251572327044,NOT_APPLICABLE,0.3000000000000415,12.0,2.0,20.0,0.4,20.0,99.15700737618546,,4.40251572327044,,4.40251572327044
27191004907,JIJAMATA PS CIDCO,130,142,135.8,12,9.230769230769232,100.0,0,ACTIVE,True,1,130,142,12,9.230769230769232,41.56184486373166,40.56748466257669,41.16410078326967,INCREASING,69,73,1.06,51.40845070422535,48.59154929577465,-4,41.16410078326967,LOW,3.000000000000487,157.0,15.0,10.56338028169014,3.0,10.56338028169014,37.40779768177028,37.423312883435585,39.66778562333603,40.56748466257669,39.937695335108224
27191004908,HAP INTERNATIONAL SCHOOL,82,89,85.4,7,8.536585365853659,100.0,0,ACTIVE,True,2,82,89,7,8.536585365853659,28.930817610062892,,28.930817610062892,INCREASING,49,40,0.82,44.9438202247191,55.0561797752809,9,28.930817610062892,LOW,1.9000000000003283,99.0,10.0,11.235955056179774,2.0,11.235955056179774,67.75553213909379,,28.930817610062892,,28.930817610062892
27191005312,PS KIRADPURA URDU NO 2,119,129,123.8,10,8.403361344537815,100.0,0,ACTIVE,True,2,119,129,10,8.403361344537815,38.88888888888889,6.978527607361963,26.124744376278123,INCREASING,59,70,1.19,54.263565891472865,45.73643410852713,-11,26.124744376278123,LOW,2.6000000000004233,142.0,13.0,10.077519379844961,2.6,10.077519379844961,19.230769230769234,16.487730061349694,22.269938650306752,6.978527607361963,17.682515337423315
27191005313,MODERN SHISHAN GIRLS HS ROSHANGATE,135,147,140.2,12,8.88888888888889,100.0,0,ACTIVE,True,6,135,147,12,8.88888888888889,42.76729559748428,24.846625766871167,35.599027665239035,INCREASING,18,129,7.17,87.75510204081633,12.244897959183673,-111,35.599027665239035,LOW,3.2000000000006072,163.0,16.0,10.884353741496598,3.2,10.884353741496598,52.160168598524756,54.75460122699386,43.26125708994097,24.846625766871167,37.73686769302003
27191005314,RAJIV GANDHI URDU HIGH SCHOOL,124,135,128.8,11,8.870967741935484,100.0,0,ACTIVE,True,7,124,135,11,8.870967741935484,40.35639412997904,24.079754601226995,33.84573831847822,INCREASING,57,78,1.37,57.77777777777777,42.22222222222222,-21,33.84573831847822,LOW,2.8000000000005105,149.0,14.0,10.37037037037037,2.8,10.37037037037037,30.663856691253947,29.754601226993866,32.209283481884476,24.079754601226995,29.770424817687232
27191005315,CPS KIRADPURA NO.1,911,1001,958.2,90,9.879253567508233,100.0,0,ACTIVE,True,2,911,1001,90,9.879253567508233,95.70230607966457,79.9079754601227,89.38457383184783,INCREASING,485,516,1.06,51.548451548451546,48.451548451548454,-31,89.38457383184783,HIGH,22.10000000000308,1112.0,111.0,11.08891108891109,22.2,11.08891108891109,60.695468914647,66.41104294478528,80.19516147702281,79.9079754601227,80.10900567195277
27191005316,IQRA URDU BOYS HS KIRADPURA,454,496,474.8,42,9.251101321585903,100.0,0,ACTIVE,True,5,454,496,42,9.251101321585903,84.69601677148847,41.56441717791411,67.44337693405873,INCREASING,495,1,0.0,0.20161290322580644,99.79838709677419,494,67.44337693405873,MEDIUM,10.600000000001685,549.0,53.0,10.685483870967742,10.6,10.685483870967742,43.09799789251844,44.6319018404908,58.318786896631565,41.56441717791411,53.292475981016324
27191005317,IQRA URDU GIRLS HS KIRADPURA,538,592,565.0,54,10.037174721189592,100.0,0,ACTIVE,True,7,538,592,54,10.037174721189592,89.15094339622641,87.42331288343557,88.45989119111007,INCREASING,0,592,1.0,100.0,0.0,-592,88.45989119111007,HIGH,12.9000000000019,657.0,65.0,10.97972972972973,13.0,10.97972972972973,56.26975763962066,60.122699386503065,77.12501446926727,87.42331288343557,80.21450399351775
27191005318,RAJIV GANDHI ENGLISH PS,105,114,109.2,9,8.571428571428571,100.0,0,ACTIVE,True,2,105,114,9,8.571428571428571,35.84905660377358,12.269938650306749,26.41740942238685,INCREASING,81,33,0.41,28.947368421052634,71.05263157894737,48,26.41740942238685,LOW,2.2000000000003586,125.0,11.0,9.649122807017543,2.2,9.649122807017543,9.483667017913593,5.98159509202454,18.243083690241924,12.269938650306749,16.45114017826137
27191005319,RAJIV GANDHI URDU PS,304,332,317.6,28,9.210526315789473,100.0,0,ACTIVE,True,2,304,332,28,9.210526315789473,71.69811320754717,39.033742331288344,58.63236485704364,INCREASING,155,177,1.14,53.31325301204819,46.68674698795181,-22,58.63236485704364,MEDIUM,6.700000000001045,366.0,34.0,10.240963855421686,6.8,10.240963855421686,24.71022128556375,23.38957055214724,44.53524713508508,39.033742331288344,42.88479569394606
27191005320,FATIMA GIRLS PS BARI COLONY,465,508,486.2,43,9.247311827956988,100.0,0,ACTIVE,True,2,465,508,43,9.247311827956988,85.53459119496856,41.41104294478527,67.88517189489525,INCREASING,205,303,1.48,59.645669291338585,40.354330708661415,-98,67.88517189489525,MEDIUM,11.300000000001816,565.0,57.0,11.220472440944881,11.4,11.220472440944881,67.01791359325607,73.00613496932516,69.93355712466722,41.41104294478527,61.37680287070263
27191005322,AN NABA ENG PS BARI COLONY,176,191,183.2,15,8.522727272727272,100.0,0,ACTIVE,True,3,176,191,15,8.522727272727272,51.0482180293501,10.122699386503067,34.67801057221129,INCREASING,128,63,0.49,32.98429319371728,67.01570680628272,65,34.67801057221129,LOW,3.6000000000005588,209.0,18.0,9.424083769633508,3.6,9.424083769633508,6.217070600632244,2.7607361963190185,21.91110082185438,10.122699386503067,18.374580391248983
27191005323,NEHRU MEMORIAL URDU PS BARI COLONY,70,76,72.8,6,8.571428571428571,100.0,0,ACTIVE,True,2,70,76,6,8.571428571428571,25.052410901467503,,25.052410901467503,INCREASING,41,35,0.85,46.05263157894737,53.94736842105263,6,25.052410901467503,LOW,1.5000000000002542,84.0,8.0,10.526315789473683,1.6,10.526315789473683,36.248682824025295,,25.052410901467503,,25.052410901467503
27191005324,LAL BHADUR SHASTRI URDU PS RAHIM NAGAR,66,73,70.0,7,10.606060606060606,100.0,0,ACTIVE,True,2,66,73,7,10.606060606060606,24.266247379454928,,24.266247379454928,INCREASING,32,41,1.28,56.16438356164384,43.83561643835616,-9,24.266247379454928,NOT_APPLICABLE,1.6000000000001728,81.0,8.0,10.95890410958904,1.6,10.95890410958904,55.16332982086407,,24.266247379454928,,24.266247379454928
27191005325,SHRUTI VANI VIKAS VIDYALYA RAM MANDIR,36,39,37.2,3,8.333333333333332,100.0,0,ACTIVE,True,1,36,39,3,8.333333333333332,13.574423480083858,,13.574423480083858,INCREASING,26,13,0.5,33.33333333333333,66.66666666666666,13,13.574423480083858,NOT_APPLICABLE,0.8000000000001627,43.0,4.0,10.256410256410255,0.8,10.256410256410255,25.6059009483667,,13.574423480083858,,13.574423480083858
27191005326,MNC HS KIRADPURA NO 1,163,177,169.6,14,8.588957055214724,100.0,0,ACTIVE,True,8,163,177,14,8.588957055214724,48.06079664570231,13.420245398773007,34.20457614693059,INCREASING,84,93,1.11,52.54237288135594,47.45762711864407,-9,34.20457614693059,LOW,3.5000000000005898,195.0,18.0,10.16949152542373,3.6,10.16949152542373,21.601685985247627,19.78527607361963,28.436856117606208,13.420245398773007,23.931872901956247
27191005327,CRESCENT INTERNATIONAL SCHOOL,403,442,422.6,39,9.67741935483871,100.0,0,ACTIVE,True,6,403,442,39,9.67741935483871,81.23689727463312,69.32515337423312,76.47219971447312,INCREASING,226,216,0.96,48.86877828054298,51.13122171945701,10,76.47219971447312,HIGH,9.500000000001423,490.0,48.0,10.85972850678733,9.6,10.85972850678733,50.36880927291886,53.06748466257669,67.11031369371455,69.32515337423312,67.77476559787011
27191005503,AL ASGARI URDU HIGH SCHOOL,75,82,78.8,7,9.333333333333334,100.0,0,ACTIVE,True,7,75,82,7,9.333333333333334,26.88679245283019,,26.88679245283019,INCREASING,33,49,1.48,59.756097560975604,40.243902439024396,-16,26.88679245283019,LOW,1.8000000000002438,91.0,9.0,10.975609756097562,1.8,10.975609756097562,55.90094836670178,,26.88679245283019,,26.88679245283019
27191005504,MOHSIN AHMED URDU PS KAISAR COLONY,219,239,229.0,20,9.1324200913242,100.0,0,ACTIVE,True,2,219,239,20,9.1324200913242,60.691823899371066,35.736196319018404,50.70957286723,INCREASING,119,120,1.01,50.2092050209205,49.7907949790795,-1,50.70957286723,MEDIUM,5.300000000000839,266.0,27.0,11.297071129707113,5.4,11.297071129707113,70.17913593256058,76.38036809815951,60.9778909596018,35.736196319018404,53.40538256742678
27191005505,SAROSH URDU PS NAGSEN COLONY,1191,1293,1236.0,102,8.564231738035264,100.0,0,ACTIVE,True,2,1191,1293,102,8.564231738035264,97.37945492662475,11.42638036809816,62.998225103214104,INCREASING,511,782,1.53,60.47950502706884,39.52049497293117,-271,62.998225103214104,MEDIUM,26.900000000004983,1428.0,135.0,10.440835266821345,27.0,10.440835266821345,33.19283456269758,32.82208588957055,50.92776941775668,11.42638036809816,39.07735270285912
27191005506,FATEMA GIRLS SEC. AND HIGH SEC. SCHOOL,2232,2454,2342.6,222,9.946236559139784,100.0,0,ACTIVE,True,3,2232,2454,222,9.946236559139784,99.79035639412997,84.20245398773007,93.55519543157001,INCREASING,0,2454,1.0,100.0,0.0,-2454,93.55519543157001,HIGH,54.30000000000815,2726.0,272.0,11.083944580277098,54.4,11.083944580277098,60.48472075869336,66.1042944785276,82.57483505035304,84.20245398773007,83.06312073156614
27191005507,ALMOBIN URDU PS KAISAR COLONY,227,249,238.2,22,9.691629955947137,100.0,0,ACTIVE,True,2,227,249,22,9.691629955947137,62.106918238993714,69.78527607361963,65.17826137284408,INCREASING,117,132,1.13,53.01204819277109,46.98795180722892,-15,65.17826137284408,MEDIUM,5.200000000000735,275.0,26.0,10.441767068273093,5.2,10.441767068273093,33.3508956796628,33.0521472392638,52.32781571941197,69.78527607361963,57.56505382567427
27191005509,SAROSH URDU HS KAISAR COLONY,384,420,400.4,36,9.375,100.0,0,ACTIVE,True,7,384,420,36,9.375,79.9266247379455,49.233128834355824,67.64922637650963,INCREASING,166,254,1.53,60.476190476190474,39.523809523809526,-88,67.64922637650963,MEDIUM,8.800000000001493,464.0,44.0,10.476190476190476,8.8,10.476190476190476,34.035827186512115,33.895705521472394,54.14781803449473,49.233128834355824,52.67341127445306
27191005511,GULISTA URDU PRIMARY SCHOOL JAHANGIR COLONY,628,688,658.8,60,9.554140127388536,100.0,0,ACTIVE,True,2,628,688,60,9.554140127388536,91.82389937106919,60.35276073619632,79.23544391712005,INCREASING,267,421,1.58,61.19186046511628,38.80813953488372,-154,79.23544391712005,HIGH,13.600000000001804,756.0,68.0,9.883720930232558,13.6,9.883720930232558,14.067439409905164,10.966257668711657,51.92776941775669,60.35276073619632,54.45526681328858
27191005513,SAROSH JUNIOR COLLEGE NAGSEN COLONY,341,373,357.4,32,9.3841642228739,100.0,0,ACTIVE,True,11,341,373,32,9.3841642228739,76.31027253668763,50.0,65.78616352201257,INCREASING,250,123,0.49,32.975871313672926,67.02412868632707,127,65.78616352201257,MEDIUM,8.100000000001213,414.0,41.0,10.991957104557642,8.2,10.991957104557642,56.79662802950474,60.73619631901841,63.76617664081491,50.0,59.63632364857044
27191006502,SAI PRATHAMIK SHALA CHIKALTHANA,102,113,108.0,11,10.784313725490197,100.0,0,ACTIVE,True,2,102,113,11,10.784313725490197,35.42976939203354,98.92638036809815,60.828413782459386,INCREASING,74,39,0.53,34.51327433628318,65.48672566371681,35,60.828413782459386,MEDIUM,2.700000000000353,127.0,14.0,12.389380530973451,2.8,12.389380530973451,93.25605900948368,99.69325153374233,76.37434888297255,98.92638036809815,83.13995832851023
27191007001,SW. SHIVNARAYANJI JAISWAL PS,239,260,249.4,21,8.786610878661087,100.0,0,ACTIVE,True,2,239,260,21,8.786610878661087,63.83647798742138,19.938650306748464,46.277346915152215,INCREASING,143,117,0.82,45.0,55.00000000000001,26,46.277346915152215,LOW,5.2000000000007995,286.0,26.0,10.0,5.2,10.0,17.281348788198102,14.64723926380368,33.6253038546128,19.938650306748464,29.5193077902535
27191007002,GAJANAN BAHU UDDESIYA PS GARKHEDA,103,112,107.4,9,8.737864077669903,100.0,0,ACTIVE,True,2,103,112,9,8.737864077669903,35.16771488469602,17.484662576687114,28.094493961492457,INCREASING,59,53,0.9,47.32142857142857,52.67857142857143,6,28.094493961492457,LOW,2.3000000000003618,124.0,12.0,10.714285714285714,2.4,10.714285714285714,44.57323498419389,46.54907975460122,35.47632827873596,17.484662576687114,30.078828568121306
27191007003,GAJANAN BAHU. MADHYAMIK SCHOOL,87,95,91.4,8,9.195402298850574,67.91176453696335,0,ACTIVE,True,6,87,95,8,9.195402298850574,30.60796645702306,,30.60796645702306,INCREASING,56,39,0.7,41.05263157894737,58.94736842105262,17,30.60796645702306,LOW,2.100000000000291,106.0,11.0,11.578947368421053,2.2,11.578947368421053,81.34878819810326,,30.60796645702306,,30.60796645702306
27191007004,SUBHASHITAM PS,6,6,6.0,0,0.0,100.0,0,ACTIVE,True,2,6,6,0,0.0,3.19706498951782,,3.19706498951782,STABLE_LOW_ENROLLMENT,4,2,0.5,33.33333333333333,66.66666666666666,2,3.19706498951782,NOT_APPLICABLE,-4.470275542331746e-16,6.0,0.0,0.0,0.0,0.0,1.36986301369863,,3.19706498951782,,3.19706498951782
27191007005,MODERN KANYA HS AND JR. COLLEGE,158,174,166.4,16,10.126582278481013,41.12894022843077,0,ACTIVE,True,3,158,174,16,10.126582278481013,47.693920335429766,90.79754601226993,64.93537060616583,INCREASING,0,174,1.0,100.0,0.0,-174,64.93537060616583,MEDIUM,4.00000000000056,194.0,20.0,11.494252873563218,4.0,11.494252873563218,77.87144362486829,85.7361963190184,73.25570089130686,90.79754601226993,78.51825442759578
27191007006,RASHTRIYA VIDYALAYA AND JR.COLLEGE,190,207,198.2,17,8.947368421052632,100.0,0,ACTIVE,True,3,190,207,17,8.947368421052632,54.14046121593291,27.837423312883438,43.61924605471312,INCREASING,118,89,0.75,42.99516908212561,57.00483091787439,29,43.61924605471312,LOW,4.2000000000006565,228.0,21.0,10.144927536231885,4.2,10.144927536231885,20.969441517386723,19.018404907975462,33.77890959601806,27.837423312883438,31.996463711077674
27191007007,RAJESHRI SHAHU PS,65,72,68.8,7,10.76923076923077,100.0,0,ACTIVE,True,1,65,72,7,10.76923076923077,23.89937106918239,,23.89937106918239,INCREASING,40,32,0.8,44.44444444444444,55.55555555555556,8,23.89937106918239,NOT_APPLICABLE,1.8000000000002523,81.0,9.0,12.5,1.8,12.5,94.0463645943098,,23.89937106918239,,23.89937106918239
27191007008,LOKSEVA P.S. GARKHEDA,212,232,221.6,20,9.433962264150944,100.0,0,ACTIVE,True,2,212,232,20,9.433962264150944,59.11949685534591,52.760736196319016,56.57599259173515,INCREASING,92,140,1.52,60.3448275862069,39.6551724137931,-48,56.57599259173515,MEDIUM,5.000000000000793,257.0,25.0,10.775862068965516,5.0,10.775862068965516,46.101159114857744,48.236196319018404,53.24007408264845,52.760736196319016,53.09627271674962
27191007009,DNYANPRAKASH VIDYA MANDIR,240,262,251.0,22,9.166666666666666,62.84144116606045,0,ACTIVE,True,6,240,262,22,9.166666666666666,64.20335429769392,37.11656441717792,53.36863834548752,INCREASING,168,94,0.56,35.87786259541985,64.12213740458014,74,53.36863834548752,MEDIUM,5.4000000000008,289.0,27.0,10.305343511450381,5.4,10.305343511450381,27.92413066385669,26.840490797546014,42.75737932631091,37.11656441717792,41.06513485357101
27191007010,JAGDAMBA PS GARKHEDA,303,332,317.6,29,9.570957095709572,100.0,0,ACTIVE,True,2,303,332,29,9.570957095709572,71.69811320754717,61.04294478527608,67.43604583863873,INCREASING,170,162,0.95,48.795180722891565,51.204819277108435,8,67.43604583863873,MEDIUM,7.10000000000105,368.0,36.0,10.843373493975903,7.2,10.843373493975903,49.52581664910432,52.2239263803681,61.35119805533048,61.04294478527608,61.25872207431415
27191007011,NURSINHA PUBLIC SCHOOL GARKHEDA,158,174,166.4,16,10.126582278481013,100.0,0,ACTIVE,True,2,158,174,16,10.126582278481013,47.693920335429766,90.79754601226993,64.93537060616583,INCREASING,83,91,1.1,52.29885057471264,47.701149425287355,-8,64.93537060616583,MEDIUM,3.8000000000005176,193.0,19.0,10.919540229885058,3.8,10.919540229885058,53.37197049525817,56.51840490797546,61.568584326889685,90.79754601226993,70.33727283250376
27191007012,CHATRAPATI HIGH SCHOOL GARKHEDA,74,81,77.4,7,9.45945945945946,100.0,0,ACTIVE,True,6,74,81,7,9.45945945945946,26.467505241090144,,26.467505241090144,INCREASING,45,36,0.8,44.44444444444444,55.55555555555556,9,26.467505241090144,LOW,1.800000000000291,90.0,9.0,11.11111111111111,1.8,11.11111111111111,62.328767123287676,,26.467505241090144,,26.467505241090144
27191007013,VANDEMATRAM P. VIDYALAY P.NAGAR,338,370,354.6,32,9.467455621301776,100.0,0,ACTIVE,True,2,338,370,32,9.467455621301776,75.8909853249476,55.674846625766875,67.80452984527531,INCREASING,202,168,0.83,45.40540540540541,54.59459459459459,34,67.80452984527531,MEDIUM,8.000000000001144,410.0,40.0,10.81081081081081,8.0,10.81081081081081,47.94520547945205,50.61349693251533,60.928116680171314,55.674846625766875,59.35213566384998
27191007014,MOHAMMADIYA URDU P.S.,238,261,249.4,23,9.663865546218489,100.0,0,ACTIVE,True,2,238,261,23,9.663865546218489,63.9937106918239,68.25153374233128,65.69683991202686,INCREASING,77,184,2.39,70.49808429118774,29.50191570881226,-107,65.69683991202686,MEDIUM,5.900000000000943,291.0,30.0,11.494252873563218,6.0,11.494252873563218,77.87144362486829,85.7361963190184,73.71258247482348,68.25153374233128,72.07426785507582
27191007015,MOHAMMADIYA URDU H.S.,166,182,174.0,16,9.63855421686747,100.0,0,ACTIVE,True,7,166,182,16,9.63855421686747,48.79454926624738,66.33435582822086,55.81047189103677,INCREASING,48,134,2.79,73.62637362637363,26.373626373626376,-86,55.81047189103677,MEDIUM,3.9000000000005675,202.0,20.0,10.989010989010989,4.0,10.989010989010989,56.58587987355111,60.50613496932515,57.68873712235212,66.33435582822086,60.28242273411274
27191007017,ADARSHA PS,154,169,161.4,15,9.740259740259742,100.0,0,ACTIVE,True,2,154,169,15,9.740259740259742,46.80293501048218,72.7760736196319,57.19219045414207,INCREASING,102,67,0.66,39.64497041420118,60.35502958579882,35,57.19219045414207,MEDIUM,3.400000000000474,186.0,17.0,10.059171597633137,3.4,10.059171597633137,19.072708113804005,16.257668711656443,40.81838175714782,72.7760736196319,50.40568931589304
27191007018,NARENDRA ENGLISH SCHOOL,140,153,146.4,13,9.285714285714286,43.067315213463445,0,ACTIVE,True,6,140,153,13,9.285714285714286,44.0251572327044,44.325153374233125,44.14515568931589,INCREASING,96,57,0.59,37.254901960784316,62.745098039215684,39,44.14515568931589,LOW,3.200000000000493,169.0,16.0,10.457516339869281,3.2,10.457516339869281,33.614330874604846,33.43558282208589,39.86132654242389,44.325153374233125,41.20047459196665
27191007019,NARENDRA VIDYA MANDIR,92,100,95.6,8,8.695652173913043,100.0,0,ACTIVE,True,2,92,100,8,8.695652173913043,31.813417190775684,15.567484662576685,25.315044179496084,INCREASING,51,49,0.96,49.0,51.0,2,25.315044179496084,LOW,2.000000000000353,110.0,10.0,10.0,2.0,10.0,17.281348788198102,14.64723926380368,21.047922213219124,15.567484662576685,19.40379094802639
27191007020,GANGAGIRI MAHARAJ MADHYAMIK VID,125,137,131.0,12,9.6,12.775581497450675,0,ACTIVE,True,6,125,137,12,9.6,40.77568134171908,63.49693251533742,49.86418181116642,INCREASING,79,58,0.73,42.33576642335766,57.66423357664233,21,49.86418181116642,LOW,3.000000000000462,152.0,15.0,10.948905109489052,3.0,10.948905109489052,54.899894625922016,58.58895705521472,53.35409190878574,63.49693251533742,56.39694409075125
27191007021,RAJESHRI PS GARKHEDA PARISAR,10,11,10.6,1,10.0,100.0,0,ACTIVE,True,2,10,11,1,10.0,4.716981132075472,,4.716981132075472,INCREASING,9,2,0.22,18.181818181818183,81.81818181818183,7,4.716981132075472,NOT_APPLICABLE,0.3000000000000411,13.0,2.0,18.181818181818183,0.4,18.181818181818183,98.840885142255,,4.716981132075472,,4.716981132075472
27191007022,LATE SHANKARRAOJI KAMBLE MADYAMIK VIDYALYA N-13,181,198,190.0,17,9.392265193370166,100.0,0,ACTIVE,True,6,181,198,17,9.392265193370166,52.93501048218029,50.76687116564417,52.06775475556584,INCREASING,124,74,0.6,37.37373737373738,62.62626262626263,50,52.06775475556584,MEDIUM,4.000000000000531,218.0,20.0,10.1010101010101,4.0,10.1010101010101,20.337197049525816,18.098159509202453,38.47991665702049,50.76687116564417,42.16600300960759
27191007023,P K ANNA PATIL PS BHARAT NAGAR,537,583,557.6,46,8.56610800744879,100.0,0,ACTIVE,True,2,537,583,46,8.56610800744879,88.9937106918239,11.65644171779141,58.0588031022109,INCREASING,304,279,0.92,47.85591766723842,52.14408233276158,25,58.0588031022109,MEDIUM,12.000000000002158,643.0,60.0,10.291595197255575,12.0,10.291595197255575,27.186512118018967,25.920245398773005,45.203380020835745,11.65644171779141,35.13929852992244
27191007024,WONDER GARDEN P S GARKHEDA PARISAR,661,720,688.2,59,8.925869894099849,100.0,0,ACTIVE,True,2,661,720,59,8.925869894099849,92.45283018867924,26.993865030674847,66.26924412547748,INCREASING,393,327,0.83,45.416666666666664,54.58333333333333,66,66.26924412547748,MEDIUM,15.30000000000267,797.0,77.0,10.694444444444445,15.4,10.694444444444445,43.94099051633298,45.858895705521476,58.10510475749508,26.993865030674847,48.77173283944901
27191007025,PANDIT JAWAHARLAL NEHRU MHAVIDYALAYA,259,280,268.6,21,8.108108108108109,62.016526913443066,0,ACTIVE,True,11,259,280,21,8.108108108108109,66.0377358490566,3.2975460122699385,40.94165991434194,INCREASING,183,97,0.53,34.64285714285714,65.35714285714286,86,40.94165991434194,LOW,5.400000000000938,307.0,27.0,9.642857142857144,5.4,9.642857142857144,9.272918861959958,5.674846625766871,26.83493459891191,3.2975460122699385,19.77371802291932
27191007027,BHASKARACHARYA ENG SCHOOL GARKHEDA PARISAR,181,199,189.6,18,9.94475138121547,87.76939729414524,0,ACTIVE,True,2,181,199,18,9.94475138121547,53.144654088050316,83.97239263803681,65.47574950804491,INCREASING,109,90,0.83,45.22613065326633,54.773869346733676,19,65.47574950804491,MEDIUM,4.600000000000754,222.0,23.0,11.557788944723619,4.6,11.557788944723619,80.71654373024236,88.8036809815951,74.80692209746499,83.97239263803681,77.55656325963653
27191007028,PODAR INTERNATIONAL SCHOOL GARKHEDA,644,708,676.6,64,9.937888198757763,66.27859421824056,0,ACTIVE,True,6,644,708,64,9.937888198757763,92.24318658280922,83.58895705521472,88.78149477177142,INCREASING,403,305,0.76,43.07909604519774,56.92090395480226,98,88.78149477177142,HIGH,15.400000000002224,785.0,77.0,10.875706214689265,15.4,10.875706214689265,51.52792413066386,53.83435582822086,74.8026391943512,83.58895705521472,77.43853455261025
27191007029,KULBHUSHAN JUNIOR COLLEGE,252,274,262.0,22,8.73015873015873,0.0,5,ACTIVE,True,11,252,274,22,8.73015873015873,65.51362683438155,16.87116564417178,46.056642358297644,INCREASING,155,119,0.77,43.43065693430657,56.56934306569343,36,46.056642358297644,LOW,5.600000000000971,302.0,28.0,10.218978102189782,5.6,10.218978102189782,23.498419388830346,21.932515337423315,36.40699154994791,16.87116564417178,30.546243778215068
27191007031,WONDER GARTAN HIGH SCHOOL,52,57,54.4,5,9.615384615384617,38.914870938044395,0,ACTIVE,True,7,52,57,5,9.615384615384617,19.07756813417191,,19.07756813417191,INCREASING,30,27,0.9,47.368421052631575,52.63157894736842,3,19.07756813417191,NOT_APPLICABLE,1.2000000000001882,63.0,6.0,10.526315789473683,1.2,10.526315789473683,36.248682824025295,,19.07756813417191,,19.07756813417191
27191007033,NARENDRA VIDYA MANDIR HIGH SCHOOL,42,46,44.0,4,9.523809523809524,100.0,0,ACTIVE,True,8,42,46,4,9.523809523809524,16.352201257861633,,16.352201257861633,INCREASING,20,26,1.3,56.52173913043478,43.47826086956522,-6,16.352201257861633,NOT_APPLICABLE,1.0000000000001523,51.0,5.0,10.869565217391305,1.0,10.869565217391305,51.05374077976818,,16.352201257861633,,16.352201257861633
27191007036,VANDEMATARAM HIGH SCHOOL PUNDLIKNAGAR GARKHEDA AREA,54,58,55.6,4,7.4074074074074066,100.0,0,ACTIVE,True,8,54,58,4,7.4074074074074066,19.339622641509436,,19.339622641509436,INCREASING,28,30,1.07,51.724137931034484,48.275862068965516,-2,19.339622641509436,NOT_APPLICABLE,1.1000000000002237,64.0,6.0,10.344827586206897,1.2,10.344827586206897,29.610115911485774,,19.339622641509436,,19.339622641509436
27191007037,TEJASWINI ENGLISH SCHOOL GARKHEDA,368,399,381.4,31,8.423913043478262,100.0,0,ACTIVE,True,3,368,399,31,8.423913043478262,78.14465408805032,7.975460122699387,50.07697650190994,INCREASING,207,192,0.93,48.1203007518797,51.8796992481203,15,50.07697650190994,MEDIUM,7.6000000000013666,437.0,38.0,9.523809523809524,7.6,9.523809523809524,7.4288724973656475,3.834355828220859,31.579928232434305,7.975460122699387,24.498587799513828
27191007101,SUDHAKARRAO NAIK HS AND JR.COLLEGE NEW HANUMAN NAGAR,383,419,400.2,36,9.39947780678851,85.65386991908021,0,ACTIVE,True,3,383,419,36,9.39947780678851,79.76939203354297,51.07361963190185,68.29108307288652,INCREASING,224,195,0.87,46.53937947494033,53.46062052505967,29,68.29108307288652,MEDIUM,8.800000000001402,463.0,44.0,10.501193317422434,8.8,10.501193317422434,34.66807165437302,34.8159509202454,54.90103021183007,51.07361963190185,53.752807037851596
27191007102,SUDHAKARRAO NAIK PS NEW HANUMA,118,128,122.4,10,8.47457627118644,100.0,0,ACTIVE,True,1,118,128,10,8.47457627118644,38.67924528301887,9.202453987730062,26.88852876490335,INCREASING,63,65,1.03,50.78125,49.21875,-2,26.88852876490335,LOW,2.700000000000508,142.0,14.0,10.9375,2.8,10.9375,54.21496311907271,57.668711656441715,39.2006019215187,9.202453987730062,30.201157541382106
27191007103,MATOSHRI NARSAI MADHYAMIK VID.,70,76,73.0,6,8.571428571428571,100.0,0,ACTIVE,True,7,70,76,6,8.571428571428571,25.052410901467503,,25.052410901467503,INCREASING,47,29,0.62,38.15789473684211,61.8421052631579,18,25.052410901467503,LOW,1.6000000000002572,84.0,8.0,10.526315789473683,1.6,10.526315789473683,36.248682824025295,,25.052410901467503,,25.052410901467503
27191007104,NARSAI PS N-4,118,130,124.2,12,10.16949152542373,100.0,0,ACTIVE,True,2,118,130,12,10.16949152542373,39.20335429769392,92.25460122699386,60.423853069413894,INCREASING,78,52,0.67,40.0,60.0,26,60.423853069413894,MEDIUM,2.900000000000412,145.0,15.0,11.538461538461538,3.0,11.538461538461538,79.768177028451,87.9601226993865,71.43836092140293,92.25460122699386,77.6832330130802
27191007106,SANIYA URDU HIGH SCHOOL,2,2,2.0,0,0.0,100.0,0,ACTIVE,True,8,2,2,0,0.0,1.4150943396226416,,1.4150943396226416,STABLE_LOW_ENROLLMENT,0,2,1.0,100.0,0.0,-2,1.4150943396226416,NOT_APPLICABLE,-3.5586396126464817e-16,2.0,0.0,0.0,0.0,0.0,1.36986301369863,,1.4150943396226416,,1.4150943396226416
27191007232,M.I.T.HIGHSCHOOL N4,205,224,214.6,19,9.268292682926829,100.0,0,ACTIVE,True,6,205,224,19,9.268292682926829,57.285115303983225,42.8680981595092,51.518308446193615,INCREASING,139,85,0.61,37.94642857142857,62.05357142857143,54,51.518308446193615,MEDIUM,4.400000000000616,246.0,22.0,9.821428571428571,4.4,9.821428571428571,12.223393045310853,8.588957055214724,34.34656788980206,42.8680981595092,36.9030269707142
27191007233,M.S. PUBLIC SCHOOL,428,470,450.2,42,9.813084112149532,100.0,0,ACTIVE,True,2,428,470,42,9.813084112149532,83.33333333333334,76.38036809815951,80.5521472392638,INCREASING,245,225,0.92,47.87234042553192,52.12765957446809,20,80.5521472392638,HIGH,10.800000000001553,524.0,54.0,11.48936170212766,10.8,11.48936170212766,77.55532139093782,85.2760736196319,82.44171779141104,76.38036809815951,80.62331288343557
27191007234,SANT MEERA PS N-3,170,185,177.2,15,8.823529411764707,100.0,0,ACTIVE,True,1,170,185,15,8.823529411764707,49.63312368972746,21.549079754601227,38.399506115676964,INCREASING,101,84,0.83,45.40540540540541,54.59459459459459,17,38.399506115676964,LOW,3.9000000000006496,205.0,20.0,10.81081081081081,4.0,10.81081081081081,47.94520547945205,50.61349693251533,43.28510244241231,21.549079754601227,36.76429563606898
27191007235,ANAND VIDYA MANDIR,139,152,145.4,13,9.352517985611511,100.0,0,ACTIVE,True,2,139,152,13,9.352517985611511,43.81551362683438,48.08282208588957,45.52243701045646,INCREASING,81,71,0.88,46.71052631578947,53.289473684210535,10,45.52243701045646,LOW,3.400000000000557,169.0,17.0,11.18421052631579,3.4,11.18421052631579,65.54267650158062,70.85889570552148,55.65702048848246,48.08282208588957,53.38476096770459
27191007236,BHAGYALAXMI SARLA GURU SAHANI MEMORIAL SCHOOL,622,689,657.2,67,10.77170418006431,100.0,0,ACTIVE,True,2,622,689,67,10.77170418006431,91.98113207547169,98.61963190184049,94.63653200601921,INCREASING,355,334,0.94,48.47605224963715,51.523947750362844,21,94.63653200601921,HIGH,16.00000000000212,769.0,80.0,11.611030478955007,16.0,11.611030478955007,82.29715489989464,90.33742331288343,92.9168885287649,98.61963190184049,94.62771154068759
27191007237,SAINT MEERA ENGLISH SCHOOL,15,17,16.0,2,13.333333333333334,100.0,0,ACTIVE,True,2,15,17,2,13.333333333333334,6.079664570230608,,6.079664570230608,INCREASING,9,8,0.89,47.05882352941176,52.94117647058824,1,6.079664570230608,NOT_APPLICABLE,0.4000000000000486,19.0,2.0,11.76470588235294,0.4,11.76470588235294,85.87987355110643,,6.079664570230608,,6.079664570230608
27191007238,SANJIVANI MADHYAMIK VIDYALAYA,133,146,140.0,13,9.774436090225564,100.0,0,ACTIVE,True,6,133,146,13,9.774436090225564,42.29559748427673,74.30981595092024,55.10128487093414,INCREASING,91,55,0.6,37.67123287671233,62.328767123287676,36,55.10128487093414,MEDIUM,3.5000000000005125,164.0,18.0,12.32876712328767,3.6,12.32876712328767,92.9399367755532,99.38650306748467,72.81537214955435,74.30981595092024,73.26370528996412
27191007239,RADHAKRUSHNA PS,486,533,508.8,47,9.670781893004115,100.0,0,ACTIVE,True,2,486,533,47,9.670781893004115,86.84486373165619,69.01840490797547,79.7142802021839,INCREASING,274,259,0.95,48.592870544090054,51.40712945590994,15,79.7142802021839,HIGH,12.100000000001968,594.0,61.0,11.44465290806754,12.2,11.44465290806754,75.6585879873551,82.97546012269939,81.01875217039009,69.01840490797547,77.4186479916657
27191007240,RAMCHANDRA NAIK PS CIDCO N 4,802,877,837.8,75,9.351620947630924,100.0,0,ACTIVE,True,2,802,877,75,9.351620947630924,94.86373165618448,47.69938650306749,75.99799359493768,INCREASING,460,417,0.91,47.5484606613455,52.451539338654506,43,75.99799359493768,HIGH,19.000000000003094,972.0,95.0,10.832383124287343,19.0,10.832383124287343,48.99894625922023,51.84049079754601,66.33499247598101,47.69938650306749,60.74431068410695
27191007241,SWAMI VIVEKANAND P S GANESHNAGAR,220,241,230.0,21,9.545454545454547,100.0,0,ACTIVE,True,2,220,241,21,9.545454545454547,60.79664570230609,59.96932515337423,60.465717482733346,INCREASING,119,122,1.03,50.62240663900415,49.37759336099585,-3,60.465717482733346,MEDIUM,5.400000000000901,268.0,27.0,11.20331950207469,5.4,11.20331950207469,66.17492096944152,71.77914110429448,64.9910869313578,59.96932515337423,63.48455839796272
27191007242,TANASHRI PS VIDYAMANDIR JAIBHA,15,16,15.4,1,6.666666666666667,100.0,0,ACTIVE,True,2,15,16,1,6.666666666666667,5.817610062893082,,5.817610062893082,INCREASING,9,7,0.78,43.75,56.25,2,5.817610062893082,NOT_APPLICABLE,0.3000000000000633,18.0,2.0,12.5,0.4,12.5,94.0463645943098,,5.817610062893082,,5.817610062893082
27191007243,MAHARSHI VIDYALAY N-4,273,297,284.6,24,8.791208791208792,100.0,0,ACTIVE,True,6,273,297,24,8.791208791208792,68.0293501048218,20.245398773006134,48.915769572095535,INCREASING,171,126,0.74,42.42424242424242,57.57575757575758,45,48.915769572095535,LOW,5.600000000000849,325.0,28.0,9.427609427609427,5.6,9.427609427609427,6.42781875658588,3.067484662576687,30.576455608287993,20.245398773006134,27.477138557703434
27191007244,MAHATMA PHULE PS,137,150,142.8,13,9.48905109489051,87.01304559336923,0,ACTIVE,True,2,137,150,13,9.48905109489051,43.291404612159326,57.20858895705522,48.858278350117686,INCREASING,93,57,0.61,38.0,62.0,36,48.858278350117686,LOW,3.3000000000005976,167.0,17.0,11.333333333333332,3.4,11.333333333333332,72.28661749209695,79.29447852760735,61.032758421113556,57.20858895705522,59.88550758189605
27191007245,SANT MIRA HS AND JR.COLLEGE,794,866,826.0,72,9.06801007556675,63.253852354281136,0,ACTIVE,True,3,794,866,72,9.06801007556675,94.60167714884696,32.97546012269939,69.95119033838793,INCREASING,469,397,0.85,45.842956120092374,54.15704387990762,72,69.95119033838793,MEDIUM,17.70000000000309,955.0,89.0,10.277136258660507,17.8,10.277136258660507,26.870389884088514,25.4601226993865,52.15476328278736,32.97546012269939,46.40097233476096
27191007246,KILBIL PS,100,110,105.0,10,10.0,100.0,0,ACTIVE,True,1,100,110,10,10.0,34.43396226415094,86.42638036809815,55.230929505729826,INCREASING,63,47,0.75,42.72727272727273,57.27272727272727,16,55.230929505729826,MEDIUM,2.600000000000406,123.0,13.0,11.818181818181818,2.6,11.818181818181818,87.30242360379347,94.55521472392638,70.96064359300846,86.42638036809815,75.60036462553536
27191007247,CHHATRAPATI MARATHI PRIMARY VIDYALAY,149,162,155.0,13,8.724832214765101,100.0,0,ACTIVE,True,2,149,162,13,8.724832214765101,45.44025157232704,16.56441717791411,33.88991781456187,INCREASING,97,65,0.67,40.123456790123456,59.876543209876544,32,33.88991781456187,LOW,3.2000000000005375,178.0,16.0,9.876543209876543,3.2,9.876543209876543,13.751317175974712,10.506134969325153,24.536404676467185,16.56441717791411,22.14480842690126
27191007248,MADYAMIK VIDYALYA GANESH NAGAR N-4,104,114,109.2,10,9.615384615384617,100.0,0,ACTIVE,True,7,104,114,10,9.615384615384617,35.84905660377358,64.95398773006134,47.49102905428869,INCREASING,63,51,0.81,44.73684210526316,55.26315789473685,12,47.49102905428869,LOW,2.700000000000418,128.0,14.0,12.280701754385964,2.8,12.280701754385964,92.51844046364594,98.92638036809815,68.06516957981248,64.95398773006134,67.13181502488713
27191007249,KIDS CAPITAL ENG SCHOOL JAIBHAVANI NGR,179,196,187.6,17,9.497206703910614,100.0,0,ACTIVE,True,2,179,196,17,9.497206703910614,52.25366876310272,57.36196319018405,54.296986533935254,INCREASING,106,90,0.85,45.91836734693878,54.08163265306123,16,54.296986533935254,MEDIUM,4.200000000000628,217.0,21.0,10.714285714285714,4.2,10.714285714285714,44.57323498419389,46.54907975460122,51.19782382220164,57.36196319018405,53.04706563259636
27191007250,VIDYA NIKETAN ENG PS N-3,11,12,11.6,1,9.090909090909092,0.0,5,ACTIVE,True,2,11,12,1,9.090909090909092,5.031446540880504,,5.031446540880504,INCREASING,5,7,1.4,58.333333333333336,41.66666666666667,-2,5.031446540880504,NOT_APPLICABLE,0.30000000000004085,14.0,2.0,16.666666666666664,0.4,16.666666666666664,98.41938883034773,,5.031446540880504,,5.031446540880504
27191007251,VIDYANIKETAN P.S.,239,261,248.8,22,9.205020920502092,45.21359523579334,0,ACTIVE,True,2,239,261,22,9.205020920502092,63.9937106918239,38.65030674846626,53.85634911448084,INCREASING,137,124,0.91,47.509578544061306,52.490421455938694,13,53.85634911448084,MEDIUM,5.7000000000010305,290.0,29.0,11.11111111111111,5.8,11.11111111111111,62.328767123287676,67.48466257668711,59.30767449936335,38.65030674846626,53.11046417409422
27191007252,M S PUBLIC SCHOOL ENG N-4,60,65,62.2,5,8.333333333333332,100.0,0,ACTIVE,True,1,60,65,5,8.333333333333332,22.169811320754718,,22.169811320754718,INCREASING,40,25,0.62,38.46153846153847,61.53846153846154,15,22.169811320754718,NOT_APPLICABLE,1.2000000000002111,71.0,6.0,9.230769230769232,1.2,9.230769230769232,4.373024236037935,,22.169811320754718,,22.169811320754718
27191007253,BHAGYALAXMI SARLA GURU SAHANI MOMORIAL SCHOOL,345,374,359.0,29,8.405797101449275,100.0,0,ACTIVE,True,7,345,374,29,8.405797101449275,76.41509433962264,7.208588957055214,48.73249218659567,INCREASING,212,162,0.76,43.31550802139038,56.68449197860963,50,48.73249218659567,LOW,7.700000000001294,413.0,39.0,10.427807486631016,7.8,10.427807486631016,32.77133825079031,32.20858895705521,42.122930894779486,7.208588957055214,31.648628313462204
27191007254,VARAD ENG SCHOOL N-2,122,134,128.0,12,9.836065573770492,85.36685702114798,0,ACTIVE,True,3,122,134,12,9.836065573770492,40.09433962264151,77.6840490797546,55.130223405486745,INCREASING,80,54,0.68,40.298507462686565,59.70149253731343,26,55.130223405486745,MEDIUM,3.3000000000005434,151.0,17.0,12.686567164179104,3.4,12.686567164179104,94.83667017913592,100.0,73.07813404329204,77.6840490797546,74.45990855423081
27191007255,SHIV CHATRAPATI COLLEGE N-3,1923,2102,2014.8,179,9.308372334893395,100.0,0,ACTIVE,True,11,1923,2102,179,9.308372334893395,99.26624737945492,45.24539877300614,77.6579079368754,INCREASING,1149,953,0.83,45.33777354900096,54.66222645099905,196,77.6579079368754,HIGH,42.40000000000604,2314.0,212.0,10.085632730732636,42.4,10.085632730732636,19.704952581664912,17.177914110429448,53.46591040629702,45.24539877300614,50.99975691630976
27191007257,SAINT MEERA ENGLISH HIGH SCHOOL,76,83,79.4,7,9.210526315789473,100.0,0,ACTIVE,True,7,76,83,7,9.210526315789473,27.358490566037734,,27.358490566037734,INCREASING,57,26,0.46,31.32530120481928,68.67469879518072,31,27.358490566037734,LOW,1.8000000000002965,92.0,9.0,10.843373493975903,1.8,10.843373493975903,49.52581664910432,,27.358490566037734,,27.358490566037734
27191007258,VIDYANIKETAN HIGH SCHOOL,20,22,21.2,2,10.0,41.83991639511537,0,ACTIVE,True,8,20,22,2,10.0,8.228511530398324,,8.228511530398324,INCREASING,13,9,0.69,40.909090909090914,59.09090909090909,4,8.228511530398324,NOT_APPLICABLE,0.5000000000000546,25.0,3.0,13.636363636363635,0.6,13.636363636363635,96.52265542676501,,8.228511530398324,,8.228511530398324
27191007260,RAJHANS MADHYAMIK VIDYALAYA CIDCO N-2,171,188,179.8,17,9.941520467836257,46.839058524652515,0,ACTIVE,True,8,171,188,17,9.941520467836257,50.314465408805034,83.74233128834356,63.685611760620446,INCREASING,96,92,0.96,48.93617021276596,51.06382978723404,4,63.685611760620446,MEDIUM,4.100000000000583,209.0,21.0,11.170212765957446,4.2,11.170212765957446,65.12118018967334,70.24539877300614,66.30952656557473,83.74233128834356,71.53936798240538
27191007264,BHAGYALAXMI SARLA GURU SAHANI MEMORIAL JR. COLLEGE,14,15,14.4,1,7.142857142857142,100.0,0,ACTIVE,True,11,14,15,1,7.142857142857142,5.50314465408805,,5.50314465408805,INCREASING,11,4,0.36,26.666666666666668,73.33333333333333,7,5.50314465408805,NOT_APPLICABLE,0.30000000000006266,17.0,2.0,13.333333333333334,0.4,13.333333333333334,96.10115911485775,,5.50314465408805,,5.50314465408805
27191007265,DR. SARVAPALLI RADHAKRISHNAN WORLD SCHOOL,197,218,208.6,21,10.65989847715736,100.0,0,ACTIVE,True,2,197,218,21,10.65989847715736,56.079664570230605,98.31288343558282,72.97295211637149,INCREASING,127,91,0.72,41.74311926605505,58.256880733944946,36,72.97295211637149,MEDIUM,5.400000000000726,245.0,27.0,12.385321100917432,5.4,12.385321100917432,93.15068493150685,99.5398773006135,83.59972219006829,98.31288343558282,88.01367056372264
27191007266,M.S.P. SECONDARY SCHOOL CIDCO N-4,124,135,129.6,11,8.870967741935484,100.0,0,ACTIVE,True,8,124,135,11,8.870967741935484,40.35639412997904,24.079754601226995,33.84573831847822,INCREASING,71,64,0.9,47.40740740740741,52.59259259259259,7,33.84573831847822,LOW,2.700000000000391,149.0,14.0,10.37037037037037,2.8,10.37037037037037,30.663856691253947,29.754601226993866,32.209283481884476,24.079754601226995,29.770424817687232
27191007302,SHRI VYANKATESH PUBLIC SCHOOL,224,247,236.4,23,10.267857142857142,0.0,5,ACTIVE,True,2,224,247,23,10.267857142857142,61.84486373165618,94.47852760736197,74.89832928193849,INCREASING,131,116,0.89,46.963562753036435,53.036437246963565,15,74.89832928193849,MEDIUM,5.700000000000747,276.0,29.0,11.740890688259109,5.8,11.740890688259109,84.93150684931507,92.63803680981594,81.99421229308948,94.47852760736197,85.73950688737122
27191007303,HERAMB PRATHMIK VIDYA MANDIR,197,216,206.8,19,9.644670050761421,100.0,0,ACTIVE,True,1,197,216,19,9.644670050761421,55.660377358490564,67.02453987730061,60.206042366014586,INCREASING,118,98,0.83,45.370370370370374,54.629629629629626,20,60.206042366014586,MEDIUM,4.900000000000745,241.0,25.0,11.574074074074074,5.0,11.574074074074074,81.13804004214963,89.41717791411043,71.89049658525292,67.02453987730061,70.43070957286723
27191007304,DNYANKIRAN PS THAKRENAGAR,271,297,283.4,26,9.59409594095941,100.0,0,ACTIVE,True,2,271,297,26,9.59409594095941,68.0293501048218,62.9601226993865,66.00165914264768,INCREASING,150,147,0.98,49.494949494949495,50.505050505050505,3,66.00165914264768,MEDIUM,6.700000000001101,331.0,34.0,11.447811447811448,6.8,11.447811447811448,75.86933614330874,83.28220858895705,72.91387892117143,62.9601226993865,69.92775205463596
27191007305,SHRI VENKATESH HIGH SCHOOL & JR COLLEGE,346,377,360.2,31,8.959537572254336,100.0,0,ACTIVE,True,5,346,377,31,8.959537572254336,76.72955974842768,28.834355828220858,57.57147818034495,INCREASING,187,190,1.02,50.397877984084886,49.602122015915114,-3,57.57147818034495,MEDIUM,7.600000000001289,415.0,38.0,10.079575596816976,7.6,10.079575596816976,19.494204425711274,16.87116564417178,41.29135316587568,28.834355828220858,37.55425396457923
27191007306,SANT MAULI VIDYA MANDIR N-2,0,0,0.0,0,,100.0,0,PROMOTION_ONLY_LEGACY,False,2,0,0,0,,0.3144654088050315,,,LEGACY / NON-OPERATIONAL,0,0,0.0,,,0,,NOT_APPLICABLE,,,,,,,,,,,
27191007307,DNYANESH VIDYAMANDIR N-2 CIDCO,635,698,667.4,63,9.921259842519685,100.0,0,ACTIVE,True,6,635,698,63,9.921259842519685,92.13836477987421,82.51533742331289,88.28915383724967,INCREASING,392,306,0.78,43.83954154727794,56.16045845272206,86,88.28915383724967,HIGH,15.400000000002231,775.0,77.0,11.031518624641834,15.4,11.031518624641834,58.16649104320337,62.73006134969326,78.06551684222711,82.51533742331289,79.40046301655285
27191007308,MURDESHWAR P VIDYALAYA N-2,134,147,140.8,13,9.701492537313433,100.0,0,ACTIVE,True,2,134,147,13,9.701492537313433,42.76729559748428,70.70552147239265,53.942585947447625,INCREASING,81,66,0.81,44.89795918367347,55.10204081632652,15,53.942585947447625,MEDIUM,3.4000000000005044,164.0,17.0,11.564625850340136,3.4,11.564625850340136,80.9799789251844,89.18711656441718,68.04039819423545,70.70552147239265,68.8399351776826
27191007309,RASHTRYA PRATHMIK VIDYALYA N-2,72,78,74.6,6,8.333333333333332,100.0,0,ACTIVE,True,1,72,78,6,8.333333333333332,25.78616352201258,,25.78616352201258,INCREASING,28,50,1.79,64.1025641025641,35.8974358974359,-22,25.78616352201258,LOW,1.6000000000002959,86.0,8.0,10.256410256410255,1.6,10.256410256410255,25.6059009483667,,25.78616352201258,,25.78616352201258
27191007310,NARMADA CONVENT SCHOOL N-2 (ENG),83,92,87.8,9,10.843373493975903,87.44686994686995,0,ACTIVE,True,2,83,92,9,10.843373493975903,29.82180293501048,,29.82180293501048,INCREASING,42,50,1.19,54.347826086956516,45.65217391304348,-8,29.82180293501048,LOW,2.300000000000323,104.0,12.0,13.043478260869565,2.4,13.043478260869565,95.41622760800843,,29.82180293501048,,29.82180293501048
27191007311,NARMADA CONVENT SCHOOL N-2 (MARATHI),462,506,483.6,44,9.523809523809524,83.86779621788445,0,ACTIVE,True,2,462,506,44,9.523809523809524,85.42976939203353,59.12576687116564,74.90816838368637,INCREASING,248,258,1.04,50.988142292490124,49.01185770750988,-10,74.90816838368637,MEDIUM,10.20000000000151,557.0,51.0,10.079051383399209,10.2,10.079051383399209,19.388830347734455,16.717791411042946,51.632017594629005,59.12576687116564,53.88014237758999
27191007312,ADARSH PRATHMIK VIDYALYA N-2,330,357,342.2,27,8.181818181818182,100.0,0,ACTIVE,True,2,330,357,27,8.181818181818182,74.52830188679245,4.294478527607362,46.43477254311841,INCREASING,199,158,0.79,44.25770308123249,55.74229691876751,41,46.43477254311841,LOW,7.000000000001248,392.0,35.0,9.803921568627452,7.0,9.803921568627452,11.95995785036881,8.358895705521473,31.204421808079637,4.294478527607362,23.131438823937952
27191007313,BHASKARACHARYA VIDYANIKETAN N-2,39,43,41.0,4,10.256410256410255,100.0,0,ACTIVE,True,7,39,43,4,10.256410256410255,15.199161425576522,,15.199161425576522,INCREASING,29,14,0.48,32.55813953488372,67.44186046511628,15,15.199161425576522,NOT_APPLICABLE,1.000000000000151,48.0,5.0,11.627906976744185,1.0,11.627906976744185,82.82402528977872,,15.199161425576522,,15.199161425576522
27191007314,KIDS VALLY English School,77,84,80.4,7,9.090909090909092,100.0,0,ACTIVE,True,6,77,84,7,9.090909090909092,27.77777777777778,,27.77777777777778,INCREASING,36,48,1.33,57.14285714285714,42.857142857142854,-12,27.77777777777778,LOW,1.7000000000002655,93.0,9.0,10.714285714285714,1.8,10.714285714285714,44.57323498419389,,27.77777777777778,,27.77777777777778
27191007316,BHASKARACHARYA HIGHER SECONDARY SCHOOL,58,63,60.4,5,8.620689655172415,100.0,0,ACTIVE,True,11,58,63,5,8.620689655172415,21.540880503144656,,21.540880503144656,INCREASING,35,28,0.8,44.44444444444444,55.55555555555556,7,21.540880503144656,NOT_APPLICABLE,1.3000000000002159,70.0,7.0,11.11111111111111,1.4,11.11111111111111,62.328767123287676,,21.540880503144656,,21.540880503144656
27191007317,ERA INTERNATIONAL SCHOOL CIDCO AURANGABAD,14,15,14.4,1,7.142857142857142,0.0,5,ACTIVE,True,2,14,15,1,7.142857142857142,5.50314465408805,,5.50314465408805,INCREASING,10,5,0.5,33.33333333333333,66.66666666666666,5,5.50314465408805,NOT_APPLICABLE,0.30000000000006266,17.0,2.0,13.333333333333334,0.4,13.333333333333334,96.10115911485775,,5.50314465408805,,5.50314465408805
27191007318,PINAKESHWAR ENGLISH HIGHSCHOOL,24,26,24.8,2,8.333333333333332,100.0,0,ACTIVE,True,8,24,26,2,8.333333333333332,9.80083857442348,,9.80083857442348,INCREASING,16,10,0.62,38.46153846153847,61.53846153846154,6,9.80083857442348,NOT_APPLICABLE,0.5000000000001,29.0,3.0,11.538461538461538,0.6,11.538461538461538,79.768177028451,,9.80083857442348,,9.80083857442348
27191007320,Parth Secondary School & Jr College,61,67,63.6,6,9.836065573770492,100.0,0,ACTIVE,True,10,61,67,6,9.836065573770492,22.69392033542977,,22.69392033542977,INCREASING,32,35,1.09,52.23880597014925,47.76119402985074,-3,22.69392033542977,NOT_APPLICABLE,1.5000000000002738,75.0,8.0,11.940298507462686,1.6,11.940298507462686,88.88303477344573,,22.69392033542977,,22.69392033542977
27191007321,LITTLE GANESHA SCHOOL N2 MUKUNDWADI AREA,17,19,18.2,2,11.76470588235294,100.0,0,ACTIVE,True,2,17,19,2,11.76470588235294,6.918238993710692,,6.918238993710692,INCREASING,14,5,0.36,26.31578947368421,73.68421052631578,9,6.918238993710692,NOT_APPLICABLE,0.5000000000000533,22.0,3.0,15.789473684210526,0.6,15.789473684210526,98.05057955742888,,6.918238993710692,,6.918238993710692
27191007322,KIDS GALAXY GLOBAL  SCHOOL CIDCO AREA,207,225,215.4,18,8.695652173913043,100.0,0,ACTIVE,True,3,207,225,18,8.695652173913043,57.54716981132076,15.567484662576685,40.75529575182313,INCREASING,121,104,0.86,46.22222222222222,53.77777777777778,17,40.75529575182313,LOW,4.700000000000804,249.0,24.0,10.666666666666668,4.8,10.666666666666668,42.360379346680716,43.63496932515337,41.90716518115522,15.567484662576685,34.00526102558166
27191007403,LATE. GANPATRAO JAGTAP PRIMARY SCHOOL,688,756,720.6,68,9.883720930232558,100.0,0,ACTIVE,True,2,688,756,68,9.883720930232558,93.08176100628931,80.29141104294479,87.9656210209515,INCREASING,373,383,1.03,50.661375661375665,49.338624338624335,-10,87.9656210209515,HIGH,17.40000000000286,843.0,87.0,11.507936507936508,17.4,11.507936507936508,78.50368809272919,86.65644171779141,87.44194929968747,80.29141104294479,85.29678782266465
27191007405,G Y P PRI SCHOOL MUKUNDWADI,27,30,28.6,3,11.11111111111111,100.0,0,ACTIVE,True,1,27,30,3,11.11111111111111,11.163522012578616,,11.163522012578616,INCREASING,16,14,0.88,46.666666666666664,53.333333333333336,2,11.163522012578616,NOT_APPLICABLE,0.7000000000000883,34.0,4.0,13.333333333333334,0.8,13.333333333333334,96.10115911485775,,11.163522012578616,,11.163522012578616
27191007406,MODERN ENG SCHOOL CIDCO,390,423,405.6,33,8.461538461538462,100.0,0,ACTIVE,True,2,390,423,33,8.461538461538462,80.083857442348,8.819018404907975,51.577921827371995,INCREASING,228,195,0.86,46.09929078014184,53.90070921985816,33,51.577921827371995,MEDIUM,8.600000000001447,466.0,43.0,10.16548463356974,8.6,10.16548463356974,21.285563751317177,19.478527607361965,38.73816413936798,8.819018404907975,29.76242041902998
27191007501,PS SANJAYNAGAR,3,3,3.0,0,0.0,100.0,0,ACTIVE,True,2,3,3,0,0.0,1.939203354297694,,1.939203354297694,STABLE_LOW_ENROLLMENT,3,0,0.0,0.0,100.0,3,1.939203354297694,NOT_APPLICABLE,-2.235137771165873e-16,3.0,0.0,0.0,0.0,0.0,1.36986301369863,,1.939203354297694,,1.939203354297694
27191007502,KARUNA PS SANJAYNAGAR,27,29,27.8,2,7.4074074074074066,100.0,0,ACTIVE,True,2,27,29,2,7.4074074074074066,10.69182389937107,,10.69182389937107,INCREASING,16,13,0.81,44.827586206896555,55.172413793103445,3,10.69182389937107,NOT_APPLICABLE,0.5000000000000984,32.0,3.0,10.344827586206897,0.6,10.344827586206897,29.610115911485774,,10.69182389937107,,10.69182389937107
27191007503,PINAKESHWAR ENGLISH SCHOOL,107,116,111.2,9,8.411214953271028,100.0,0,ACTIVE,True,2,107,116,9,8.411214953271028,36.32075471698113,7.668711656441718,24.85993749276536,INCREASING,62,54,0.87,46.55172413793103,53.44827586206896,8,24.85993749276536,NOT_APPLICABLE,2.2000000000003594,127.0,11.0,9.482758620689655,2.2,9.482758620689655,6.743940990516332,3.374233128834356,16.26565574719296,7.668711656441718,13.686572519967585
27191007504,PINAKESHWAR MARATHI SCHOOL,42,46,44.0,4,9.523809523809524,100.0,0,ACTIVE,True,2,42,46,4,9.523809523809524,16.352201257861633,,16.352201257861633,INCREASING,25,21,0.84,45.65217391304348,54.347826086956516,4,16.352201257861633,NOT_APPLICABLE,1.0000000000001523,51.0,5.0,10.869565217391305,1.0,10.869565217391305,51.05374077976818,,16.352201257861633,,16.352201257861633
27191007505,MUKTESHWAR PS,73,80,76.6,7,9.58904109589041,100.0,0,ACTIVE,True,1,73,80,7,9.58904109589041,26.153039832285113,,26.153039832285113,INCREASING,42,38,0.9,47.5,52.5,4,26.153039832285113,LOW,1.8000000000002672,89.0,9.0,11.25,1.8,11.25,68.33508956796628,,26.153039832285113,,26.153039832285113
27191007506,TULJA BHAVANI VIDYALAYA MUKUND,133,146,139.6,13,9.774436090225564,100.0,0,ACTIVE,True,6,133,146,13,9.774436090225564,42.29559748427673,74.30981595092024,55.10128487093414,INCREASING,66,80,1.21,54.794520547945204,45.20547945205479,-14,55.10128487093414,MEDIUM,3.3000000000004968,163.0,17.0,11.643835616438356,3.4,11.643835616438356,83.40358271865121,91.33435582822086,69.59451325384882,74.30981595092024,71.00910406297024
27191007507,SHREE PUBLIC SCHOOL MUKUNDWADI,370,405,386.8,35,9.45945945945946,88.48781706803906,0,ACTIVE,True,2,370,405,35,9.45945945945946,78.72117400419287,55.29141104294478,69.34926881969363,INCREASING,236,169,0.72,41.7283950617284,58.2716049382716,67,69.34926881969363,MEDIUM,8.300000000001273,447.0,42.0,10.37037037037037,8.4,10.37037037037037,30.663856691253947,29.754601226993866,53.511401782613724,55.29141104294478,54.04540456071304
27191007508,"MASIHA URDU PRIMARY SCHOOL KIRADPURA, CHHATRAPATI SAMBHAJINAGAR",248,270,258.6,22,8.870967741935484,100.0,0,ACTIVE,True,2,248,270,22,8.870967741935484,65.30398322851153,24.079754601226995,48.81429177759771,INCREASING,97,173,1.78,64.07407407407408,35.92592592592593,-76,48.81429177759771,LOW,5.400000000000852,297.0,27.0,10.0,5.4,10.0,17.281348788198102,14.64723926380368,35.1474707720801,24.079754601226995,31.827155920824165
27191007509,SARASWATI MADHYAMIC VIDYALAYA,30,32,31.0,2,6.666666666666667,100.0,0,ACTIVE,True,8,30,32,2,6.666666666666667,11.635220125786164,,11.635220125786164,INCREASING,16,16,1.0,50.0,50.0,0,11.635220125786164,NOT_APPLICABLE,0.6000000000001022,35.0,3.0,9.375,0.6,9.375,5.532139093782929,,11.635220125786164,,11.635220125786164
27191007510,PINAKESHWAR HIGH SCHOOL,21,23,22.2,2,9.523809523809524,100.0,0,ACTIVE,True,8,21,23,2,9.523809523809524,8.80503144654088,,8.80503144654088,INCREASING,13,10,0.77,43.47826086956522,56.52173913043478,3,8.80503144654088,NOT_APPLICABLE,0.5000000000000535,26.0,3.0,13.043478260869565,0.6,13.043478260869565,95.41622760800843,,8.80503144654088,,8.80503144654088
27191007601,UJWALATAI PAWAR PRI. VIDYA MANDIR,339,371,355.2,32,9.43952802359882,100.0,0,ACTIVE,True,2,339,371,32,9.43952802359882,76.15303983228512,53.220858895705526,66.98016745765328,INCREASING,193,178,0.92,47.97843665768194,52.02156334231805,15,66.98016745765328,MEDIUM,8.300000000001283,413.0,42.0,11.320754716981133,8.4,11.320754716981133,71.86512118018967,78.75766871165644,71.69116795925454,53.220858895705526,66.15007524018984
27191007602,DNYANDEEP MADHYAMIK VIDYALAYA N2,106,116,111.0,10,9.433962264150944,100.0,0,ACTIVE,True,7,106,116,10,9.433962264150944,36.32075471698113,52.760736196319016,42.896747308716286,INCREASING,62,54,0.87,46.55172413793103,53.44827586206896,8,42.896747308716286,LOW,2.400000000000349,128.0,12.0,10.344827586206897,2.4,10.344827586206897,29.610115911485774,28.60429447852761,37.17976617664081,52.760736196319016,41.85405718254427
27191007603,VIKRAMADITYA PS CIDCO-2,147,161,154.2,14,9.523809523809524,100.0,0,ACTIVE,True,2,147,161,14,9.523809523809524,45.125786163522015,59.12576687116564,50.72577844657947,INCREASING,78,83,1.06,51.5527950310559,48.4472049689441,-5,50.72577844657947,MEDIUM,3.400000000000493,178.0,17.0,10.559006211180124,3.4,10.559006211180124,37.302423603793464,37.26993865030675,45.34344252807038,59.12576687116564,49.478139830998956
27191007604,VASANTDADA PATIL HS & JR. COLLEGE,776,845,808.8,69,8.891752577319588,100.0,0,ACTIVE,True,3,776,845,69,8.891752577319588,94.12997903563941,25.0,66.47798742138365,INCREASING,474,371,0.78,43.90532544378698,56.09467455621302,103,66.47798742138365,MEDIUM,18.100000000003046,936.0,91.0,10.76923076923077,18.2,10.76923076923077,45.732349841938884,47.7760736196319,58.997221900682945,25.0,48.79805533047806
27191007605,DNYANDIP PS CIDCO PRAKASHNAGAR,298,325,310.8,27,9.060402684563758,100.0,0,ACTIVE,True,2,298,325,27,9.060402684563758,70.44025157232704,32.668711656441715,55.33163560597291,INCREASING,168,157,0.93,48.30769230769231,51.69230769230769,11,55.33163560597291,MEDIUM,6.600000000001052,358.0,33.0,10.153846153846153,6.6,10.153846153846153,21.180189673340358,19.32515337423313,40.929042713277,32.668711656441715,38.450943396226414
27191007606,SUSHILADEVI DESHMUKH VIDYALAY,480,526,504.4,46,9.583333333333334,82.9862814326784,0,ACTIVE,True,6,480,526,46,9.583333333333334,86.42557651991615,61.963190184049076,76.64062198556933,INCREASING,282,244,0.87,46.38783269961977,53.61216730038023,38,76.64062198556933,HIGH,11.200000000001548,582.0,56.0,10.646387832699618,11.2,10.646387832699618,41.20126448893572,42.02453987730061,62.79418914226184,61.963190184049076,62.54488945479801
27191007607,SUSHILADEVI DESHMUKH PRIMARY SCHOOL N-2 RAMNA,314,345,329.8,31,9.872611464968154,100.0,0,ACTIVE,True,2,314,345,31,9.872611464968154,73.11320754716981,79.75460122699386,75.76976501909942,INCREASING,176,169,0.96,48.98550724637681,51.01449275362319,7,75.76976501909942,HIGH,7.5000000000010845,383.0,38.0,11.014492753623188,7.6,11.014492753623188,57.481559536354055,61.73312883435583,70.15511054520198,79.75460122699386,73.03495774973953
27191007608,SHRI RAM PS SHRIRAM NAGAR,674,735,704.2,61,9.050445103857568,80.83593225465951,0,ACTIVE,True,2,674,735,61,9.050445103857568,92.87211740041928,32.20858895705521,68.60670602307366,INCREASING,391,344,0.88,46.802721088435376,53.197278911564624,47,68.60670602307366,MEDIUM,15.000000000002307,810.0,75.0,10.204081632653061,15.0,10.204081632653061,22.49736564805058,20.705521472392636,49.44623220280125,32.20858895705521,44.27493922907743
27191007609,SANT DNYANESHWAR ACADEMY CHIKALTHANA,159,173,165.6,14,8.80503144654088,100.0,0,ACTIVE,True,2,159,173,14,8.80503144654088,47.37945492662474,20.62883435582822,36.67920669830613,INCREASING,95,78,0.82,45.08670520231214,54.91329479768786,17,36.67920669830613,LOW,3.700000000000631,192.0,19.0,10.982658959537572,3.8,10.982658959537572,56.37513171759747,60.2760736196319,46.11795346683644,20.62883435582822,38.47121773353397
27191007610,UJWALATAI PAWAR PRI. ENG SCHOOL RAMNAGAR,334,366,350.0,32,9.580838323353294,100.0,0,ACTIVE,True,2,334,366,32,9.580838323353294,75.47169811320755,61.579754601227,69.91492070841534,INCREASING,194,172,0.89,46.994535519125684,53.00546448087432,22,69.91492070841534,MEDIUM,8.400000000001333,408.0,42.0,11.475409836065573,8.4,11.475409836065573,76.8177028451001,84.3558282208589,75.69128371339275,61.579754601227,71.45782497974302
27191007611,NEW LITTLE STAR ENG PS MAHADA COLONY,128,140,133.8,12,9.375,0.0,5,ACTIVE,True,2,128,140,12,9.375,41.14255765199161,49.233128834355824,44.37878612493729,INCREASING,81,59,0.73,42.142857142857146,57.85714285714286,22,44.37878612493729,LOW,3.100000000000506,156.0,16.0,11.428571428571429,3.2,11.428571428571429,75.23709167544784,82.51533742331289,59.63340664428753,49.233128834355824,56.51332330130802
27191007612,SHRI VYANKATESH PRIMARY SCHOOL,205,223,214.0,18,8.780487804878048,100.0,0,ACTIVE,True,1,205,223,18,8.780487804878048,57.023060796645694,19.78527607361963,42.127946907435266,INCREASING,107,116,1.08,52.01793721973094,47.98206278026906,-9,42.127946907435266,LOW,4.600000000000721,246.0,23.0,10.31390134529148,4.6,10.31390134529148,28.34562697576396,27.14723926380368,36.135663849982635,19.78527607361963,31.23054751707373
27191007613,SHRI RAM MADHYAMIK VIDYALAY,299,328,314.2,29,9.698996655518394,100.0,0,ACTIVE,True,7,299,328,29,9.698996655518394,70.96436058700209,70.0920245398773,70.61542616815217,INCREASING,158,170,1.08,51.829268292682926,48.170731707317074,-12,70.61542616815217,MEDIUM,7.100000000000991,364.0,36.0,10.975609756097562,7.2,10.975609756097562,55.90094836670178,59.739263803680984,66.2649612223637,70.0920245398773,67.41308021761778
27191007614,BHAGWAN MAHAVIR SCHOOL RAMNAGAR,20,22,21.0,2,10.0,100.0,0,ACTIVE,True,2,20,22,2,10.0,8.228511530398324,,8.228511530398324,INCREASING,11,11,1.0,50.0,50.0,0,8.228511530398324,NOT_APPLICABLE,0.6000000000001054,25.0,3.0,13.636363636363635,0.6,13.636363636363635,96.52265542676501,,8.228511530398324,,8.228511530398324
27191007615,BHAGWAN MAHAVIR PRIMARY SCHOOL MARATHI,413,451,431.6,38,9.200968523002421,100.0,0,ACTIVE,True,2,413,451,38,9.200968523002421,81.70859538784066,38.49693251533742,64.42393023883936,INCREASING,281,170,0.6,37.6940133037694,62.3059866962306,111,64.42393023883936,MEDIUM,9.800000000001571,500.0,49.0,10.864745011086473,9.8,10.864745011086473,50.68493150684932,53.52760736196319,60.0654010880889,38.49693251533742,53.59486051626345
27191007617,BHAGWAN MAHAVIR SCHOOL(ENGLISH MEDIUM),44,48,46.0,4,9.090909090909092,100.0,0,ACTIVE,True,2,44,48,4,9.090909090909092,16.82389937106918,,16.82389937106918,INCREASING,28,20,0.71,41.66666666666667,58.333333333333336,8,16.82389937106918,NOT_APPLICABLE,1.0000000000001545,53.0,5.0,10.416666666666668,1.0,10.416666666666668,32.45521601685985,,16.82389937106918,,16.82389937106918
27191007618,BHAGWAN MAHAVIR SCHOOL (MARATHI),19,21,20.0,2,10.526315789473683,100.0,0,ACTIVE,True,8,19,21,2,10.526315789473683,7.756813417190776,,7.756813417190776,INCREASING,14,7,0.5,33.33333333333333,66.66666666666666,7,7.756813417190776,NOT_APPLICABLE,0.4000000000000477,23.0,2.0,9.523809523809524,0.4,9.523809523809524,7.4288724973656475,,7.756813417190776,,7.756813417190776
27191007801,PS CHIKHALTHANA,247,266,256.0,19,7.6923076923076925,100.0,0,ACTIVE,True,2,247,266,19,7.6923076923076925,64.8846960167715,0.6134969325153374,39.17621638306903,INCREASING,137,129,0.94,48.49624060150376,51.50375939849624,8,39.17621638306903,LOW,5.0000000000008455,291.0,25.0,9.398496240601503,5.0,9.398496240601503,5.795574288724974,2.147239263803681,24.36462553536289,0.6134969325153374,17.23928695450862
27191007802,BALAJI PS CHIKALTHANA,402,437,419.6,35,8.706467661691542,100.0,0,ACTIVE,True,1,402,437,35,8.706467661691542,80.76519916142557,15.950920245398773,54.83948759501485,INCREASING,255,182,0.71,41.64759725400457,58.35240274599543,73,54.83948759501485,MEDIUM,8.500000000001261,480.0,43.0,9.839816933638444,8.6,9.839816933638444,12.80295047418335,9.125766871165645,36.553999305475166,15.950920245398773,30.373075587452245
27191007803,KHWAJA URDU PS,87,95,91.2,8,9.195402298850574,100.0,0,ACTIVE,True,2,87,95,8,9.195402298850574,30.60796645702306,,30.60796645702306,INCREASING,50,45,0.9,47.368421052631575,52.63157894736842,5,30.60796645702306,LOW,2.000000000000286,105.0,10.0,10.526315789473683,2.0,10.526315789473683,36.248682824025295,,30.60796645702306,,30.60796645702306
27191007804,PS VISHRANTINAGAR,75,82,78.6,7,9.333333333333334,100.0,0,ACTIVE,True,2,75,82,7,9.333333333333334,26.88679245283019,,26.88679245283019,INCREASING,48,34,0.71,41.46341463414634,58.536585365853654,14,26.88679245283019,LOW,1.7000000000002407,91.0,9.0,10.975609756097562,1.8,10.975609756097562,55.90094836670178,,26.88679245283019,,26.88679245283019
27191007805,HAKAM URDU PS CHIKALTHANA,269,295,281.8,26,9.66542750929368,100.0,0,ACTIVE,True,2,269,295,26,9.66542750929368,67.55765199161425,68.63496932515338,67.9885789250299,INCREASING,70,225,3.21,76.27118644067797,23.728813559322035,-155,67.9885789250299,MEDIUM,6.500000000001004,328.0,33.0,11.186440677966102,6.6,11.186440677966102,65.64805057955742,71.0122699386503,69.19805533047806,68.63496932515338,69.02912952888065
27191007807,SHRI BALAJI HIGH SCHOOL & JR. COLLEGE CHIKHALTHANA,969,1053,1011.4,84,8.6687306501548,87.0019428822708,0,ACTIVE,True,3,969,1053,84,8.6687306501548,95.9119496855346,15.030674846625766,63.55943974997106,INCREASING,561,492,0.88,46.72364672364672,53.27635327635327,69,63.55943974997106,MEDIUM,21.800000000003386,1162.0,109.0,10.351377018043685,21.8,10.351377018043685,30.136986301369863,28.987730061349694,49.730755874522515,15.030674846625766,39.32073156615348
27191007808,KHATUN ZUBEDA YASEEN URDU HS CHIKALTHANA,127,139,133.0,12,9.448818897637794,100.0,0,ACTIVE,True,7,127,139,12,9.448818897637794,40.932914046121596,54.601226993865026,46.40023922521897,INCREASING,31,108,3.48,77.6978417266187,22.302158273381295,-77,46.40023922521897,LOW,2.9000000000004227,154.0,15.0,10.79136690647482,3.0,10.79136690647482,46.57534246575342,48.92638036809816,47.410695682370644,54.601226993865026,49.567855075818954
27191007809,DNYANGANGA ENG PS CHIKALTHANA,8,9,8.6,1,12.5,100.0,0,ACTIVE,True,2,8,9,1,12.5,4.035639412997904,,4.035639412997904,INCREASING,3,6,2.0,66.66666666666666,33.33333333333333,-3,4.035639412997904,NOT_APPLICABLE,0.300000000000041,11.0,2.0,22.22222222222222,0.4,22.22222222222222,99.52581664910431,,4.035639412997904,,4.035639412997904
27191007810,G D PS CHIKALTHANA,428,471,449.6,43,10.046728971962617,100.0,0,ACTIVE,True,2,428,471,43,10.046728971962617,83.43815513626835,88.03680981595092,85.27761700814138,INCREASING,274,197,0.72,41.825902335456476,58.174097664543524,77,85.27761700814138,HIGH,11.200000000001758,527.0,56.0,11.8895966029724,11.2,11.8895966029724,88.30347734457324,96.0122699386503,89.57147818034495,88.03680981595092,89.11107767102673
27191007813,SHRI VENKATESH ENGLISH PRIMARY SCHOOL,45,49,46.8,4,8.88888888888889,100.0,0,ACTIVE,True,1,45,49,4,8.88888888888889,17.08595387840671,,17.08595387840671,INCREASING,32,17,0.53,34.69387755102041,65.3061224489796,15,17.08595387840671,NOT_APPLICABLE,0.9000000000001488,54.0,5.0,10.204081632653061,1.0,10.204081632653061,22.49736564805058,,17.08595387840671,,17.08595387840671
27191007814,ABHINAV INTERNATIONAL SCHOOL CHIKHALTHANA,178,195,186.4,17,9.550561797752808,100.0,0,ACTIVE,True,2,178,195,17,9.550561797752808,52.04402515723271,60.122699386503065,55.27549484894085,INCREASING,115,80,0.7,41.02564102564102,58.97435897435898,35,55.27549484894085,MEDIUM,4.300000000000667,217.0,22.0,11.282051282051283,4.4,11.282051282051283,69.44151738672286,75.920245398773,63.53339506887371,60.122699386503065,62.510186364162514
27191007815,MNC HS CHIKHALTHANA,70,77,73.6,7,10.0,100.0,0,ACTIVE,True,8,70,77,7,10.0,25.366876310272534,,25.366876310272534,INCREASING,48,29,0.6,37.66233766233766,62.33766233766234,19,25.366876310272534,LOW,1.700000000000245,86.0,9.0,11.688311688311687,1.8,11.688311688311687,84.29926238145417,,25.366876310272534,,25.366876310272534
27191007816,BRIGHT STAR ENGLISH SCHOOL AND JUNIOR COLLEGE,520,571,545.6,51,9.807692307692308,100.0,0,ACTIVE,True,3,520,571,51,9.807692307692308,88.67924528301887,76.07361963190185,83.63699502257207,INCREASING,338,233,0.69,40.80560420315236,59.19439579684763,105,83.63699502257207,HIGH,12.800000000001935,635.0,64.0,11.208406304728546,12.8,11.208406304728546,66.49104320337197,72.23926380368098,79.07790253501562,76.07361963190185,78.17661766408149
27191007819,GOPINATH MADHYAMIK VIDYALAYA HINANAGAR CHIKHALTHANA,24,26,24.8,2,8.333333333333332,54.39064558629775,0,ACTIVE,True,8,24,26,2,8.333333333333332,9.80083857442348,,9.80083857442348,INCREASING,14,12,0.86,46.15384615384615,53.84615384615385,2,9.80083857442348,NOT_APPLICABLE,0.5000000000001,29.0,3.0,11.538461538461538,0.6,11.538461538461538,79.768177028451,,9.80083857442348,,9.80083857442348
27191007820,"SAI PRIMARY SCHOOL, CHIKALTHANA",339,370,354.4,31,9.144542772861357,64.74587176902654,0,ACTIVE,True,2,339,370,31,9.144542772861357,75.8909853249476,36.50306748466258,60.13581818883359,INCREASING,194,176,0.91,47.56756756756757,52.43243243243243,18,60.13581818883359,MEDIUM,7.4000000000010715,407.0,37.0,10.0,7.4,10.0,17.281348788198102,14.64723926380368,41.94038661882162,36.50306748466258,40.3091908785739
27191007821,TEJASVI ENGLISH SCHOOL CHIKHALTHANA,134,146,139.4,12,8.955223880597014,100.0,0,ACTIVE,True,3,134,146,12,8.955223880597014,42.29559748427673,28.450920245398777,36.757726588725546,INCREASING,67,79,1.18,54.109589041095894,45.89041095890411,-12,36.757726588725546,LOW,3.0000000000005302,161.0,15.0,10.273972602739725,3.0,10.273972602739725,26.65964172813488,25.153374233128833,32.11598564648686,28.450920245398777,31.016466026160437
27191007822,Reliable English School,269,291,279.6,22,8.178438661710038,100.0,0,ACTIVE,True,6,269,291,22,8.178438661710038,67.0335429769392,4.141104294478527,41.87656750395493,INCREASING,191,100,0.52,34.36426116838488,65.63573883161511,91,41.87656750395493,LOW,5.300000000000825,318.0,27.0,9.278350515463918,5.4,9.278350515463918,4.7418335089567965,1.3803680981595092,25.678087741636762,4.141104294478527,19.21699270748929
27191007823,HAP INTERNATIONAL SCHOOL CHIKALTHANA,352,385,368.2,33,9.375,92.22491667310135,0,ACTIVE,True,3,352,385,33,9.375,76.9916142557652,49.233128834355824,65.88822008720145,INCREASING,246,139,0.57,36.103896103896105,63.896103896103895,107,65.88822008720145,MEDIUM,7.5000000000010845,423.0,38.0,9.87012987012987,7.6,9.87012987012987,13.487881981032665,10.122699386503067,43.5820118069221,49.233128834355824,45.277346915152215
27191007824,GURUKUL OLYMPIAD SCHOOL,768,842,806.2,74,9.635416666666668,100.0,0,ACTIVE,True,3,768,842,74,9.635416666666668,94.0251572327044,66.1042944785276,82.85681213103368,INCREASING,475,367,0.77,43.58669833729216,56.41330166270784,108,82.85681213103368,HIGH,19.60000000000301,940.0,98.0,11.63895486935867,19.6,11.63895486935867,83.245521601686,91.1042944785276,86.15580507003125,66.1042944785276,80.14035189258016
27191007903,MASIHA URDU HIGH SCHOOL KIREDPRA,28,31,29.6,3,10.714285714285714,100.0,0,ACTIVE,True,8,28,31,3,10.714285714285714,11.373165618448636,,11.373165618448636,INCREASING,13,18,1.38,58.06451612903226,41.935483870967744,-5,11.373165618448636,NOT_APPLICABLE,0.7000000000000901,35.0,4.0,12.903225806451612,0.8,12.903225806451612,94.99473129610115,,11.373165618448636,,11.373165618448636
27191007988,CPS MUKUNDWADI,324,352,337.8,28,8.641975308641975,100.0,0,ACTIVE,True,2,324,352,28,8.641975308641975,74.0041928721174,14.64723926380368,50.26141142879192,INCREASING,184,168,0.91,47.72727272727273,52.27272727272727,16,50.26141142879192,MEDIUM,6.800000000001033,386.0,34.0,9.659090909090908,6.8,9.659090909090908,9.694415173867228,6.288343558282208,32.672184280588034,14.64723926380368,27.264700775552726
27191007989,MNC HS MUKUNDWADI,100,110,105.2,10,10.0,100.0,0,ACTIVE,True,8,100,110,10,10.0,34.43396226415094,86.42638036809815,55.230929505729826,INCREASING,47,63,1.34,57.27272727272727,42.72727272727273,-16,55.230929505729826,MEDIUM,2.600000000000386,123.0,13.0,11.818181818181818,2.6,11.818181818181818,87.30242360379347,94.55521472392638,70.96064359300846,86.42638036809815,75.60036462553536
27191007991,DNYANJYOT SECONDARY SCHOOL,68,74,71.2,6,8.823529411764707,100.0,0,ACTIVE,True,8,68,74,6,8.823529411764707,24.58071278825996,,24.58071278825996,INCREASING,39,35,0.9,47.2972972972973,52.702702702702695,4,24.58071278825996,NOT_APPLICABLE,1.5000000000002043,82.0,8.0,10.81081081081081,1.6,10.81081081081081,47.94520547945205,,24.58071278825996,,24.58071278825996
27191007995,SHRI TULJA BHAVANI MADHYAMIK VIDYALAYA MUKUNDWADI,96,105,100.4,9,9.375,55.51279633457851,0,ACTIVE,True,8,96,105,9,9.375,33.123689727463315,49.233128834355824,39.56746537022032,INCREASING,51,54,1.06,51.42857142857142,48.57142857142857,-3,39.56746537022032,LOW,2.200000000000339,116.0,11.0,10.476190476190476,2.2,10.476190476190476,34.035827186512115,33.895705521472394,37.29876143072115,49.233128834355824,40.87907165181155
27191007997,LITTLE ANGEL GURUKUL ,26,28,26.8,2,7.6923076923076925,87.73715415019763,0,ACTIVE,True,1,26,28,2,7.6923076923076925,10.272536687631026,,10.272536687631026,INCREASING,16,12,0.75,42.857142857142854,57.14285714285714,4,10.272536687631026,NOT_APPLICABLE,0.5000000000000988,31.0,3.0,10.714285714285714,0.6,10.714285714285714,44.57323498419389,,10.272536687631026,,10.272536687631026
27191007999,AASAWA BROTHERS BUSINESS SCHOOL,123,135,129.4,12,9.75609756097561,100.0,0,ACTIVE,True,11,123,135,12,9.75609756097561,40.35639412997904,73.54294478527608,53.63101439209785,INCREASING,70,65,0.93,48.148148148148145,51.85185185185185,5,53.63101439209785,MEDIUM,3.1000000000004464,151.0,16.0,11.851851851851853,3.2,11.851851851851853,87.77660695468916,95.24539877300614,70.27676814446117,73.54294478527608,71.25662113670565
27191008085,VIDYASAGAR PS GARKHEDA PARISAR,158,174,166.4,16,10.126582278481013,100.0,0,ACTIVE,True,2,158,174,16,10.126582278481013,47.693920335429766,90.79754601226993,64.93537060616583,INCREASING,96,78,0.81,44.827586206896555,55.172413793103445,18,64.93537060616583,MEDIUM,3.9000000000005395,194.0,20.0,11.494252873563218,4.0,11.494252873563218,77.87144362486829,85.7361963190184,73.25570089130686,90.79754601226993,78.51825442759578
27191008086,LATE LAXMANRAO DANGE ENG. SCHOOL,87,95,90.8,8,9.195402298850574,100.0,0,ACTIVE,True,2,87,95,8,9.195402298850574,30.60796645702306,,30.60796645702306,INCREASING,51,44,0.86,46.31578947368421,53.68421052631579,7,30.60796645702306,LOW,2.100000000000357,106.0,11.0,11.578947368421053,2.2,11.578947368421053,81.34878819810326,,30.60796645702306,,30.60796645702306
27191008087,SHRI RAJARSHI SHAHU VIDYALAYA,246,269,256.6,23,9.34959349593496,40.219674619267394,0,ACTIVE,True,6,246,269,23,9.34959349593496,65.19916142557652,47.54601226993865,58.137901763321366,INCREASING,154,115,0.75,42.75092936802974,57.249070631970255,39,58.137901763321366,MEDIUM,5.600000000000942,297.0,28.0,10.408921933085502,5.6,10.408921933085502,32.03371970495258,31.74846625766871,47.582127561060304,47.54601226993865,47.57129297372381
27191008088,MADYAMIK VIDYALYA MUKUNDWADI,353,387,371.6,34,9.631728045325778,100.0,0,ACTIVE,True,7,353,387,34,9.631728045325778,77.20125786163521,65.95092024539878,72.70112281514064,INCREASING,197,190,0.96,49.09560723514212,50.90439276485789,7,72.70112281514064,MEDIUM,8.30000000000104,429.0,42.0,10.852713178294573,8.4,10.852713178294573,49.94731296101159,52.45398773006135,64.60226878110892,65.95092024539878,65.00686422039587
27191008089,DNYANJYOT SCHOOL MUKUNDWADI (MARATHI),475,517,493.2,42,8.842105263157894,100.0,0,ACTIVE,True,2,475,517,42,8.842105263157894,85.9538784067086,22.392638036809817,60.52938225874909,INCREASING,269,248,0.92,47.969052224371374,52.03094777562862,21,60.52938225874909,MEDIUM,10.700000000001994,571.0,54.0,10.444874274661508,10.8,10.444874274661508,33.508956796628034,33.282208588957054,49.63051279083227,22.392638036809817,41.45915036462553
27191008090,DNYANJYOT ENG SCHOOL MUKUNDWADI,88,97,93.2,9,10.227272727272728,100.0,0,ACTIVE,True,2,88,97,9,10.227272727272728,31.236897274633122,,31.236897274633122,INCREASING,52,45,0.87,46.391752577319586,53.608247422680414,7,31.236897274633122,LOW,2.200000000000251,108.0,11.0,11.34020618556701,2.2,11.34020618556701,72.39199157007377,,31.236897274633122,,31.236897274633122
27191008091,PARTH VIDYAMANDIR NEW S.T. COLONY N2,223,242,233.0,19,8.520179372197308,100.0,0,ACTIVE,True,2,223,242,19,8.520179372197308,61.058700209643604,9.815950920245399,40.56160049388432,INCREASING,137,105,0.77,43.388429752066116,56.611570247933884,32,40.56160049388432,LOW,4.900000000000713,267.0,25.0,10.330578512396695,5.0,10.330578512396695,28.92518440463646,27.99079754601227,35.5332793147355,9.815950920245399,27.81808079638847
27191008092,BHAGWATI PRATHMIK VIDYAMANDIR N-2,326,354,339.2,28,8.588957055214724,100.0,0,ACTIVE,True,2,326,354,28,8.588957055214724,74.26624737945492,13.420245398773007,49.92784658718215,INCREASING,195,159,0.82,44.91525423728814,55.08474576271186,36,49.92784658718215,LOW,7.0000000000011795,389.0,35.0,9.887005649717514,7.0,9.887005649717514,14.225500526870391,11.196319018404909,34.435235559671256,13.420245398773007,28.13073851140178
27191008106,DNYANSAGAR PS,49,53,51.0,4,8.16326530612245,100.0,0,ACTIVE,True,2,49,53,4,8.16326530612245,18.343815513626836,,18.343815513626836,INCREASING,25,28,1.12,52.83018867924528,47.16981132075472,-3,18.343815513626836,NOT_APPLICABLE,1.00000000000015,58.0,5.0,9.433962264150944,1.0,9.433962264150944,6.585879873551106,,18.343815513626836,,18.343815513626836
27191008107,LATE MATOSHRI JIVABEN PATEL MADHHYAMIK VIDYALAYA,177,191,182.8,14,7.909604519774012,69.95815711824837,0,ACTIVE,True,7,177,191,14,7.909604519774012,51.0482180293501,2.0705521472392636,31.457151676505767,INCREASING,92,99,1.08,51.832460732984295,48.167539267015705,-7,31.457151676505767,LOW,3.6000000000006867,209.0,18.0,9.424083769633508,3.6,9.424083769633508,6.217070600632244,2.7607361963190185,19.978585484431065,2.0705521472392636,14.606175483273523
27191008108,RADHAKRISHNA MADHY. VID. JAIBHAVANINAGA,293,320,307.4,27,9.215017064846416,100.0,0,ACTIVE,True,7,293,320,27,9.215017064846416,70.17819706498952,39.41717791411043,57.87378940463788,INCREASING,157,163,1.04,50.9375,49.0625,-6,57.87378940463788,MEDIUM,7.00000000000099,355.0,35.0,10.9375,7.0,10.9375,54.21496311907271,57.668711656441715,57.791758305359416,39.41717791411043,52.27938418798472
27191008109,SHRI SWAMI SAMARTH PS MUKUNDWADI,480,526,503.4,46,9.583333333333334,100.0,0,ACTIVE,True,2,480,526,46,9.583333333333334,86.42557651991615,61.963190184049076,76.64062198556933,INCREASING,268,258,0.96,49.049429657794676,50.950570342205324,10,76.64062198556933,HIGH,12.200000000001909,587.0,61.0,11.596958174904943,12.2,11.596958174904943,81.98103266596416,89.87730061349694,81.93529343674038,61.963190184049076,75.94366246093298
27191008110,KIDS PRIDE ENG SCHOOL SHASTRI NAGAR,1402,1528,1464.2,126,8.98716119828816,100.0,0,ACTIVE,True,6,1402,1528,126,8.98716119828816,98.0083857442348,29.9079754601227,70.76822163058996,INCREASING,892,636,0.71,41.62303664921466,58.37696335078534,256,70.76822163058996,MEDIUM,30.500000000004675,1681.0,153.0,10.013089005235603,30.6,10.013089005235603,18.545837723919917,15.490797546012269,48.65725199675888,29.9079754601227,43.032469035768024
27191008111,SECONDARY & HIGHER SECONDARY SCHOOL,2,2,2.0,0,0.0,0.0,5,ACTIVE,True,11,2,2,0,0.0,1.4150943396226416,,1.4150943396226416,STABLE_LOW_ENROLLMENT,2,0,0.0,0.0,100.0,2,1.4150943396226416,NOT_APPLICABLE,-3.5586396126464817e-16,2.0,0.0,0.0,0.0,0.0,1.36986301369863,,1.4150943396226416,,1.4150943396226416
27191008113,KAI JANABAI WAGHMARE HS MUKUNDWADI,18,20,19.2,2,11.11111111111111,100.0,0,ACTIVE,True,3,18,20,2,11.11111111111111,7.337526205450734,,7.337526205450734,INCREASING,11,9,0.82,45.0,55.00000000000001,2,7.337526205450734,NOT_APPLICABLE,0.5000000000000552,23.0,3.0,15.0,0.6,15.0,97.83983140147524,,7.337526205450734,,7.337526205450734
27191008201,DNYAN GANGA PS,68,73,70.2,5,7.352941176470589,100.0,0,ACTIVE,True,2,68,73,5,7.352941176470589,24.266247379454928,,24.266247379454928,INCREASING,35,38,1.09,52.054794520547944,47.94520547945205,-3,24.266247379454928,NOT_APPLICABLE,1.2000000000002058,79.0,6.0,8.21917808219178,1.2,8.21917808219178,2.9504741833508956,,24.266247379454928,,24.266247379454928
27191008202,NETAJI SUBHASH HS,30,33,31.6,3,10.0,100.0,0,ACTIVE,True,6,30,33,3,10.0,12.10691823899371,,12.10691823899371,INCREASING,20,13,0.65,39.39393939393939,60.60606060606061,7,12.10691823899371,NOT_APPLICABLE,0.7000000000000911,37.0,4.0,12.121212121212121,0.8,12.121212121212121,91.35932560590095,,12.10691823899371,,12.10691823899371
27191008203,SANE GURJI MADYAMIK VIDYALYA BHARAT NGR,141,154,148.0,13,9.219858156028367,0.0,5,ACTIVE,True,7,141,154,13,9.219858156028367,44.18238993710692,39.64723926380368,42.36832966778562,INCREASING,92,62,0.67,40.25974025974026,59.74025974025974,30,42.36832966778562,LOW,3.3000000000004515,171.0,17.0,11.03896103896104,3.4,11.03896103896104,58.53530031612223,63.26687116564417,50.727746266929046,39.64723926380368,47.403594165991436
27191008206,SANSKAR HS AND ARTS SCIENCE JR COLLEGE MUKUNDWADI PARISAR,1,1,1.0,0,0.0,100.0,0,ACTIVE,True,3,1,1,0,0.0,0.8385744234800839,,0.8385744234800839,STABLE_LOW_ENROLLMENT,0,1,1.0,100.0,0.0,-1,0.8385744234800839,NOT_APPLICABLE,-1.7793198063232408e-16,1.0,0.0,0.0,0.0,0.0,1.36986301369863,,0.8385744234800839,,0.8385744234800839
27191008304,MA SHARADA PS,234,258,246.2,24,10.256410256410255,100.0,0,ACTIVE,True,2,234,258,24,10.256410256410255,63.62683438155137,94.1717791411043,75.84481228537254,INCREASING,128,130,1.02,50.3875968992248,49.6124031007752,-2,75.84481228537254,HIGH,5.700000000000833,287.0,29.0,11.24031007751938,5.8,11.24031007751938,67.96628029504743,74.079754601227,75.13878921171431,94.1717791411043,80.8486861905313
27191008305,VARAD VIDYA MANDIR,720,789,754.2,69,9.583333333333334,100.0,0,ACTIVE,True,2,720,789,69,9.583333333333334,93.50104821802935,61.963190184049076,80.88590500443725,INCREASING,447,342,0.77,43.346007604562736,56.65399239543726,105,80.88590500443725,HIGH,15.800000000002283,868.0,79.0,10.012674271229404,15.8,10.012674271229404,18.440463645943098,15.337423312883436,54.666512327815724,61.963190184049076,56.85551568468573
27191008306,KIDS KINGDOM ENGLISH PS,341,375,357.8,34,9.970674486803519,100.0,0,ACTIVE,True,2,341,375,34,9.970674486803519,76.57232704402516,84.8159509202454,79.86977659451325,INCREASING,194,181,0.93,48.266666666666666,51.733333333333334,13,79.86977659451325,HIGH,8.600000000001366,418.0,43.0,11.466666666666667,8.6,11.466666666666667,76.29083245521602,83.74233128834356,81.41879847204538,84.8159509202454,82.43794420650538
27191008307,SANIYA URDU PS,405,437,418.4,32,7.901234567901234,45.6160421976209,0,ACTIVE,True,2,405,437,32,7.901234567901234,80.76519916142557,1.5337423312883436,49.07261642937068,INCREASING,172,265,1.54,60.64073226544623,39.359267734553775,-93,49.07261642937068,LOW,8.60000000000165,480.0,43.0,9.839816933638444,8.6,9.839816933638444,12.80295047418335,9.125766871165645,33.09387660608866,1.5337423312883436,23.625836323648567
27191008308,K. VILAS BHAMRE VIDYAMANDIR,180,197,189.0,17,9.444444444444445,76.71162284943318,0,ACTIVE,True,2,180,197,17,9.444444444444445,52.620545073375254,53.757668711656436,53.075394528687724,INCREASING,118,79,0.67,40.10152284263959,59.89847715736041,39,53.075394528687724,MEDIUM,4.300000000000598,219.0,22.0,11.16751269035533,4.4,11.16751269035533,64.85774499473129,69.86196319018406,59.79002199328626,53.757668711656436,57.98031600879732
27191008309,KIDS ZONE ENGLISH AND JUNIOR COLLEGE,508,556,531.4,48,9.448818897637794,100.0,0,ACTIVE,True,3,508,556,48,9.448818897637794,87.89308176100629,54.601226993865026,74.57633985414978,INCREASING,318,238,0.75,42.805755395683455,57.194244604316545,80,74.57633985414978,MEDIUM,11.400000000001725,613.0,57.0,10.251798561151078,11.4,10.251798561151078,25.07903055848261,23.92638036809816,54.31635605972913,54.601226993865026,54.401817339969895
27191008310,SHREE GAJANAN MAHARAJ BAL VIDYAMANDIR,47,51,48.6,4,8.51063829787234,100.0,0,ACTIVE,True,1,47,51,4,8.51063829787234,17.662473794549268,,17.662473794549268,INCREASING,24,27,1.12,52.94117647058824,47.05882352941176,-3,17.662473794549268,NOT_APPLICABLE,1.000000000000197,56.0,5.0,9.803921568627452,1.0,9.803921568627452,11.95995785036881,,17.662473794549268,,17.662473794549268
27191008311,RAMCHANDRA NAIK HIGH SCHOOL,119,131,125.4,12,10.084033613445378,100.0,0,ACTIVE,True,8,119,131,12,10.084033613445378,39.57023060796646,88.95705521472392,59.32496045066944,INCREASING,68,63,0.93,48.091603053435115,51.908396946564885,5,59.32496045066944,MEDIUM,2.8000000000003564,145.0,14.0,10.687022900763358,2.8,10.687022900763358,43.41412012644889,45.0920245398773,53.63178608635258,88.95705521472392,64.22936682486397
27191008401,MADHYAMIK VIDYALAYA NATH PRANGAN GARKHEDA,151,166,158.4,15,9.933774834437086,100.0,0,ACTIVE,True,6,151,166,15,9.933774834437086,46.278825995807125,83.28220858895705,61.0801790330671,INCREASING,89,77,0.87,46.3855421686747,53.6144578313253,12,61.0801790330671,MEDIUM,3.7000000000005717,185.0,19.0,11.44578313253012,3.8,11.44578313253012,75.76396206533192,83.12883435582822,69.89964116217155,83.28220858895705,73.91441139020719
27191008402,JAI AMBIKA VIDYA MANDIR,189,205,196.2,16,8.465608465608465,91.10886164205866,0,ACTIVE,True,2,189,205,16,8.465608465608465,53.930817610062896,9.049079754601227,35.97812246787823,INCREASING,103,102,0.99,49.75609756097561,50.24390243902439,1,35.97812246787823,LOW,3.9000000000006634,225.0,20.0,9.75609756097561,4.0,9.75609756097561,11.116965226554267,7.668711656441718,24.654358143303625,9.049079754601227,19.972774626692907
27191008403,MEHARSING NAIK VIDYALAYA,264,290,277.6,26,9.848484848484848,76.03496066632022,0,ACTIVE,True,3,264,290,26,9.848484848484848,66.82389937106919,78.6042944785276,71.53605741405255,INCREASING,168,122,0.73,42.06896551724138,57.931034482758626,46,71.53605741405255,MEDIUM,6.200000000000836,321.0,31.0,10.689655172413794,6.2,10.689655172413794,43.62486828240253,45.39877300613497,61.08114365088551,78.6042944785276,66.33808889917813
27191008404,"Dr. R.P. NATH HIGH SCHOOL, GARKHEDA PARISAR",501,542,521.0,41,8.183632734530939,92.3904081137854,0,ACTIVE,True,3,501,542,41,8.183632734530939,87.0020964360587,4.447852760736196,53.980398965929695,INCREASING,356,186,0.52,34.31734317343174,65.68265682656826,170,53.980398965929695,MEDIUM,10.100000000001543,593.0,51.0,9.40959409594096,10.2,9.40959409594096,6.006322444678609,2.4539877300613497,33.36983447158236,4.447852760736196,24.69323995832851
27191008405,M TAJBI PATEL URDU PS,194,212,203.2,18,9.278350515463918,100.0,0,ACTIVE,True,2,194,212,18,9.278350515463918,54.61215932914046,43.63496932515337,50.22128332754563,INCREASING,79,133,1.68,62.735849056603776,37.264150943396224,-54,50.22128332754563,MEDIUM,4.700000000000723,236.0,24.0,11.320754716981133,4.8,11.320754716981133,71.86512118018967,78.75766871165644,61.63583748118995,43.63496932515337,56.23557703437898
27191008501,ADARSH MARATHI PRIMARY SCHOOL GARKHEDA,434,475,456.2,41,9.44700460829493,73.5553392673322,0,ACTIVE,True,2,434,475,41,9.44700460829493,83.9622641509434,54.29447852760736,72.09514990160898,INCREASING,266,209,0.79,44.0,56.00000000000001,57,72.09514990160898,MEDIUM,10.500000000001462,528.0,53.0,11.157894736842106,10.6,11.157894736842106,64.2781875658588,69.01840490797547,70.86445190415557,54.29447852760736,65.8934598911911
27191100401,DNYANSAGAR PS N-13 CIDCO,245,266,255.0,21,8.571428571428571,100.0,0,ACTIVE,True,2,245,266,21,8.571428571428571,64.8846960167715,12.269938650306749,43.838793070185595,INCREASING,150,116,0.77,43.609022556390975,56.390977443609025,34,43.838793070185595,LOW,5.100000000000816,292.0,26.0,9.774436090225564,5.2,9.774436090225564,11.485774499473129,7.975460122699387,29.49345989119111,12.269938650306749,24.3264035189258
27191100402,SHRIKRUSHNA PRATHAMIK VIDYALAYA,215,232,222.4,17,7.906976744186046,100.0,0,ACTIVE,True,2,215,232,17,7.906976744186046,59.11949685534591,1.8404907975460123,36.20789443222595,INCREASING,125,107,0.86,46.12068965517241,53.879310344827594,18,36.20789443222595,LOW,4.6000000000008745,255.0,23.0,9.913793103448276,4.6,9.913793103448276,14.64699683877766,11.809815950920246,26.448663039703668,1.8404907975460123,19.06621136705637
27191100404,DNYANSAGAR MADHYMIK & UCH MADHYAMIK,416,457,438.0,41,9.85576923076923,54.620934450941,0,ACTIVE,True,5,416,457,41,9.85576923076923,82.12788259958072,79.14110429447852,80.93317127753983,INCREASING,287,170,0.59,37.199124726477024,62.80087527352297,117,80.93317127753983,HIGH,10.000000000001329,507.0,50.0,10.940919037199125,10.0,10.940919037199125,54.58377239199157,58.12883435582822,71.8114365088552,79.14110429447852,74.0103368445422
27191100405,UDHAVRAO PATIL PS,151,165,158.0,14,9.271523178807946,100.0,0,ACTIVE,True,1,151,165,14,9.271523178807946,46.0167714884696,43.174846625766875,44.880001543388516,INCREASING,92,73,0.79,44.24242424242424,55.757575757575765,19,44.880001543388516,LOW,3.7000000000005824,184.0,19.0,11.515151515151516,3.8,11.515151515151516,78.76712328767124,87.0398773006135,61.743951846278506,43.174846625766875,56.17322028012501
27191100406,UDHAVRAO PATIL VIDYALAYA,272,295,282.6,23,8.455882352941178,71.2462334917874,0,ACTIVE,True,6,272,295,23,8.455882352941178,67.55765199161425,8.43558282208589,43.908824323802904,INCREASING,163,132,0.81,44.74576271186441,55.254237288135585,31,43.908824323802904,LOW,6.200000000001097,326.0,31.0,10.508474576271185,6.2,10.508474576271185,34.98419388830348,35.2760736196319,40.455724042134506,8.43558282208589,30.84968167611992
27191100407,SAALIM URDU PS JATWADA ROAD,541,594,566.0,53,9.796672828096119,100.0,0,ACTIVE,True,2,541,594,53,9.796672828096119,89.30817610062893,75.76687116564416,83.89165412663502,INCREASING,262,332,1.27,55.892255892255896,44.107744107744104,-70,83.89165412663502,HIGH,14.200000000002476,665.0,71.0,11.952861952861953,14.2,11.952861952861953,89.14646996838778,96.62576687116564,88.98529922444726,75.76687116564416,85.01977080680632
27191100408,PAWAN CHANDRAKANT KHAIRE PS,155,169,161.8,14,9.032258064516128,100.0,0,ACTIVE,True,2,155,169,14,9.032258064516128,46.80293501048218,31.671779141104295,40.75047266273103,INCREASING,96,73,0.76,43.19526627218935,56.80473372781065,23,40.75047266273103,LOW,3.5000000000005476,187.0,18.0,10.650887573964498,3.6,10.650887573964498,41.51738672286617,42.484662576687114,41.444148628313464,31.671779141104295,38.51243778215071
27191100409,OXFORD PUBLIC SCHOOL HONAJI NAGAR JATWADA,198,217,207.8,19,9.595959595959595,100.0,0,ACTIVE,True,2,198,217,19,9.595959595959595,55.87002096436059,63.190184049079754,58.79808619824826,INCREASING,138,79,0.57,36.405529953917046,63.594470046082954,59,58.79808619824826,MEDIUM,5.00000000000076,242.0,25.0,11.52073732718894,5.0,11.52073732718894,78.92518440463647,87.26993865030674,70.18682717907166,63.190184049079754,68.08783424007409
27191100410,PS MUJAFFAR NAGAR,96,105,100.4,9,9.375,100.0,0,ACTIVE,True,2,96,105,9,9.375,33.123689727463315,49.233128834355824,39.56746537022032,INCREASING,43,62,1.44,59.04761904761905,40.95238095238095,-19,39.56746537022032,LOW,2.4000000000003947,117.0,12.0,11.428571428571429,2.4,11.428571428571429,75.23709167544784,82.51533742331289,56.74661419145734,49.233128834355824,54.49256858432688
27191100411,HAZRAT MOINUDDIN URDU PS MUZAFARNAGAR,165,181,172.8,16,9.696969696969697,100.0,0,ACTIVE,True,2,165,181,16,9.696969696969697,48.58490566037736,69.93865030674846,57.1264035189258,INCREASING,75,106,1.41,58.5635359116022,41.43646408839779,-31,57.1264035189258,MEDIUM,3.9000000000005923,201.0,20.0,11.049723756906078,4.0,11.049723756906078,59.06217070600632,64.03374233128835,59.88933904387082,69.93865030674846,62.90413242273411
27191100413,OXFORD PUBLIC SCHOOL ENGLISH JATWADA,101,111,106.0,10,9.900990099009901,100.0,0,ACTIVE,True,7,101,111,10,9.900990099009901,34.85324947589098,80.90490797546013,53.27391287571865,INCREASING,66,45,0.68,40.54054054054054,59.45945945945946,21,53.27391287571865,MEDIUM,2.300000000000332,123.0,12.0,10.81081081081081,2.4,10.81081081081081,47.94520547945205,50.61349693251533,52.209746498437326,80.90490797546013,60.81829494154417
27191100414,Saalim Urdu High School,42,46,44.0,4,9.523809523809524,100.0,0,ACTIVE,True,8,42,46,4,9.523809523809524,16.352201257861633,,16.352201257861633,INCREASING,20,26,1.3,56.52173913043478,43.47826086956522,-6,16.352201257861633,NOT_APPLICABLE,1.0000000000001523,51.0,5.0,10.869565217391305,1.0,10.869565217391305,51.05374077976818,,16.352201257861633,,16.352201257861633
27191100415,OXFORD JUNIOR COLLAGE HONAJI NAGAR JATWADA ROAD AURANGABAD,63,69,66.0,6,9.523809523809524,100.0,0,ACTIVE,True,11,63,69,6,9.523809523809524,23.165618448637318,,23.165618448637318,INCREASING,34,35,1.03,50.72463768115942,49.275362318840585,-1,23.165618448637318,NOT_APPLICABLE,1.600000000000257,77.0,8.0,11.594202898550725,1.6,11.594202898550725,81.77028451001054,,23.165618448637318,,23.165618448637318
27191100417,SANJIVANI SCHOOL AND JUNIOR COLLEGE,162,176,169.2,14,8.641975308641975,100.0,0,ACTIVE,True,3,162,176,14,8.641975308641975,47.903563941299794,14.64723926380368,34.60103407030135,INCREASING,88,88,1.0,50.0,50.0,0,34.60103407030135,LOW,3.500000000000496,194.0,18.0,10.227272727272728,3.6,10.227272727272728,24.130663856691253,22.699386503067483,29.840375043407803,14.64723926380368,25.282434309526565
27191100418,VYANKATESH PUBLIC SCHOOL HARSUL PARISAR,2,2,2.0,0,0.0,100.0,0,ACTIVE,True,3,2,2,0,0.0,1.4150943396226416,,1.4150943396226416,STABLE_LOW_ENROLLMENT,2,0,0.0,0.0,100.0,2,1.4150943396226416,NOT_APPLICABLE,-3.5586396126464817e-16,2.0,0.0,0.0,0.0,0.0,1.36986301369863,,1.4150943396226416,,1.4150943396226416
27191100420,NEW ENGLISH PRIMARY SCHOOL,1,1,1.0,0,0.0,100.0,0,ACTIVE,True,1,1,1,0,0.0,0.8385744234800839,,0.8385744234800839,STABLE_LOW_ENROLLMENT,0,1,1.0,100.0,0.0,-1,0.8385744234800839,NOT_APPLICABLE,-1.7793198063232408e-16,1.0,0.0,0.0,0.0,0.0,1.36986301369863,,0.8385744234800839,,0.8385744234800839
27191100501,"URDU PRIMARY SCHOOL, BISMILA COLONY",186,203,194.4,17,9.13978494623656,100.0,0,ACTIVE,True,2,186,203,17,9.13978494623656,53.721174004192875,36.04294478527607,46.64988231662615,INCREASING,99,104,1.05,51.231527093596064,48.76847290640394,-5,46.64988231662615,LOW,4.200000000000647,224.0,21.0,10.344827586206897,4.2,10.344827586206897,29.610115911485774,28.60429447852761,39.43164718138674,36.04294478527607,38.41503646255354
27191100503,PS AREFCOLONY,36,39,37.4,3,8.333333333333332,100.0,0,ACTIVE,True,2,36,39,3,8.333333333333332,13.574423480083858,,13.574423480083858,INCREASING,28,11,0.39,28.205128205128204,71.7948717948718,17,13.574423480083858,NOT_APPLICABLE,0.7000000000001115,43.0,4.0,10.256410256410255,0.8,10.256410256410255,25.6059009483667,,13.574423480083858,,13.574423480083858
27191100504,STANDARD URDU  HS ARIF COLONY,105,114,109.0,9,8.571428571428571,100.0,0,ACTIVE,True,7,105,114,9,8.571428571428571,35.84905660377358,12.269938650306749,26.41740942238685,INCREASING,54,60,1.11,52.63157894736842,47.368421052631575,-6,26.41740942238685,LOW,2.200000000000378,125.0,11.0,9.649122807017543,2.2,9.649122807017543,9.483667017913593,5.98159509202454,18.243083690241924,12.269938650306749,16.45114017826137
27191100506,CHACHA NEHRU PS JAIBHIM NAGAR,297,328,312.8,31,10.437710437710438,100.0,0,ACTIVE,True,2,297,328,31,10.437710437710438,70.96436058700209,96.62576687116564,81.22892310066752,INCREASING,185,143,0.77,43.59756097560975,56.40243902439024,42,81.22892310066752,HIGH,7.700000000001148,367.0,39.0,11.890243902439025,7.8,11.890243902439025,88.40885142255004,96.16564417177914,87.20361152911217,96.62576687116564,90.0302581317282
27191100507,"AMEENURDU PS, ASIFIYA COLONY",501,553,528.4,52,10.379241516966067,100.0,0,ACTIVE,True,2,501,553,52,10.379241516966067,87.63102725366876,96.0122699386503,90.98352432766139,INCREASING,227,326,1.44,58.95117540687161,41.048824593128394,-99,90.98352432766139,HIGH,12.40000000000168,615.0,62.0,11.211573236889691,12.4,11.211573236889691,66.7017913593256,72.54601226993866,83.60851950457229,96.0122699386503,87.32964463479568
27191100508,GULSHAN E IQBAL URDU PS HILAL COL,439,479,459.4,40,9.111617312072893,100.0,0,ACTIVE,True,2,439,479,40,9.111617312072893,84.38155136268344,34.66257668711656,64.49396149245669,INCREASING,254,225,0.89,46.972860125260965,53.027139874739035,29,64.49396149245669,MEDIUM,9.20000000000126,525.0,46.0,9.603340292275574,9.2,9.603340292275574,8.640674394099051,5.061349693251533,40.72091677277462,34.66257668711656,38.9034147470772
27191100510,"SANSKAR ENGLISH SCHOOL, MAYURPARK",585,640,614.2,55,9.401709401709402,100.0,0,ACTIVE,True,2,585,640,55,9.401709401709402,90.35639412997904,51.30368098159509,74.73530887062546,INCREASING,341,299,0.88,46.71875,53.28125,42,74.73530887062546,MEDIUM,13.50000000000185,708.0,68.0,10.625,13.6,10.625,40.147523709167544,41.104294478527606,61.28290311378632,51.30368098159509,58.28913647412895
27191100511,AFREEN URDU PS ALHILAL COLONY,167,183,175.2,16,9.580838323353294,84.40575922322512,0,ACTIVE,True,2,167,183,16,9.580838323353294,49.10901467505241,61.579754601227,54.09731064552224,INCREASING,84,99,1.18,54.09836065573771,45.90163934426229,-15,54.09731064552224,MEDIUM,3.800000000000526,202.0,19.0,10.382513661202186,3.8,10.382513661202186,31.29610115911486,30.67484662576687,44.728325037620095,61.579754601227,49.78375390670216
27191100514,FOSTER ENGLISH PRIMARY SCHOOL ARIF COLONY,103,113,107.8,10,9.70873786407767,100.0,0,ACTIVE,True,2,103,113,10,9.70873786407767,35.42976939203354,71.24233128834356,49.75479415055755,INCREASING,64,49,0.77,43.36283185840708,56.63716814159292,15,49.75479415055755,LOW,2.4000000000003814,125.0,12.0,10.619469026548673,2.4,10.619469026548673,39.673340358271865,40.41411042944785,46.01852066211367,71.24233128834356,53.58566384998264
27191100515,FOSTER ENGLISH HIGH SCHOOL ARIF COLONY,3,3,3.0,0,0.0,100.0,0,ACTIVE,True,7,3,3,0,0.0,1.939203354297694,,1.939203354297694,STABLE_LOW_ENROLLMENT,1,2,2.0,66.66666666666666,33.33333333333333,-1,1.939203354297694,NOT_APPLICABLE,-2.235137771165873e-16,3.0,0.0,0.0,0.0,0.0,1.36986301369863,,1.939203354297694,,1.939203354297694
27191100516,MIRZA AZIZULLAH BAIG URDU H.S. ASIFIYA COLONY,120,131,125.6,11,9.166666666666666,100.0,0,ACTIVE,True,8,120,131,11,9.166666666666666,39.57023060796646,37.11656441717792,38.58876413165104,INCREASING,38,93,2.45,70.99236641221374,29.00763358778626,-55,38.58876413165104,LOW,2.800000000000427,145.0,14.0,10.687022900763358,2.8,10.687022900763358,43.41412012644889,45.0920245398773,41.19006829494154,37.11656441717792,39.96801713161245
27191100518,BLOOM VILLE ENGLISH PRIMARY SCHOOL,14,15,14.4,1,7.142857142857142,0.0,5,ACTIVE,True,1,14,15,1,7.142857142857142,5.50314465408805,,5.50314465408805,INCREASING,4,11,2.75,73.33333333333333,26.666666666666668,-7,5.50314465408805,NOT_APPLICABLE,0.30000000000006266,17.0,2.0,13.333333333333334,0.4,13.333333333333334,96.10115911485775,,5.50314465408805,,5.50314465408805
27191100519,FOSTER URDU PRIMARY SCHOOL,319,348,334.2,29,9.090909090909092,100.0,0,ACTIVE,True,2,319,348,29,9.090909090909092,73.53249475890985,33.97239263803681,57.708453910560635,INCREASING,238,110,0.46,31.60919540229885,68.39080459770115,128,57.708453910560635,MEDIUM,7.100000000001006,384.0,36.0,10.344827586206897,7.2,10.344827586206897,29.610115911485774,28.60429447852761,46.066790137747425,33.97239263803681,42.43847088783424
27191100520,GULSHAN E IQBAL HIGH SCHOOL,17,18,17.2,1,5.88235294117647,100.0,0,ACTIVE,True,8,17,18,1,5.88235294117647,6.446540880503145,,6.446540880503145,INCREASING,6,12,2.0,66.66666666666666,33.33333333333333,-6,6.446540880503145,NOT_APPLICABLE,0.20000000000005685,19.0,1.0,5.555555555555555,0.2,5.555555555555555,2.792413066385669,,6.446540880503145,,6.446540880503145
27191100601,CPS BEGUMPURA,151,165,157.8,14,9.271523178807946,91.07299665086211,0,ACTIVE,True,2,151,165,14,9.271523178807946,46.0167714884696,43.174846625766875,44.880001543388516,INCREASING,91,74,0.81,44.84848484848485,55.15151515151515,17,44.880001543388516,LOW,3.700000000000608,184.0,19.0,11.515151515151516,3.8,11.515151515151516,78.76712328767124,87.0398773006135,61.743951846278506,43.174846625766875,56.17322028012501
27191100603,DNYANPRABODHINI PUBLIC SCHOOL,118,130,124.0,12,10.16949152542373,100.0,0,ACTIVE,True,2,118,130,12,10.16949152542373,39.20335429769392,92.25460122699386,60.423853069413894,INCREASING,75,55,0.73,42.30769230769231,57.692307692307686,20,60.423853069413894,MEDIUM,3.000000000000465,145.0,15.0,11.538461538461538,3.0,11.538461538461538,79.768177028451,87.9601226993865,71.43836092140293,92.25460122699386,77.6832330130802
27191100604,DNYANESHWAR VIDYALAYA BEGUMPURA,501,544,520.8,43,8.582834331337326,100.0,0,ACTIVE,True,6,501,544,43,8.582834331337326,87.26415094339622,12.883435582822086,57.51186479916657,INCREASING,329,215,0.65,39.52205882352941,60.47794117647059,114,57.51186479916657,MEDIUM,10.700000000001822,598.0,54.0,9.926470588235293,10.8,9.926470588235293,14.75237091675448,11.96319018404908,39.292394953119576,12.883435582822086,31.36970714203033
27191100605,"Dnyaneshwar Primary School,Begampura,Chattrapati Sambhaji Nagar",102,111,106.4,9,8.823529411764707,68.92772527333337,0,ACTIVE,True,1,102,111,9,8.823529411764707,34.85324947589098,21.549079754601227,29.53158158737508,INCREASING,58,53,0.91,47.74774774774775,52.25225225225225,5,29.53158158737508,LOW,2.3000000000003715,123.0,12.0,10.81081081081081,2.4,10.81081081081081,47.94520547945205,50.61349693251533,37.96434772543118,21.549079754601227,33.039767334182194
27191100607,MNC BEGUMPURA HS,43,47,45.0,4,9.30232558139535,47.49800795433807,0,ACTIVE,True,8,43,47,4,9.30232558139535,16.61425576519916,,16.61425576519916,INCREASING,32,15,0.47,31.914893617021278,68.08510638297872,17,16.61425576519916,NOT_APPLICABLE,1.0000000000001539,52.0,5.0,10.638297872340425,1.0,10.638297872340425,40.77976817702845,,16.61425576519916,,16.61425576519916
27191100608,Lupin Hill School  Form A01,7,8,7.8,1,14.285714285714285,100.0,0,ACTIVE,True,1,7,8,1,14.285714285714285,3.668763102725367,,3.668763102725367,INCREASING,4,4,1.0,50.0,50.0,0,3.668763102725367,NOT_APPLICABLE,0.1999999999999904,9.0,1.0,12.5,0.2,12.5,94.0463645943098,,3.668763102725367,,3.668763102725367
27191100609,DIMOND ENGLISH SCHOOL PAHADSINGPURA,33,36,34.4,3,9.090909090909092,100.0,0,ACTIVE,True,1,33,36,3,9.090909090909092,13.050314465408805,,13.050314465408805,INCREASING,24,12,0.5,33.33333333333333,66.66666666666666,12,13.050314465408805,NOT_APPLICABLE,0.7000000000001113,40.0,4.0,11.11111111111111,0.8,11.11111111111111,62.328767123287676,,13.050314465408805,,13.050314465408805
27191100610,THE MGM SCHOOL,136,148,142.2,12,8.823529411764707,100.0,0,ACTIVE,True,3,136,148,12,8.823529411764707,43.08176100628931,21.549079754601227,34.468688505614075,INCREASING,107,41,0.38,27.7027027027027,72.2972972972973,66,34.468688505614075,LOW,3.200000000000485,164.0,16.0,10.81081081081081,3.2,10.81081081081081,47.94520547945205,50.61349693251533,40.92661187637458,21.549079754601227,35.11335223984257
27191100611,Global English High School,28,30,28.8,2,7.142857142857142,100.0,0,ACTIVE,True,8,28,30,2,7.142857142857142,11.163522012578616,,11.163522012578616,INCREASING,22,8,0.36,26.666666666666668,73.33333333333333,14,11.163522012578616,NOT_APPLICABLE,0.6000000000001253,33.0,3.0,10.0,0.6,10.0,17.281348788198102,,11.163522012578616,,11.163522012578616
27191100612,SCHOLAR ENGLISH SCHOOL PAHADSINGPURA AURANGABAD,26,29,27.6,3,11.538461538461538,89.46895424836602,0,ACTIVE,True,3,26,29,3,11.538461538461538,10.69182389937107,,10.69182389937107,INCREASING,17,12,0.71,41.37931034482759,58.620689655172406,5,10.69182389937107,NOT_APPLICABLE,0.7000000000000891,33.0,4.0,13.793103448275861,0.8,13.793103448275861,96.89146469968388,,10.69182389937107,,10.69182389937107
27191100701,PS BHAVSINGPURA,47,51,48.6,4,8.51063829787234,100.0,0,ACTIVE,True,2,47,51,4,8.51063829787234,17.662473794549268,,17.662473794549268,INCREASING,20,31,1.55,60.78431372549019,39.21568627450981,-11,17.662473794549268,NOT_APPLICABLE,1.000000000000197,56.0,5.0,9.803921568627452,1.0,9.803921568627452,11.95995785036881,,17.662473794549268,,17.662473794549268
27191100702,DNYANSAMPADA PS,415,459,438.4,44,10.602409638554217,100.0,0,ACTIVE,True,2,415,459,44,10.602409638554217,82.28511530398322,97.85276073619632,88.51217347686847,INCREASING,257,202,0.79,44.008714596949886,55.99128540305011,55,88.51217347686847,HIGH,10.700000000001443,513.0,54.0,11.76470588235294,10.8,11.76470588235294,85.87987355110643,93.25153374233128,90.4079175830536,97.85276073619632,92.6413705289964
27191100703,SANGHMITRA PS BHAVSINGPURA,244,266,254.4,22,9.01639344262295,0.0,5,ACTIVE,True,2,244,266,22,9.01639344262295,64.8846960167715,31.28834355828221,51.44615503337578,INCREASING,164,102,0.62,38.34586466165413,61.65413533834586,62,51.44615503337578,MEDIUM,5.500000000000892,294.0,28.0,10.526315789473683,5.6,10.526315789473683,36.248682824025295,36.42638036809816,45.43824516726473,31.28834355828221,41.19327468456997
27191100704,KRANTIJYOTI SAVITRIMAI PHULE  MADHYAMIK VIDYALAYA ,370,403,387.4,33,8.91891891891892,100.0,0,ACTIVE,True,6,370,403,33,8.91891891891892,78.51153039832285,26.840490797546014,57.84311455801211,INCREASING,197,206,1.05,51.1166253101737,48.883374689826304,-9,57.84311455801211,MEDIUM,8.900000000001313,448.0,45.0,11.166253101736972,9.0,11.166253101736972,64.54162276080085,69.40184049079755,62.46660493112629,26.840490797546014,51.7787706910522
27191100705,SANT KABIR PS BHAVSINGPURA,397,431,414.4,34,8.564231738035264,100.0,0,ACTIVE,True,2,397,431,34,8.564231738035264,80.45073375262054,11.42638036809816,52.84099239881158,INCREASING,219,212,0.97,49.187935034802784,50.81206496519721,7,52.84099239881158,MEDIUM,9.100000000001415,477.0,46.0,10.672853828306264,9.2,10.672853828306264,42.834562697576395,44.24846625766871,49.403981942354434,11.42638036809816,38.01070147007755
27191100706,"WISDAM ENGLISH PRIMARY SCHOOL, PETHENAGAR",58,63,60.2,5,8.620689655172415,0.0,5,ACTIVE,True,2,58,63,5,8.620689655172415,21.540880503144656,,21.540880503144656,INCREASING,39,24,0.62,38.095238095238095,61.904761904761905,15,21.540880503144656,NOT_APPLICABLE,1.2000000000002076,69.0,6.0,9.523809523809524,1.2,9.523809523809524,7.4288724973656475,,21.540880503144656,,21.540880503144656
27191100707,SAINT MONICA ENG PS,41,45,43.0,4,9.75609756097561,0.0,5,ACTIVE,True,1,41,45,4,9.75609756097561,16.037735849056602,,16.037735849056602,INCREASING,23,22,0.96,48.888888888888886,51.11111111111111,1,16.037735849056602,NOT_APPLICABLE,1.0000000000001548,50.0,5.0,11.11111111111111,1.0,11.11111111111111,62.328767123287676,,16.037735849056602,,16.037735849056602
27191100708,SONAI LITLLE STAR SCHOOL,101,110,105.0,9,8.91089108910891,100.0,0,ACTIVE,True,2,101,110,9,8.91089108910891,34.43396226415094,26.150306748466257,31.120500057877067,INCREASING,59,51,0.86,46.36363636363636,53.63636363636364,8,31.120500057877067,LOW,2.300000000000411,122.0,12.0,10.909090909090908,2.4,10.909090909090908,53.16122233930452,56.21165644171779,41.156962611413356,26.150306748466257,36.65496585252922
27191100709,"SANGHMITRA HIGH SCHOOL, BHIMNAGAR",16,17,16.4,1,6.25,0.0,5,ACTIVE,True,10,16,17,1,6.25,6.079664570230608,,6.079664570230608,INCREASING,11,6,0.55,35.294117647058826,64.70588235294117,5,6.079664570230608,NOT_APPLICABLE,0.3000000000000629,19.0,2.0,11.76470588235294,0.4,11.76470588235294,85.87987355110643,,6.079664570230608,,6.079664570230608
27191100713,KIDS SCHOLAR WORLD ENGLISH SCHOOL,18,20,19.2,2,11.11111111111111,100.0,0,ACTIVE,True,3,18,20,2,11.11111111111111,7.337526205450734,,7.337526205450734,INCREASING,10,10,1.0,50.0,50.0,0,7.337526205450734,NOT_APPLICABLE,0.5000000000000552,23.0,3.0,15.0,0.6,15.0,97.83983140147524,,7.337526205450734,,7.337526205450734
27191100714,Kids Scholar World Primary Secondary And Higher Secondary School Bhavsingpura,14,15,14.4,1,7.142857142857142,100.0,0,ACTIVE,True,3,14,15,1,7.142857142857142,5.50314465408805,,5.50314465408805,INCREASING,6,9,1.5,60.0,40.0,-3,5.50314465408805,NOT_APPLICABLE,0.30000000000006266,17.0,2.0,13.333333333333334,0.4,13.333333333333334,96.10115911485775,,5.50314465408805,,5.50314465408805
27191100715,SONAI LITTLE STAR ENGLISH SCHOOL PETHENAGAR BHAVSINGPURA,31,34,32.6,3,9.67741935483871,100.0,0,ACTIVE,True,3,31,34,3,9.67741935483871,12.631027253668764,,12.631027253668764,INCREASING,17,17,1.0,50.0,50.0,0,12.631027253668764,NOT_APPLICABLE,0.9000000000001445,39.0,5.0,14.705882352941178,1.0,14.705882352941178,97.68177028451001,,12.631027253668764,,12.631027253668764
27191100803,PS MITMITA,363,394,376.4,31,8.539944903581267,100.0,0,ACTIVE,True,2,363,394,31,8.539944903581267,77.88259958071279,11.042944785276074,51.14673766253811,INCREASING,207,187,0.9,47.46192893401015,52.53807106598985,20,51.14673766253811,MEDIUM,7.700000000001405,433.0,39.0,9.898477157360407,7.8,9.898477157360407,14.488935721812435,11.579754601226993,35.31994443801366,11.042944785276074,28.03684454219238
27191100804,PS PADEGAON COLONY,57,62,59.4,5,8.771929824561402,0.0,5,ACTIVE,True,1,57,62,5,8.771929824561402,21.0167714884696,,21.0167714884696,INCREASING,34,28,0.82,45.16129032258064,54.83870967741935,6,21.0167714884696,NOT_APPLICABLE,1.300000000000212,69.0,7.0,11.29032258064516,1.4,11.29032258064516,69.75763962065332,,21.0167714884696,,21.0167714884696
27191100805,PS PADEGAON,98,106,101.8,8,8.16326530612245,100.0,0,ACTIVE,True,2,98,106,8,8.16326530612245,33.542976939203356,3.834355828220859,21.659528494810356,INCREASING,60,46,0.77,43.39622641509434,56.60377358490566,14,21.659528494810356,NOT_APPLICABLE,1.9000000000002957,116.0,10.0,9.433962264150944,2.0,9.433962264150944,6.585879873551106,3.2208588957055215,14.284060655168423,3.834355828220859,11.149149207084154
27191100806,PRAGATI P. VIDYALAY PADEGAON,223,245,234.4,22,9.865470852017937,57.14143674415983,0,ACTIVE,True,2,223,245,22,9.865470852017937,61.530398322851156,79.37116564417178,68.66670525137941,INCREASING,141,104,0.74,42.44897959183673,57.55102040816327,37,68.66670525137941,MEDIUM,5.500000000000787,273.0,28.0,11.428571428571429,5.6,11.428571428571429,75.23709167544784,82.51533742331289,74.20615812015279,79.37116564417178,75.75566037735848
27191100807,"SAROSH URDU HIGH SCHOOL, MITMITA",149,162,155.6,13,8.724832214765101,100.0,0,ACTIVE,True,7,149,162,13,8.724832214765101,45.44025157232704,16.56441717791411,33.88991781456187,INCREASING,44,118,2.68,72.8395061728395,27.160493827160494,-74,33.88991781456187,LOW,3.400000000000533,179.0,17.0,10.493827160493826,3.4,10.493827160493826,34.45732349841939,34.50920245398773,34.13763167033221,16.56441717791411,28.86566732260678
27191100808,SAROSH ENG PRIMARY SCHOOL  MITMITA,302,331,316.6,29,9.602649006622517,100.0,0,ACTIVE,True,2,302,331,29,9.602649006622517,71.38364779874213,63.80368098159509,68.35166107188331,INCREASING,205,126,0.61,38.066465256797585,61.933534743202415,79,68.35166107188331,MEDIUM,7.300000000001092,368.0,37.0,11.178247734138973,7.4,11.178247734138973,65.33192834562698,70.5521472392638,69.2318555388355,63.80368098159509,67.60340317166337
27191100809,SAROSH MARATHI SCHOOL DARG. MITMITA,229,249,238.2,20,8.73362445414847,100.0,0,ACTIVE,True,2,229,249,20,8.73362445414847,62.106918238993714,17.101226993865033,44.10464174094224,INCREASING,164,85,0.52,34.13654618473896,65.86345381526104,79,44.10464174094224,LOW,5.1000000000008665,275.0,26.0,10.441767068273093,5.2,10.441767068273093,33.3508956796628,33.0521472392638,39.68364394027087,17.101226993865033,32.90891885634912
27191100810,SAROSH URDU PS DARGAH ROAD MITMITA,223,243,231.8,20,8.968609865470851,100.0,0,ACTIVE,True,2,223,243,20,8.968609865470851,61.32075471698113,28.987730061349694,48.38754485472855,INCREASING,80,163,2.04,67.07818930041152,32.92181069958848,-83,48.38754485472855,LOW,4.700000000000811,267.0,24.0,9.876543209876543,4.8,9.876543209876543,13.751317175974712,10.506134969325153,33.234980900567194,28.987730061349694,31.960805648801944
27191100811,MGM VASTANVI URDU PS PADEGAON,130,142,135.8,12,9.230769230769232,100.0,0,ACTIVE,True,2,130,142,12,9.230769230769232,41.56184486373166,40.56748466257669,41.16410078326967,INCREASING,52,90,1.73,63.38028169014085,36.61971830985916,-38,41.16410078326967,LOW,3.100000000000502,158.0,16.0,11.267605633802818,3.2,11.267605633802818,68.80927291886196,75.07668711656443,54.72913531658757,40.56748466257669,50.4806401203843
27191100812,PRAGATI HS AND JR. COLLEGE PADEGAON,306,337,322.8,31,10.130718954248366,100.0,0,ACTIVE,True,3,306,337,31,10.130718954248366,72.11740041928721,91.1042944785276,79.71215804298336,INCREASING,175,162,0.93,48.07121661721068,51.92878338278932,13,79.71215804298336,HIGH,7.500000000000956,375.0,38.0,11.275964391691394,7.6,11.275964391691394,69.12539515279241,75.4601226993865,78.0113439055446,91.1042944785276,81.9392290774395
27191100813,KASTA MADHYAMIK VIDYALAYA,190,207,198.0,17,8.947368421052632,0.0,5,ACTIVE,True,6,190,207,17,8.947368421052632,54.14046121593291,27.837423312883438,43.61924605471312,INCREASING,136,71,0.52,34.29951690821256,65.70048309178745,65,43.61924605471312,LOW,4.4000000000007535,229.0,22.0,10.628019323671497,4.4,10.628019323671497,40.35827186512118,41.41104294478527,42.73596481074198,27.837423312883438,38.266402361384415
27191100815,REGIMENTAL HS CATONMENT,364,399,381.0,35,9.615384615384617,100.0,0,ACTIVE,True,6,364,399,35,9.615384615384617,78.14465408805032,64.95398773006134,72.86838754485473,INCREASING,237,162,0.68,40.6015037593985,59.3984962406015,75,72.86838754485473,MEDIUM,9.500000000001592,447.0,48.0,12.030075187969924,9.6,12.030075187969924,90.30558482613277,97.69938650306749,82.80078712813983,64.95398773006134,77.44674730871628
27191100816,SAROSH URDU PS MITMITA,357,392,375.6,35,9.803921568627452,100.0,0,ACTIVE,True,2,357,392,35,9.803921568627452,77.62054507337525,75.920245398773,76.94042520353435,INCREASING,112,280,2.5,71.42857142857143,28.57142857142857,-168,76.94042520353435,HIGH,8.800000000001244,436.0,44.0,11.224489795918368,8.8,11.224489795918368,67.33403582718651,73.38957055214725,75.5200833429795,75.920245398773,75.64013195971755
27191100817,REGIMENTAL PS CONTENMENT,404,440,420.4,36,8.91089108910891,100.0,0,ACTIVE,True,2,404,440,36,8.91089108910891,81.0272536687631,26.150306748466257,59.07647490064436,INCREASING,244,196,0.8,44.54545454545455,55.45454545454545,48,59.07647490064436,MEDIUM,8.500000000001393,483.0,43.0,9.772727272727273,8.6,9.772727272727273,11.380400421496311,7.822085889570553,38.57471929621484,26.150306748466257,34.84739553189026
27191100818,LIFE TOUCH ENG SCHOOLPADEGAON,57,63,60.2,6,10.526315789473683,100.0,0,ACTIVE,True,2,57,63,6,10.526315789473683,21.540880503144656,,21.540880503144656,INCREASING,35,28,0.8,44.44444444444444,55.55555555555556,7,21.540880503144656,NOT_APPLICABLE,1.4000000000001787,70.0,7.0,11.11111111111111,1.4,11.11111111111111,62.328767123287676,,21.540880503144656,,21.540880503144656
27191100819,MGM VASTANVI URDU HS PADEGAON,101,112,107.0,11,10.891089108910892,72.4822076431332,0,ACTIVE,True,7,101,112,11,10.891089108910892,35.16771488469602,99.84662576687117,61.03927923756608,INCREASING,68,44,0.65,39.285714285714285,60.71428571428571,24,61.03927923756608,MEDIUM,2.7000000000003492,126.0,14.0,12.5,2.8,12.5,94.0463645943098,99.84662576687117,76.56221784928812,99.84662576687117,83.54754022456302
27191100820,SAROSH ENG HS MITMITA,105,115,109.8,10,9.523809523809524,100.0,0,ACTIVE,True,7,105,115,10,9.523809523809524,36.16352201257861,59.12576687116564,45.34841995601342,INCREASING,65,50,0.77,43.47826086956522,56.52173913043478,15,45.34841995601342,LOW,2.5000000000004,128.0,13.0,11.304347826086957,2.6,11.304347826086957,70.65331928345627,77.07055214723927,58.03727283250376,59.12576687116564,58.36382104410232
27191100821,"RAJARSHI SHAHU MAHARAJ PS, NANDANVAN COLONY",252,275,263.6,23,9.126984126984127,45.16282576417096,0,ACTIVE,True,2,252,275,23,9.126984126984127,65.61844863731656,35.35276073619632,53.51217347686847,INCREASING,165,110,0.67,40.0,60.0,55,53.51217347686847,MEDIUM,6.200000000000972,306.0,31.0,11.272727272727273,6.2,11.272727272727273,69.0200210748156,75.30674846625767,62.230003472624155,35.35276073619632,54.166830651695804
27191100822,"VIDYA PRABODHAN PS, JATWADA ROAD",172,190,181.8,18,10.465116279069768,100.0,0,ACTIVE,True,2,172,190,18,10.465116279069768,50.681341719077565,96.77914110429448,69.12046147316433,INCREASING,103,87,0.84,45.78947368421053,54.21052631578947,16,69.12046147316433,MEDIUM,4.500000000000599,213.0,23.0,12.105263157894736,4.6,12.105263157894736,90.83245521601685,98.15950920245399,80.73608056488018,96.77914110429448,85.54899872670447
27191100824,AMBER URDU PS PADEGAON,546,599,571.2,53,9.706959706959708,73.73333649997932,0,ACTIVE,True,2,546,599,53,9.706959706959708,89.51781970649894,71.0122699386503,82.11559979935949,INCREASING,293,306,1.04,51.08514190317195,48.91485809682805,-13,82.11559979935949,HIGH,13.50000000000223,667.0,68.0,11.352253756260435,13.6,11.352253756260435,72.81348788198103,79.9079754601227,81.23255006366477,71.0122699386503,78.16646602616042
27191100825,MNC MITMITA HS,55,60,57.4,5,9.090909090909092,0.0,5,ACTIVE,True,8,55,60,5,9.090909090909092,19.968553459119498,,19.968553459119498,INCREASING,37,23,0.62,38.333333333333336,61.66666666666667,14,19.968553459119498,NOT_APPLICABLE,1.300000000000216,67.0,7.0,11.666666666666666,1.4,11.666666666666666,83.77239199157007,,19.968553459119498,,19.968553459119498
27191100826,"ASSISI ASHA NIKETAN SPECIAL SCHOOL, PADEGAON",48,53,50.6,5,10.416666666666668,100.0,0,ACTIVE,True,1,48,53,5,10.416666666666668,18.343815513626836,,18.343815513626836,INCREASING,36,17,0.47,32.075471698113205,67.9245283018868,19,18.343815513626836,NOT_APPLICABLE,1.200000000000166,59.0,6.0,11.320754716981133,1.2,11.320754716981133,71.86512118018967,,18.343815513626836,,18.343815513626836
27191100827,"SAROSH JUNIOR COLLEGE, MITMITA",129,140,134.2,11,8.527131782945736,100.0,0,ACTIVE,True,11,129,140,11,8.527131782945736,41.14255765199161,10.582822085889571,28.918663425550793,INCREASING,46,94,2.04,67.14285714285714,32.857142857142854,-48,28.918663425550793,LOW,2.8000000000004692,154.0,14.0,10.0,2.8,10.0,17.281348788198102,14.64723926380368,23.210093760851947,10.582822085889571,19.421912258363236
27191100828,HABIB URDU PS PADEGAON,176,193,184.2,17,9.659090909090908,27.480718406117507,0,ACTIVE,True,2,176,193,17,9.659090909090908,51.886792452830186,68.09815950920245,58.371339275379086,INCREASING,89,104,1.17,53.8860103626943,46.1139896373057,-15,58.371339275379086,MEDIUM,4.200000000000667,214.0,21.0,10.880829015544041,4.2,10.880829015544041,51.84404636459431,54.29447852760736,56.740594976270394,68.09815950920245,60.14786433615001
27191100830,PS HARSUL JAIL,34,37,35.4,3,8.823529411764707,100.0,0,ACTIVE,True,1,34,37,3,8.823529411764707,13.20754716981132,,13.20754716981132,INCREASING,21,16,0.76,43.24324324324324,56.75675675675676,5,13.20754716981132,NOT_APPLICABLE,0.7000000000001121,41.0,4.0,10.81081081081081,0.8,10.81081081081081,47.94520547945205,,13.20754716981132,,13.20754716981132
27191100833,CRYSTAL ENGLISH SCHOOL PADEGAON,25,27,25.8,2,8.0,85.25242165242165,0,ACTIVE,True,1,25,27,2,8.0,10.115303983228511,,10.115303983228511,INCREASING,16,11,0.69,40.74074074074074,59.25925925925925,5,10.115303983228511,NOT_APPLICABLE,0.5000000000000995,30.0,3.0,11.11111111111111,0.6,11.11111111111111,62.328767123287676,,10.115303983228511,,10.115303983228511
27191100834,"HIGHNESH ENGLISH SCHOOL, PADEGAON",6,7,6.6,1,16.666666666666664,100.0,0,ACTIVE,True,2,6,7,1,16.666666666666664,3.4067085953878404,,3.4067085953878404,INCREASING,4,3,0.75,42.857142857142854,57.14285714285714,1,3.4067085953878404,NOT_APPLICABLE,0.30000000000004123,9.0,2.0,28.57142857142857,0.4,28.57142857142857,100.0,,3.4067085953878404,,3.4067085953878404
27191100835,EKTA MADHYAMIK VIDYALAYA PADEGAON,155,169,161.8,14,9.032258064516128,19.151922942627053,0,ACTIVE,True,6,155,169,14,9.032258064516128,46.80293501048218,31.671779141104295,40.75047266273103,INCREASING,109,60,0.55,35.50295857988166,64.49704142011834,49,40.75047266273103,LOW,3.700000000000613,188.0,19.0,11.242603550295858,3.8,11.242603550295858,68.12434141201264,74.30981595092024,54.174209978006715,31.671779141104295,47.423480726935985
27191100841,SUNLIGHT ENGLISH SCHOOL PADEGAON,29,32,30.4,3,10.344827586206897,100.0,0,ACTIVE,True,2,29,32,3,10.344827586206897,11.635220125786164,,11.635220125786164,INCREASING,17,15,0.88,46.875,53.125,2,11.635220125786164,NOT_APPLICABLE,0.700000000000111,36.0,4.0,12.5,0.8,12.5,94.0463645943098,,11.635220125786164,,11.635220125786164
27191100842,MARATHI PRIMARY SCHOOL,25,27,26.0,2,8.0,0.0,5,ACTIVE,True,2,25,27,2,8.0,10.115303983228511,,10.115303983228511,INCREASING,14,13,0.93,48.148148148148145,51.85185185185185,1,10.115303983228511,NOT_APPLICABLE,0.6000000000001041,30.0,3.0,11.11111111111111,0.6,11.11111111111111,62.328767123287676,,10.115303983228511,,10.115303983228511
27191100844,MIRACLE PUBLIC SCHOOL AND JR COLLEGE PADEGAON MITMITA AREA,1,1,1.0,0,0.0,100.0,0,ACTIVE,True,1,1,1,0,0.0,0.8385744234800839,,0.8385744234800839,STABLE_LOW_ENROLLMENT,0,1,1.0,100.0,0.0,-1,0.8385744234800839,NOT_APPLICABLE,-1.7793198063232408e-16,1.0,0.0,0.0,0.0,0.0,1.36986301369863,,0.8385744234800839,,0.8385744234800839
27191100846,"HOLY NAME ACADEMY, PADEGAON",7,8,7.6,1,14.285714285714285,0.0,5,ACTIVE,True,3,7,8,1,14.285714285714285,3.668763102725367,,3.668763102725367,INCREASING,5,3,0.6,37.5,62.5,2,3.668763102725367,NOT_APPLICABLE,0.3000000000000409,10.0,2.0,25.0,0.4,25.0,99.84193888303477,,3.668763102725367,,3.668763102725367
27191100849,Blooming English Primary School  Mitmita Aurangabad,71,78,74.6,7,9.859154929577464,100.0,0,ACTIVE,True,3,71,78,7,9.859154929577464,25.78616352201258,,25.78616352201258,INCREASING,44,34,0.77,43.58974358974359,56.41025641025641,10,25.78616352201258,LOW,1.8000000000002723,87.0,9.0,11.538461538461538,1.8,11.538461538461538,79.768177028451,,25.78616352201258,,25.78616352201258
27191100850,OM STAR ENGLISH SCHOOL PADEGAON,5,5,5.0,0,0.0,100.0,0,ACTIVE,True,1,5,5,0,0.0,2.882599580712788,,2.882599580712788,STABLE_LOW_ENROLLMENT,3,2,0.67,40.0,60.0,1,2.882599580712788,NOT_APPLICABLE,-2.842547813219599e-16,5.0,0.0,0.0,0.0,0.0,1.36986301369863,,2.882599580712788,,2.882599580712788
27191100851,VERTEX PRATHAMIK MADHYAMIK UCCHA MADHYAMIK VIDYALAYA PADEGAON,218,237,226.2,19,8.715596330275229,100.0,0,ACTIVE,True,3,218,237,19,8.715596330275229,60.42976939203354,16.257668711656443,42.760929119882704,INCREASING,145,92,0.63,38.81856540084388,61.18143459915611,53,42.760929119882704,LOW,4.700000000000871,261.0,24.0,10.126582278481013,4.8,10.126582278481013,20.60063224446786,18.481595092024538,33.04919550873944,16.257668711656443,28.011737469614538
27191100852,JAIHIND PRIMARY SECONDARY AND HIGHER SECONDARY SCHOOL MITMITA,150,165,157.2,15,10.0,67.15805298824166,0,ACTIVE,True,3,150,165,15,10.0,46.0167714884696,86.42638036809815,62.18061504032102,INCREASING,84,81,0.96,49.09090909090909,50.90909090909091,3,62.18061504032102,MEDIUM,3.900000000000656,185.0,20.0,12.121212121212121,4.0,12.121212121212121,91.35932560590095,98.31288343558282,76.63352239842575,86.42638036809815,79.57137978932747
27191100853,Navkar Jr College Mitmita,84,92,88.0,8,9.523809523809524,44.0322909578051,0,ACTIVE,True,3,84,92,8,9.523809523809524,29.82180293501048,,29.82180293501048,INCREASING,54,38,0.7,41.30434782608695,58.69565217391305,16,29.82180293501048,LOW,2.0000000000003046,102.0,10.0,10.869565217391305,2.0,10.869565217391305,51.05374077976818,,29.82180293501048,,29.82180293501048
27191100857,CHAMPION ENGLISH SCHOOL,375,411,393.0,36,9.6,0.0,5,ACTIVE,True,2,375,411,36,9.6,79.19287211740041,63.49693251533742,72.91449627657522,INCREASING,251,160,0.64,38.929440389294406,61.0705596107056,91,72.91449627657522,MEDIUM,9.200000000001442,457.0,46.0,11.19221411192214,9.2,11.19221411192214,65.75342465753424,71.16564417177914,72.21495543465679,63.49693251533742,69.59954855886097
27191100901,SHRI SANT VISHRAMBABA HS,164,178,171.2,14,8.536585365853659,89.61496912633574,0,ACTIVE,True,6,164,178,14,8.536585365853659,48.21802935010482,10.812883435582823,33.25597098429602,INCREASING,112,66,0.59,37.07865168539326,62.92134831460674,46,33.25597098429602,LOW,3.40000000000049,195.0,17.0,9.550561797752808,3.4,9.550561797752808,8.21917808219178,4.447852760736196,21.73272369487209,10.812883435582823,18.45677161708531
27191100902,SANT VISHRAM BABA PS,74,81,77.4,7,9.45945945945946,68.71296549921611,0,ACTIVE,True,1,74,81,7,9.45945945945946,26.467505241090144,,26.467505241090144,INCREASING,50,31,0.62,38.2716049382716,61.72839506172839,19,26.467505241090144,LOW,1.9000000000003199,91.0,10.0,12.345679012345679,2.0,12.345679012345679,93.04531085353003,,26.467505241090144,,26.467505241090144
27191100903,"NANDANWAN VIDYA MANDIR, SHANTIPURA",23,25,24.0,2,8.695652173913043,69.57047422564663,0,ACTIVE,True,2,23,25,2,8.695652173913043,9.433962264150944,,9.433962264150944,INCREASING,7,18,2.57,72.0,28.000000000000004,-11,9.433962264150944,NOT_APPLICABLE,0.6000000000001033,28.0,3.0,12.0,0.6,12.0,89.8314014752371,,9.433962264150944,,9.433962264150944
27191100904,CHRIST CHURCH HS CHAVNI,197,216,206.2,19,9.644670050761421,27.899515440364837,0,ACTIVE,True,6,197,216,19,9.644670050761421,55.660377358490564,67.02453987730061,60.206042366014586,INCREASING,113,103,0.91,47.68518518518518,52.31481481481482,10,60.206042366014586,MEDIUM,4.600000000000705,239.0,23.0,10.648148148148149,4.6,10.648148148148149,41.35932560590095,42.25460122699386,53.0254659104063,67.02453987730061,57.22518810047458
27191100905,HOLYCROSS MARATHI HS,1153,1268,1213.2,115,9.97398091934085,100.0,0,ACTIVE,True,6,1153,1268,115,9.97398091934085,97.22222222222221,85.12269938650306,92.38241308793455,INCREASING,682,586,0.86,46.214511041009466,53.785488958990534,96,92.38241308793455,HIGH,29.800000000004374,1417.0,149.0,11.750788643533124,29.8,11.750788643533124,85.03688092729189,92.79141104294479,92.54601226993864,85.12269938650306,90.31901840490796
27191100906,AIDED IMDADI PS CHAWANI,146,158,151.4,12,8.21917808219178,100.0,0,ACTIVE,True,2,146,158,12,8.21917808219178,44.44444444444444,4.754601226993866,28.56850715746421,INCREASING,39,119,3.05,75.31645569620254,24.68354430379747,-80,28.56850715746421,LOW,3.10000000000056,174.0,16.0,10.126582278481013,3.2,10.126582278481013,20.60063224446786,18.481595092024538,24.533742331288344,4.754601226993866,18.599999999999998
27191100907,HOLY CROSS MARATHI CHAWNI,776,855,815.8,79,10.18041237113402,74.47355391432578,0,ACTIVE,True,1,776,855,79,10.18041237113402,94.44444444444444,92.63803680981594,93.72188139059304,INCREASING,449,406,0.9,47.485380116959064,52.514619883040936,43,93.72188139059304,HIGH,19.100000000002787,951.0,96.0,11.228070175438596,19.2,11.228070175438596,67.54478398314015,73.61963190184049,85.68098159509202,92.63803680981594,87.7680981595092
27191100908,CHRIST CHURCH PS CHAWNI,51,56,53.4,5,9.803921568627452,50.70096145664937,0,ACTIVE,True,1,51,56,5,9.803921568627452,18.763102725366878,,18.763102725366878,INCREASING,25,31,1.24,55.35714285714286,44.642857142857146,-6,18.763102725366878,NOT_APPLICABLE,1.3000000000002185,63.0,7.0,12.5,1.4,12.5,94.0463645943098,,18.763102725366878,,18.763102725366878
27191100909,SWAMI VIVEKANAND PUBLIC SCHOOL,280,308,293.2,28,10.0,100.0,0,ACTIVE,True,6,280,308,28,10.0,68.9727463312369,86.42638036809815,75.9541999459814,INCREASING,160,148,0.92,48.05194805194805,51.94805194805194,12,75.9541999459814,HIGH,6.800000000001098,342.0,34.0,11.03896103896104,6.8,11.03896103896104,58.53530031612223,63.26687116564417,70.8792684338465,86.42638036809815,75.543402014122
27191100910,"AMAN URDU PS, NEW NANDANWAN COLONY",212,233,222.2,21,9.90566037735849,100.0,0,ACTIVE,True,2,212,233,21,9.90566037735849,59.38155136268344,81.28834355828221,68.14426824092294,INCREASING,94,139,1.48,59.65665236051502,40.343347639484975,-45,68.14426824092294,MEDIUM,5.300000000000851,260.0,27.0,11.587982832618025,5.4,11.587982832618025,81.5595363540569,89.7239263803681,76.776131496701,81.28834355828221,78.12979511517536
27191100911,CHAMPION ENGLISH SCHOOL,51,56,53.6,5,9.803921568627452,100.0,0,ACTIVE,True,2,51,56,5,9.803921568627452,18.763102725366878,,18.763102725366878,INCREASING,31,25,0.81,44.642857142857146,55.35714285714286,6,18.763102725366878,NOT_APPLICABLE,1.3000000000001934,63.0,7.0,12.5,1.4,12.5,94.0463645943098,,18.763102725366878,,18.763102725366878
27191100912,SEVENTH DAY ADVANTIST SCHOOL CHAWNI,162,177,169.0,15,9.25925925925926,100.0,0,ACTIVE,True,6,162,177,15,9.25925925925926,48.06079664570231,42.25460122699386,45.73831847821893,INCREASING,90,87,0.97,49.152542372881356,50.847457627118644,3,45.73831847821893,LOW,3.9000000000006816,197.0,20.0,11.299435028248588,4.0,11.299435028248588,70.33719704952581,76.61042944785275,58.08716286607246,42.25460122699386,53.337394374348875
27191100913,HOLYCROSS ENGLISH HS,1517,1650,1579.2,133,8.767303889255109,100.0,0,ACTIVE,True,6,1517,1650,133,8.767303889255109,98.11320754716981,18.711656441717793,66.352587104989,INCREASING,888,762,0.86,46.18181818181818,53.81818181818182,126,66.352587104989,MEDIUM,30.70000000000494,1804.0,154.0,9.333333333333334,30.8,9.333333333333334,5.268703898840886,1.8404907975460123,40.5477485820118,18.711656441717793,33.9969209399236
27191100914,HOLYCROSS ENGLISH PS CHAVANI,1027,1128,1078.2,101,9.834469328140214,100.0,0,ACTIVE,True,1,1027,1128,101,9.834469328140214,96.33123689727464,77.45398773006134,88.78033723038932,INCREASING,602,526,0.87,46.63120567375886,53.36879432624113,76,88.78033723038932,HIGH,22.30000000000301,1240.0,112.0,9.929078014184398,22.4,9.929078014184398,14.910432033719706,12.193251533742332,58.14550295173053,77.45398773006134,63.93804838522976
27191100916,CANTONMENT BOARD ENGLISH SCHOOL CHAWNI,428,469,448.2,41,9.579439252336448,100.0,0,ACTIVE,True,2,428,469,41,9.579439252336448,83.17610062893081,61.27300613496932,74.41486283134621,INCREASING,257,212,0.82,45.20255863539446,54.79744136460555,45,74.41486283134621,MEDIUM,10.600000000001693,522.0,53.0,11.300639658848615,10.6,11.300639658848615,70.49525816649106,76.84049079754601,75.38511401782614,61.27300613496932,71.1514816529691
27191101001,LITTLE FLOWER HS CHAVANI,395,433,413.8,38,9.620253164556962,100.0,0,ACTIVE,True,7,395,433,38,9.620253164556962,80.60796645702307,65.6441717791411,74.62244858587027,INCREASING,273,160,0.59,36.95150115473441,63.04849884526559,113,74.62244858587027,MEDIUM,9.700000000001536,482.0,49.0,11.316397228637413,9.8,11.316397228637413,71.44362486828241,78.22085889570552,76.06181270980437,65.6441717791411,72.93652043060538
27191101002,LITTLE FLOWER PS CHAVANI,602,650,623.6,48,7.973421926910299,100.0,0,ACTIVE,True,2,602,650,48,7.973421926910299,90.56603773584906,2.3006134969325154,55.25986804028244,INCREASING,446,204,0.46,31.384615384615383,68.61538461538461,242,55.25986804028244,MEDIUM,11.900000000002068,710.0,60.0,9.230769230769232,12.0,9.230769230769232,4.373024236037935,1.0736196319018405,33.5853686769302,2.3006134969325154,24.199942122930892
27191101003,FATEMA PS BEGUM PURA,395,431,412.6,36,9.113924050632912,100.0,0,ACTIVE,True,2,395,431,36,9.113924050632912,80.45073375262054,34.8159509202454,62.196820619670476,INCREASING,160,271,1.69,62.87703016241299,37.12296983758701,-111,62.196820619670476,MEDIUM,9.100000000001424,477.0,46.0,10.672853828306264,9.2,10.672853828306264,42.834562697576395,44.24846625766871,55.01747887486977,34.8159509202454,48.95702048848245
27191101004,MILIND MULTIPURPOSE HS,323,349,333.6,26,8.04953560371517,100.0,0,ACTIVE,True,6,323,349,26,8.04953560371517,73.79454926624737,2.607361963190184,45.319674345024495,INCREASING,236,113,0.48,32.37822349570201,67.621776504298,123,45.319674345024495,LOW,6.700000000001332,383.0,34.0,9.742120343839542,6.8,9.742120343839542,10.748155953635406,7.361963190184049,30.136589883088316,2.607361963190184,21.877821507118874
27191101005,MILIND ENGLISH PS,36,40,38.0,4,11.11111111111111,100.0,0,ACTIVE,True,1,36,40,4,11.11111111111111,14.046121593291405,,14.046121593291405,INCREASING,26,14,0.54,35.0,65.0,12,14.046121593291405,NOT_APPLICABLE,1.000000000000153,45.0,5.0,12.5,1.0,12.5,94.0463645943098,,14.046121593291405,,14.046121593291405
27191101006,GLOBAL ENGLISH HIGH SCHOOL,170,187,178.8,17,10.0,100.0,0,ACTIVE,True,6,170,187,17,10.0,50.10482180293501,86.42638036809815,64.63344522900027,INCREASING,96,91,0.95,48.663101604278076,51.33689839572193,5,64.63344522900027,MEDIUM,4.40000000000066,209.0,22.0,11.76470588235294,4.4,11.76470588235294,85.87987355110643,93.25153374233128,76.08068063433268,86.42638036809815,79.18439055446231
27191101007,MILIND MARATHI PS NAGSENVAN,22,24,22.8,2,9.090909090909092,100.0,0,ACTIVE,True,1,22,24,2,9.090909090909092,9.224318658280922,,9.224318658280922,INCREASING,17,7,0.41,29.166666666666668,70.83333333333334,10,9.224318658280922,NOT_APPLICABLE,0.5000000000000995,27.0,3.0,12.5,0.6,12.5,94.0463645943098,,9.224318658280922,,9.224318658280922
27191101008,BLOOMING BUDS ENG PS JAISINGPURA,300,328,314.4,28,9.333333333333334,100.0,0,ACTIVE,True,2,300,328,28,9.333333333333334,70.96436058700209,46.62576687116564,61.22892310066751,INCREASING,193,135,0.7,41.15853658536585,58.84146341463414,58,61.22892310066751,MEDIUM,7.20000000000108,364.0,36.0,10.975609756097562,7.2,10.975609756097562,55.90094836670178,59.739263803680984,60.6330593818729,46.62576687116564,56.43087162866071
27191101009,MILIND COLLEGE OF SCIENCE NAGSEN WAN,672,736,704.8,64,9.523809523809524,52.56507773173532,0,ACTIVE,True,11,672,736,64,9.523809523809524,92.9769392033543,59.12576687116564,79.43647027047884,INCREASING,399,337,0.84,45.78804347826087,54.21195652173913,62,79.43647027047884,HIGH,16.400000000002475,818.0,82.0,11.141304347826086,16.4,11.141304347826086,63.856691253951524,68.40490797546013,75.02384535247135,59.12576687116564,70.25442180807964
27191101010,DR BABASAHEB AMBEDKAR COLLEGE OF ARTS &  COMMERCE,95,104,99.6,9,9.473684210526317,0.0,5,ACTIVE,True,11,95,104,9,9.473684210526317,32.59958071278826,56.28834355828221,42.07508585098584,INCREASING,61,43,0.7,41.34615384615385,58.65384615384615,18,42.07508585098584,LOW,2.4000000000003707,116.0,12.0,11.538461538461538,2.4,11.538461538461538,79.768177028451,87.9601226993865,60.42910059034611,56.28834355828221,59.18687348072694
27191101011,MILIND COLLEGE OF ARTS,478,523,502.2,45,9.414225941422593,100.0,0,ACTIVE,True,11,478,523,45,9.414225941422593,86.0587002096436,51.84049079754601,72.37141644480457,INCREASING,349,174,0.5,33.269598470363285,66.73040152963671,175,72.37141644480457,MEDIUM,11.000000000001451,578.0,55.0,10.51625239005736,11.0,10.51625239005736,35.40569020021075,35.88957055214724,57.77867808774163,51.84049079754601,55.997221900682945
27191101012,"QAMER URDU SEC & HIGH SEC. SCHOOL, MUZAFFARNAGAR",175,192,184.2,17,9.714285714285714,100.0,0,ACTIVE,True,5,175,192,17,9.714285714285714,51.57232704402516,71.62576687116564,59.59370297488135,INCREASING,63,129,2.05,67.1875,32.8125,-66,59.59370297488135,MEDIUM,4.200000000000551,213.0,21.0,10.9375,4.2,10.9375,54.21496311907271,57.668711656441715,58.8237064475055,71.62576687116564,62.66432457460354
27191101013,JAYLAXMI PS HUDCO,348,378,362.0,30,8.620689655172415,100.0,0,ACTIVE,True,2,348,378,30,8.620689655172415,76.83438155136268,14.11042944785276,51.74480070995871,INCREASING,208,170,0.82,44.97354497354497,55.026455026455025,38,51.74480070995871,MEDIUM,7.500000000001251,416.0,38.0,10.052910052910052,7.6,10.052910052910052,18.967334035827186,16.104294478527606,37.48859821738627,14.11042944785276,30.475147586526216
27191101015,"BLOOMING BUDS ENGLISH HIGH SCHOOL, JAISINGPURA",82,90,86.4,8,9.75609756097561,100.0,0,ACTIVE,True,7,82,90,8,9.75609756097561,29.140461215932913,,29.140461215932913,INCREASING,57,33,0.58,36.666666666666664,63.33333333333333,24,29.140461215932913,LOW,2.0000000000002607,100.0,10.0,11.11111111111111,2.0,11.11111111111111,62.328767123287676,,29.140461215932913,,29.140461215932913
27191101017,TAJ ENGLISH PRIMARY SCHOOL JAISINGPURA,76,83,79.2,7,9.210526315789473,100.0,0,ACTIVE,True,2,76,83,7,9.210526315789473,27.358490566037734,,27.358490566037734,INCREASING,43,40,0.93,48.19277108433735,51.80722891566265,3,27.358490566037734,LOW,1.800000000000314,92.0,9.0,10.843373493975903,1.8,10.843373493975903,49.52581664910432,,27.358490566037734,,27.358490566037734
27191101101,CPS JUBLI PARK,147,161,153.8,14,9.523809523809524,100.0,0,ACTIVE,True,2,147,161,14,9.523809523809524,45.125786163522015,59.12576687116564,50.72577844657947,INCREASING,99,62,0.63,38.50931677018634,61.49068322981367,37,50.72577844657947,MEDIUM,3.5000000000005524,179.0,18.0,11.180124223602485,3.6,11.180124223602485,65.4373024236038,70.70552147239265,58.717675656904746,59.12576687116564,58.84010302118301
27191101102,MAULANA AZAD HIGH SCHOOL,595,654,625.8,59,9.915966386554622,100.0,0,ACTIVE,True,6,595,654,59,9.915966386554622,90.77568134171908,81.90184049079755,87.22614500135046,INCREASING,599,55,0.09,8.409785932721713,91.59021406727828,544,87.22614500135046,HIGH,15.500000000002288,732.0,78.0,11.926605504587156,15.6,11.926605504587156,88.72497365648051,96.31901840490798,90.86329436277347,81.90184049079755,88.1748582011807
27191101103,HABIBA URDU PS BHADKAL GATE,252,278,266.4,26,10.317460317460316,100.0,0,ACTIVE,True,2,252,278,26,10.317460317460316,65.72327044025157,95.5521472392638,77.65482115985647,INCREASING,117,161,1.38,57.9136690647482,42.086330935251794,-44,77.65482115985647,HIGH,6.300000000000788,310.0,32.0,11.510791366906476,6.4,11.510791366906476,78.609062170706,86.80981595092024,81.31681907628197,95.5521472392638,85.58741752517652
27191101104,MODEL PRIMARY SCHOOL JUBLEE PARK,272,294,282.2,22,8.088235294117647,100.0,0,ACTIVE,True,1,272,294,22,8.088235294117647,67.24318658280922,2.9141104294478524,41.51155612146467,INCREASING,185,109,0.59,37.07482993197279,62.925170068027214,76,41.51155612146467,LOW,5.5000000000009255,322.0,28.0,9.523809523809524,5.6,9.523809523809524,7.4288724973656475,3.834355828220859,26.44067600416715,2.9141104294478524,19.382706331751358
27191101105,ZIA-UL-ULOOM GIRLS HS,842,916,877.8,74,8.788598574821853,100.0,0,ACTIVE,True,6,842,916,74,8.788598574821853,94.9685534591195,20.0920245398773,65.01794189142262,INCREASING,0,916,1.0,100.0,0.0,-916,65.01794189142262,MEDIUM,19.7000000000033,1015.0,99.0,10.807860262008735,19.8,10.807860262008735,47.20758693361433,49.84662576687116,58.94941544160204,20.0920245398773,47.29219817108462
27191101106,ZIA-UL-ULOOM GIRLS PS TOWN HALL,304,335,320.8,31,10.197368421052632,100.0,0,ACTIVE,True,1,304,335,31,10.197368421052632,72.0125786163522,92.94478527607362,80.38546128024078,INCREASING,125,210,1.68,62.68656716417911,37.3134328358209,-85,80.38546128024078,HIGH,7.50000000000097,373.0,38.0,11.343283582089553,7.6,11.343283582089553,72.49736564805059,79.4478527607362,80.01041787243895,92.94478527607362,83.89072809352935
27191101107,ZIA-UL-ULOOM BOYS PS TOWN HALL,317,348,332.4,31,9.779179810725552,13.146028098547422,0,ACTIVE,True,1,317,348,31,9.779179810725552,73.53249475890985,74.69325153374233,73.99679746884284,INCREASING,135,213,1.58,61.206896551724135,38.793103448275865,-78,73.99679746884284,MEDIUM,7.700000000001193,387.0,39.0,11.206896551724139,7.8,11.206896551724139,66.33298208640674,72.00920245398773,73.2017594629008,74.69325153374233,73.64920708415325
27191101108,MODEL HS JUBLE PARK,540,592,568.4,52,9.62962962962963,100.0,0,ACTIVE,True,6,540,592,52,9.62962962962963,89.15094339622641,65.79754601226993,79.80958444264382,INCREASING,394,198,0.5,33.44594594594595,66.55405405405406,196,79.80958444264382,HIGH,13.100000000001742,658.0,66.0,11.14864864864865,13.2,11.14864864864865,64.06743940990516,68.71165644171779,75.37041324227341,65.79754601226993,72.49855307327236
27191101109,LILLAIN RESIDENTIAL SCHOOL FOR DEAF,4,4,4.0,0,0.0,100.0,0,ACTIVE,True,2,4,4,0,0.0,2.410901467505241,,2.410901467505241,STABLE_LOW_ENROLLMENT,0,4,1.0,100.0,0.0,-4,2.410901467505241,NOT_APPLICABLE,-7.117279225292963e-16,4.0,0.0,0.0,0.0,0.0,1.36986301369863,,2.410901467505241,,2.410901467505241
27191101110,DR. RAFIQ ZAKARIA COLLEGE FOR WOMEN,853,929,887.0,76,8.909730363423213,100.0,0,ACTIVE,True,11,853,929,76,8.909730363423213,95.0733752620545,25.766871165644172,67.35077362349037,INCREASING,0,929,1.0,100.0,0.0,-929,67.35077362349037,MEDIUM,19.000000000003343,1024.0,95.0,10.22604951560818,19.0,10.22604951560818,23.91991570073762,22.54601226993865,49.42886908206968,25.766871165644172,42.33026970714202
27191101111,KASHIFUL ULOOM URDU PS,230,252,241.2,22,9.565217391304348,100.0,0,ACTIVE,True,3,230,252,22,9.565217391304348,62.68343815513627,60.65950920245399,61.873866574063356,INCREASING,229,23,0.1,9.126984126984127,90.87301587301587,206,61.873866574063356,MEDIUM,5.4000000000007935,279.0,27.0,10.714285714285714,5.4,10.714285714285714,44.57323498419389,46.54907975460122,55.743951846278506,60.65950920245399,57.21861905313115
27191101112,"MAULANA AZAD JUNIOR COLLEGE, TOWN HALL",111,122,116.6,11,9.90990990990991,100.0,0,ACTIVE,True,11,111,122,11,9.90990990990991,37.36897274633124,81.51840490797547,55.02874561098893,INCREASING,52,70,1.35,57.377049180327866,42.62295081967213,-18,55.02874561098893,MEDIUM,2.8000000000004177,136.0,14.0,11.475409836065573,2.8,11.475409836065573,76.8177028451001,84.3558282208589,66.75957865493692,81.51840490797547,71.18722653084848
27191101114,NEW RADIANT ENGLISH HIGH SCHOOL DEODI BAZAR,60,66,63.2,6,10.0,50.01300108342362,0,ACTIVE,True,8,60,66,6,10.0,22.431865828092242,,22.431865828092242,INCREASING,40,26,0.65,39.39393939393939,60.60606060606061,14,22.431865828092242,NOT_APPLICABLE,1.5000000000002096,74.0,8.0,12.121212121212121,1.6,12.121212121212121,91.35932560590095,,22.431865828092242,,22.431865828092242
27191101302,"GOVT. COLLEGE OF ARTS & SCIENCE, LABOUR COLONYS",180,197,188.4,17,9.444444444444445,47.90842382450133,0,ACTIVE,True,11,180,197,17,9.444444444444445,52.620545073375254,53.757668711656436,53.075394528687724,INCREASING,124,73,0.59,37.055837563451774,62.944162436548226,51,53.075394528687724,MEDIUM,4.200000000000641,218.0,21.0,10.65989847715736,4.2,10.65989847715736,41.99157007376185,43.174846625766875,49.115175367519385,53.757668711656436,50.507923370760494
27191101303,BFCI ENGLISH PS DELHI GATE,171,186,178.2,15,8.771929824561402,100.0,0,ACTIVE,True,2,171,186,15,8.771929824561402,49.9475890985325,19.171779141104295,37.63726511556122,INCREASING,131,55,0.42,29.56989247311828,70.43010752688173,76,37.63726511556122,LOW,3.800000000000612,205.0,19.0,10.21505376344086,3.8,10.21505376344086,23.024236037934667,21.242331288343557,31.079291584674156,19.171779141104295,27.507037851603194
27191101304,BFCI ENGLISH SCHOOL HIMAYAT BAGH DILHI GATE,68,74,71.0,6,8.823529411764707,68.25458144010615,0,ACTIVE,True,7,68,74,6,8.823529411764707,24.58071278825996,,24.58071278825996,INCREASING,54,20,0.37,27.027027027027028,72.97297297297297,34,24.58071278825996,NOT_APPLICABLE,1.6000000000002523,82.0,8.0,10.81081081081081,1.6,10.81081081081081,47.94520547945205,,24.58071278825996,,24.58071278825996
27191101305,"MEMON URDU PS, HIMAYAT BAGH",267,290,278.0,23,8.614232209737828,100.0,0,ACTIVE,True,2,267,290,23,8.614232209737828,66.82389937106919,13.957055214723926,45.67716170853109,INCREASING,130,160,1.23,55.172413793103445,44.827586206896555,-30,45.67716170853109,LOW,5.800000000000964,319.0,29.0,10.0,5.8,10.0,17.281348788198102,14.64723926380368,33.26519273064012,13.957055214723926,27.472751475865262
27191101306,LAKE VIEW ENGLISH SCHOOL,8,9,8.6,1,12.5,100.0,0,ACTIVE,True,1,8,9,1,12.5,4.035639412997904,,4.035639412997904,INCREASING,4,5,1.25,55.55555555555556,44.44444444444444,-1,4.035639412997904,NOT_APPLICABLE,0.300000000000041,11.0,2.0,22.22222222222222,0.4,22.22222222222222,99.52581664910431,,4.035639412997904,,4.035639412997904
27191101307,VIDYALANKAR JUNIOR COLLEGE OF SCIENCE LABOUR COLONY,10,11,10.6,1,10.0,33.700980392156865,0,ACTIVE,True,11,10,11,1,10.0,4.716981132075472,,4.716981132075472,INCREASING,5,6,1.2,54.54545454545454,45.45454545454545,-1,4.716981132075472,NOT_APPLICABLE,0.3000000000000411,13.0,2.0,18.181818181818183,0.4,18.181818181818183,98.840885142255,,4.716981132075472,,4.716981132075472
27191101308,VIDYALANKAR ENGLISH PRIMARY SCHOOL HIMAYAT BAG,32,34,32.6,2,6.25,100.0,0,ACTIVE,True,2,32,34,2,6.25,12.631027253668764,,12.631027253668764,INCREASING,22,12,0.55,35.294117647058826,64.70588235294117,10,12.631027253668764,NOT_APPLICABLE,0.5000000000001186,37.0,3.0,8.823529411764707,0.6,8.823529411764707,3.371970495258166,,12.631027253668764,,12.631027253668764
27191101310,MEMON URDU HIGH SCHOOL HIMAYAT BAGH DELHI GATE,43,47,45.0,4,9.30232558139535,100.0,0,ACTIVE,True,8,43,47,4,9.30232558139535,16.61425576519916,,16.61425576519916,INCREASING,21,26,1.24,55.319148936170215,44.680851063829785,-5,16.61425576519916,NOT_APPLICABLE,1.0000000000001539,52.0,5.0,10.638297872340425,1.0,10.638297872340425,40.77976817702845,,16.61425576519916,,16.61425576519916
27191103002,PS MANZOORPURA,18,20,19.0,2,11.11111111111111,100.0,0,ACTIVE,True,2,18,20,2,11.11111111111111,7.337526205450734,,7.337526205450734,INCREASING,14,6,0.43,30.0,70.0,8,7.337526205450734,NOT_APPLICABLE,0.4000000000000497,22.0,2.0,10.0,0.4,10.0,17.281348788198102,,7.337526205450734,,7.337526205450734
27191103003,MARATHWADA URDU PS MANZOORPURA,195,215,204.8,20,10.256410256410255,100.0,0,ACTIVE,True,2,195,215,20,10.256410256410255,55.39832285115304,94.1717791411043,70.90770536713354,INCREASING,92,123,1.34,57.20930232558139,42.7906976744186,-31,70.90770536713354,MEDIUM,5.000000000000779,240.0,25.0,11.627906976744185,5.0,11.627906976744185,82.82402528977872,90.79754601226993,78.8636416251881,94.1717791411043,83.45608287996295
27191103101,ALIYA URDU HS KILLE ARK,419,457,437.2,38,9.069212410501192,100.0,0,ACTIVE,True,6,419,457,38,9.069212410501192,82.12788259958072,33.12883435582822,62.528263302079715,INCREASING,148,309,2.09,67.6148796498906,32.38512035010941,-161,62.528263302079715,MEDIUM,8.700000000001292,501.0,44.0,9.62800875273523,8.8,9.62800875273523,9.167544783983141,5.521472392638037,39.72554693830304,33.12883435582822,37.74653316356059
27191103102,KHAJA NASER URDU P.S.,197,216,206.6,19,9.644670050761421,100.0,0,ACTIVE,True,2,197,216,19,9.644670050761421,55.660377358490564,67.02453987730061,60.206042366014586,INCREASING,81,135,1.67,62.5,37.5,-54,60.206042366014586,MEDIUM,4.500000000000643,239.0,23.0,10.648148148148149,4.6,10.648148148148149,41.35932560590095,42.25460122699386,53.0254659104063,67.02453987730061,57.22518810047458
27191103103,PERIWINKL ENGLISH P.S.,119,130,124.6,11,9.243697478991598,100.0,0,ACTIVE,True,2,119,130,11,9.243697478991598,39.20335429769392,41.25766871165644,40.02508006327893,INCREASING,94,36,0.38,27.692307692307693,72.3076923076923,58,40.02508006327893,LOW,2.8000000000004284,144.0,14.0,10.76923076923077,2.8,10.76923076923077,45.732349841938884,47.7760736196319,43.12547748582012,41.25766871165644,42.56513485357102
27191103104,ALIYA URDU PRIMARY SCHOOL,326,354,339.8,28,8.588957055214724,100.0,0,ACTIVE,True,1,326,354,28,8.588957055214724,74.26624737945492,13.420245398773007,49.92784658718215,INCREASING,128,226,1.77,63.84180790960452,36.15819209039548,-98,49.92784658718215,LOW,6.800000000001046,388.0,34.0,9.6045197740113,6.8,9.6045197740113,8.74604847207587,5.214723926380368,32.042597522861435,13.420245398773007,26.455891885634905
27191103201,PS JUNA BAZAR MARATHI,72,78,74.6,6,8.333333333333332,0.0,5,ACTIVE,True,2,72,78,6,8.333333333333332,25.78616352201258,,25.78616352201258,INCREASING,52,26,0.5,33.33333333333333,66.66666666666666,26,25.78616352201258,LOW,1.5000000000002718,86.0,8.0,10.256410256410255,1.6,10.256410256410255,25.6059009483667,,25.78616352201258,,25.78616352201258
27191103202,"BURHANI NATIONAL HS, PRAGATI COLONY",355,385,370.4,30,8.450704225352112,17.304368212344837,0,ACTIVE,True,7,355,385,30,8.450704225352112,76.9916142557652,8.282208588957054,49.50785198904194,INCREASING,104,281,2.7,72.98701298701299,27.01298701298701,-177,49.50785198904194,LOW,7.900000000001201,425.0,40.0,10.38961038961039,8.0,10.38961038961039,31.506849315068493,30.981595092024538,42.097349230234975,8.282208588957054,31.9528070378516
27191103203,BURHANI NATIONAL ENGLISH PS,375,411,392.8,36,9.6,100.0,0,ACTIVE,True,1,375,411,36,9.6,79.19287211740041,63.49693251533742,72.91449627657522,INCREASING,242,169,0.7,41.119221411192214,58.88077858880778,73,72.91449627657522,MEDIUM,9.000000000001384,456.0,45.0,10.948905109489052,9.0,10.948905109489052,54.899894625922016,58.58895705521472,67.18428058803102,63.49693251533742,66.07807616622293
27191103204,BURHANI NATIONAL URDU PS,929,1021,976.6,92,9.903121636167922,100.0,0,ACTIVE,True,2,929,1021,92,9.903121636167922,95.80712788259959,81.13496932515338,89.93826445962111,INCREASING,329,692,2.1,67.77668952007836,32.22331047992164,-363,89.93826445962111,HIGH,23.100000000003376,1137.0,116.0,11.361410381978452,23.2,11.361410381978452,73.12961011591148,80.3680981595092,86.11019793957635,81.13496932515338,84.61762935524946
27191103205,BURHANI NATIONAL ENGLISH HS,464,502,481.2,38,8.189655172413794,84.87586704097427,0,ACTIVE,True,6,464,502,38,8.189655172413794,85.1153039832285,4.601226993865031,52.90967318748311,INCREASING,275,227,0.83,45.21912350597609,54.7808764940239,48,52.90967318748311,MEDIUM,9.900000000001738,552.0,50.0,9.9601593625498,10.0,9.9601593625498,15.595363540569021,13.190184049079754,37.02187753212176,4.601226993865031,27.29568237064474
27191103206,TALAT URDU PS JUNABAZAR,297,323,309.2,26,8.754208754208754,100.0,0,ACTIVE,True,1,297,323,26,8.754208754208754,70.33542976939204,17.94478527607362,49.37917197206467,INCREASING,136,187,1.38,57.89473684210527,42.10526315789473,-51,49.37917197206467,LOW,6.600000000001104,356.0,33.0,10.21671826625387,6.6,10.21671826625387,23.28767123287671,21.625766871165645,38.27780993170506,17.94478527607362,32.177902535015626
27191103207,ZIYAN URDU PS KABADIPURA,146,159,151.8,13,8.904109589041095,100.0,0,ACTIVE,True,2,146,159,13,8.904109589041095,44.65408805031446,25.536809815950924,37.007176756569045,INCREASING,79,80,1.01,50.314465408805034,49.685534591194966,-1,37.007176756569045,LOW,3.400000000000604,176.0,17.0,10.69182389937107,3.4,10.69182389937107,43.78292939936775,45.62883435582822,40.45583979627271,25.536809815950924,35.98013080217618
27191103208,RAHBAR URDU PS JUNA BAZAR,370,409,390.4,39,10.54054054054054,55.746109219842694,0,ACTIVE,True,2,370,409,39,10.54054054054054,79.03563941299791,97.54601226993866,86.43978855577421,INCREASING,146,263,1.8,64.30317848410758,35.69682151589242,-117,86.43978855577421,HIGH,9.000000000001178,454.0,45.0,11.00244498777506,9.0,11.00244498777506,57.007376185458384,61.04294478527608,76.28105104757496,97.54601226993866,82.66053941428407
27191103209,NEW RADIANT ENG PS DEODI BAZAR,304,331,316.6,27,8.881578947368421,0.0,5,ACTIVE,True,2,304,331,27,8.881578947368421,71.38364779874213,24.616564417177912,52.67681444611644,INCREASING,202,129,0.64,38.972809667673715,61.027190332326285,73,52.67681444611644,MEDIUM,6.60000000000107,364.0,33.0,9.969788519637463,6.6,9.969788519637463,16.01685985247629,13.803680981595093,37.1275610603079,24.616564417177912,33.374262067368896
27191103210,"TALAT HIGHSCHOOL, BAROODGAR NALA",976,1063,1017.8,87,8.913934426229508,0.0,5,ACTIVE,True,3,976,1063,87,8.913934426229508,96.0691823899371,26.68711656441718,68.31635605972913,INCREASING,412,651,1.58,61.241768579492,38.758231420508,-239,68.31635605972913,MEDIUM,20.900000000003292,1168.0,105.0,9.877704609595485,21.0,9.877704609595485,13.909378292939936,10.736196319018406,45.28429216344484,26.68711656441718,39.70513948373654
27191103211,DARUL ULOOM URDU PS CITY CHOWK,4,4,4.0,0,0.0,100.0,0,ACTIVE,True,2,4,4,0,0.0,2.410901467505241,,2.410901467505241,STABLE_LOW_ENROLLMENT,4,0,0.0,0.0,100.0,4,2.410901467505241,NOT_APPLICABLE,-7.117279225292963e-16,4.0,0.0,0.0,0.0,0.0,1.36986301369863,,2.410901467505241,,2.410901467505241
27191103302,SHRI GUJRATI VIDYA MANDIR,458,501,479.0,43,9.388646288209607,100.0,0,ACTIVE,True,6,458,501,43,9.388646288209607,84.958071278826,50.38343558282209,71.12821700042443,INCREASING,501,0,0.0,0.0,100.0,501,71.12821700042443,MEDIUM,10.50000000000162,554.0,53.0,10.578842315369261,10.6,10.578842315369261,38.35616438356164,38.80368098159509,58.19840259289269,50.38343558282209,55.853912489871504
27191103303,GUJRATI KANYA VIDYALAYA,546,598,571.6,52,9.523809523809524,92.67447643819149,0,ACTIVE,True,6,546,598,52,9.523809523809524,89.41299790356393,59.12576687116564,77.29810549060461,INCREASING,0,598,1.0,100.0,0.0,-598,77.29810549060461,HIGH,13.500000000002167,666.0,68.0,11.37123745819398,13.6,11.37123745819398,73.86722866174921,80.67484662576688,78.64880194466951,59.12576687116564,72.79189142261835
27191103304,SHISHUVIKAS KENDRA PS SUPARI HANUMAN ROAD,232,257,245.4,25,10.775862068965516,100.0,0,ACTIVE,True,2,232,257,25,10.775862068965516,63.36477987421384,98.77300613496932,77.52807037851603,INCREASING,137,120,0.88,46.69260700389105,53.30739299610895,17,77.52807037851603,HIGH,5.600000000000684,285.0,28.0,10.894941634241246,5.6,10.894941634241246,52.68703898840885,55.52147239263804,68.72543118416483,98.77300613496932,77.73970366940617
27191103306,"SHISHUVIKAS KENDRA HIGH SCHOOL, SUPARI HANUMAN ROAD",55,60,57.2,5,9.090909090909092,100.0,0,ACTIVE,True,8,55,60,5,9.090909090909092,19.968553459119498,,19.968553459119498,INCREASING,38,22,0.58,36.666666666666664,63.33333333333333,16,19.968553459119498,NOT_APPLICABLE,1.2000000000002122,66.0,6.0,10.0,1.2,10.0,17.281348788198102,,19.968553459119498,,19.968553459119498
27191103402,NEW APOSTOLIC ENGLISH SCHOOL,209,230,219.6,21,10.047846889952153,100.0,0,ACTIVE,True,2,209,230,21,10.047846889952153,58.700209643605874,88.19018404907976,70.49619940579544,INCREASING,135,95,0.7,41.30434782608695,58.69565217391305,40,70.49619940579544,MEDIUM,5.200000000000787,256.0,26.0,11.304347826086957,5.2,11.304347826086957,70.65331928345627,77.07055214723927,73.12594050237297,88.19018404907976,77.645213566385
27191103403,BALDNYAN MANDIR AURANGABAD,111,123,117.8,12,10.81081081081081,100.0,0,ACTIVE,True,2,111,123,12,10.81081081081081,37.683438155136265,99.30981595092024,62.33398927344986,INCREASING,81,42,0.52,34.146341463414636,65.85365853658537,39,62.33398927344986,MEDIUM,3.0000000000003735,138.0,15.0,12.195121951219512,3.0,12.195121951219512,92.2550052687039,98.77300613496932,76.90959601805764,99.30981595092024,83.62966199791641
27191103404,BALDNYAN MANDIR MS,89,97,93.0,8,8.98876404494382,100.0,0,ACTIVE,True,7,89,97,8,8.98876404494382,31.236897274633122,,31.236897274633122,INCREASING,56,41,0.73,42.2680412371134,57.73195876288659,15,31.236897274633122,LOW,2.000000000000304,107.0,10.0,10.309278350515463,2.0,10.309278350515463,28.08219178082192,,31.236897274633122,,31.236897274633122
27191103405,NATIONAL URDU HS GRAMPANI,109,120,114.6,11,10.091743119266056,100.0,0,ACTIVE,True,7,109,120,11,10.091743119266056,37.0545073375262,89.57055214723927,58.060925261411434,INCREASING,47,73,1.55,60.83333333333333,39.166666666666664,-26,58.060925261411434,MEDIUM,2.8000000000004217,134.0,14.0,11.666666666666666,2.8,11.666666666666666,83.77239199157007,91.64110429447852,71.49299687463827,89.57055214723927,76.91626345641856
27191103406,NATIONAL URDU PRIMARY SCHOOL,208,228,218.2,20,9.615384615384617,100.0,0,ACTIVE,True,2,208,228,20,9.615384615384617,58.22851153039832,64.95398773006134,60.91870201026353,INCREASING,73,155,2.12,67.98245614035088,32.01754385964912,-82,60.91870201026353,MEDIUM,4.800000000000666,252.0,24.0,10.526315789473683,4.8,10.526315789473683,36.248682824025295,36.42638036809816,51.12177335339738,64.95398773006134,55.271437666396565
27191103407,NEW APOSTOLIC ENG H S JUNA BAZAR,73,80,76.4,7,9.58904109589041,100.0,0,ACTIVE,True,7,73,80,7,9.58904109589041,26.153039832285113,,26.153039832285113,INCREASING,46,34,0.74,42.5,57.49999999999999,12,26.153039832285113,LOW,1.5000000000002092,88.0,8.0,10.0,1.6,10.0,17.281348788198102,,26.153039832285113,,26.153039832285113
27191103602,VIDYADHAM SCIENCE JR. COLLEGE,413,454,433.6,41,9.927360774818402,100.0,0,ACTIVE,True,11,413,454,41,9.927360774818402,81.86582809224319,83.12883435582822,82.3710305976772,INCREASING,269,185,0.69,40.7488986784141,59.25110132158591,84,82.3710305976772,HIGH,10.100000000001495,505.0,51.0,11.233480176211454,10.2,11.233480176211454,67.65015806111695,73.77300613496932,78.93182081259405,83.12883435582822,80.19092487556429
27191103603,Sharda Suman Madhyamik School,125,136,129.8,11,8.799999999999999,38.925034860168026,0,ACTIVE,True,7,125,136,11,8.799999999999999,40.61844863731656,20.398773006134967,32.53057838484392,INCREASING,74,62,0.84,45.588235294117645,54.41176470588235,12,32.53057838484392,LOW,2.7000000000004825,150.0,14.0,10.294117647058822,2.8,10.294117647058822,27.449947312961008,26.226993865030675,30.009144576918622,20.398773006134967,27.126033105683522
27191103604,MASUM URDU PS,76,83,79.8,7,9.210526315789473,100.0,0,ACTIVE,True,2,76,83,7,9.210526315789473,27.358490566037734,,27.358490566037734,INCREASING,50,33,0.66,39.75903614457831,60.24096385542169,17,27.358490566037734,LOW,1.8000000000002476,92.0,9.0,10.843373493975903,1.8,10.843373493975903,49.52581664910432,,27.358490566037734,,27.358490566037734
27191103605,MASUM URDU HS,38,42,40.0,4,10.526315789473683,96.49334492992799,0,ACTIVE,True,7,38,42,4,10.526315789473683,14.727463312368974,,14.727463312368974,INCREASING,22,20,0.91,47.61904761904761,52.38095238095239,2,14.727463312368974,NOT_APPLICABLE,1.0000000000001532,47.0,5.0,11.904761904761903,1.0,11.904761904761903,88.56691253951527,,14.727463312368974,,14.727463312368974
27191103609,LITTLE ANGELS ENGLISH SCHOOL NAGESHWARWADI,194,212,203.2,18,9.278350515463918,100.0,0,ACTIVE,True,2,194,212,18,9.278350515463918,54.61215932914046,43.63496932515337,50.22128332754563,INCREASING,111,101,0.91,47.64150943396226,52.358490566037744,10,50.22128332754563,MEDIUM,4.300000000000606,234.0,22.0,10.377358490566039,4.4,10.377358490566039,30.927291886195995,30.13803680981595,42.187984720453755,43.63496932515337,42.62208010186364
27191103701,PS BADI GIRNI,40,44,42.0,4,10.0,32.262724374355,0,ACTIVE,True,2,40,44,4,10.0,15.670859538784068,,15.670859538784068,INCREASING,18,26,1.44,59.09090909090909,40.909090909090914,-8,15.670859538784068,NOT_APPLICABLE,1.000000000000152,49.0,5.0,11.363636363636363,1.0,11.363636363636363,73.49841938883034,,15.670859538784068,,15.670859538784068
27191103703,SBES COLLEGE OF ARTS & COMMERCE,633,689,660.6,56,8.846761453396525,100.0,0,ACTIVE,True,11,633,689,56,8.846761453396525,91.98113207547169,22.85276073619632,64.32978353976154,INCREASING,360,329,0.91,47.750362844702465,52.249637155297535,31,64.32978353976154,MEDIUM,14.50000000000234,762.0,73.0,10.595065312046444,14.6,10.595065312046444,38.883034773445736,39.41717791411043,54.3647412895011,22.85276073619632,44.911147123509664
27191103705,"SHINING STAR MARATHI PS, KHADKESHWAR",170,185,177.4,15,8.823529411764707,100.0,0,ACTIVE,True,2,170,185,15,8.823529411764707,49.63312368972746,21.549079754601227,38.399506115676964,INCREASING,148,37,0.25,20.0,80.0,111,38.399506115676964,LOW,4.0000000000006475,205.0,20.0,10.81081081081081,4.0,10.81081081081081,47.94520547945205,50.61349693251533,43.28510244241231,21.549079754601227,36.76429563606898
27191103706,SHISHUVIHAR PS,286,311,298.0,25,8.741258741258742,100.0,0,ACTIVE,True,1,286,311,25,8.741258741258742,69.07756813417191,17.63803680981595,48.501755604429526,INCREASING,168,143,0.85,45.98070739549839,54.019292604501615,25,48.501755604429526,LOW,6.200000000000983,342.0,31.0,9.967845659163988,6.2,9.967845659163988,15.911485774499473,13.650306748466257,34.56117606204422,17.63803680981595,29.484234286375735
27191103707,MONTESSORY BALAK MANDIR PS,1094,1205,1147.2,111,10.146252285191956,100.0,0,ACTIVE,True,2,1094,1205,111,10.146252285191956,96.75052410901468,91.71779141104295,94.73743102982598,INCREASING,684,521,0.76,43.23651452282158,56.76348547717842,163,94.73743102982598,HIGH,26.600000000004183,1338.0,133.0,11.037344398340249,26.6,11.037344398340249,58.27186512118019,62.88343558282209,81.99583285102443,91.71779141104295,84.91242041902998
27191103708,SHARDA MANDIR PS,315,346,330.8,31,9.841269841269842,100.0,0,ACTIVE,True,1,315,346,31,9.841269841269842,73.27044025157232,77.91411042944786,75.12790832272253,INCREASING,126,220,1.75,63.58381502890174,36.41618497109826,-94,75.12790832272253,HIGH,7.100000000000981,382.0,36.0,10.404624277456648,7.2,10.404624277456648,31.875658587987353,31.518404907975462,57.684106956823705,77.91411042944786,63.75310799861094
27191103709,SHISHUVIHAR HS AURANGAPURA,583,643,615.2,60,10.291595197255575,69.31811849309844,0,ACTIVE,True,6,583,643,60,10.291595197255575,90.46121593291404,94.93865030674846,92.2521896824478,INCREASING,372,271,0.73,42.14618973561431,57.8538102643857,101,92.2521896824478,HIGH,14.300000000001862,715.0,72.0,11.19751166407465,14.4,11.19751166407465,65.96417281348789,71.47239263803681,83.94027086468341,94.93865030674846,87.23978469730292
27191103710,SARASWATI BHUVAN PS,406,445,425.2,39,9.60591133004926,100.0,0,ACTIVE,True,1,406,445,39,9.60591133004926,81.34171907756813,63.95705521472392,74.38785353243044,INCREASING,230,215,0.93,48.31460674157304,51.68539325842697,15,74.38785353243044,MEDIUM,10.400000000001677,497.0,52.0,11.685393258426966,10.4,11.685393258426966,84.08851422550052,91.87116564417178,81.38117837712699,63.95705521472392,76.15394142840606
27191103711,SHARDA MANDIR KANYA PS,1134,1240,1186.6,106,9.347442680776014,100.0,0,ACTIVE,True,6,1134,1240,106,9.347442680776014,96.96016771488469,47.392638036809814,77.13315584365473,INCREASING,0,1240,1.0,100.0,0.0,-1240,77.13315584365473,HIGH,26.900000000004184,1375.0,135.0,10.887096774193548,27.0,10.887096774193548,52.265542676501575,54.90797546012271,68.24308369024192,47.392638036809814,61.987949994212286
27191103712,SHRI SARASWATI BHUVAN PRASHALA,1905,2088,1995.0,183,9.606299212598426,100.0,0,ACTIVE,True,6,1905,2088,183,9.606299212598426,99.16142557651992,64.11042944785275,85.14102712505306,INCREASING,1521,567,0.37,27.155172413793103,72.84482758620689,954,85.14102712505306,HIGH,45.00000000000691,2313.0,225.0,10.775862068965516,45.0,10.775862068965516,46.101159114857744,48.236196319018404,70.3790948026392,64.11042944785275,68.49849519620327
27191103713,A.K. WAGHMARE PRASHALA,500,545,520.8,45,9.0,89.8262797835786,0,ACTIVE,True,7,500,545,45,9.0,87.42138364779875,30.368098159509206,64.60006945248293,INCREASING,311,234,0.75,42.935779816513765,57.064220183486235,77,64.60006945248293,MEDIUM,11.500000000001961,603.0,58.0,10.642201834862385,11.6,10.642201834862385,41.0958904109589,41.87116564417178,55.50850792915847,30.368098159509206,47.966384998263685
27191103714,ANGELS PARADISE PS SAMRATH,214,235,224.6,21,9.813084112149532,88.064663143893,0,ACTIVE,True,2,214,235,21,9.813084112149532,59.74842767295597,76.38036809815951,66.4012038430374,INCREASING,140,95,0.68,40.42553191489361,59.57446808510638,45,66.4012038430374,MEDIUM,5.300000000000808,262.0,27.0,11.48936170212766,5.4,11.48936170212766,77.55532139093782,85.2760736196319,73.95115175367519,76.38036809815951,74.67991665702048
27191103715,SBES COLLEGE OF SCIENCE,1619,1763,1684.0,144,8.894379246448425,100.0,0,ACTIVE,True,11,1619,1763,144,8.894379246448425,98.53249475890985,25.153374233128833,69.18084654859744,INCREASING,843,920,1.09,52.183777651730004,47.816222348269996,-77,69.18084654859744,MEDIUM,38.40000000000706,1955.0,192.0,10.890527509926262,38.4,10.890527509926262,52.3709167544784,55.061349693251536,63.53304780645908,25.153374233128833,52.019145734460004
27191103716,SHINING STAR ENG PS KHADKESHWAR,21,23,22.0,2,9.523809523809524,100.0,0,ACTIVE,True,2,21,23,2,9.523809523809524,8.80503144654088,,8.80503144654088,INCREASING,18,5,0.28,21.73913043478261,78.26086956521739,13,8.80503144654088,NOT_APPLICABLE,0.6000000000001037,26.0,3.0,13.043478260869565,0.6,13.043478260869565,95.41622760800843,,8.80503144654088,,8.80503144654088
27191103717,VIDYADHAM HIGHER SECONDARY SCHOOL,11,12,11.4,1,9.090909090909092,100.0,0,ACTIVE,True,11,11,12,1,9.090909090909092,5.031446540880504,,5.031446540880504,INCREASING,7,5,0.71,41.66666666666667,58.333333333333336,2,5.031446540880504,NOT_APPLICABLE,0.30000000000006355,14.0,2.0,16.666666666666664,0.4,16.666666666666664,98.41938883034773,,5.031446540880504,,5.031446540880504
27191103803,SMT. P D M JAIN SCHOOL JAFAR GATE,59,64,61.2,5,8.47457627118644,63.54173895428287,0,ACTIVE,True,2,59,64,5,8.47457627118644,21.90775681341719,,21.90775681341719,INCREASING,36,28,0.78,43.75,56.25,8,21.90775681341719,NOT_APPLICABLE,1.2000000000002133,70.0,6.0,9.375,1.2,9.375,5.532139093782929,,21.90775681341719,,21.90775681341719
27191103901,NIGHT HS CHOURAHA,61,67,63.8,6,9.836065573770492,71.47974414842983,0,ACTIVE,True,7,61,67,6,9.836065573770492,22.69392033542977,,22.69392033542977,INCREASING,44,23,0.52,34.32835820895522,65.67164179104478,21,22.69392033542977,NOT_APPLICABLE,1.5000000000002551,75.0,8.0,11.940298507462686,1.6,11.940298507462686,88.88303477344573,,22.69392033542977,,22.69392033542977
27191103902,P.U. JAIN VIDYALAYA,343,375,358.8,32,9.329446064139942,100.0,0,ACTIVE,True,2,343,375,32,9.329446064139942,76.57232704402516,46.31901840490797,64.47100358837828,INCREASING,190,185,0.97,49.333333333333336,50.66666666666667,5,64.47100358837828,MEDIUM,8.000000000001243,415.0,40.0,10.666666666666668,8.0,10.666666666666668,42.360379346680716,43.63496932515337,56.13658988308832,46.31901840490797,53.191318439634216
27191103903,P.U. JAIN MADHYAMIK VIDYALAYA,144,159,152.0,15,10.416666666666668,0.0,5,ACTIVE,True,7,144,159,15,10.416666666666668,44.65408805031446,96.16564417177914,65.25871049890033,INCREASING,78,81,1.04,50.943396226415096,49.056603773584904,-3,65.25871049890033,MEDIUM,3.700000000000502,178.0,19.0,11.949685534591195,3.8,11.949685534591195,89.04109589041096,96.47239263803681,77.74418335455492,96.16564417177914,83.27062159972218
27191103904,MARATHA HS CHAURAHA,780,854,815.4,74,9.487179487179487,32.33874973485548,0,ACTIVE,True,6,780,854,74,9.487179487179487,94.33962264150944,57.05521472392638,79.42585947447621,INCREASING,469,385,0.82,45.08196721311475,54.91803278688525,84,79.42585947447621,HIGH,18.100000000002883,945.0,91.0,10.655737704918032,18.2,10.655737704918032,41.78082191780822,42.8680981595092,64.80275494848941,57.05521472392638,62.4784928811205
27191103905,GUJRATI PATHSHALA PS KHARAKUWA,431,468,448.6,37,8.584686774941995,100.0,0,ACTIVE,True,1,431,468,37,8.584686774941995,83.01886792452831,13.03680981595092,55.026044681097346,INCREASING,211,257,1.22,54.91452991452992,45.085470085470085,-46,55.026044681097346,MEDIUM,8.800000000001415,512.0,44.0,9.401709401709402,8.8,9.401709401709402,5.900948366701791,2.3006134969325154,33.93587220743141,13.03680981595092,27.66615348998726
27191103906,MARATHA PS CHAURAHA,176,192,184.0,16,9.090909090909092,100.0,0,ACTIVE,True,1,176,192,16,9.090909090909092,51.57232704402516,33.97239263803681,44.53235328162982,INCREASING,68,124,1.82,64.58333333333334,35.41666666666667,-56,44.53235328162982,LOW,4.000000000000618,212.0,20.0,10.416666666666668,4.0,10.416666666666668,32.45521601685985,32.055214723926376,39.54149785854844,33.97239263803681,37.87076629239495
27191105004,SAINT FRANCIS DE SALES HS JALNA ROAD,1526,1668,1598.8,142,9.305373525557012,74.10546247611985,0,ACTIVE,True,6,1526,1668,142,9.305373525557012,98.21802935010481,45.0920245398773,76.9676274260138,INCREASING,1012,656,0.65,39.328537170263786,60.671462829736214,356,76.9676274260138,HIGH,35.50000000000515,1846.0,178.0,10.67146282973621,35.6,10.67146282973621,42.571127502634354,43.86503067484663,63.72658872554693,45.0920245398773,58.13621946984604
27191105005,SAINT FRANCIS DE SALES PS JALNA ROAD,318,348,334.0,30,9.433962264150944,100.0,0,ACTIVE,True,1,318,348,30,9.433962264150944,73.53249475890985,52.760736196319016,65.22379133387352,INCREASING,216,132,0.61,37.93103448275862,62.06896551724138,84,65.22379133387352,MEDIUM,7.4000000000009925,385.0,37.0,10.632183908045976,7.4,10.632183908045976,40.463645943098,41.56441717791411,55.76004167148976,52.760736196319016,54.86025002893853
27191105006,SAINT LAWRENCE PRIMARY SCHOOL,1608,1770,1692.4,162,10.074626865671641,83.07268481105245,0,ACTIVE,True,2,1608,1770,162,10.074626865671641,98.63731656184487,88.65030674846625,94.64251263649342,INCREASING,994,776,0.78,43.84180790960452,56.158192090395474,218,94.64251263649342,HIGH,40.20000000000583,1971.0,201.0,11.35593220338983,40.2,11.35593220338983,73.02423603793467,80.21472392638037,88.8713971524482,88.65030674846625,88.8050700312536
27191105007,SAINT LAWRENCE HS TOWN CENTRE,849,932,888.0,83,9.77620730270907,78.78624747428135,0,ACTIVE,True,7,849,932,83,9.77620730270907,95.28301886792453,74.5398773006135,86.98576224100012,INCREASING,518,414,0.8,44.4206008583691,55.5793991416309,104,86.98576224100012,HIGH,19.6000000000031,1030.0,98.0,10.515021459227468,19.6,10.515021459227468,35.30031612223393,35.736196319018404,66.48593587220743,74.5398773006135,68.90211830072926
27191105009,VASANTRAO NAIK  MAHAVIDYALAY,883,975,928.4,92,10.419026047565119,100.0,0,ACTIVE,True,11,883,975,92,10.419026047565119,95.59748427672956,96.31901840490798,95.88609792800094,INCREASING,578,397,0.69,40.717948717948715,59.282051282051285,181,95.88609792800094,HIGH,22.300000000003376,1087.0,112.0,11.487179487179487,22.4,11.487179487179487,77.3445732349842,84.96932515337423,91.51938881815025,96.31901840490798,92.95927769417756
27191105013,"ST. PATRIC P.S., JALNA ROAD",146,160,153.6,14,9.58904109589041,100.0,0,ACTIVE,True,3,146,160,14,9.58904109589041,44.91614255765199,62.42331288343558,51.919010687965425,INCREASING,98,62,0.63,38.75,61.25000000000001,36,51.919010687965425,MEDIUM,3.4000000000004382,177.0,17.0,10.625,3.4,10.625,40.147523709167544,41.104294478527606,47.593124204190296,62.42331288343558,52.042180807963874
27191105101,CPS INDIRANAGAR BAIJIPURA,263,288,276.2,25,9.505703422053232,49.460973379188445,0,ACTIVE,True,2,263,288,25,9.505703422053232,66.50943396226415,57.97546012269939,63.09584442643825,INCREASING,187,101,0.54,35.06944444444444,64.93055555555556,86,63.09584442643825,MEDIUM,6.400000000000904,320.0,32.0,11.11111111111111,6.4,11.11111111111111,62.328767123287676,67.48466257668711,64.85137168653779,57.97546012269939,62.788598217386266
27191105102,MIRAI MADHYAMIK VIDYALAYA,91,100,95.6,9,9.89010989010989,61.70332394636414,0,ACTIVE,True,7,91,100,9,9.89010989010989,31.813417190775684,80.52147239263803,51.29663927152062,INCREASING,71,29,0.41,28.999999999999996,71.0,42,51.29663927152062,MEDIUM,2.3000000000003475,112.0,12.0,12.0,2.4,12.0,89.8314014752371,97.23926380368098,69.67368908438476,80.52147239263803,72.92802407686074
27191105103,SIR SAYYED MARATHI PS,305,331,316.8,26,8.524590163934425,100.0,0,ACTIVE,True,2,305,331,26,8.524590163934425,71.38364779874213,10.429447852760736,47.00196782034957,INCREASING,226,105,0.46,31.722054380664655,68.27794561933534,121,47.00196782034957,LOW,6.800000000001184,365.0,34.0,10.27190332326284,6.8,10.27190332326284,26.44889357218124,24.846625766871167,38.13983099895821,10.429447852760736,29.826716055098967
27191105105,SIR SAYED URDU PS BAIJIPURA,333,365,349.2,32,9.60960960960961,100.0,0,ACTIVE,True,2,333,365,32,9.60960960960961,75.20964360587003,64.2638036809816,70.83130763591465,INCREASING,152,213,1.4,58.35616438356165,41.64383561643836,-61,70.83130763591465,MEDIUM,7.600000000001101,403.0,38.0,10.41095890410959,7.6,10.41095890410959,32.1390937829294,31.901840490797547,55.259520777867806,64.2638036809816,57.96080564880194
27191105106,LITTLE WONDER ENG PS MOTIWALANAGAR,479,524,500.4,45,9.394572025052192,100.0,0,ACTIVE,True,2,479,524,45,9.394572025052192,86.21593291404612,50.920245398773,72.09765790793688,INCREASING,347,177,0.51,33.778625954198475,66.22137404580153,170,72.09765790793688,MEDIUM,11.70000000000198,583.0,59.0,11.259541984732824,11.8,11.259541984732824,68.59852476290833,74.84662576687117,73.1972450515106,50.920245398773,66.51414515568932
27191105107,MNC HS INDIRANAGAR BAIJIPURA,57,62,59.4,5,8.771929824561402,55.49336389999968,0,ACTIVE,True,8,57,62,5,8.771929824561402,21.0167714884696,,21.0167714884696,INCREASING,38,24,0.63,38.70967741935484,61.29032258064516,14,21.0167714884696,NOT_APPLICABLE,1.300000000000212,69.0,7.0,11.29032258064516,1.4,11.29032258064516,69.75763962065332,,21.0167714884696,,21.0167714884696
27191105108,"MEERAI PS VIDYAMANDIR, INDIRANAGAR BAIJIPURA",182,199,190.0,17,9.340659340659341,100.0,0,ACTIVE,True,2,182,199,17,9.340659340659341,53.144654088050316,46.93251533742331,50.659798587799514,INCREASING,117,82,0.7,41.20603015075377,58.79396984924623,35,50.659798587799514,MEDIUM,4.2000000000006805,220.0,21.0,10.552763819095476,4.2,10.552763819095476,37.19704952581665,37.11656441717792,45.242504919550875,46.93251533742331,45.7495080449126
27191105110,LITTLE WONDER ENG HS,110,120,115.4,10,9.090909090909092,100.0,0,ACTIVE,True,8,110,120,10,9.090909090909092,37.0545073375262,33.97239263803681,35.82166145773044,INCREASING,82,38,0.46,31.666666666666664,68.33333333333333,44,35.82166145773044,LOW,2.5000000000003317,133.0,13.0,10.833333333333334,2.6,10.833333333333334,49.10432033719705,51.99386503067485,42.290542886908206,33.97239263803681,39.79509781224679
27191105111,DR. DESARDA PUBLIC SCHOOL (MARATHI),180,197,188.6,17,9.444444444444445,100.0,0,ACTIVE,True,6,180,197,17,9.444444444444445,52.620545073375254,53.757668711656436,53.075394528687724,INCREASING,122,75,0.61,38.07106598984771,61.92893401015228,47,53.075394528687724,MEDIUM,4.400000000000676,219.0,22.0,11.16751269035533,4.4,11.16751269035533,64.85774499473129,69.86196319018406,59.79002199328626,53.757668711656436,57.98031600879732
27191105112,DR. DESARDA PUBLIC SCHOOL (ENGLISH),384,416,399.8,32,8.333333333333332,100.0,0,ACTIVE,True,6,384,416,32,8.333333333333332,79.66457023060796,6.058282208588957,50.222055021800365,INCREASING,241,175,0.73,42.06730769230769,57.932692307692314,66,50.222055021800365,MEDIUM,8.30000000000132,458.0,42.0,10.096153846153847,8.4,10.096153846153847,20.231822971549,17.94478527607362,37.31114712350967,6.058282208588957,27.93528764903345
27191105113,SUNRISE ENGLISH SCHOOL BAIJIPURA INDIRANAGAR,36,39,37.4,3,8.333333333333332,100.0,0,ACTIVE,True,1,36,39,3,8.333333333333332,13.574423480083858,,13.574423480083858,INCREASING,19,20,1.05,51.28205128205128,48.717948717948715,-1,13.574423480083858,NOT_APPLICABLE,0.7000000000001115,43.0,4.0,10.256410256410255,0.8,10.256410256410255,25.6059009483667,,13.574423480083858,,13.574423480083858
27191105201,CHOUDHARY SK. MANNABI URDU,17,19,18.2,2,11.76470588235294,100.0,0,ACTIVE,True,1,17,19,2,11.76470588235294,6.918238993710692,,6.918238993710692,INCREASING,4,15,3.75,78.94736842105263,21.052631578947366,-11,6.918238993710692,NOT_APPLICABLE,0.5000000000000533,22.0,3.0,15.789473684210526,0.6,15.789473684210526,98.05057955742888,,6.918238993710692,,6.918238993710692
27191105202,AL HUDA URDU PS BAIJIPURA,525,572,546.0,47,8.952380952380953,100.0,0,ACTIVE,True,2,525,572,47,8.952380952380953,88.78406708595388,28.067484662576685,64.497434116603,INCREASING,199,373,1.87,65.20979020979021,34.79020979020979,-174,64.497434116603,MEDIUM,11.700000000002074,631.0,59.0,10.314685314685315,11.8,10.314685314685315,28.451001053740782,27.300613496932513,49.61870586873481,28.067484662576685,43.15333950688737
27191105203,MILLAT URDU PS BAIJIPURA,277,303,289.0,26,9.386281588447654,100.0,0,ACTIVE,True,2,277,303,26,9.386281588447654,68.60587002096436,50.15337423312884,61.224871705830154,INCREASING,117,186,1.59,61.386138613861384,38.613861386138616,-69,61.224871705830154,MEDIUM,6.600000000001121,336.0,33.0,10.891089108910892,6.6,10.891089108910892,52.52897787144363,55.29141104294478,58.851487440676,50.15337423312884,56.24205347841185
27191105204,ZIYAN URDU PS SAMTA NAGAR,286,315,300.8,29,10.13986013986014,100.0,0,ACTIVE,True,2,286,315,29,10.13986013986014,69.54926624737946,91.41104294478528,78.2939769263418,INCREASING,114,201,1.76,63.8095238095238,36.19047619047619,-87,78.2939769263418,HIGH,7.50000000000116,353.0,38.0,12.063492063492063,7.6,12.063492063492063,90.41095890410958,97.85276073619632,86.11749045028361,91.41104294478528,87.7055561986341
27191105206,"AL-Huda Urdu High School, Baijipura",650,714,682.4,64,9.846153846153847,100.0,0,ACTIVE,True,6,650,714,64,9.846153846153847,92.34800838574424,78.37423312883436,86.75849828298028,INCREASING,262,452,1.73,63.305322128851536,36.69467787114846,-190,86.75849828298028,HIGH,16.10000000000244,795.0,81.0,11.344537815126051,16.2,11.344537815126051,72.6027397260274,79.60122699386503,83.89558976733417,78.37423312883436,82.23918277578423
27191105208,MILLAT URDU SCHOOL,56,61,58.8,5,8.928571428571429,100.0,0,ACTIVE,True,7,56,61,5,8.928571428571429,20.49266247379455,,20.49266247379455,INCREASING,22,39,1.77,63.934426229508205,36.0655737704918,-17,20.49266247379455,NOT_APPLICABLE,1.2000000000001467,67.0,6.0,9.836065573770492,1.2,9.836065573770492,12.539515279241305,,20.49266247379455,,20.49266247379455
27191105401,URDU HIGH SCHOOL SANJAYNAGAR,235,257,246.0,22,9.361702127659575,100.0,0,ACTIVE,True,6,235,257,22,9.361702127659575,63.36477987421384,48.466257668711656,57.40537099201296,INCREASING,112,145,1.29,56.42023346303502,43.57976653696498,-33,57.40537099201296,MEDIUM,4.900000000000665,282.0,25.0,9.72762645914397,5.0,9.72762645914397,10.642781875658589,7.208588957055214,37.32665817802987,48.466257668711656,40.6685380252344
27191105402,PADMASHRI SIKANDAR ALI WAJD PS,116,127,121.6,11,9.482758620689655,100.0,0,ACTIVE,True,2,116,127,11,9.482758620689655,38.57442348008386,56.901840490797554,45.90539028436933,INCREASING,58,69,1.19,54.330708661417326,45.66929133858268,-11,45.90539028436933,LOW,2.9000000000004515,142.0,15.0,11.811023622047244,3.0,11.811023622047244,87.03898840885142,94.1717791411043,65.21194582706332,56.901840490797554,62.718914226183585
27191105403,AMAR HS,305,332,317.8,27,8.852459016393443,37.15490517951655,0,ACTIVE,True,6,305,332,27,8.852459016393443,71.69811320754717,23.159509202453986,52.2826716055099,INCREASING,244,88,0.36,26.506024096385545,73.49397590361446,156,52.2826716055099,MEDIUM,6.600000000001084,365.0,33.0,9.939759036144578,6.6,9.939759036144578,15.279241306638566,12.73006134969325,36.46162750318324,23.159509202453986,32.47099201296446
27191105404,AMAR PS SANJAYNAGAR,217,236,226.0,19,8.755760368663594,100.0,0,ACTIVE,True,1,217,236,19,8.755760368663594,60.167714884696025,18.17484662576687,43.37056758112436,INCREASING,160,76,0.48,32.20338983050847,67.79661016949152,84,43.37056758112436,LOW,4.900000000000818,261.0,25.0,10.59322033898305,5.0,10.59322033898305,38.6722866174921,39.11042944785276,41.666512327815724,18.17484662576687,34.619012617201065
27191105405,NEW MODEL MARATHI PS BAIJIPURA,54,59,56.2,5,9.25925925925926,0.0,5,ACTIVE,True,1,54,59,5,9.25925925925926,19.549266247379453,,19.549266247379453,INCREASING,40,19,0.48,32.20338983050847,67.79661016949152,21,19.549266247379453,NOT_APPLICABLE,1.2000000000002116,65.0,6.0,10.16949152542373,1.2,10.16949152542373,21.601685985247627,,19.549266247379453,,19.549266247379453
27191105407,MOMIN AREF URDU PS SANJAYNAGAR,222,242,232.2,20,9.00900900900901,100.0,0,ACTIVE,True,2,222,242,20,9.00900900900901,61.058700209643604,31.13496932515337,49.08920785584751,INCREASING,98,144,1.47,59.50413223140496,40.49586776859504,-46,49.08920785584751,LOW,5.000000000000764,267.0,25.0,10.330578512396695,5.0,10.330578512396695,28.92518440463646,27.99079754601227,40.649843731913414,31.13496932515337,37.795381409885394
27191105408,"SAYEED AHMED KHAN URDU JUNIOR COLLEGE, SANJAYNAGAR",74,82,78.2,8,10.81081081081081,100.0,0,ACTIVE,True,11,74,82,8,10.81081081081081,26.88679245283019,,26.88679245283019,INCREASING,29,53,1.83,64.63414634146342,35.36585365853659,-24,26.88679245283019,LOW,1.900000000000259,92.0,10.0,12.195121951219512,2.0,12.195121951219512,92.2550052687039,,26.88679245283019,,26.88679245283019
27191105409,MOTHER STAR ENGLISH SCHOOL SAJAYNAGAR,18,19,18.4,1,5.555555555555555,0.0,5,ACTIVE,True,2,18,19,1,5.555555555555555,6.918238993710692,,6.918238993710692,INCREASING,17,2,0.12,10.526315789473683,89.47368421052632,15,6.918238993710692,NOT_APPLICABLE,0.30000000000006083,21.0,2.0,10.526315789473683,0.4,10.526315789473683,36.248682824025295,,6.918238993710692,,6.918238993710692
27191105601,PS JINSI RENGTIPURA,19,21,20.2,2,10.526315789473683,0.0,5,ACTIVE,True,2,19,21,2,10.526315789473683,7.756813417190776,,7.756813417190776,INCREASING,15,6,0.4,28.57142857142857,71.42857142857143,9,7.756813417190776,NOT_APPLICABLE,0.5000000000000537,24.0,3.0,14.285714285714285,0.6,14.285714285714285,97.36564805057955,,7.756813417190776,,7.756813417190776
27191105602,ANMOL URDU P.S. JINSI,152,166,158.4,14,9.210526315789473,100.0,0,ACTIVE,True,2,152,166,14,9.210526315789473,46.278825995807125,39.033742331288344,43.38079252999961,INCREASING,94,72,0.77,43.373493975903614,56.62650602409639,22,43.38079252999961,LOW,3.400000000000568,183.0,17.0,10.240963855421686,3.4,10.240963855421686,24.71022128556375,23.38957055214724,35.38430373885866,39.033742331288344,36.479135316587566
27191105603,JAY AMBIKA VIDYA MANDIR,96,105,101.0,9,9.375,100.0,0,ACTIVE,True,2,96,105,9,9.375,33.123689727463315,49.233128834355824,39.56746537022032,INCREASING,67,38,0.57,36.19047619047619,63.8095238095238,29,39.56746537022032,LOW,2.300000000000304,117.0,12.0,11.428571428571429,2.4,11.428571428571429,75.23709167544784,82.51533742331289,56.74661419145734,49.233128834355824,54.49256858432688
27191105604,DNYANPRASAR PS SANJAYNAGAR,458,501,478.6,43,9.388646288209607,100.0,0,ACTIVE,True,2,458,501,43,9.388646288209607,84.958071278826,50.38343558282209,71.12821700042443,INCREASING,324,177,0.55,35.32934131736527,64.67065868263472,147,71.12821700042443,MEDIUM,11.100000000001874,557.0,56.0,11.177644710578843,11.2,11.177644710578843,65.22655426765016,70.39877300613497,70.83643940270863,50.38343558282209,64.70053825674266
27191105605,RASHTRIYA VIDYALAYA BHAVANINAG,180,197,188.4,17,9.444444444444445,100.0,0,ACTIVE,True,6,180,197,17,9.444444444444445,52.620545073375254,53.757668711656436,53.075394528687724,INCREASING,112,85,0.76,43.14720812182741,56.852791878172596,27,53.075394528687724,MEDIUM,4.400000000000709,219.0,22.0,11.16751269035533,4.4,11.16751269035533,64.85774499473129,69.86196319018406,59.79002199328626,53.757668711656436,57.98031600879732
27191105607,CREATIVE WORLD ENGLISH PRIMARY SCHOOL,90,98,93.8,8,8.88888888888889,100.0,0,ACTIVE,True,1,90,98,8,8.88888888888889,31.498951781970653,,31.498951781970653,INCREASING,74,24,0.32,24.489795918367346,75.51020408163265,50,31.498951781970653,LOW,2.100000000000356,109.0,11.0,11.224489795918368,2.2,11.224489795918368,67.33403582718651,,31.498951781970653,,31.498951781970653
27191105801,VISHWAKARMA BALVIDYA MANDIR,66,72,68.8,6,9.090909090909092,0.0,5,ACTIVE,True,2,66,72,6,9.090909090909092,23.89937106918239,,23.89937106918239,INCREASING,40,32,0.8,44.44444444444444,55.55555555555556,8,23.89937106918239,NOT_APPLICABLE,1.5000000000002511,80.0,8.0,11.11111111111111,1.6,11.11111111111111,62.328767123287676,,23.89937106918239,,23.89937106918239
27191105802,VIDNYAN VARDHINI HS,4,4,4.0,0,0.0,0.0,5,ACTIVE,True,6,4,4,0,0.0,2.410901467505241,,2.410901467505241,STABLE_LOW_ENROLLMENT,4,0,0.0,0.0,100.0,4,2.410901467505241,NOT_APPLICABLE,-7.117279225292963e-16,4.0,0.0,0.0,0.0,0.0,1.36986301369863,,2.410901467505241,,2.410901467505241
27191105803,VIDNYAN VARDHINI PS,26,29,27.6,3,11.538461538461538,0.0,5,ACTIVE,True,1,26,29,3,11.538461538461538,10.69182389937107,,10.69182389937107,INCREASING,12,17,1.42,58.620689655172406,41.37931034482759,-5,10.69182389937107,NOT_APPLICABLE,0.7000000000000891,33.0,4.0,13.793103448275861,0.8,13.793103448275861,96.89146469968388,,10.69182389937107,,10.69182389937107
27191105804,PS KAILASNAGAR,88,96,91.8,8,9.090909090909092,100.0,0,ACTIVE,True,2,88,96,8,9.090909090909092,30.92243186582809,,30.92243186582809,INCREASING,55,41,0.75,42.70833333333333,57.291666666666664,14,30.92243186582809,LOW,2.00000000000033,106.0,10.0,10.416666666666668,2.0,10.416666666666668,32.45521601685985,,30.92243186582809,,30.92243186582809
27191105807,WELL GROWTH ENGLISH SCHOOL,214,236,225.0,22,10.2803738317757,100.0,0,ACTIVE,True,2,214,236,22,10.2803738317757,60.167714884696025,94.70858895705521,73.98406451363971,INCREASING,130,106,0.82,44.91525423728814,55.08474576271186,24,73.98406451363971,MEDIUM,5.700000000000907,265.0,29.0,12.288135593220339,5.8,12.288135593220339,92.72918861959958,99.079754601227,84.02234054867462,94.70858895705521,87.2282150711888
27191105902,PS PAITHAN GATE,107,117,112.2,10,9.345794392523365,100.0,0,ACTIVE,True,2,107,117,10,9.345794392523365,36.530398322851156,47.16257668711656,40.78326966855732,INCREASING,59,58,0.98,49.572649572649574,50.427350427350426,1,40.78326966855732,LOW,2.3000000000002983,129.0,12.0,10.256410256410255,2.4,10.256410256410255,25.6059009483667,24.15644171779141,34.13253848825095,47.16257668711656,38.04154994791063
27191105903,AZIM URDU PS SABJI MANDI,228,249,238.4,21,9.210526315789473,100.0,0,ACTIVE,True,2,228,249,21,9.210526315789473,62.106918238993714,39.033742331288344,52.87764787591156,INCREASING,63,186,2.95,74.69879518072288,25.301204819277107,-123,52.87764787591156,MEDIUM,5.300000000000811,276.0,27.0,10.843373493975903,5.4,10.843373493975903,49.52581664910432,52.2239263803681,52.61615927769418,39.033742331288344,48.541434193772425
27191105904,INDIRA GANDHI URDU KANYA SEC. AND HIGH SEC. SCHOOL,186,205,195.8,19,10.21505376344086,60.6275402292041,0,ACTIVE,True,5,186,205,19,10.21505376344086,53.930817610062896,93.55828220858896,69.78180344947333,INCREASING,0,205,1.0,100.0,0.0,-205,69.78180344947333,MEDIUM,4.600000000000641,228.0,23.0,11.219512195121952,4.6,11.219512195121952,66.91253951527925,72.85276073619632,71.01018636416252,93.55828220858896,77.77461511749044
27191105905,SHIVAJI SECONDARY AND HIGHER SECONDARY SCHOOL,562,613,587.4,51,9.07473309608541,92.21649847857302,0,ACTIVE,True,3,562,613,51,9.07473309608541,89.72746331236897,33.282208588957054,67.14936142300421,INCREASING,308,305,0.99,49.7553017944535,50.24469820554649,3,67.14936142300421,MEDIUM,12.500000000001902,676.0,63.0,10.277324632952691,12.6,10.277324632952691,26.97576396206533,25.61349693251534,50.53501562680866,33.282208588957054,45.35917351545317
27191105906,SHIVAJI PS,318,348,333.8,30,9.433962264150944,100.0,0,ACTIVE,True,1,318,348,30,9.433962264150944,73.53249475890985,52.760736196319016,65.22379133387352,INCREASING,188,160,0.85,45.97701149425287,54.02298850574713,28,65.22379133387352,MEDIUM,7.5000000000010365,386.0,38.0,10.919540229885058,7.6,10.919540229885058,53.37197049525817,56.51840490797546,61.7416367635143,52.760736196319016,59.04736659335571
27191105907,NAIM KHAN PS KHOKADPURA,202,221,211.8,19,9.405940594059405,84.8188115473346,0,ACTIVE,True,2,202,221,19,9.405940594059405,56.656184486373164,51.533742331288344,54.60720762433924,INCREASING,105,116,1.1,52.488687782805435,47.511312217194565,-11,54.60720762433924,MEDIUM,4.900000000000723,246.0,25.0,11.312217194570136,5.0,11.312217194570136,71.23287671232876,77.91411042944786,63.929968746382684,51.533742331288344,60.21110082185438
27191105910,AKBER KHAN URDU HS KHOKADPURA,47,51,48.8,4,8.51063829787234,100.0,0,ACTIVE,True,7,47,51,4,8.51063829787234,17.662473794549268,,17.662473794549268,INCREASING,36,15,0.42,29.411764705882355,70.58823529411765,21,17.662473794549268,NOT_APPLICABLE,1.1000000000002026,57.0,6.0,11.76470588235294,1.2,11.76470588235294,85.87987355110643,,17.662473794549268,,17.662473794549268
27191105913,HOLY CHILD ENGLISH SCHOOL,172,189,181.0,17,9.883720930232558,89.17603914909614,0,ACTIVE,True,1,172,189,17,9.883720930232558,50.524109014675055,80.29141104294479,62.43102982598295,INCREASING,105,84,0.8,44.44444444444444,55.55555555555556,21,62.43102982598295,MEDIUM,4.1000000000005565,210.0,21.0,11.11111111111111,4.2,11.11111111111111,62.328767123287676,67.48466257668711,64.45248292626462,80.29141104294479,69.20416136126866
27191105914,"ABDUL AZEEM ENGLISH P.S., PAITHAN GATE",40,44,42.0,4,10.0,47.769248694331935,0,ACTIVE,True,2,40,44,4,10.0,15.670859538784068,,15.670859538784068,INCREASING,39,5,0.13,11.363636363636363,88.63636363636364,34,15.670859538784068,NOT_APPLICABLE,1.000000000000152,49.0,5.0,11.363636363636363,1.0,11.363636363636363,73.49841938883034,,15.670859538784068,,15.670859538784068
27191105915,ALFALAH INTERNATIONAL SCHOOL,33,36,34.4,3,9.090909090909092,100.0,0,ACTIVE,True,2,33,36,3,9.090909090909092,13.050314465408805,,13.050314465408805,INCREASING,25,11,0.44,30.555555555555557,69.44444444444444,14,13.050314465408805,NOT_APPLICABLE,0.7000000000001113,40.0,4.0,11.11111111111111,0.8,11.11111111111111,62.328767123287676,,13.050314465408805,,13.050314465408805
27191106002,BHAGWAN HIGH SCHOOL,94,102,97.6,8,8.51063829787234,100.0,0,ACTIVE,True,7,94,102,8,8.51063829787234,32.18029350104822,9.585889570552148,23.14253192884979,INCREASING,57,45,0.79,44.11764705882353,55.88235294117647,12,23.14253192884979,NOT_APPLICABLE,2.100000000000374,113.0,11.0,10.784313725490197,2.2,10.784313725490197,46.36459430979979,48.61963190184049,33.33337191804607,9.585889570552148,26.209127213797892
27191106004,BHAGWAN PS AJABNAGAR,21,23,22.0,2,9.523809523809524,100.0,0,ACTIVE,True,2,21,23,2,9.523809523809524,8.80503144654088,,8.80503144654088,INCREASING,18,5,0.28,21.73913043478261,78.26086956521739,13,8.80503144654088,NOT_APPLICABLE,0.4000000000000482,25.0,2.0,8.695652173913043,0.4,8.695652173913043,3.108535300316122,,8.80503144654088,,8.80503144654088
27191106005,"GLOBAL ENGLISH PS, NUTAN COLONY",132,145,138.8,13,9.848484848484848,100.0,0,ACTIVE,True,2,132,145,13,9.848484848484848,41.92872117400419,78.6042944785276,56.598950495813554,INCREASING,93,52,0.56,35.86206896551724,64.13793103448275,41,56.598950495813554,MEDIUM,3.300000000000476,162.0,17.0,11.724137931034482,3.4,11.724137931034482,84.61538461538461,92.17791411042946,70.83053594165992,78.6042944785276,73.16266350272022
27191106101,DEVGIRI PS,71,78,74.8,7,9.859154929577464,100.0,0,ACTIVE,True,1,71,78,7,9.859154929577464,25.78616352201258,,25.78616352201258,INCREASING,39,39,1.0,50.0,50.0,0,25.78616352201258,LOW,1.8000000000002487,87.0,9.0,11.538461538461538,1.8,11.538461538461538,79.768177028451,,25.78616352201258,,25.78616352201258
27191106102,DEVGIRI KANYA VIDYALAY,86,94,89.8,8,9.30232558139535,100.0,0,ACTIVE,True,6,86,94,8,9.30232558139535,30.345911949685533,,30.345911949685533,INCREASING,0,94,1.0,100.0,0.0,-94,30.345911949685533,LOW,2.0000000000003237,104.0,10.0,10.638297872340425,2.0,10.638297872340425,40.77976817702845,,30.345911949685533,,30.345911949685533
27191106103,DEVGIRI HS,119,129,123.8,10,8.403361344537815,85.73409344896207,0,ACTIVE,True,6,119,129,10,8.403361344537815,38.88888888888889,6.978527607361963,26.124744376278123,INCREASING,129,0,0.0,0.0,100.0,129,26.124744376278123,LOW,2.40000000000037,141.0,12.0,9.30232558139535,2.4,9.30232558139535,5.005268703898841,1.6104294478527608,16.31901840490798,6.978527607361963,13.516871165644174
27191106104,"PROUDH MAHILA VIDYALAY, SAMARTHNAGAR",101,111,106.4,10,9.900990099009901,100.0,0,ACTIVE,True,6,101,111,10,9.900990099009901,34.85324947589098,80.90490797546013,53.27391287571865,INCREASING,0,111,1.0,100.0,0.0,-111,53.27391287571865,MEDIUM,2.4000000000003077,123.0,12.0,10.81081081081081,2.4,10.81081081081081,47.94520547945205,50.61349693251533,52.209746498437326,80.90490797546013,60.81829494154417
27191106105,RAVINDRA PS SAMARTHNAGAR,0,0,0.0,0,,100.0,0,PROMOTION_ONLY_LEGACY,False,2,0,0,0,,0.3144654088050315,,,LEGACY / NON-OPERATIONAL,0,0,0.0,,,0,,NOT_APPLICABLE,,,,,,,,,,,
27191106106,RAVINDRANATH TAGORE VIDYAMANDIR,37,40,38.2,3,8.108108108108109,100.0,0,ACTIVE,True,7,37,40,3,8.108108108108109,14.046121593291405,,14.046121593291405,INCREASING,28,12,0.43,30.0,70.0,16,14.046121593291405,NOT_APPLICABLE,0.8000000000001601,44.0,4.0,10.0,0.8,10.0,17.281348788198102,,14.046121593291405,,14.046121593291405
27191106108,GREEN FIELD SCHOOL SAMARTH NAGAR,78,86,82.0,8,10.256410256410255,100.0,0,ACTIVE,True,6,78,86,8,10.256410256410255,28.354297693920334,,28.354297693920334,INCREASING,48,38,0.79,44.18604651162791,55.81395348837209,10,28.354297693920334,LOW,2.000000000000302,96.0,10.0,11.627906976744185,2.0,11.627906976744185,82.82402528977872,,28.354297693920334,,28.354297693920334
27191106109,"VIVEKANAND COLLEGE , SAMARTH NAGAR , CHH. SAMBHAJINAGAR",2188,2382,2277.4,194,8.86654478976234,100.0,0,ACTIVE,True,11,2188,2382,194,8.86654478976234,99.68553459119497,23.773006134969325,69.3205232087047,INCREASING,1333,1049,0.79,44.03862300587741,55.96137699412259,284,69.3205232087047,MEDIUM,46.900000000007665,2617.0,235.0,9.865659109991604,47.0,9.865659109991604,13.27713382507903,9.815950920245399,45.518694293320976,23.773006134969325,38.99498784581548
27191106110,Dr. SW. I. B. PATHAK MAHILA MAHAVIDYALYA,333,364,347.6,31,9.30930930930931,100.0,0,ACTIVE,True,11,333,364,31,9.30930930930931,75.0,45.39877300613497,63.15950920245399,INCREASING,92,272,2.96,74.72527472527473,25.274725274725274,-180,63.15950920245399,MEDIUM,7.6000000000012395,402.0,38.0,10.43956043956044,7.6,10.43956043956044,33.08746048472076,32.668711656441715,50.96319018404908,45.39877300613497,49.293865030674844
27191106112,NATIONAL ENGLISH SCHOOL SAMARTHNAGAR,166,181,173.6,15,9.036144578313253,100.0,0,ACTIVE,True,2,166,181,15,9.036144578313253,48.58490566037736,31.901840490797547,41.91167959254543,INCREASING,101,80,0.79,44.19889502762431,55.80110497237569,21,41.91167959254543,LOW,4.000000000000629,201.0,20.0,11.049723756906078,4.0,11.049723756906078,59.06217070600632,64.03374233128835,50.7605046880426,31.901840490797547,45.10290542886908
27191106113,"ANGELS PARADISE MADHYAMIK VIDYALAY, SAMARTH NAGAR",52,57,54.6,5,9.615384615384617,52.935748697156654,0,ACTIVE,True,8,52,57,5,9.615384615384617,19.07756813417191,,19.07756813417191,INCREASING,30,27,0.9,47.368421052631575,52.63157894736842,3,19.07756813417191,NOT_APPLICABLE,1.3000000000001912,64.0,7.0,12.280701754385964,1.4,12.280701754385964,92.51844046364594,,19.07756813417191,,19.07756813417191
27191106201,PS SAMATANAGAR,77,84,80.6,7,9.090909090909092,100.0,0,ACTIVE,True,2,77,84,7,9.090909090909092,27.77777777777778,,27.77777777777778,INCREASING,30,54,1.8,64.28571428571429,35.714285714285715,-24,27.77777777777778,LOW,1.7000000000002402,93.0,9.0,10.714285714285714,1.8,10.714285714285714,44.57323498419389,,27.77777777777778,,27.77777777777778
27191106202,RAHUL PS SAMARTH NAGAR,0,0,0.0,0,,0.0,5,PROMOTION_ONLY_LEGACY,False,2,0,0,0,,0.3144654088050315,,,LEGACY / NON-OPERATIONAL,0,0,0.0,,,0,,NOT_APPLICABLE,,,,,,,,,,,
27191106203,SAMTA DARSHAN PS,238,262,250.8,24,10.084033613445378,94.03244563442293,0,ACTIVE,True,2,238,262,24,10.084033613445378,64.20335429769392,88.95705521472392,74.10483466450592,INCREASING,149,113,0.76,43.12977099236641,56.87022900763359,36,74.10483466450592,MEDIUM,6.1000000000008665,293.0,31.0,11.83206106870229,6.2,11.83206106870229,87.5658587987355,94.93865030674846,82.43836092140293,88.95705521472392,84.39396920939923
27191106301,SHUBHAM MARATHI PS KRANTINAGAR,27,29,27.8,2,7.4074074074074066,100.0,0,ACTIVE,True,2,27,29,2,7.4074074074074066,10.69182389937107,,10.69182389937107,INCREASING,18,11,0.61,37.93103448275862,62.06896551724138,7,10.69182389937107,NOT_APPLICABLE,0.5000000000000984,32.0,3.0,10.344827586206897,0.6,10.344827586206897,29.610115911485774,,10.69182389937107,,10.69182389937107
27191106401,SHISHUVIKAS MANDIR PS,95,104,99.4,9,9.473684210526317,100.0,0,ACTIVE,True,1,95,104,9,9.473684210526317,32.59958071278826,56.28834355828221,42.07508585098584,INCREASING,60,44,0.73,42.30769230769231,57.692307692307686,16,42.07508585098584,LOW,2.2000000000003426,115.0,11.0,10.576923076923077,2.2,10.576923076923077,38.19810326659642,38.57361963190184,40.67449936335224,56.28834355828221,45.358652621831226
27191106402,SHREYAS MS SHREYANAGAR,213,233,222.8,20,9.389671361502346,100.0,0,ACTIVE,True,7,213,233,20,9.389671361502346,59.38155136268344,50.61349693251533,55.8743295906162,INCREASING,129,104,0.81,44.63519313304721,55.36480686695279,25,55.8743295906162,MEDIUM,5.100000000000803,259.0,26.0,11.158798283261802,5.2,11.158798283261802,64.38356164383562,69.1717791411043,61.19330941081144,50.61349693251533,58.0193656673226
27191106403,SHREYAS BALAK MANDIR SHREYANAG,384,420,401.4,36,9.375,67.54272547067926,0,ACTIVE,True,2,384,420,36,9.375,79.9266247379455,49.233128834355824,67.64922637650963,INCREASING,236,184,0.78,43.80952380952381,56.19047619047619,52,67.64922637650963,MEDIUM,8.600000000001337,463.0,43.0,10.238095238095237,8.6,10.238095238095237,24.552160168598526,23.159509202453986,49.85333950688737,49.233128834355824,49.667276305127906
27191106404,"SHISHUVIKAS MANDIR HS, SHREY NAGAR",359,391,374.0,32,8.913649025069638,100.0,0,ACTIVE,True,6,359,391,32,8.913649025069638,77.46331236897275,26.533742331288344,57.09148435389899,INCREASING,227,164,0.72,41.94373401534527,58.05626598465473,63,57.09148435389899,MEDIUM,8.000000000001348,431.0,40.0,10.230179028132993,8.0,10.230179028132993,24.341412012644888,22.85276073619632,43.395994906817926,26.533742331288344,38.337319134159046
27191106405,CUTE DUCKLINGS PUBLIC SCHOOL SHREYA NAGAR,66,72,69.0,6,9.090909090909092,100.0,0,ACTIVE,True,6,66,72,6,9.090909090909092,23.89937106918239,,23.89937106918239,INCREASING,39,33,0.85,45.83333333333333,54.166666666666664,6,23.89937106918239,NOT_APPLICABLE,1.4000000000002029,79.0,7.0,9.722222222222223,1.4,9.722222222222223,10.484720758693362,,23.89937106918239,,23.89937106918239
27191106501,ANANT BHALERAO VID. M. CHETNANAGAR,594,652,622.8,58,9.764309764309765,100.0,0,ACTIVE,True,2,594,652,58,9.764309764309765,90.67085953878407,73.92638036809815,83.97306787050971,INCREASING,313,339,1.08,51.99386503067485,48.00613496932515,-26,83.97306787050971,HIGH,13.800000000002028,721.0,69.0,10.582822085889571,13.8,10.582822085889571,38.46153846153847,38.95705521472393,65.9666628081954,73.92638036809815,68.35457807616622
27191106502,ANANT BHALERAO VIDYA MANDIR MADYAMIK,216,237,226.0,21,9.722222222222223,100.0,0,ACTIVE,True,7,216,237,21,9.722222222222223,60.42976939203354,72.00920245398773,65.06154261681522,INCREASING,124,113,0.91,47.67932489451477,52.320675105485236,11,65.06154261681522,MEDIUM,5.500000000000937,265.0,28.0,11.814345991561181,5.6,11.814345991561181,87.14436248682824,94.32515337423312,76.76698691978238,72.00920245398773,75.33965158004398
27191106601,NARMADA CONVENT SCHOOL SECONDARY,164,179,171.4,15,9.146341463414634,29.323807168069134,0,ACTIVE,True,6,164,179,15,9.146341463414634,48.32285115303983,36.65644171779141,43.65628737894046,INCREASING,86,93,1.08,51.955307262569825,48.04469273743017,-7,43.65628737894046,LOW,3.8000000000005913,198.0,19.0,10.614525139664805,3.8,10.614525139664805,39.51527924130664,40.1840490797546,42.267392059266115,36.65644171779141,40.5841069568237
27191106602,SANSKAR PRABODHINI KANYA PRASHALA,221,242,231.6,21,9.502262443438914,100.0,0,ACTIVE,True,3,221,242,21,9.502262443438914,61.058700209643604,57.74539877300614,59.73337963498862,INCREASING,101,141,1.4,58.26446280991735,41.735537190082646,-40,59.73337963498862,MEDIUM,5.200000000000773,268.0,26.0,10.743801652892563,5.2,10.743801652892563,45.10010537407798,47.08588957055215,54.67438360921403,57.74539877300614,55.59568815835166
27191106603,"BALAJI PS, MUKUNDWADI",40,44,42.0,4,10.0,100.0,0,ACTIVE,True,1,40,44,4,10.0,15.670859538784068,,15.670859538784068,INCREASING,22,22,1.0,50.0,50.0,0,15.670859538784068,NOT_APPLICABLE,1.000000000000152,49.0,5.0,11.363636363636363,1.0,11.363636363636363,73.49841938883034,,15.670859538784068,,15.670859538784068
27191106604,SANSKAR PRABHODHINI PS. SHIVSH,206,225,215.4,19,9.223300970873787,100.0,0,ACTIVE,True,2,206,225,19,9.223300970873787,57.54716981132076,40.03067484662577,50.54057182544277,INCREASING,144,81,0.56,36.0,64.0,63,50.54057182544277,MEDIUM,4.600000000000695,248.0,23.0,10.222222222222223,4.6,10.222222222222223,23.656480505795574,22.162576687116562,39.18937377011228,40.03067484662577,39.441764093066325
27191106701,OYSTER ENGLISH PS SINDHI COLONY,175,192,183.6,17,9.714285714285714,100.0,0,ACTIVE,True,2,175,192,17,9.714285714285714,51.57232704402516,71.62576687116564,59.59370297488135,INCREASING,105,87,0.83,45.3125,54.6875,18,59.59370297488135,MEDIUM,4.200000000000614,213.0,21.0,10.9375,4.2,10.9375,54.21496311907271,57.668711656441715,58.8237064475055,71.62576687116564,62.66432457460354
27191106702,OYSTER ENGLISH HS SINDHI COLONY,81,88,84.2,7,8.641975308641975,100.0,0,ACTIVE,True,7,81,88,7,8.641975308641975,28.721174004192875,,28.721174004192875,INCREASING,51,37,0.73,42.04545454545455,57.95454545454546,14,28.721174004192875,LOW,1.8000000000003082,97.0,9.0,10.227272727272728,1.8,10.227272727272728,24.130663856691253,,28.721174004192875,,28.721174004192875
27191106703,OYSTER ENGLISH JUNIOR COLLEGE,9,10,9.6,1,11.11111111111111,100.0,0,ACTIVE,True,11,9,10,1,11.11111111111111,4.40251572327044,,4.40251572327044,INCREASING,8,2,0.25,20.0,80.0,6,4.40251572327044,NOT_APPLICABLE,0.3000000000000415,12.0,2.0,20.0,0.4,20.0,99.15700737618546,,4.40251572327044,,4.40251572327044
27191106704,G P SCHOOL S N AURANGBAD,24,26,24.8,2,8.333333333333332,43.62954257291972,0,ACTIVE,True,6,24,26,2,8.333333333333332,9.80083857442348,,9.80083857442348,INCREASING,18,8,0.44,30.76923076923077,69.23076923076923,10,9.80083857442348,NOT_APPLICABLE,0.5000000000001,29.0,3.0,11.538461538461538,0.6,11.538461538461538,79.768177028451,,9.80083857442348,,9.80083857442348
27191106802,KARMVIR SHANKARSING NAIK HS,190,209,199.8,19,10.0,100.0,0,ACTIVE,True,6,190,209,19,10.0,54.29769392033543,86.42638036809815,67.14916849944052,INCREASING,113,96,0.85,45.933014354066984,54.066985645933016,17,67.14916849944052,MEDIUM,4.700000000000692,233.0,24.0,11.483253588516746,4.8,11.483253588516746,77.23919915700738,84.8159509202454,74.21588146776247,86.42638036809815,77.87903113786317
27191106803,KARMVIR SHANKARSING NAIK PRIMARY SCHOOL,90,98,94.0,8,8.88888888888889,100.0,0,ACTIVE,True,1,90,98,8,8.88888888888889,31.498951781970653,,31.498951781970653,INCREASING,57,41,0.72,41.83673469387755,58.16326530612245,16,31.498951781970653,LOW,1.8000000000002492,107.0,9.0,9.183673469387756,1.8,9.183673469387756,4.214963119072708,,31.498951781970653,,31.498951781970653
27191106804,KIDS KINGDOM ENG HS,184,202,193.0,18,9.782608695652174,100.0,0,ACTIVE,True,7,184,202,18,9.782608695652174,53.56394129979035,75.0,62.13836477987421,INCREASING,117,85,0.73,42.07920792079208,57.920792079207914,32,62.13836477987421,MEDIUM,4.5000000000006946,225.0,23.0,11.386138613861387,4.6,11.386138613861387,74.28872497365649,81.28834355828221,69.79835629123741,75.0,71.35884940386619
27191106805,"BRILLIANT KIDS ENG SCHOOL, VISHNU NAGAR",507,556,532.2,49,9.664694280078894,100.0,0,ACTIVE,True,2,507,556,49,9.664694280078894,87.89308176100629,68.40490797546013,80.09781224678783,INCREASING,305,251,0.82,45.143884892086334,54.85611510791367,54,80.09781224678783,HIGH,12.000000000001723,616.0,60.0,10.79136690647482,12.0,10.79136690647482,46.57534246575342,48.92638036809816,67.62923949531196,68.40490797546013,67.86194003935641
27191106806,"BRILLIANT KIDS MARATHI P.S, VISHNU NAGAR",674,734,702.2,60,8.902077151335313,85.27769543708182,0,ACTIVE,True,2,674,734,60,8.902077151335313,92.76729559748428,25.306748466257666,65.78307674499364,INCREASING,375,359,0.96,48.91008174386921,51.089918256130794,16,65.78307674499364,MEDIUM,14.700000000002472,808.0,74.0,10.08174386920981,14.8,10.08174386920981,19.599578503688093,17.02453987730061,46.27966199791643,25.306748466257666,39.9877879384188
27191106808,BRILLIANT KIDS MARATHI  H.S. VISHNU NAGAR,82,91,87.0,9,10.975609756097562,100.0,0,ACTIVE,True,8,82,91,9,10.975609756097562,29.40251572327044,,29.40251572327044,INCREASING,57,34,0.6,37.362637362637365,62.637362637362635,23,29.40251572327044,LOW,2.2000000000002777,102.0,11.0,12.087912087912088,2.2,12.087912087912088,90.62170706006323,,29.40251572327044,,29.40251572327044
27191106809,BRILLIANT KIDS ENGLISH H.S.,149,162,155.8,13,8.724832214765101,53.66877634132461,0,ACTIVE,True,8,149,162,13,8.724832214765101,45.44025157232704,16.56441717791411,33.88991781456187,INCREASING,99,63,0.64,38.88888888888889,61.111111111111114,36,33.88991781456187,LOW,3.5000000000005307,180.0,18.0,11.11111111111111,3.6,11.11111111111111,62.328767123287676,67.48466257668711,47.32781571941197,16.56441717791411,38.098796156962614
27191106902,"GAIKWAD OLYMPIAD SCHOOL, GARKHEDA PARISAR",166,183,174.8,17,10.240963855421686,100.0,0,ACTIVE,True,6,166,183,17,10.240963855421686,49.10901467505241,93.71165644171779,66.95007138171857,INCREASING,94,89,0.95,48.63387978142077,51.36612021857923,5,66.95007138171857,MEDIUM,4.300000000000635,205.0,22.0,12.021857923497267,4.4,12.021857923497267,90.20021074815595,97.54601226993866,79.18844773700661,93.71165644171779,83.54541034841996
27191107101,Fransalian School of Excellence,1113,1219,1163.4,106,9.523809523809524,100.0,0,ACTIVE,True,6,1113,1219,106,9.523809523809524,96.85534591194968,59.12576687116564,81.76351429563607,INCREASING,704,515,0.73,42.24774405250205,57.75225594749796,189,81.76351429563607,HIGH,27.000000000004444,1354.0,135.0,11.074651353568498,27.0,11.074651353568498,60.168598524762906,65.6441717791411,75.31577728903808,59.12576687116564,70.45877416367634
27191108502,PS GARKHEDA,195,215,205.4,20,10.256410256410255,100.0,0,ACTIVE,True,2,195,215,20,10.256410256410255,55.39832285115304,94.1717791411043,70.90770536713354,INCREASING,80,135,1.69,62.7906976744186,37.2093023255814,-55,70.90770536713354,MEDIUM,4.900000000000689,240.0,25.0,11.627906976744185,5.0,11.627906976744185,82.82402528977872,90.79754601226993,78.8636416251881,94.1717791411043,83.45608287996295
27191108503,DHARESHWAR SHIK. SAN. PS GARKHEDA,122,134,127.8,12,9.836065573770492,100.0,0,ACTIVE,True,2,122,134,12,9.836065573770492,40.09433962264151,77.6840490797546,55.130223405486745,INCREASING,86,48,0.56,35.82089552238806,64.17910447761194,38,55.130223405486745,MEDIUM,2.900000000000456,149.0,15.0,11.194029850746269,3.0,11.194029850746269,65.85879873551106,71.31901840490798,61.60574140525524,77.6840490797546,66.42923370760505
27191108504,"SOHAM ENGLISH SCHOOL, SATARA PARISAR",130,141,134.8,11,8.461538461538462,100.0,0,ACTIVE,True,2,130,141,11,8.461538461538462,41.35220125786164,8.819018404907975,28.338928116680172,INCREASING,76,65,0.86,46.09929078014184,53.90070921985816,11,28.338928116680172,LOW,2.700000000000489,155.0,14.0,9.929078014184398,2.8,9.929078014184398,14.910432033719706,12.193251533742332,21.880657483505033,8.819018404907975,17.962165759925913
27191108505,"CHEERFUL ENG PRIMARY SCHOOL, ULKANAGRI",39,43,41.0,4,10.256410256410255,100.0,0,ACTIVE,True,2,39,43,4,10.256410256410255,15.199161425576522,,15.199161425576522,INCREASING,24,19,0.79,44.18604651162791,55.81395348837209,5,15.199161425576522,NOT_APPLICABLE,1.000000000000151,48.0,5.0,11.627906976744185,1.0,11.627906976744185,82.82402528977872,,15.199161425576522,,15.199161425576522
27191108507,S N D T JUNIOR COLLEGE GARKHEDA,84,92,88.4,8,9.523809523809524,100.0,0,ACTIVE,True,11,84,92,8,9.523809523809524,29.82180293501048,,29.82180293501048,INCREASING,35,57,1.63,61.95652173913043,38.04347826086957,-22,29.82180293501048,LOW,2.1000000000002883,103.0,11.0,11.956521739130435,2.2,11.956521739130435,89.304531085353,,29.82180293501048,,29.82180293501048
27191108508,THE WORLD SCHOOL GARKHEDA  AURANGABAD,204,223,213.2,19,9.313725490196079,20.640271165063712,0,ACTIVE,True,3,204,223,19,9.313725490196079,57.023060796645694,45.62883435582822,52.465370220318704,INCREASING,124,99,0.8,44.39461883408072,55.60538116591929,25,52.465370220318704,MEDIUM,4.9000000000008015,248.0,25.0,11.210762331838566,5.0,11.210762331838566,66.59641728134879,72.39263803680981,60.43627734691515,45.62883435582822,55.99404444958906
27191108509,HOLLY ANGLES ENGLISH PS RENUKANAGAR GARKHEDA,23,25,24.0,2,8.695652173913043,0.0,5,ACTIVE,True,2,23,25,2,8.695652173913043,9.433962264150944,,9.433962264150944,INCREASING,15,10,0.67,40.0,60.0,5,9.433962264150944,NOT_APPLICABLE,0.6000000000001033,28.0,3.0,12.0,0.6,12.0,89.8314014752371,,9.433962264150944,,9.433962264150944
27191108510,OM VISHVESHWARAY ENGLISH PS,16,18,17.2,2,12.5,0.0,5,ACTIVE,True,2,16,18,2,12.5,6.446540880503145,,6.446540880503145,INCREASING,9,9,1.0,50.0,50.0,0,6.446540880503145,NOT_APPLICABLE,0.5000000000000556,21.0,3.0,16.666666666666664,0.6,16.666666666666664,98.41938883034773,,6.446540880503145,,6.446540880503145
27191108511,V.E.S. KIDS CAMPUS ENGLISH SCHOOL,150,164,156.6,14,9.333333333333334,100.0,0,ACTIVE,True,3,150,164,14,9.333333333333334,45.75471698113208,46.62576687116564,46.10313693714551,INCREASING,91,73,0.8,44.51219512195122,55.487804878048784,18,46.10313693714551,LOW,3.6000000000005996,182.0,18.0,10.975609756097562,3.6,10.975609756097562,55.90094836670178,59.739263803680984,51.55758768375969,46.62576687116564,50.078041439981476
27191108513,CHHATRAPATI SAMBHAJI INTERNATIONAL SCHOOL,398,439,418.0,41,10.301507537688442,100.0,0,ACTIVE,True,2,398,439,41,10.301507537688442,80.92243186582809,95.24539877300614,86.65161862869931,INCREASING,234,205,0.88,46.69703872437358,53.30296127562642,29,86.65161862869931,HIGH,10.200000000001621,490.0,51.0,11.617312072892938,10.2,11.617312072892938,82.40252897787144,90.49079754601227,88.1872901956245,95.24539877300614,90.30472276883899
27191108514,Unique Public School,134,146,140.0,12,8.955223880597014,100.0,0,ACTIVE,True,2,134,146,12,8.955223880597014,42.29559748427673,28.450920245398777,36.757726588725546,INCREASING,78,68,0.87,46.57534246575342,53.42465753424658,10,36.757726588725546,LOW,3.000000000000453,161.0,15.0,10.273972602739725,3.0,10.273972602739725,26.65964172813488,25.153374233128833,32.11598564648686,28.450920245398777,31.016466026160437
27191108515,VIDYASAGAR PRIMARY AND SECONDARY SCHOOL,31,34,32.6,3,9.67741935483871,85.8038258038258,0,ACTIVE,True,6,31,34,3,9.67741935483871,12.631027253668764,,12.631027253668764,INCREASING,21,13,0.62,38.23529411764706,61.76470588235294,8,12.631027253668764,NOT_APPLICABLE,0.700000000000088,38.0,4.0,11.76470588235294,0.8,11.76470588235294,85.87987355110643,,12.631027253668764,,12.631027253668764
27191108601,CPS PRIYADARSHANI INDIRANAGAR,372,403,388.2,31,8.333333333333332,100.0,0,ACTIVE,True,3,372,403,31,8.333333333333332,78.51153039832285,6.058282208588957,49.53023112242929,INCREASING,237,166,0.7,41.19106699751861,58.80893300248139,71,49.53023112242929,LOW,7.700000000001098,442.0,39.0,9.67741935483871,7.8,9.67741935483871,9.957850368809273,6.51840490797546,32.32550063664776,6.058282208588957,24.445335108230115
27191108603,TALAT URDU PS SHANURWADI,291,317,303.8,26,8.934707903780069,100.0,0,ACTIVE,True,2,291,317,26,8.934707903780069,69.81132075471697,27.453987730061353,52.86838754485473,INCREASING,102,215,2.11,67.82334384858044,32.17665615141956,-113,52.86838754485473,MEDIUM,6.400000000000989,349.0,32.0,10.094637223974763,6.4,10.094637223974763,20.12644889357218,17.791411042944784,38.83759694409075,27.453987730061353,35.42251417988193
27191108604,MADHYAMIK VIDYALAYA SHAHANURWADI,184,203,194.2,19,10.326086956521738,100.0,0,ACTIVE,True,6,184,203,19,10.326086956521738,53.721174004192875,95.85889570552148,70.57626268472431,INCREASING,121,82,0.68,40.39408866995074,59.60591133004927,39,70.57626268472431,MEDIUM,4.700000000000633,227.0,24.0,11.822660098522167,4.8,11.822660098522167,87.46048472075869,94.78527607361963,80.25986804028244,95.85889570552148,84.93957633985414
27191108605,BLUE BIRDS PS,113,125,119.6,12,10.619469026548673,100.0,0,ACTIVE,True,2,113,125,12,10.619469026548673,38.259958071278824,98.00613496932516,62.15842883049736,INCREASING,87,38,0.44,30.4,69.6,49,62.15842883049736,MEDIUM,2.8000000000003307,139.0,14.0,11.200000000000001,2.8,11.200000000000001,66.0695468914647,71.62576687116564,65.94536404676467,98.00613496932516,75.56359532353281
27191108606,KARMAYOGI NAMDEORAO PAWAR P S,95,104,99.6,9,9.473684210526317,0.0,5,ACTIVE,True,2,95,104,9,9.473684210526317,32.59958071278826,56.28834355828221,42.07508585098584,INCREASING,61,43,0.7,41.34615384615385,58.65384615384615,18,42.07508585098584,LOW,2.3000000000003467,116.0,12.0,11.538461538461538,2.4,11.538461538461538,79.768177028451,87.9601226993865,60.42910059034611,56.28834355828221,59.18687348072694
27191108607,PADAMSINH PATIL P S,208,228,218.2,20,9.615384615384617,100.0,0,ACTIVE,True,2,208,228,20,9.615384615384617,58.22851153039832,64.95398773006134,60.91870201026353,INCREASING,144,84,0.58,36.84210526315789,63.1578947368421,60,60.91870201026353,MEDIUM,5.200000000000796,254.0,26.0,11.403508771929824,5.2,11.403508771929824,74.65753424657534,81.82515337423312,69.28128255585136,64.95398773006134,67.98309410811436
27191108608,AMANVISHWA HS GARKHEDA,271,296,284.0,25,9.22509225092251,100.0,0,ACTIVE,True,6,271,296,25,9.22509225092251,67.81970649895179,40.1840490797546,56.765443531272915,INCREASING,170,126,0.74,42.567567567567565,57.432432432432435,44,56.765443531272915,MEDIUM,6.400000000000941,328.0,32.0,10.81081081081081,6.4,10.81081081081081,47.94520547945205,50.61349693251533,54.304664891769875,40.1840490797546,50.06848014816529
27191108609,TALAT HS,138,151,144.2,13,9.420289855072465,100.0,0,ACTIVE,True,7,138,151,13,9.420289855072465,43.50104821802935,52.07055214723927,46.92884978971331,INCREASING,43,108,2.51,71.52317880794702,28.47682119205298,-65,46.92884978971331,LOW,3.2000000000005175,167.0,16.0,10.596026490066226,3.2,10.596026490066226,39.04109589041096,39.64723926380368,44.01620557934946,52.07055214723927,46.4325095497164
27191108610,GOUSIYA URDU P.S.,336,365,350.0,29,8.630952380952381,100.0,0,ACTIVE,True,2,336,365,29,8.630952380952381,75.20964360587003,14.263803680981596,50.831307635914655,INCREASING,128,237,1.85,64.93150684931507,35.06849315068493,-109,50.831307635914655,MEDIUM,7.800000000001301,404.0,39.0,10.684931506849315,7.8,10.684931506849315,42.99262381454162,44.47852760736196,48.29019562449358,14.263803680981596,38.082278041439984
27191108611,NETAJI SUBHASH MARATHI PS,176,195,186.2,19,10.795454545454545,89.22824237398147,0,ACTIVE,True,2,176,195,19,10.795454545454545,52.04402515723271,99.079754601227,70.85831693483043,INCREASING,104,91,0.88,46.666666666666664,53.333333333333336,13,70.85831693483043,MEDIUM,4.800000000000661,219.0,24.0,12.307692307692308,4.8,12.307692307692308,92.83456269757639,99.23312883435584,82.2082416946406,99.079754601227,87.26969556661652
27191108612,KIDS MAGIC ENGLISH SCHOOL,70,77,73.8,7,10.0,0.0,5,ACTIVE,True,2,70,77,7,10.0,25.366876310272534,,25.366876310272534,INCREASING,32,45,1.41,58.44155844155844,41.55844155844156,-13,25.366876310272534,LOW,1.800000000000245,86.0,9.0,11.688311688311687,1.8,11.688311688311687,84.29926238145417,,25.366876310272534,,25.366876310272534
27191108613,DING DONG ENG PS SHAHNOORWADI,40,43,41.2,3,7.5,0.0,5,ACTIVE,True,1,40,43,3,7.5,15.199161425576522,,15.199161425576522,INCREASING,23,20,0.87,46.51162790697674,53.48837209302325,3,15.199161425576522,NOT_APPLICABLE,0.800000000000162,47.0,4.0,9.30232558139535,0.8,9.30232558139535,5.005268703898841,,15.199161425576522,,15.199161425576522
27191108614,PODAR INTERNATIONAL SCHOOL (CBSE) SUTGIRNI ROAD,1262,1378,1316.6,116,9.19175911251981,100.0,0,ACTIVE,True,3,1262,1378,116,9.19175911251981,97.79874213836479,38.190184049079754,73.95531890265077,INCREASING,764,614,0.8,44.55732946298984,55.442670537010166,150,73.95531890265077,MEDIUM,27.50000000000426,1516.0,138.0,10.014513788098693,27.6,10.014513788098693,18.651211801896732,15.644171779141105,50.630860053246906,38.190184049079754,46.89865725199675
27191108615,MNC HS PRIYADARSHANI INDRANAGAR,63,69,66.0,6,9.523809523809524,100.0,0,ACTIVE,True,8,63,69,6,9.523809523809524,23.165618448637318,,23.165618448637318,INCREASING,40,29,0.72,42.028985507246375,57.971014492753625,11,23.165618448637318,NOT_APPLICABLE,1.600000000000257,77.0,8.0,11.594202898550725,1.6,11.594202898550725,81.77028451001054,,23.165618448637318,,23.165618448637318
27191108616,"SAI DREAMZ SCHOOL SATARA PARISAR, BEED BY PASS",172,188,179.6,16,9.30232558139535,0.0,5,ACTIVE,True,2,172,188,16,9.30232558139535,50.314465408805034,44.70858895705521,48.0721148281051,INCREASING,100,88,0.88,46.808510638297875,53.191489361702125,12,48.0721148281051,LOW,4.0000000000006475,208.0,20.0,10.638297872340425,4.0,10.638297872340425,40.77976817702845,41.717791411042946,45.53038546128023,44.70858895705521,45.28384651001272
27191108617,BLUE BIRDS ENGLISH HIGH SCHOOL,58,63,60.2,5,8.620689655172415,68.61744824577914,0,ACTIVE,True,7,58,63,5,8.620689655172415,21.540880503144656,,21.540880503144656,INCREASING,41,22,0.54,34.92063492063492,65.07936507936508,19,21.540880503144656,NOT_APPLICABLE,1.2000000000002076,69.0,6.0,9.523809523809524,1.2,9.523809523809524,7.4288724973656475,,21.540880503144656,,21.540880503144656
27191108619,ELLORA ENGLISH H.S. BEED BY PASS ROAD,380,415,397.4,35,9.210526315789473,100.0,0,ACTIVE,True,3,380,415,35,9.210526315789473,79.50733752620545,39.033742331288344,63.317899448238606,INCREASING,233,182,0.78,43.855421686746986,56.144578313253014,51,63.317899448238606,MEDIUM,8.700000000001308,459.0,44.0,10.602409638554217,8.8,10.602409638554217,39.251844046364596,39.95398773006135,53.972334760967705,39.033742331288344,49.4907570320639
27191108621,"ELLORA ENGLISH P.S., NAIKNAGAR",261,287,273.8,26,9.961685823754788,100.0,0,ACTIVE,True,1,261,287,26,9.961685823754788,66.24737945492663,84.3558282208589,73.49075896129953,INCREASING,167,120,0.72,41.81184668989547,58.18815331010453,47,73.49075896129953,MEDIUM,6.500000000001023,320.0,33.0,11.498257839721255,6.6,11.498257839721255,78.08219178082192,86.04294478527608,78.51163329089016,84.3558282208589,80.26489176988078
27191108622,VIJAYA ENGLISH PS GARKHEDA PARISAR,136,148,141.4,12,8.823529411764707,100.0,0,ACTIVE,True,2,136,148,12,8.823529411764707,43.08176100628931,21.549079754601227,34.468688505614075,INCREASING,80,68,0.85,45.94594594594595,54.054054054054056,12,34.468688505614075,LOW,3.000000000000525,163.0,15.0,10.135135135135135,3.0,10.135135135135135,20.758693361433085,18.711656441717793,28.165875680055564,21.549079754601227,26.180836902419262
27191108623,THE JAIN INTERNATIONAL SCHOOL JABINDA TAWN,1157,1268,1213.8,111,9.593777009507347,100.0,0,ACTIVE,True,3,1157,1268,111,9.593777009507347,97.22222222222221,62.73006134969326,83.42535787321063,INCREASING,714,554,0.78,43.69085173501578,56.30914826498423,160,83.42535787321063,HIGH,26.10000000000367,1399.0,131.0,10.33123028391167,26.2,10.33123028391167,29.083245521601686,28.22085889570552,61.34355828220858,62.73006134969326,61.759509202453984
27191108624,GURUKUL OLYMPIAD SCHOOL SHAHANURWADI AURANGABAD,1633,1782,1708.8,149,9.124311083894671,100.0,0,ACTIVE,True,6,1633,1782,149,9.124311083894671,98.74213836477988,35.12269938650307,73.29436277346915,INCREASING,979,803,0.82,45.06172839506173,54.93827160493827,176,73.29436277346915,MEDIUM,35.400000000005,1959.0,177.0,9.932659932659933,35.4,9.932659932659933,15.068493150684931,12.423312883435583,48.94594281745572,35.12269938650307,44.79896978816993
27191108626,OM MADHYAMIK VA UCCHA MADHAYAMIK VIDHYALAYA,76,82,78.8,6,7.894736842105263,100.0,0,ACTIVE,True,10,76,82,6,7.894736842105263,26.88679245283019,,26.88679245283019,INCREASING,57,25,0.44,30.48780487804878,69.51219512195121,32,26.88679245283019,LOW,1.5000000000002485,90.0,8.0,9.75609756097561,1.6,9.75609756097561,11.116965226554267,,26.88679245283019,,26.88679245283019
27191108627,KUBA URDU PRIMARY SCHOOL SHAHANOOR WADI,226,246,235.0,20,8.849557522123893,100.0,0,ACTIVE,True,2,226,246,20,8.849557522123893,61.740041928721176,23.006134969325153,46.24647914496276,INCREASING,121,125,1.03,50.81300813008131,49.1869918699187,-4,46.24647914496276,LOW,5.100000000000895,272.0,26.0,10.569105691056912,5.2,10.569105691056912,37.61854583772392,37.73006134969325,42.83991202685496,23.006134969325153,36.88977890959602
27191108705,SHRI VIDYA BALAK MANDIR PS ULKANAGRI,210,231,221.2,21,10.0,100.0,0,ACTIVE,True,1,210,231,21,10.0,58.909853249475894,86.42638036809815,69.9164640969248,INCREASING,113,118,1.04,51.082251082251084,48.917748917748916,-5,69.9164640969248,MEDIUM,5.200000000000711,257.0,26.0,11.255411255411255,5.2,11.255411255411255,68.4931506849315,74.69325153374233,71.82717907165181,86.42638036809815,76.20693946058572
27191108706,SANSKAR DREAM SCHOOL SHIVAJINAGAR,131,144,137.8,13,9.923664122137405,100.0,0,ACTIVE,True,1,131,144,13,9.923664122137405,41.77148846960168,82.82208588957054,58.19172743758922,INCREASING,71,73,1.03,50.69444444444444,49.30555555555556,-2,58.19172743758922,MEDIUM,3.100000000000424,160.0,16.0,11.11111111111111,3.2,11.11111111111111,62.328767123287676,67.48466257668711,61.90890149322838,82.82208588957054,68.18285681213104
27191108707,"OM PRATHMIK VIDYA MANDIR, SAHKAR BANK COLONY",307,339,324.6,32,10.423452768729643,100.0,0,ACTIVE,True,2,307,339,32,10.423452768729643,72.27463312368972,96.47239263803681,81.95373692942856,INCREASING,195,144,0.74,42.47787610619469,57.52212389380531,51,81.95373692942856,HIGH,7.8000000000009875,378.0,39.0,11.504424778761061,7.8,11.504424778761061,78.34562697576396,86.42638036809815,83.74279430489639,96.47239263803681,87.5616738048385
27191108710,CHILDREN PARK ENGLISH SCHOOL ULKANAGARI,142,155,148.2,13,9.15492957746479,0.0,5,ACTIVE,True,2,142,155,13,9.15492957746479,44.339622641509436,36.809815950920246,41.32769996527376,INCREASING,91,64,0.7,41.29032258064516,58.70967741935483,27,41.32769996527376,LOW,3.2000000000005078,171.0,16.0,10.32258064516129,3.2,10.32258064516129,28.556375131717598,27.453987730061353,35.7782150711888,36.809815950920246,36.08769533510823
27191108801,TRIMURTI HS JAVAHAR COLONY,100,108,103.8,8,8.0,54.12788461493609,0,ACTIVE,True,7,100,108,8,8.0,33.909853249475894,2.4539877300613497,21.327507041710078,INCREASING,57,51,0.89,47.22222222222222,52.77777777777778,6,21.327507041710078,NOT_APPLICABLE,2.00000000000033,118.0,10.0,9.25925925925926,2.0,9.25925925925926,4.5837723919915705,1.2269938650306749,13.287301771038317,2.4539877300613497,10.037307558745226
27191108802,JAI BHAVANI VIDYAMANDIR H.S.,1032,1132,1081.4,100,9.689922480620156,25.227126112982024,0,ACTIVE,True,3,1032,1132,100,9.689922480620156,96.54088050314465,69.6319018404908,85.77728903808311,INCREASING,631,501,0.79,44.25795053003533,55.74204946996466,130,85.77728903808311,HIGH,25.700000000003985,1261.0,129.0,11.395759717314489,25.8,11.395759717314489,74.3940990516333,81.44171779141104,84.04306053941428,69.6319018404908,79.71971292973723
27191108803,JAI BHAVANI VIDYAMANDIR PS,256,279,267.6,23,8.984375,62.74000756237937,0,ACTIVE,True,1,256,279,23,8.984375,65.88050314465409,29.754601226993866,51.430142377589995,INCREASING,143,136,0.95,48.74551971326165,51.25448028673835,7,51.430142377589995,MEDIUM,5.7000000000008715,308.0,29.0,10.39426523297491,5.8,10.39426523297491,31.612223393045312,31.13496932515337,43.31207315661534,29.754601226993866,39.244831577728895
27191108804,TRIMURTI PS,39,42,40.4,3,7.6923076923076925,100.0,0,ACTIVE,True,2,39,42,3,7.6923076923076925,14.727463312368974,,14.727463312368974,INCREASING,28,14,0.5,33.33333333333333,66.66666666666666,14,14.727463312368974,NOT_APPLICABLE,0.7000000000001132,46.0,4.0,9.523809523809524,0.8,9.523809523809524,7.4288724973656475,,14.727463312368974,,14.727463312368974
27191108903,"ICON ENG SCHOOL, JYOTI NAGAR",60,65,62.6,5,8.333333333333332,100.0,0,ACTIVE,True,6,60,65,5,8.333333333333332,22.169811320754718,,22.169811320754718,INCREASING,35,30,0.86,46.15384615384615,53.84615384615385,5,22.169811320754718,NOT_APPLICABLE,1.3000000000001926,72.0,7.0,10.76923076923077,1.4,10.76923076923077,45.732349841938884,,22.169811320754718,,22.169811320754718
27191108904,CHERUB PRIMARY SCHOOL SHAHNOORWADI,290,318,304.6,28,9.655172413793103,100.0,0,ACTIVE,True,2,290,318,28,9.655172413793103,69.9685534591195,67.71472392638037,69.06702164602385,INCREASING,168,150,0.89,47.16981132075472,52.83018867924528,18,69.06702164602385,MEDIUM,7.000000000001011,353.0,35.0,11.0062893081761,7.0,11.0062893081761,57.112750263435196,61.19631901840491,65.91874059497627,67.71472392638037,66.4575355943975
27191108905,BHASKARACHARYA ENG SCHOOL SHAHNOOR WADI,118,129,123.4,11,9.322033898305085,100.0,0,ACTIVE,True,7,118,129,11,9.322033898305085,38.88888888888889,45.858895705521476,41.676891615541926,INCREASING,76,53,0.7,41.08527131782946,58.91472868217055,23,41.676891615541926,LOW,2.600000000000395,142.0,13.0,10.077519379844961,2.6,10.077519379844961,19.230769230769234,16.487730061349694,31.601226993865033,45.858895705521476,35.87852760736196
27191108907,"MARATHI PRIMARY SCHOO, JYOTI NAGAR",524,570,545.2,46,8.778625954198473,0.0,5,ACTIVE,True,2,524,570,46,8.778625954198473,88.57442348008385,19.631901840490798,60.99741482424663,INCREASING,337,233,0.69,40.87719298245614,59.122807017543856,104,60.99741482424663,MEDIUM,12.100000000002105,631.0,61.0,10.701754385964913,12.2,10.701754385964913,44.0463645943098,46.012269938650306,55.003356870008105,19.631901840490798,44.39192036115291
27191109001,PS EKNATHNAGAR,158,172,164.2,14,8.860759493670885,100.0,0,ACTIVE,True,2,158,172,14,8.860759493670885,47.117400419287215,23.542944785276074,37.68761816568276,INCREASING,74,98,1.32,56.97674418604651,43.02325581395349,-24,37.68761816568276,LOW,3.300000000000566,189.0,17.0,9.883720930232558,3.4,9.883720930232558,14.067439409905164,10.966257668711657,26.99907396689432,23.542944785276074,25.962235212408846
27191109002,NAGSEN VIDYALAYA AND JR.COLLEGE PHULENAGAR,362,394,378.2,32,8.83977900552486,100.0,0,ACTIVE,True,3,362,394,32,8.83977900552486,77.88259958071279,22.23926380368098,55.62526526990007,INCREASING,206,188,0.91,47.71573604060914,52.28426395939086,18,55.62526526990007,MEDIUM,7.800000000001156,433.0,39.0,9.898477157360407,7.8,9.898477157360407,14.488935721812435,11.579754601226993,38.00706100243084,22.23926380368098,33.27672184280588
27191109003,ADARSH PS EKNATHNAGAR,95,103,99.0,8,8.421052631578947,0.0,5,ACTIVE,True,2,95,103,8,8.421052631578947,32.28511530398323,7.822085889570553,22.49990353821816,INCREASING,50,53,1.06,51.45631067961165,48.54368932038835,-3,22.49990353821816,NOT_APPLICABLE,2.0000000000003073,113.0,10.0,9.70873786407767,2.0,9.70873786407767,10.326659641728135,6.901840490797547,16.260678319249912,7.822085889570553,13.729100590346103
27191109004,BHAGIRATHIBAI MARATHI PS,517,566,541.8,49,9.477756286266924,100.0,0,ACTIVE,True,2,517,566,49,9.477756286266924,88.41719077568135,56.74846625766872,75.7497009684763,INCREASING,300,266,0.89,46.996466431095406,53.003533568904594,34,75.7497009684763,HIGH,11.50000000000163,624.0,58.0,10.247349823321555,11.6,10.247349823321555,24.92096944151739,23.696319018404907,54.92834818844774,56.74846625766872,55.47438360921403
27191109005,VARAD VIDYA MANDIR PRASHALA SHIVAJI NAGR,342,371,355.0,29,8.47953216374269,100.0,0,ACTIVE,True,2,342,371,29,8.47953216374269,76.15303983228512,9.355828220858896,49.43415518771462,INCREASING,183,188,1.03,50.673854447439346,49.32614555256065,-5,49.43415518771462,LOW,7.300000000001291,408.0,37.0,9.973045822102426,7.4,9.973045822102426,16.12223393045311,13.957055214723926,35.243315198518346,9.355828220858896,27.47706910522051
27191109006,BLU SKY INTERNATIONAL SCHOOL,176,191,182.8,15,8.522727272727272,100.0,0,ACTIVE,True,1,176,191,15,8.522727272727272,51.0482180293501,10.122699386503067,34.67801057221129,INCREASING,94,97,1.03,50.78534031413613,49.21465968586388,-3,34.67801057221129,LOW,4.200000000000756,212.0,21.0,10.99476439790576,4.2,10.99476439790576,56.902002107481565,60.88957055214724,45.162634564185666,10.122699386503067,34.650654010880885
27191109101,PS GIRL OSMANPURA,268,294,280.4,26,9.701492537313433,100.0,0,ACTIVE,True,2,268,294,26,9.701492537313433,67.24318658280922,70.70552147239265,68.62812053864259,INCREASING,162,132,0.81,44.89795918367347,55.10204081632652,30,68.62812053864259,MEDIUM,6.50000000000106,327.0,33.0,11.224489795918368,6.6,11.224489795918368,67.33403582718651,73.38957055214725,70.53270054404446,70.70552147239265,70.5845468225489
27191109103,INDIRA GANDHI  KANYA VIDYALAY MARATHI,21,23,21.8,2,9.523809523809524,100.0,0,ACTIVE,True,6,21,23,2,9.523809523809524,8.80503144654088,,8.80503144654088,INCREASING,0,23,1.0,100.0,0.0,-23,8.80503144654088,NOT_APPLICABLE,0.5000000000000978,26.0,3.0,13.043478260869565,0.6,13.043478260869565,95.41622760800843,,8.80503144654088,,8.80503144654088
27191109104,URDU PS OSMANPURA,50,54,51.8,4,8.0,100.0,0,ACTIVE,True,2,50,54,4,8.0,18.553459119496853,,18.553459119496853,INCREASING,11,43,3.91,79.62962962962963,20.37037037037037,-32,18.553459119496853,NOT_APPLICABLE,1.0000000000001743,59.0,5.0,9.25925925925926,1.0,9.25925925925926,4.5837723919915705,,18.553459119496853,,18.553459119496853
27191109105,INDIRA GANDHI URDU KANYA SEC. AND HIGH SEC. SCHOOL,177,191,183.4,14,7.909604519774012,100.0,0,ACTIVE,True,3,177,191,14,7.909604519774012,51.0482180293501,2.0705521472392636,31.457151676505767,INCREASING,0,191,1.0,100.0,0.0,-191,31.457151676505767,LOW,3.7000000000006428,210.0,19.0,9.947643979057592,3.8,9.947643979057592,15.384615384615385,12.883435582822086,24.027665239032295,2.0705521472392636,17.440531311494382
27191109107,NALANDA PS RAMANAGAR,8,9,8.6,1,12.5,100.0,0,ACTIVE,True,1,8,9,1,12.5,4.035639412997904,,4.035639412997904,INCREASING,4,5,1.25,55.55555555555556,44.44444444444444,-1,4.035639412997904,NOT_APPLICABLE,0.300000000000041,11.0,2.0,22.22222222222222,0.4,22.22222222222222,99.52581664910431,,4.035639412997904,,4.035639412997904
27191109108,GURUTEG BAHADUR ENGLISH OSMANP,84,92,88.0,8,9.523809523809524,100.0,0,ACTIVE,True,1,84,92,8,9.523809523809524,29.82180293501048,,29.82180293501048,INCREASING,61,31,0.51,33.69565217391305,66.30434782608695,30,29.82180293501048,LOW,1.8000000000002465,101.0,9.0,9.782608695652174,1.8,9.782608695652174,11.591148577449948,,29.82180293501048,,29.82180293501048
27191109109,MODERN MARATHI PRIMARY SCHOOL,67,74,70.6,7,10.44776119402985,100.0,0,ACTIVE,True,2,67,74,7,10.44776119402985,24.58071278825996,,24.58071278825996,INCREASING,47,27,0.57,36.486486486486484,63.51351351351351,20,24.58071278825996,NOT_APPLICABLE,1.8000000000002645,83.0,9.0,12.162162162162163,1.8,12.162162162162163,91.93888303477344,,24.58071278825996,,24.58071278825996
27191109110,NALANDA VIDYALAYA AND JR.COLLEGE MUKUNDNAGAR,206,221,212.4,15,7.281553398058252,38.730799567361494,0,ACTIVE,True,3,206,221,15,7.281553398058252,56.656184486373164,0.15337423312883436,34.055060385075436,INCREASING,115,106,0.92,47.963800904977376,52.03619909502263,9,34.055060385075436,LOW,4.00000000000077,241.0,20.0,9.049773755656108,4.0,9.049773755656108,3.7934668071654376,0.6134969325153374,20.678435004051394,0.15337423312883436,14.520916772774624
27191109111,NOOR URDU PS OSMANPURA,330,364,347.6,34,10.303030303030303,100.0,0,ACTIVE,True,2,330,364,34,10.303030303030303,75.0,95.39877300613497,83.15950920245399,INCREASING,150,214,1.43,58.791208791208796,41.208791208791204,-64,83.15950920245399,HIGH,8.300000000001178,406.0,42.0,11.538461538461538,8.4,11.538461538461538,79.768177028451,87.9601226993865,85.079754601227,95.39877300613497,88.17546012269938
27191109112,SHRI GURUTEGH BAHADUR ENG HS OSMANPURA,280,307,293.2,27,9.642857142857144,22.565001238316,0,ACTIVE,True,6,280,307,27,9.642857142857144,68.86792452830188,66.71779141104295,68.00787128139831,INCREASING,207,100,0.48,32.57328990228013,67.42671009771986,107,68.00787128139831,MEDIUM,6.900000000001092,342.0,35.0,11.400651465798045,7.0,11.400651465798045,74.49947312961012,81.59509202453987,73.44275957865494,66.71779141104295,71.42526912837134
27191109114,NOOR URDU HS OSMANPURA,139,151,144.4,12,8.633093525179856,100.0,0,ACTIVE,True,7,139,151,12,8.633093525179856,43.50104821802935,14.417177914110429,31.86750009646178,INCREASING,65,86,1.32,56.95364238410596,43.04635761589404,-21,31.86750009646178,LOW,3.0000000000005365,166.0,15.0,9.933774834437086,3.0,9.933774834437086,15.17386722866175,12.576687116564417,24.151174904502835,14.417177914110429,21.23097580738511
27191109116,Memar-e-deccan Urdu Primary School Osmanpura,57,62,59.4,5,8.771929824561402,100.0,0,ACTIVE,True,2,57,62,5,8.771929824561402,21.0167714884696,,21.0167714884696,INCREASING,27,35,1.3,56.451612903225815,43.54838709677419,-8,21.0167714884696,NOT_APPLICABLE,1.300000000000212,69.0,7.0,11.29032258064516,1.4,11.29032258064516,69.75763962065332,,21.0167714884696,,21.0167714884696
27191109201,ABDUL RAHIM NATIONAL PS,195,213,204.0,18,9.230769230769232,100.0,0,ACTIVE,True,1,195,213,18,9.230769230769232,54.926624737945495,40.56748466257669,49.18296870779797,INCREASING,64,149,2.33,69.95305164319248,30.046948356807512,-85,49.18296870779797,LOW,4.500000000000694,236.0,23.0,10.7981220657277,4.6,10.7981220657277,46.89146469968388,49.38650306748466,49.264382451672645,40.56748466257669,46.65531311494385
27191109202,ABDUL RAHIM HS,303,330,315.0,27,8.91089108910891,100.0,0,ACTIVE,True,6,303,330,27,8.91089108910891,71.17400419287212,26.150306748466257,53.16452521510977,INCREASING,100,230,2.3,69.6969696969697,30.303030303030305,-130,53.16452521510977,MEDIUM,6.700000000001176,364.0,34.0,10.303030303030303,6.8,10.303030303030303,27.81875658587987,26.68711656441718,42.57356175483273,26.150306748466257,37.64658525292279
27191109401,NUTAN MADHYAMIK VIDYALAYA BANSILALNAGAR,169,185,176.6,16,9.467455621301776,80.80968171731061,0,ACTIVE,True,6,169,185,16,9.467455621301776,49.63312368972746,55.674846625766875,52.04981286414323,INCREASING,118,67,0.57,36.21621621621622,63.78378378378379,51,52.04981286414323,MEDIUM,3.800000000000602,204.0,19.0,10.27027027027027,3.8,10.27027027027027,26.29083245521602,24.616564417177912,41.0765134853571,55.674846625766875,45.45601342748003
27191109402,JAGRUTI PS BANSILAL NAGAR,759,828,792.0,69,9.090909090909092,100.0,0,ACTIVE,True,2,759,828,69,9.090909090909092,93.9203354297694,33.97239263803681,69.94115831307636,INCREASING,376,452,1.2,54.589371980676326,45.410628019323674,-76,69.94115831307636,MEDIUM,17.400000000002812,915.0,87.0,10.507246376811594,17.4,10.507246376811594,34.77344573234984,34.96932515337423,55.952425049195504,33.97239263803681,49.35841532584789
27191109403,MNC HS BANSILALNAGAR,37,40,38.2,3,8.108108108108109,0.0,5,ACTIVE,True,8,37,40,3,8.108108108108109,14.046121593291405,,14.046121593291405,INCREASING,20,20,1.0,50.0,50.0,0,14.046121593291405,NOT_APPLICABLE,0.8000000000001601,44.0,4.0,10.0,0.8,10.0,17.281348788198102,,14.046121593291405,,14.046121593291405
27191109404,CPS BANSILALNAGAR,78,85,81.4,7,8.974358974358974,0.0,5,ACTIVE,True,2,78,85,7,8.974358974358974,28.09224318658281,,28.09224318658281,INCREASING,38,47,1.24,55.294117647058826,44.70588235294118,-9,28.09224318658281,LOW,1.9000000000003205,95.0,10.0,11.76470588235294,2.0,11.76470588235294,85.87987355110643,,28.09224318658281,,28.09224318658281
27191109405,JAGRUTI HIGH SCHOOL,377,408,389.6,31,8.222811671087534,100.0,0,ACTIVE,True,7,377,408,31,8.222811671087534,78.87840670859538,4.9079754601226995,49.29023420920631,INCREASING,229,179,0.78,43.872549019607845,56.127450980392155,50,49.29023420920631,LOW,7.900000000001536,448.0,40.0,9.803921568627452,8.0,9.803921568627452,11.95995785036881,8.358895705521473,32.91769880773237,4.9079754601226995,24.514781803449466
27191109406,KIDS PRIDE ENGLISH SCHOOL RAILWAY STATION AURANGABAD,176,191,183.0,15,8.522727272727272,100.0,0,ACTIVE,True,3,176,191,15,8.522727272727272,51.0482180293501,10.122699386503067,34.67801057221129,INCREASING,122,69,0.57,36.12565445026178,63.87434554973822,53,34.67801057221129,LOW,3.6000000000005854,209.0,18.0,9.424083769633508,3.6,9.424083769633508,6.217070600632244,2.7607361963190185,21.91110082185438,10.122699386503067,18.374580391248983
27191109407,SAPLING HERITAGE SCHOOL,10,11,10.4,1,10.0,0.0,5,ACTIVE,True,2,10,11,1,10.0,4.716981132075472,,4.716981132075472,INCREASING,7,4,0.57,36.36363636363637,63.63636363636363,3,4.716981132075472,NOT_APPLICABLE,0.30000000000006327,13.0,2.0,18.181818181818183,0.4,18.181818181818183,98.840885142255,,4.716981132075472,,4.716981132075472
27191109408,BRIGHT HORIZON ENGLISH SCHOOL,7,8,7.6,1,14.285714285714285,57.92926201575557,0,ACTIVE,True,3,7,8,1,14.285714285714285,3.668763102725367,,3.668763102725367,INCREASING,5,3,0.6,37.5,62.5,2,3.668763102725367,NOT_APPLICABLE,0.3000000000000409,10.0,2.0,25.0,0.4,25.0,99.84193888303477,,3.668763102725367,,3.668763102725367
27191109501,PS PADAMPURA,45,49,47.0,4,8.88888888888889,100.0,0,ACTIVE,True,1,45,49,4,8.88888888888889,17.08595387840671,,17.08595387840671,INCREASING,28,21,0.75,42.857142857142854,57.14285714285714,7,17.08595387840671,NOT_APPLICABLE,1.000000000000151,54.0,5.0,10.204081632653061,1.0,10.204081632653061,22.49736564805058,,17.08595387840671,,17.08595387840671
27191109502,MAHATAMA PHULE HIGH SCHOOL,498,544,521.2,46,9.236947791164658,100.0,0,ACTIVE,True,6,498,544,46,9.236947791164658,87.26415094339622,40.95092024539878,68.73885866419724,INCREASING,301,243,0.81,44.669117647058826,55.33088235294118,58,68.73885866419724,MEDIUM,11.500000000001746,602.0,58.0,10.661764705882353,11.6,10.661764705882353,42.149631190727085,43.40490797546012,58.60527838870239,40.95092024539878,53.3089709457113
27191109503,MAHATMA PHULE PS PADAMPURA,148,162,154.8,14,9.45945945945946,100.0,0,ACTIVE,True,1,148,162,14,9.45945945945946,45.44025157232704,55.29141104294478,49.380715360574136,INCREASING,79,83,1.05,51.23456790123457,48.76543209876543,-4,49.380715360574136,LOW,3.7000000000006152,181.0,19.0,11.728395061728394,3.8,11.728395061728394,84.72075869336143,92.33128834355828,66.5609445537678,55.29141104294478,63.18008450052089
27191109504,M.S.P.MANDAL DEOGIRI GLOBAL ACADMY,1005,1103,1053.6,98,9.751243781094528,100.0,0,ACTIVE,True,6,1005,1103,98,9.751243781094528,96.22641509433963,73.31288343558282,87.06100243083691,INCREASING,602,501,0.83,45.42157751586582,54.57842248413418,101,87.06100243083691,HIGH,24.000000000003613,1223.0,120.0,10.879419764279238,24.0,10.879419764279238,51.73867228661749,54.141104294478524,73.89304317629356,73.31288343558282,73.71899525408033
27191109505,DEOGIRI MAHAVIDYALYA PADAMPURA,5677,6211,5972.8,534,9.406376607363045,100.0,0,ACTIVE,True,11,5677,6211,534,9.406376607363045,100.0,51.68711656441718,80.67484662576688,INCREASING,3654,2557,0.7,41.16889389792304,58.83110610207696,1097,80.67484662576688,HIGH,135.10000000001784,6887.0,676.0,10.883915633553373,135.2,10.883915633553373,52.054794520547944,54.601226993865026,70.24539877300614,51.68711656441718,64.67791411042944
27191109602,PS VITKHEDA,229,249,239.4,20,8.73362445414847,63.05766066011304,0,ACTIVE,True,2,229,249,20,8.73362445414847,62.106918238993714,17.101226993865033,44.10464174094224,INCREASING,119,130,1.09,52.208835341365464,47.791164658634536,-11,44.10464174094224,LOW,4.900000000000669,274.0,25.0,10.040160642570282,5.0,10.040160642570282,18.86195995785037,15.950920245398773,32.84315314272485,17.101226993865033,28.120575298066903
27191109603,PS SILK MILL COLONY,410,447,428.0,37,9.024390243902438,100.0,0,ACTIVE,True,2,410,447,37,9.024390243902438,81.44654088050315,31.441717791411044,61.44461164486631,INCREASING,195,252,1.29,56.375838926174495,43.624161073825505,-57,61.44461164486631,MEDIUM,9.300000000001482,494.0,47.0,10.51454138702461,9.4,10.51454138702461,35.19494204425711,35.58282208588957,51.09989582127561,31.441717791411044,45.20244241231624
27191109604,MARATHWADA ENGLISH P S,4,4,4.0,0,0.0,100.0,0,ACTIVE,True,2,4,4,0,0.0,2.410901467505241,,2.410901467505241,STABLE_LOW_ENROLLMENT,4,0,0.0,0.0,100.0,4,2.410901467505241,NOT_APPLICABLE,-7.117279225292963e-16,4.0,0.0,0.0,0.0,0.0,1.36986301369863,,2.410901467505241,,2.410901467505241
27191109605,MOINUL ULOOM HS,2160,2349,2253.2,189,8.75,100.0,0,ACTIVE,True,6,2160,2349,189,8.75,99.58071278825996,17.791411042944784,66.86499209013388,INCREASING,1124,1225,1.09,52.14985100042572,47.85014899957429,-101,66.86499209013388,MEDIUM,48.60000000000775,2592.0,243.0,10.344827586206897,48.6,10.344827586206897,29.610115911485774,28.60429447852761,51.56071304549137,17.791411042944784,41.429922444727396
27191109606,MOINUL ULOOM PS,1634,1784,1706.4,150,9.179926560587514,100.0,0,ACTIVE,True,1,1634,1784,150,9.179926560587514,98.84696016771488,37.73006134969325,74.40020064050623,INCREASING,852,932,1.09,52.242152466367706,47.75784753363229,-80,74.40020064050623,MEDIUM,36.200000000005666,1965.0,181.0,10.145739910313901,36.2,10.145739910313901,21.074815595363543,19.171779141104295,52.30883204074546,37.73006134969325,47.93520083342979
27191109607,M.I.T. H.S. SATARA,73,81,77.4,8,10.95890410958904,53.20389320555021,0,ACTIVE,True,7,73,81,8,10.95890410958904,26.467505241090144,,26.467505241090144,INCREASING,45,36,0.8,44.44444444444444,55.55555555555556,9,26.467505241090144,LOW,1.8000000000002039,90.0,9.0,11.11111111111111,1.8,11.11111111111111,62.328767123287676,,26.467505241090144,,26.467505241090144
27191109610,MOINUL ULOOM HIGHER SECONDARY SCHOOL,134,147,140.6,13,9.701492537313433,100.0,0,ACTIVE,True,11,134,147,13,9.701492537313433,42.76729559748428,70.70552147239265,53.942585947447625,INCREASING,0,147,1.0,100.0,0.0,-147,53.942585947447625,MEDIUM,3.3000000000004905,164.0,17.0,11.564625850340136,3.4,11.564625850340136,80.9799789251844,89.18711656441718,68.04039819423545,70.70552147239265,68.8399351776826
27191109611,CLEVER STUDENT ENGLISH SCHOOL SILK MILK COLONY,5,6,5.8,1,20.0,100.0,0,ACTIVE,True,1,5,6,1,20.0,3.19706498951782,,3.19706498951782,INCREASING,2,4,2.0,66.66666666666666,33.33333333333333,-2,3.19706498951782,NOT_APPLICABLE,0.19999999999999113,7.0,1.0,16.666666666666664,0.2,16.666666666666664,98.41938883034773,,3.19706498951782,,3.19706498951782
27191109612,MNC HS Silk Mill Colony,68,74,71.0,6,8.823529411764707,100.0,0,ACTIVE,True,8,68,74,6,8.823529411764707,24.58071278825996,,24.58071278825996,INCREASING,29,45,1.55,60.810810810810814,39.189189189189186,-16,24.58071278825996,NOT_APPLICABLE,1.6000000000002523,82.0,8.0,10.81081081081081,1.6,10.81081081081081,47.94520547945205,,24.58071278825996,,24.58071278825996
27191109701,PS BANEWADI,335,369,352.2,34,10.149253731343283,97.7320690374525,0,ACTIVE,True,2,335,369,34,10.149253731343283,75.68134171907757,91.87116564417178,82.15727128911526,INCREASING,198,171,0.86,46.34146341463415,53.65853658536586,27,82.15727128911526,HIGH,8.300000000001198,411.0,42.0,11.38211382113821,8.4,11.38211382113821,74.13066385669126,81.05828220858896,81.71767565690473,91.87116564417178,84.76372265308484
27191109702,KOHETOOR URDU HS SADATNAGAR,195,214,204.4,19,9.743589743589745,63.54925583565621,0,ACTIVE,True,7,195,214,19,9.743589743589745,55.188679245283026,73.08282208588957,62.346336381525646,INCREASING,67,147,2.19,68.69158878504673,31.308411214953267,-80,62.346336381525646,MEDIUM,4.600000000000695,237.0,23.0,10.74766355140187,4.6,10.74766355140187,45.20547945205479,47.239263803680984,56.30350735038778,73.08282208588957,61.33730177103831
27191109703,ZAM ZAM BOYS URDU PS SADAT NAGAR,566,618,590.8,52,9.187279151943462,100.0,0,ACTIVE,True,2,566,618,52,9.187279151943462,89.937106918239,38.036809815950924,69.17698807732377,INCREASING,220,398,1.81,64.40129449838187,35.59870550161812,-178,69.17698807732377,MEDIUM,13.000000000002144,683.0,65.0,10.517799352750808,13.0,10.517799352750808,35.51106427818757,36.04294478527607,55.923370760504696,38.036809815950924,50.55740247713857
27191109704,MNC HS BANEWADI,97,106,101.2,9,9.278350515463918,34.35700920666672,0,ACTIVE,True,8,97,106,9,9.278350515463918,33.542976939203356,43.63496932515337,37.579773893583365,INCREASING,59,47,0.8,44.339622641509436,55.660377358490564,12,37.579773893583365,LOW,2.4000000000004214,118.0,12.0,11.320754716981133,2.4,11.320754716981133,71.86512118018967,78.75766871165644,54.05093182081259,43.63496932515337,50.926143072114826
27191109801,PS NAKSHTRAWADI,48,53,50.4,5,10.416666666666668,39.37632804453191,0,ACTIVE,True,2,48,53,5,10.416666666666668,18.343815513626836,,18.343815513626836,INCREASING,27,26,0.96,49.056603773584904,50.943396226415096,1,18.343815513626836,NOT_APPLICABLE,1.3000000000002168,60.0,7.0,13.20754716981132,1.4,13.20754716981132,95.7850368809273,,18.343815513626836,,18.343815513626836
27191109802,PS KANCHANWADI,208,230,219.6,22,10.576923076923077,100.0,0,ACTIVE,True,2,208,230,22,10.576923076923077,58.700209643605874,97.69938650306749,74.29988038739052,INCREASING,121,109,0.9,47.391304347826086,52.60869565217391,12,74.29988038739052,MEDIUM,5.300000000000708,257.0,27.0,11.73913043478261,5.4,11.73913043478261,84.82613277133825,92.48466257668711,81.57379326310915,97.69938650306749,86.41147123509666
27191109803,PS WALMI,72,78,74.8,6,8.333333333333332,100.0,0,ACTIVE,True,2,72,78,6,8.333333333333332,25.78616352201258,,25.78616352201258,INCREASING,40,38,0.95,48.717948717948715,51.28205128205128,2,25.78616352201258,LOW,1.500000000000248,86.0,8.0,10.256410256410255,1.6,10.256410256410255,25.6059009483667,,25.78616352201258,,25.78616352201258
27191109804,SHRIKRUSHNA MADHYAMIK VIDYA,107,117,111.4,10,9.345794392523365,100.0,0,ACTIVE,True,7,107,117,10,9.345794392523365,36.530398322851156,47.16257668711656,40.78326966855732,INCREASING,66,51,0.77,43.58974358974359,56.41025641025641,15,40.78326966855732,LOW,2.400000000000426,129.0,12.0,10.256410256410255,2.4,10.256410256410255,25.6059009483667,24.15644171779141,34.13253848825095,47.16257668711656,38.04154994791063
27191109805,"SANT KABIR VIDYALAY, NAKSHATRAWADI",759,819,785.2,60,7.905138339920949,100.0,0,ACTIVE,True,6,759,819,60,7.905138339920949,93.71069182389937,1.687116564417178,56.90126172010649,INCREASING,406,413,1.02,50.427350427350426,49.572649572649574,-7,56.90126172010649,MEDIUM,14.300000000002507,891.0,72.0,8.791208791208792,14.4,8.791208791208792,3.2665964172813484,0.15337423312883436,34.20210672531543,1.687116564417178,24.447609677045953
27191109806,SANT KABIR P.S. NAKSHATRAWADI,294,320,307.0,26,8.843537414965986,100.0,0,ACTIVE,True,2,294,320,26,8.843537414965986,70.17819706498952,22.54601226993865,51.125323146969166,INCREASING,150,170,1.13,53.125,46.875,-20,51.125323146969166,MEDIUM,6.800000000001076,354.0,34.0,10.625,6.8,10.625,40.147523709167544,41.104294478527606,47.11691167959254,22.54601226993865,39.74564185669637
27191109807,RAJE SAMBHAJI BHOSLE SAINIKI SEC. AND HIGH SEC. SCHOOL,311,340,325.0,29,9.32475884244373,100.0,0,ACTIVE,True,3,311,340,29,9.32475884244373,72.48427672955975,46.012269938650306,61.89547401319598,INCREASING,340,0,0.0,0.0,100.0,340,61.89547401319598,MEDIUM,6.900000000001045,375.0,35.0,10.294117647058822,7.0,10.294117647058822,27.449947312961008,26.226993865030675,47.62808195392985,46.012269938650306,47.14333834934599
27191109808,PUBLIC HIGH SCHOOL & PATEL JUNIOR COLLEGE,609,660,632.0,51,8.374384236453201,100.0,0,ACTIVE,True,3,609,660,51,8.374384236453201,91.0901467505241,6.51840490797546,57.26145001350464,INCREASING,371,289,0.78,43.78787878787879,56.21212121212121,82,57.26145001350464,MEDIUM,12.600000000002197,723.0,63.0,9.545454545454547,12.6,9.545454545454547,8.061116965226555,4.217791411042945,36.04398657251996,6.51840490797546,27.186312073156607
27191109809,"ADARSH PUBLIC PRIMARY SCHOOL SHAH NAGAR, SATARA",175,192,183.8,17,9.714285714285714,100.0,0,ACTIVE,True,1,175,192,17,9.714285714285714,51.57232704402516,71.62576687116564,59.59370297488135,INCREASING,135,57,0.42,29.6875,70.3125,78,59.59370297488135,MEDIUM,4.200000000000609,213.0,21.0,10.9375,4.2,10.9375,54.21496311907271,57.668711656441715,58.8237064475055,71.62576687116564,62.66432457460354
27191109810,SHRI KRUSHNA PS,60,66,63.0,6,10.0,100.0,0,ACTIVE,True,2,60,66,6,10.0,22.431865828092242,,22.431865828092242,INCREASING,30,36,1.2,54.54545454545454,45.45454545454545,-6,22.431865828092242,NOT_APPLICABLE,1.4000000000002013,73.0,7.0,10.606060606060606,1.4,10.606060606060606,39.409905163329825,,22.431865828092242,,22.431865828092242
27191109811,NATH VALLEY SCHOOL,1382,1520,1452.8,138,9.985528219971057,76.93733827281365,0,ACTIVE,True,3,1382,1520,138,9.985528219971057,97.9035639412998,85.42944785276073,92.91391750588417,INCREASING,810,710,0.88,46.71052631578947,53.289473684210535,100,92.91391750588417,HIGH,34.600000000005146,1693.0,173.0,11.381578947368421,34.6,11.381578947368421,73.97260273972603,80.8282208588957,88.07963884708879,85.42944785276073,87.28458154879036
27191109812,BALVIHAR VIDYA MANDIR HINDUSTAN AWAS,311,342,327.0,31,9.967845659163988,100.0,0,ACTIVE,True,2,311,342,31,9.967845659163988,72.74633123689728,84.66257668711657,77.512829416985,INCREASING,208,134,0.64,39.1812865497076,60.81871345029239,74,77.512829416985,HIGH,7.400000000001036,379.0,37.0,10.818713450292398,7.4,10.818713450292398,48.735511064278185,51.45705521472392,67.09051973608057,84.66257668711657,72.36213682139136
27191109813,AGRESEN VIDYA MANDIR,1678,1824,1745.4,146,8.700834326579262,100.0,0,ACTIVE,True,6,1678,1824,146,8.700834326579262,98.9517819706499,15.797546012269938,65.69008758729791,INCREASING,993,831,0.84,45.55921052631579,54.44078947368421,162,65.69008758729791,MEDIUM,39.30000000000691,2021.0,197.0,10.800438596491228,39.4,10.800438596491228,46.99683877766069,49.5398773006135,59.23000347262414,15.797546012269938,46.20026623451788
27191109814,"ANAND VIDYADHAM, NAKSHATRAWADI",454,499,476.8,45,9.911894273127754,100.0,0,ACTIVE,True,2,454,499,45,9.911894273127754,84.80083857442348,81.74846625766872,83.57988964772159,INCREASING,266,233,0.88,46.6933867735471,53.3066132264529,33,83.57988964772159,HIGH,11.100000000001625,555.0,56.0,11.22244488977956,11.2,11.22244488977956,67.12328767123287,73.15950920245399,79.41173746961454,81.74846625766872,80.11275610603079
27191109815,ST. JOHN'S HS PAITHAN ROAD,168,183,175.0,15,8.928571428571429,0.0,5,ACTIVE,True,6,168,183,15,8.928571428571429,49.10901467505241,27.223926380368095,40.354979357178685,INCREASING,117,66,0.56,36.0655737704918,63.934426229508205,51,40.354979357178685,LOW,3.600000000000595,201.0,18.0,9.836065573770492,3.6,9.836065573770492,12.539515279241305,8.895705521472392,27.771269822896166,27.223926380368095,27.607066790137743
27191109817,RYAN INTERNATIONAL SCHOOL,168,183,175.2,15,8.928571428571429,0.0,5,ACTIVE,True,6,168,183,15,8.928571428571429,49.10901467505241,27.223926380368095,40.354979357178685,INCREASING,105,78,0.74,42.62295081967213,57.377049180327866,27,40.354979357178685,LOW,3.7000000000005864,202.0,19.0,10.382513661202186,3.8,10.382513661202186,31.29610115911486,30.67484662576687,36.48292626461396,27.223926380368095,33.7052262993402
27191109818,NUTAN PS KANCHANNAGAR NAKSHTRAWADI,211,230,220.0,19,9.004739336492891,79.81772933129591,0,ACTIVE,True,2,211,230,19,9.004739336492891,58.700209643605874,30.75153374233129,47.520739283096034,INCREASING,138,92,0.67,40.0,60.0,46,47.520739283096034,LOW,4.800000000000796,254.0,24.0,10.434782608695652,4.8,10.434782608695652,32.87671232876712,32.36196319018405,41.45722884593124,30.75153374233129,38.245520314851255
27191109820,WOODRIDGE HIGH SCHOOL KANCHANWADI,1955,2148,2053.4,193,9.872122762148337,100.0,0,ACTIVE,True,3,1955,2148,193,9.872122762148337,99.37106918238993,79.60122699386503,91.46313230697996,INCREASING,1138,1010,0.89,47.02048417132216,52.97951582867783,128,91.46313230697996,HIGH,47.60000000000692,2386.0,238.0,11.080074487895716,47.6,11.080074487895716,60.273972602739725,65.79754601226993,81.19689778909594,79.60122699386503,80.71819655052667
27191109821,UNIVERSAL ENGLISH SCHOOL ,23,25,24.0,2,8.695652173913043,100.0,0,ACTIVE,True,3,23,25,2,8.695652173913043,9.433962264150944,,9.433962264150944,INCREASING,18,7,0.39,28.000000000000004,72.0,11,9.433962264150944,NOT_APPLICABLE,0.6000000000001033,28.0,3.0,12.0,0.6,12.0,89.8314014752371,,9.433962264150944,,9.433962264150944
27191109822,SHAMIT SCHOOL,290,318,303.2,28,9.655172413793103,100.0,0,ACTIVE,True,3,290,318,28,9.655172413793103,69.9685534591195,67.71472392638037,69.06702164602385,INCREASING,181,137,0.76,43.08176100628931,56.91823899371069,44,69.06702164602385,MEDIUM,7.100000000001194,354.0,36.0,11.320754716981133,7.2,11.320754716981133,71.86512118018967,78.75766871165644,72.94328047227688,67.71472392638037,71.37471350850792
27191109824,KIDS PLANET ENGLISH SCHOOL,59,64,61.2,5,8.47457627118644,100.0,0,ACTIVE,True,2,59,64,5,8.47457627118644,21.90775681341719,,21.90775681341719,INCREASING,25,39,1.56,60.9375,39.0625,-14,21.90775681341719,NOT_APPLICABLE,1.2000000000002133,70.0,6.0,9.375,1.2,9.375,5.532139093782929,,21.90775681341719,,21.90775681341719
27191109825,PERIWINKLE ENGLISH SCHOOL,55,60,57.4,5,9.090909090909092,100.0,0,ACTIVE,True,3,55,60,5,9.090909090909092,19.968553459119498,,19.968553459119498,INCREASING,31,29,0.94,48.333333333333336,51.66666666666667,2,19.968553459119498,NOT_APPLICABLE,1.300000000000216,67.0,7.0,11.666666666666666,1.4,11.666666666666666,83.77239199157007,,19.968553459119498,,19.968553459119498
27191109826,NEW ENGLISH PRIMARY SCHOOL,86,94,89.8,8,9.30232558139535,100.0,0,ACTIVE,True,1,86,94,8,9.30232558139535,30.345911949685533,,30.345911949685533,INCREASING,61,33,0.54,35.1063829787234,64.8936170212766,28,30.345911949685533,LOW,2.0000000000003237,104.0,10.0,10.638297872340425,2.0,10.638297872340425,40.77976817702845,,30.345911949685533,,30.345911949685533
27191109827,ANAND VIDYADHAM SECONDARY SCHOOL,98,108,103.0,10,10.204081632653061,0.0,5,ACTIVE,True,8,98,108,10,10.204081632653061,33.909853249475894,93.25153374233128,57.64652544661805,INCREASING,61,47,0.77,43.51851851851852,56.481481481481474,14,57.64652544661805,MEDIUM,2.400000000000356,120.0,12.0,11.11111111111111,2.4,11.11111111111111,62.328767123287676,67.48466257668711,61.581780298645675,93.25153374233128,71.08270633175135
27191109901,MADHYAMIK VIDYALAYA DEVLAI,446,487,466.0,41,9.192825112107624,100.0,0,ACTIVE,True,3,446,487,41,9.192825112107624,84.48637316561845,38.34355828220859,66.0292472122545,INCREASING,251,236,0.94,48.459958932238195,51.54004106776181,15,66.0292472122545,MEDIUM,9.600000000001456,535.0,48.0,9.856262833675565,9.6,9.856262833675565,13.066385669125394,9.509202453987731,43.421229308947794,38.34355828220859,41.89792800092603
27191109902,DNYANDHARA PS DEOLAI PRISAR,89,97,92.8,8,8.98876404494382,100.0,0,ACTIVE,True,1,89,97,8,8.98876404494382,31.236897274633122,,31.236897274633122,INCREASING,48,49,1.02,50.51546391752577,49.48453608247423,-1,31.236897274633122,LOW,1.9000000000002926,107.0,10.0,10.309278350515463,2.0,10.309278350515463,28.08219178082192,,31.236897274633122,,31.236897274633122
27191109903,HOLY CRESCENT ENGLISH SCHOOL SHAH NAGAR,267,291,279.4,24,8.98876404494382,0.0,5,ACTIVE,True,2,267,291,24,8.98876404494382,67.0335429769392,30.061349693251532,52.24466566346413,INCREASING,196,95,0.48,32.64604810996563,67.35395189003437,101,52.24466566346413,MEDIUM,6.200000000000947,322.0,31.0,10.652920962199312,6.2,10.652920962199312,41.622760800843,42.63803680981595,48.40201412200486,30.061349693251532,42.89981479337886
27191109904,KAI SAU KALAVATI CHAVAN HS  AND JR.COLLEGE,508,559,535.2,51,10.039370078740157,100.0,0,ACTIVE,True,3,508,559,51,10.039370078740157,88.0503144654088,87.73006134969326,87.9222132191226,INCREASING,344,215,0.62,38.46153846153847,61.53846153846154,129,87.9222132191226,HIGH,12.800000000001814,623.0,64.0,11.449016100178891,12.8,11.449016100178891,75.97471022128556,83.43558282208589,86.12756106030791,87.73006134969326,86.60831114712352
27191109905,KS KALAWATI CHAVAN PS SHIVAJINAGAR GARKHEDA,252,273,261.8,21,8.333333333333332,100.0,0,ACTIVE,True,2,252,273,21,8.333333333333332,65.40880503144653,6.058282208588957,41.6685959023035,INCREASING,139,134,0.96,49.08424908424908,50.91575091575091,5,41.6685959023035,LOW,5.700000000001011,302.0,29.0,10.622710622710622,5.8,10.622710622710622,39.93677555321391,40.79754601226993,41.32017594629008,6.058282208588957,30.741607824979738
27191109906,FOSTER DEVELOPMENT PS,353,389,372.4,36,10.198300283286118,100.0,0,ACTIVE,True,2,353,389,36,10.198300283286118,77.35849056603774,93.09815950920245,83.65435814330363,INCREASING,224,165,0.74,42.41645244215938,57.58354755784062,59,83.65435814330363,HIGH,8.700000000001134,433.0,44.0,11.311053984575835,8.8,11.311053984575835,71.12750263435194,77.76073619631902,81.29690936450979,93.09815950920245,84.83728440791758
27191109907,DNYANANKUR VIDYALAYA,19,21,20.2,2,10.526315789473683,100.0,0,ACTIVE,True,6,19,21,2,10.526315789473683,7.756813417190776,,7.756813417190776,INCREASING,15,6,0.4,28.57142857142857,71.42857142857143,9,7.756813417190776,NOT_APPLICABLE,0.5000000000000537,24.0,3.0,14.285714285714285,0.6,14.285714285714285,97.36564805057955,,7.756813417190776,,7.756813417190776
27191109908,GEETA VIDYA MANDIR PS SHIVAJINAGAR,576,632,604.0,56,9.722222222222223,93.63132084741878,0,ACTIVE,True,2,576,632,56,9.722222222222223,90.14675052410901,72.00920245398773,82.8917312960605,INCREASING,341,291,0.85,46.04430379746836,53.95569620253164,50,82.8917312960605,HIGH,15.400000000002517,709.0,77.0,12.183544303797468,15.4,12.183544303797468,92.09694415173867,98.61963190184049,89.1828915383725,72.00920245398773,84.03078481305707
27191109909,GEETA VIDYA MANDIR MS SHIVAJINAGAR,477,524,500.6,47,9.853249475890985,100.0,0,ACTIVE,True,6,477,524,47,9.853249475890985,86.21593291404612,78.83435582822086,83.26330207971601,INCREASING,284,240,0.85,45.80152671755725,54.19847328244275,44,83.26330207971601,HIGH,11.400000000001668,581.0,57.0,10.877862595419847,11.4,10.877862595419847,51.633298208640674,53.987730061349694,71.55307327236949,78.83435582822086,73.7374580391249
27191109910,"KIDS CAMBRIDGE ENG SCHOOL,  SHIVAJI NAGAR",70,77,73.4,7,10.0,48.90302145056069,0,ACTIVE,True,2,70,77,7,10.0,25.366876310272534,,25.366876310272534,INCREASING,50,27,0.54,35.064935064935064,64.93506493506493,23,25.366876310272534,LOW,1.700000000000265,86.0,9.0,11.688311688311687,1.8,11.688311688311687,84.29926238145417,,25.366876310272534,,25.366876310272534
27191109911,"ANKUR BALAK MANDIR, SHIVAJI NAGAR",62,68,65.0,6,9.67741935483871,100.0,0,ACTIVE,True,2,62,68,6,9.67741935483871,22.90356394129979,,22.90356394129979,INCREASING,42,26,0.62,38.23529411764706,61.76470588235294,16,22.90356394129979,NOT_APPLICABLE,1.6000000000002528,76.0,8.0,11.76470588235294,1.6,11.76470588235294,85.87987355110643,,22.90356394129979,,22.90356394129979
27191109912,SHRI SWAMI SMARTH ENG SCHOOL SHIVAJI NAGAR,237,258,247.6,21,8.860759493670885,100.0,0,ACTIVE,True,2,237,258,21,8.860759493670885,63.62683438155137,23.542944785276074,47.59327854304125,INCREASING,135,123,0.91,47.674418604651166,52.32558139534884,12,47.59327854304125,LOW,5.300000000000802,285.0,27.0,10.465116279069768,5.4,10.465116279069768,33.772391991570075,33.58895705521473,41.99154994791064,23.542944785276074,36.45696839912027
27191109913,SAMYAKPUBLIC SCHOOL RENUKA NAGAR,57,62,59.4,5,8.771929824561402,100.0,0,ACTIVE,True,2,57,62,5,8.771929824561402,21.0167714884696,,21.0167714884696,INCREASING,28,34,1.21,54.83870967741935,45.16129032258064,-6,21.0167714884696,NOT_APPLICABLE,1.2000000000001918,68.0,6.0,9.67741935483871,1.2,9.67741935483871,9.957850368809273,,21.0167714884696,,21.0167714884696
27191109916,"HOLY CRESCENT ENGLISH HIGH SCHOOL, SHAHNAGAR",45,49,47.0,4,8.88888888888889,0.0,5,ACTIVE,True,8,45,49,4,8.88888888888889,17.08595387840671,,17.08595387840671,INCREASING,38,11,0.29,22.448979591836736,77.55102040816327,27,17.08595387840671,NOT_APPLICABLE,1.000000000000151,54.0,5.0,10.204081632653061,1.0,10.204081632653061,22.49736564805058,,17.08595387840671,,17.08595387840671
27191109918,"FOSTER DEVELOPMENT H.S., SHIVAJINAGAR",54,59,56.6,5,9.25925925925926,100.0,0,ACTIVE,True,8,54,59,5,9.25925925925926,19.549266247379453,,19.549266247379453,INCREASING,34,25,0.74,42.3728813559322,57.6271186440678,9,19.549266247379453,NOT_APPLICABLE,1.2000000000001667,65.0,6.0,10.16949152542373,1.2,10.16949152542373,21.601685985247627,,19.549266247379453,,19.549266247379453
27191109922,"VARAD VIDYA MANDIR School, Shivaji Nagar Aurangabad",51,56,53.6,5,9.803921568627452,100.0,0,ACTIVE,True,8,51,56,5,9.803921568627452,18.763102725366878,,18.763102725366878,INCREASING,27,29,1.07,51.78571428571429,48.214285714285715,-2,18.763102725366878,NOT_APPLICABLE,1.3000000000001934,63.0,7.0,12.5,1.4,12.5,94.0463645943098,,18.763102725366878,,18.763102725366878
27191109923,Shri Swami Samarth English school,66,72,68.8,6,9.090909090909092,100.0,0,ACTIVE,True,8,66,72,6,9.090909090909092,23.89937106918239,,23.89937106918239,INCREASING,45,27,0.6,37.5,62.5,18,23.89937106918239,NOT_APPLICABLE,1.5000000000002511,80.0,8.0,11.11111111111111,1.6,11.11111111111111,62.328767123287676,,23.89937106918239,,23.89937106918239
27194100008,RUDRA INTERNATIONAL ENGLISH SCHOOL,44,48,46.0,4,9.090909090909092,100.0,0,ACTIVE,True,2,44,48,4,9.090909090909092,16.82389937106918,,16.82389937106918,INCREASING,28,20,0.71,41.66666666666667,58.333333333333336,8,16.82389937106918,NOT_APPLICABLE,1.0000000000001545,53.0,5.0,10.416666666666668,1.0,10.416666666666668,32.45521601685985,,16.82389937106918,,16.82389937106918
27194100377,URDU HIGH SCHOOL MHADA COLONY,102,111,106.8,9,8.823529411764707,100.0,0,ACTIVE,True,7,102,111,9,8.823529411764707,34.85324947589098,21.549079754601227,29.53158158737508,INCREASING,94,17,0.18,15.315315315315313,84.68468468468468,77,29.53158158737508,LOW,2.300000000000324,123.0,12.0,10.81081081081081,2.4,10.81081081081081,47.94520547945205,50.61349693251533,37.96434772543118,21.549079754601227,33.039767334182194
27194100378,S B E S  CENTENARY SCHOOL,223,245,233.8,22,9.865470852017937,100.0,0,ACTIVE,True,6,223,245,22,9.865470852017937,61.530398322851156,79.37116564417178,68.66670525137941,INCREASING,133,112,0.84,45.714285714285715,54.285714285714285,21,68.66670525137941,MEDIUM,5.300000000000803,272.0,27.0,11.020408163265307,5.4,11.020408163265307,57.95574288724974,62.42331288343558,66.16934830420188,79.37116564417178,70.12989350619284
27194100393,INDOBRAIN INTERNATIONAL SCHOOL,201,219,209.8,18,8.955223880597014,100.0,0,ACTIVE,True,2,201,219,18,8.955223880597014,56.289308176100626,28.450920245398777,45.15395300381988,INCREASING,118,101,0.86,46.118721461187214,53.88127853881278,17,45.15395300381988,LOW,4.700000000000769,243.0,24.0,10.95890410958904,4.8,10.95890410958904,55.16332982086407,58.895705521472394,50.650654010880885,28.450920245398777,43.99073388123625
27194100432,GURUKUL OLYMPIAD SCHOOL,84,90,86.8,6,7.142857142857142,100.0,0,ACTIVE,True,3,84,90,6,7.142857142857142,29.140461215932913,,29.140461215932913,INCREASING,63,27,0.43,30.0,70.0,36,29.140461215932913,LOW,1.5000000000002538,98.0,8.0,8.88888888888889,1.6,8.88888888888889,3.477344573234984,,29.140461215932913,,29.140461215932913
27194100507,PRADNYA JUNIOR COLLEGE OF ARTS COMMERCE & SCIENCE,36,39,37.4,3,8.333333333333332,100.0,0,ACTIVE,True,11,36,39,3,8.333333333333332,13.574423480083858,,13.574423480083858,INCREASING,23,16,0.7,41.02564102564102,58.97435897435898,7,13.574423480083858,NOT_APPLICABLE,0.7000000000001115,43.0,4.0,10.256410256410255,0.8,10.256410256410255,25.6059009483667,,13.574423480083858,,13.574423480083858
27194100585,ADARSH MADHYAMIK VIDYALAYA N2 CIDCO CHHATRAPATI SAMBHJINAGAR,56,61,58.4,5,8.928571428571429,100.0,0,ACTIVE,True,8,56,61,5,8.928571428571429,20.49266247379455,,20.49266247379455,INCREASING,32,29,0.91,47.540983606557376,52.459016393442624,3,20.49266247379455,NOT_APPLICABLE,1.300000000000214,68.0,7.0,11.475409836065573,1.4,11.475409836065573,76.8177028451001,,20.49266247379455,,20.49266247379455
